v 0.037790 -0.111950 0.154102
v 0.036050 -0.113473 0.153304
v 0.034531 -0.112037 0.152075
v 0.036522 -0.109855 0.152727
v 0.040856 -0.110651 0.154377
v 0.040280 -0.113458 0.154576
v 0.039294 -0.108869 0.153095
v 0.032547 -0.112273 0.149314
v 0.036011 -0.116213 0.152089
v 0.032916 -0.114151 0.149945
v 0.034101 -0.110163 0.150281
v 0.045503 -0.114803 0.152805
v 0.041363 -0.118473 0.151399
v 0.035369 -0.107224 0.146978
v 0.040662 -0.107024 0.151539
v 0.045742 -0.109698 0.152683
v 0.033383 -0.118078 0.147258
v 0.031052 -0.112679 0.145165
v 0.036251 -0.120780 0.146086
v 0.048742 -0.113326 0.151000
v 0.032182 -0.109882 0.144481
v 0.031249 -0.115403 0.145022
v 0.045842 -0.105514 0.147369
v 0.040977 -0.122887 0.143607
v 0.030734 -0.113419 0.138785
v 0.051552 -0.109336 0.147251
v 0.031102 -0.117599 0.139822
v 0.048790 -0.120115 0.145659
v 0.039001 -0.104937 0.143367
v 0.051408 -0.117081 0.146357
v 0.032919 -0.108990 0.138131
v 0.043936 -0.103987 0.140054
v 0.050539 -0.105014 0.139928
v 0.054477 -0.114739 0.143835
v 0.032441 -0.119464 0.134723
v 0.031803 -0.114185 0.132470
v 0.045411 -0.124072 0.138875
v 0.035929 -0.122825 0.136571
v 0.039626 -0.105015 0.135342
v 0.054813 -0.108371 0.139910
v 0.056950 -0.112435 0.138978
v 0.032778 -0.111902 0.132035
v 0.032999 -0.116745 0.129042
v 0.036123 -0.109062 0.129038
v 0.034839 -0.120706 0.128292
v 0.055885 -0.119463 0.135692
v 0.043121 -0.125156 0.129756
v 0.048789 -0.104982 0.129197
v 0.056813 -0.109029 0.134214
v 0.051409 -0.123073 0.135510
v 0.038634 -0.123620 0.128367
v 0.036584 -0.115623 0.122055
v 0.040709 -0.106359 0.128695
v 0.058405 -0.116273 0.132528
v 0.035140 -0.115266 0.124367
v 0.049277 -0.124686 0.128235
v 0.056323 -0.108499 0.127640
v 0.038228 -0.121681 0.123447
v 0.037919 -0.113304 0.121536
v 0.041507 -0.109170 0.122042
v 0.053922 -0.122892 0.124639
v 0.059018 -0.113399 0.126703
v 0.040338 -0.119058 0.118289
v 0.048632 -0.123619 0.119836
v 0.049290 -0.108049 0.120803
v 0.057875 -0.118999 0.124559
v 0.056203 -0.120959 0.124874
v 0.043169 -0.123082 0.120351
v 0.054694 -0.109845 0.120615
v 0.043168 -0.116653 0.115455
v 0.042827 -0.113687 0.116751
v 0.047429 -0.111028 0.116847
v 0.057872 -0.113779 0.120896
v 0.045610 -0.121257 0.116441
v 0.044790 -0.116811 0.114780
v 0.056595 -0.118664 0.118936
v 0.057140 -0.116609 0.119015
v 0.051730 -0.112980 0.115308
v 0.055611 -0.118331 0.117121
v 0.055201 -0.114354 0.116588
v 0.050728 -0.119728 0.114800
v 0.048373 -0.118918 0.114214
v 0.047608 -0.114660 0.114267
v 0.053477 -0.120135 0.116684
v 0.049536 -0.117137 0.113768
v 0.049524 -0.117130 0.113819
v 0.053023 -0.117506 0.114723
v 0.052163 -0.115219 0.114392
v 0.049768 -0.116455 0.113875
v 0.052936 -0.117478 0.114702
v 0.049769 -0.116456 0.113867
v -0.027971 -0.111939 0.153957
v -0.024607 -0.112034 0.151725
v -0.027804 -0.110076 0.153235
v -0.031427 -0.111077 0.154500
v -0.027373 -0.114485 0.153411
v -0.031009 -0.113565 0.154458
v -0.024298 -0.114107 0.151178
v -0.023721 -0.112190 0.150228
v -0.030306 -0.116868 0.152831
v -0.028000 -0.107148 0.150027
v -0.031596 -0.107299 0.151730
v -0.026314 -0.118166 0.149987
v -0.036171 -0.107515 0.151081
v -0.035860 -0.111180 0.153254
v -0.035055 -0.115595 0.152872
v -0.025839 -0.107736 0.148199
v -0.021301 -0.112787 0.144090
v -0.022073 -0.115645 0.146131
v -0.039422 -0.113418 0.150912
v -0.021322 -0.113059 0.141856
v -0.022663 -0.110125 0.144718
v -0.035769 -0.106070 0.148738
v -0.031221 -0.121179 0.147076
v -0.041678 -0.109390 0.147856
v -0.033066 -0.104536 0.144611
v -0.025094 -0.119980 0.145509
v -0.024682 -0.107644 0.141471
v -0.042956 -0.116874 0.145585
v -0.036973 -0.120550 0.146899
v -0.029341 -0.104997 0.142184
v -0.029752 -0.123123 0.141483
v -0.021915 -0.117916 0.136397
v -0.039894 -0.105222 0.142907
v -0.024145 -0.120845 0.138503
v -0.023402 -0.110178 0.134362
v -0.044904 -0.113110 0.144329
v -0.034031 -0.124355 0.138189
v -0.030380 -0.105094 0.134374
v -0.045030 -0.108045 0.140072
v -0.037882 -0.104178 0.133487
v -0.027463 -0.123397 0.135049
v -0.022627 -0.114229 0.132180
v -0.047758 -0.112625 0.138671
v -0.041286 -0.122621 0.138393
v -0.023457 -0.114591 0.129476
v -0.041417 -0.104959 0.136405
v -0.023768 -0.119953 0.132494
v -0.046349 -0.119094 0.136540
v -0.028098 -0.109089 0.126532
v -0.047415 -0.109025 0.134054
v -0.032216 -0.124828 0.128823
v -0.026993 -0.115597 0.122110
v -0.026302 -0.118325 0.123734
v -0.049455 -0.114101 0.131364
v -0.038659 -0.125043 0.126177
v -0.027391 -0.121571 0.125495
v -0.036759 -0.106070 0.125394
v -0.046322 -0.108122 0.127223
v -0.048239 -0.118815 0.130376
v -0.027454 -0.115652 0.121493
v -0.045301 -0.122003 0.130124
v -0.033784 -0.108745 0.121582
v -0.042160 -0.123667 0.122486
v -0.043119 -0.106879 0.125377
v -0.034185 -0.123171 0.120213
v -0.033831 -0.113313 0.116548
v -0.049445 -0.116177 0.125440
v -0.031269 -0.119569 0.118206
v -0.048704 -0.111336 0.126050
v -0.046278 -0.120933 0.121522
v -0.048807 -0.114657 0.121332
v -0.048036 -0.118849 0.122749
v -0.039184 -0.111266 0.116371
v -0.042910 -0.110118 0.118557
v -0.046447 -0.111143 0.120168
v -0.047430 -0.118688 0.119948
v -0.038958 -0.122438 0.117617
v -0.035047 -0.120345 0.116192
v -0.034967 -0.116771 0.114956
v -0.035479 -0.116819 0.114763
v -0.045689 -0.118171 0.116561
v -0.039129 -0.119229 0.114292
v -0.042464 -0.113901 0.114801
v -0.046380 -0.115481 0.116655
v -0.042546 -0.120568 0.116064
v -0.040340 -0.116422 0.113687
v -0.040106 -0.117127 0.113863
v -0.040104 -0.117128 0.113859
v -0.044049 -0.115728 0.114925
v -0.043453 -0.117456 0.114658
v -0.040349 -0.116456 0.113867
v -0.042790 -0.117266 0.114294
v -0.000769 0.009854 0.095020
v -0.000769 0.009163 0.094909
v -0.000694 0.009163 0.094910
v -0.000769 0.009854 0.095020
v -0.000618 0.009166 0.094910
v -0.000769 0.009854 0.095020
v -0.000544 0.009170 0.094910
v -0.000769 0.009854 0.095020
v -0.000470 0.009176 0.094911
v -0.000769 0.009854 0.095020
v -0.000396 0.009184 0.094911
v -0.000769 0.009854 0.095020
v -0.000323 0.009193 0.094911
v -0.000769 0.009854 0.095020
v -0.000252 0.009204 0.094912
v -0.000769 0.009854 0.095020
v -0.000181 0.009216 0.094913
v -0.000769 0.009854 0.095020
v -0.000112 0.009230 0.094914
v -0.000769 0.009854 0.095020
v -0.000045 0.009245 0.094916
v -0.000769 0.009854 0.095020
v 0.000021 0.009262 0.094917
v -0.000769 0.009854 0.095020
v 0.000084 0.009280 0.094918
v -0.000769 0.009854 0.095020
v 0.000146 0.009300 0.094920
v -0.000769 0.009854 0.095020
v 0.000206 0.009321 0.094921
v -0.000769 0.009854 0.095020
v 0.000262 0.009343 0.094923
v -0.000769 0.009854 0.095020
v 0.000317 0.009367 0.094925
v -0.000769 0.009854 0.095020
v 0.000369 0.009391 0.094926
v -0.000769 0.009854 0.095020
v 0.000418 0.009417 0.094928
v -0.000769 0.009854 0.095020
v 0.000465 0.009444 0.094930
v -0.000769 0.009854 0.095020
v 0.000508 0.009472 0.094932
v -0.000769 0.009854 0.095020
v 0.000548 0.009501 0.094934
v -0.000769 0.009854 0.095020
v 0.000586 0.009531 0.094937
v -0.000769 0.009854 0.095020
v 0.000619 0.009561 0.094939
v -0.000769 0.009854 0.095020
v 0.000650 0.009592 0.094941
v -0.000769 0.009854 0.095020
v 0.000677 0.009624 0.094943
v -0.000769 0.009854 0.095020
v 0.000701 0.009656 0.094946
v -0.000769 0.009854 0.095020
v 0.000721 0.009689 0.094948
v -0.000769 0.009854 0.095020
v 0.000737 0.009723 0.094951
v -0.000769 0.009854 0.095020
v 0.000750 0.009756 0.094954
v -0.000769 0.009854 0.095020
v 0.000759 0.009790 0.094956
v -0.000769 0.009854 0.095020
v 0.000765 0.009824 0.094958
v -0.000769 0.009854 0.095020
v 0.000767 0.009858 0.094960
v -0.000769 0.009854 0.095020
v 0.000765 0.009892 0.094963
v -0.000769 0.009854 0.095020
v 0.000759 0.009927 0.094966
v -0.000769 0.009854 0.095020
v 0.000750 0.009960 0.094969
v -0.000769 0.009854 0.095020
v 0.000737 0.009994 0.094971
v -0.000769 0.009854 0.095020
v 0.000721 0.010027 0.094973
v -0.000769 0.009854 0.095020
v 0.000701 0.010060 0.094976
v -0.000769 0.009854 0.095020
v 0.000677 0.010092 0.094978
v -0.000769 0.009854 0.095020
v 0.000650 0.010124 0.094980
v -0.000769 0.009854 0.095020
v 0.000619 0.010155 0.094983
v -0.000769 0.009854 0.095020
v 0.000586 0.010186 0.094985
v -0.000769 0.009854 0.095020
v 0.000548 0.010215 0.094987
v -0.000769 0.009854 0.095020
v 0.000508 0.010244 0.094989
v -0.000769 0.009854 0.095020
v 0.000465 0.010272 0.094991
v -0.000769 0.009854 0.095020
v 0.000418 0.010299 0.094993
v -0.000769 0.009854 0.095020
v 0.000369 0.010325 0.094995
v -0.000769 0.009854 0.095020
v 0.000317 0.010350 0.094997
v -0.000769 0.009854 0.095020
v 0.000262 0.010373 0.094999
v -0.000769 0.009854 0.095020
v 0.000206 0.010395 0.095000
v -0.000769 0.009854 0.095020
v 0.000146 0.010416 0.095002
v -0.000769 0.009854 0.095020
v 0.000084 0.010436 0.095004
v -0.000769 0.009854 0.095020
v 0.000021 0.010454 0.095005
v -0.000769 0.009854 0.095020
v -0.000045 0.010470 0.095006
v -0.000769 0.009854 0.095020
v -0.000112 0.010486 0.095007
v -0.000769 0.009854 0.095020
v -0.000181 0.010500 0.095008
v -0.000769 0.009854 0.095020
v -0.000252 0.010512 0.095009
v -0.000769 0.009854 0.095020
v -0.000323 0.010523 0.095010
v -0.000769 0.009854 0.095020
v -0.000396 0.010532 0.095010
v -0.000769 0.009854 0.095020
v -0.000469 0.010539 0.095011
v -0.000769 0.009854 0.095020
v -0.000544 0.010545 0.095011
v -0.000769 0.009854 0.095020
v -0.000618 0.010549 0.095012
v -0.000769 0.009854 0.095020
v -0.000694 0.010552 0.095012
v -0.000769 0.009854 0.095020
v -0.000769 0.010552 0.095012
v -0.000769 0.009854 0.095020
v -0.000845 0.010552 0.095012
v -0.000769 0.009854 0.095020
v -0.000920 0.010549 0.095012
v -0.000769 0.009854 0.095020
v -0.000994 0.010545 0.095011
v -0.000769 0.009854 0.095020
v -0.001069 0.010539 0.095011
v -0.000769 0.009854 0.095020
v -0.001142 0.010532 0.095010
v -0.000769 0.009854 0.095020
v -0.001215 0.010523 0.095009
v -0.000769 0.009854 0.095020
v -0.001287 0.010512 0.095009
v -0.000769 0.009854 0.095020
v -0.001357 0.010500 0.095008
v -0.000769 0.009854 0.095020
v -0.001426 0.010485 0.095007
v -0.000769 0.009854 0.095020
v -0.001493 0.010470 0.095006
v -0.000769 0.009854 0.095020
v -0.001559 0.010453 0.095005
v -0.000769 0.009854 0.095020
v -0.001623 0.010435 0.095004
v -0.000769 0.009854 0.095020
v -0.001684 0.010415 0.095002
v -0.000769 0.009854 0.095020
v -0.001744 0.010394 0.095000
v -0.000769 0.009854 0.095020
v -0.001801 0.010372 0.094998
v -0.000769 0.009854 0.095020
v -0.001855 0.010349 0.094997
v -0.000769 0.009854 0.095020
v -0.001908 0.010324 0.094995
v -0.000769 0.009854 0.095020
v -0.001957 0.010298 0.094993
v -0.000769 0.009854 0.095020
v -0.002003 0.010271 0.094991
v -0.000769 0.009854 0.095020
v -0.002047 0.010243 0.094989
v -0.000769 0.009854 0.095020
v -0.002087 0.010214 0.094987
v -0.000769 0.009854 0.095020
v -0.002124 0.010185 0.094985
v -0.000769 0.009854 0.095020
v -0.002158 0.010154 0.094983
v -0.000769 0.009854 0.095020
v -0.002189 0.010123 0.094980
v -0.000769 0.009854 0.095020
v -0.002216 0.010091 0.094978
v -0.000769 0.009854 0.095020
v -0.002240 0.010059 0.094976
v -0.000769 0.009854 0.095020
v -0.002260 0.010026 0.094973
v -0.000769 0.009854 0.095020
v -0.002276 0.009993 0.094971
v -0.000769 0.009854 0.095020
v -0.002289 0.009959 0.094968
v -0.000769 0.009854 0.095020
v -0.002298 0.009926 0.094965
v -0.000769 0.009854 0.095020
v -0.002304 0.009891 0.094963
v -0.000769 0.009854 0.095020
v -0.002305 0.009857 0.094960
v -0.000769 0.009854 0.095020
v -0.002304 0.009823 0.094958
v -0.000769 0.009854 0.095020
v -0.002298 0.009789 0.094955
v -0.000769 0.009854 0.095020
v -0.002289 0.009755 0.094953
v -0.000769 0.009854 0.095020
v -0.002276 0.009722 0.094951
v -0.000769 0.009854 0.095020
v -0.002260 0.009688 0.094948
v -0.000769 0.009854 0.095020
v -0.002240 0.009655 0.094946
v -0.000769 0.009854 0.095020
v -0.002216 0.009623 0.094943
v -0.000769 0.009854 0.095020
v -0.002189 0.009591 0.094941
v -0.000769 0.009854 0.095020
v -0.002158 0.009560 0.094939
v -0.000769 0.009854 0.095020
v -0.002124 0.009530 0.094937
v -0.000769 0.009854 0.095020
v -0.002087 0.009500 0.094934
v -0.000769 0.009854 0.095020
v -0.002047 0.009471 0.094932
v -0.000769 0.009854 0.095020
v -0.002003 0.009444 0.094930
v -0.000769 0.009854 0.095020
v -0.001957 0.009417 0.094928
v -0.000769 0.009854 0.095020
v -0.001908 0.009391 0.094926
v -0.000769 0.009854 0.095020
v -0.001855 0.009366 0.094924
v -0.000769 0.009854 0.095020
v -0.001801 0.009342 0.094922
v -0.000769 0.009854 0.095020
v -0.001744 0.009320 0.094921
v -0.000769 0.009854 0.095020
v -0.001685 0.009299 0.094919
v -0.000769 0.009854 0.095020
v -0.001623 0.009280 0.094918
v -0.000769 0.009854 0.095020
v -0.001559 0.009261 0.094917
v -0.000769 0.009854 0.095020
v -0.001493 0.009244 0.094916
v -0.000769 0.009854 0.095020
v -0.001426 0.009229 0.094914
v -0.000769 0.009854 0.095020
v -0.001357 0.009216 0.094913
v -0.000769 0.009854 0.095020
v -0.001287 0.009203 0.094912
v -0.000769 0.009854 0.095020
v -0.001215 0.009192 0.094911
v -0.000769 0.009854 0.095020
v -0.001143 0.009184 0.094911
v -0.000769 0.009854 0.095020
v -0.001069 0.009176 0.094910
v -0.000769 0.009854 0.095020
v -0.000995 0.009170 0.094910
v -0.000769 0.009854 0.095020
v -0.000920 0.009166 0.094910
v -0.000769 0.009854 0.095020
v -0.000845 0.009163 0.094910
v -0.000769 0.009854 0.095020
v -0.000769 0.009163 0.094909
v -0.000769 0.008481 0.094680
v -0.000619 0.008483 0.094680
v -0.000468 0.008488 0.094681
v -0.000319 0.008497 0.094681
v -0.000171 0.008508 0.094682
v -0.000024 0.008523 0.094683
v 0.000122 0.008542 0.094684
v 0.000265 0.008563 0.094686
v 0.000405 0.008587 0.094688
v 0.000543 0.008615 0.094690
v 0.000678 0.008646 0.094692
v 0.000808 0.008679 0.094695
v 0.000936 0.008716 0.094698
v 0.001059 0.008755 0.094700
v 0.001177 0.008797 0.094703
v 0.001292 0.008842 0.094707
v 0.001401 0.008889 0.094710
v 0.001505 0.008938 0.094714
v 0.001603 0.008990 0.094717
v 0.001696 0.009044 0.094721
v 0.001782 0.009099 0.094726
v 0.001863 0.009157 0.094730
v 0.001937 0.009216 0.094735
v 0.002005 0.009277 0.094739
v 0.002066 0.009340 0.094743
v 0.002120 0.009403 0.094749
v 0.002167 0.009468 0.094753
v 0.002207 0.009533 0.094758
v 0.002240 0.009600 0.094763
v 0.002266 0.009667 0.094768
v 0.002285 0.009735 0.094773
v 0.002296 0.009802 0.094778
v 0.002299 0.009871 0.094783
v 0.002296 0.009939 0.094787
v 0.002285 0.010007 0.094793
v 0.002266 0.010074 0.094797
v 0.002240 0.010142 0.094803
v 0.002207 0.010208 0.094808
v 0.002167 0.010274 0.094813
v 0.002120 0.010338 0.094817
v 0.002066 0.010402 0.094822
v 0.002005 0.010464 0.094826
v 0.001937 0.010525 0.094831
v 0.001863 0.010584 0.094835
v 0.001782 0.010642 0.094840
v 0.001696 0.010697 0.094844
v 0.001603 0.010751 0.094848
v 0.001504 0.010802 0.094852
v 0.001401 0.010852 0.094855
v 0.001291 0.010898 0.094858
v 0.001177 0.010943 0.094862
v 0.001059 0.010985 0.094865
v 0.000936 0.011024 0.094868
v 0.000808 0.011060 0.094870
v 0.000678 0.011094 0.094873
v 0.000543 0.011125 0.094875
v 0.000405 0.011152 0.094877
v 0.000265 0.011176 0.094879
v 0.000122 0.011198 0.094880
v -0.000023 0.011216 0.094882
v -0.000170 0.011231 0.094883
v -0.000319 0.011242 0.094884
v -0.000468 0.011250 0.094884
v -0.000618 0.011255 0.094885
v -0.000769 0.011257 0.094885
v -0.000920 0.011255 0.094885
v -0.001070 0.011250 0.094884
v -0.001219 0.011242 0.094884
v -0.001368 0.011230 0.094883
v -0.001515 0.011216 0.094882
v -0.001660 0.011197 0.094880
v -0.001803 0.011176 0.094879
v -0.001943 0.011152 0.094877
v -0.002081 0.011124 0.094875
v -0.002216 0.011093 0.094873
v -0.002347 0.011060 0.094870
v -0.002474 0.011023 0.094868
v -0.002597 0.010984 0.094865
v -0.002716 0.010942 0.094862
v -0.002830 0.010897 0.094858
v -0.002939 0.010851 0.094855
v -0.003043 0.010801 0.094852
v -0.003141 0.010750 0.094848
v -0.003234 0.010696 0.094843
v -0.003321 0.010640 0.094840
v -0.003401 0.010583 0.094835
v -0.003476 0.010523 0.094831
v -0.003544 0.010463 0.094826
v -0.003605 0.010400 0.094822
v -0.003659 0.010337 0.094817
v -0.003706 0.010272 0.094812
v -0.003747 0.010206 0.094807
v -0.003780 0.010140 0.094803
v -0.003805 0.010073 0.094797
v -0.003824 0.010005 0.094792
v -0.003835 0.009937 0.094787
v -0.003839 0.009869 0.094782
v -0.003835 0.009801 0.094777
v -0.003824 0.009733 0.094772
v -0.003805 0.009666 0.094767
v -0.003780 0.009598 0.094762
v -0.003747 0.009531 0.094758
v -0.003706 0.009466 0.094753
v -0.003659 0.009401 0.094748
v -0.003605 0.009338 0.094743
v -0.003544 0.009276 0.094738
v -0.003476 0.009215 0.094734
v -0.003402 0.009155 0.094730
v -0.003321 0.009098 0.094726
v -0.003235 0.009042 0.094721
v -0.003142 0.008988 0.094717
v -0.003043 0.008937 0.094714
v -0.002940 0.008887 0.094710
v -0.002831 0.008841 0.094706
v -0.002717 0.008796 0.094703
v -0.002598 0.008754 0.094700
v -0.002474 0.008715 0.094697
v -0.002347 0.008679 0.094694
v -0.002216 0.008645 0.094692
v -0.002082 0.008614 0.094690
v -0.001944 0.008587 0.094688
v -0.001803 0.008562 0.094686
v -0.001660 0.008541 0.094684
v -0.001515 0.008523 0.094683
v -0.001368 0.008508 0.094682
v -0.001220 0.008496 0.094681
v -0.001070 0.008488 0.094681
v -0.000920 0.008483 0.094680
v -0.000769 0.008481 0.094680
v -0.000770 0.007811 0.094333
v -0.000544 0.007814 0.094333
v -0.000319 0.007822 0.094334
v -0.000095 0.007834 0.094335
v 0.000127 0.007852 0.094336
v 0.000347 0.007874 0.094338
v 0.000564 0.007902 0.094340
v 0.000778 0.007934 0.094342
v 0.000989 0.007970 0.094345
v 0.001195 0.008012 0.094348
v 0.001396 0.008058 0.094352
v 0.001593 0.008108 0.094355
v 0.001783 0.008163 0.094359
v 0.001968 0.008222 0.094363
v 0.002145 0.008284 0.094368
v 0.002316 0.008351 0.094373
v 0.002479 0.008422 0.094379
v 0.002635 0.008495 0.094384
v 0.002782 0.008573 0.094390
v 0.002921 0.008653 0.094396
v 0.003050 0.008737 0.094402
v 0.003171 0.008823 0.094408
v 0.003282 0.008912 0.094415
v 0.003384 0.009003 0.094421
v 0.003475 0.009096 0.094428
v 0.003556 0.009192 0.094435
v 0.003627 0.009288 0.094442
v 0.003687 0.009387 0.094450
v 0.003736 0.009486 0.094457
v 0.003774 0.009587 0.094464
v 0.003802 0.009688 0.094472
v 0.003819 0.009790 0.094479
v 0.003824 0.009892 0.094487
v 0.003819 0.009993 0.094494
v 0.003802 0.010095 0.094502
v 0.003774 0.010197 0.094510
v 0.003736 0.010297 0.094517
v 0.003687 0.010396 0.094524
v 0.003627 0.010495 0.094532
v 0.003556 0.010591 0.094538
v 0.003475 0.010686 0.094545
v 0.003383 0.010779 0.094552
v 0.003282 0.010870 0.094559
v 0.003171 0.010959 0.094566
v 0.003050 0.011045 0.094572
v 0.002920 0.011128 0.094578
v 0.002782 0.011208 0.094584
v 0.002634 0.011286 0.094590
v 0.002479 0.011359 0.094595
v 0.002316 0.011429 0.094600
v 0.002145 0.011496 0.094605
v 0.001967 0.011559 0.094609
v 0.001783 0.011617 0.094614
v 0.001592 0.011672 0.094618
v 0.001396 0.011722 0.094621
v 0.001195 0.011767 0.094625
v 0.000989 0.011808 0.094628
v 0.000778 0.011845 0.094630
v 0.000564 0.011877 0.094633
v 0.000347 0.011904 0.094635
v 0.000127 0.011926 0.094637
v -0.000095 0.011944 0.094638
v -0.000319 0.011956 0.094639
v -0.000543 0.011964 0.094640
v -0.000769 0.011966 0.094640
v -0.000994 0.011963 0.094640
v -0.001219 0.011956 0.094639
v -0.001443 0.011943 0.094638
v -0.001665 0.011926 0.094637
v -0.001885 0.011904 0.094635
v -0.002103 0.011877 0.094633
v -0.002316 0.011845 0.094630
v -0.002527 0.011808 0.094628
v -0.002733 0.011766 0.094625
v -0.002934 0.011721 0.094621
v -0.003131 0.011671 0.094618
v -0.003321 0.011616 0.094614
v -0.003506 0.011557 0.094609
v -0.003683 0.011494 0.094605
v -0.003854 0.011428 0.094600
v -0.004018 0.011358 0.094595
v -0.004173 0.011284 0.094590
v -0.004321 0.011207 0.094584
v -0.004459 0.011127 0.094578
v -0.004589 0.011044 0.094572
v -0.004710 0.010957 0.094565
v -0.004821 0.010869 0.094559
v -0.004923 0.010778 0.094552
v -0.005014 0.010684 0.094545
v -0.005095 0.010589 0.094538
v -0.005166 0.010492 0.094531
v -0.005226 0.010394 0.094524
v -0.005276 0.010295 0.094516
v -0.005314 0.010194 0.094509
v -0.005342 0.010093 0.094502
v -0.005358 0.009991 0.094494
v -0.005364 0.009889 0.094487
v -0.005358 0.009787 0.094479
v -0.005342 0.009685 0.094472
v -0.005315 0.009584 0.094464
v -0.005276 0.009484 0.094456
v -0.005227 0.009384 0.094449
v -0.005166 0.009286 0.094442
v -0.005096 0.009189 0.094435
v -0.005014 0.009094 0.094428
v -0.004923 0.009001 0.094421
v -0.004821 0.008909 0.094414
v -0.004711 0.008820 0.094408
v -0.004590 0.008734 0.094401
v -0.004460 0.008651 0.094395
v -0.004321 0.008571 0.094389
v -0.004174 0.008493 0.094383
v -0.004019 0.008419 0.094378
v -0.003855 0.008349 0.094373
v -0.003684 0.008283 0.094368
v -0.003507 0.008220 0.094363
v -0.003322 0.008161 0.094359
v -0.003132 0.008107 0.094355
v -0.002935 0.008056 0.094351
v -0.002734 0.008011 0.094348
v -0.002527 0.007969 0.094345
v -0.002317 0.007932 0.094342
v -0.002103 0.007901 0.094340
v -0.001886 0.007873 0.094338
v -0.001666 0.007851 0.094336
v -0.001443 0.007834 0.094335
v -0.001220 0.007822 0.094334
v -0.000995 0.007814 0.094333
v -0.000770 0.007811 0.094333
v -0.000770 0.007155 0.093870
v -0.000470 0.007159 0.093870
v -0.000171 0.007169 0.093871
v 0.000127 0.007185 0.093872
v 0.000423 0.007209 0.093874
v 0.000715 0.007238 0.093876
v 0.001004 0.007275 0.093879
v 0.001289 0.007317 0.093882
v 0.001568 0.007366 0.093886
v 0.001842 0.007421 0.093890
v 0.002110 0.007482 0.093894
v 0.002371 0.007549 0.093899
v 0.002624 0.007622 0.093905
v 0.002869 0.007700 0.093910
v 0.003106 0.007784 0.093917
v 0.003333 0.007872 0.093923
v 0.003550 0.007966 0.093930
v 0.003756 0.008064 0.093937
v 0.003952 0.008167 0.093945
v 0.004137 0.008274 0.093953
v 0.004309 0.008385 0.093961
v 0.004469 0.008500 0.093969
v 0.004617 0.008618 0.093978
v 0.004752 0.008739 0.093987
v 0.004873 0.008863 0.093996
v 0.004981 0.008989 0.094006
v 0.005075 0.009119 0.094015
v 0.005155 0.009249 0.094025
v 0.005221 0.009382 0.094035
v 0.005272 0.009515 0.094044
v 0.005309 0.009650 0.094054
v 0.005331 0.009785 0.094065
v 0.005338 0.009921 0.094074
v 0.005331 0.010056 0.094084
v 0.005309 0.010191 0.094094
v 0.005272 0.010326 0.094104
v 0.005221 0.010459 0.094114
v 0.005155 0.010592 0.094124
v 0.005075 0.010722 0.094133
v 0.004981 0.010850 0.094143
v 0.004873 0.010977 0.094152
v 0.004751 0.011101 0.094161
v 0.004616 0.011222 0.094170
v 0.004469 0.011339 0.094179
v 0.004308 0.011454 0.094187
v 0.004136 0.011564 0.094195
v 0.003951 0.011671 0.094203
v 0.003756 0.011773 0.094211
v 0.003549 0.011871 0.094217
v 0.003332 0.011964 0.094224
v 0.003105 0.012053 0.094231
v 0.002869 0.012136 0.094237
v 0.002624 0.012214 0.094243
v 0.002370 0.012286 0.094248
v 0.002109 0.012352 0.094253
v 0.001842 0.012413 0.094257
v 0.001568 0.012467 0.094261
v 0.001288 0.012516 0.094265
v 0.001004 0.012558 0.094268
v 0.000715 0.012594 0.094271
v 0.000423 0.012624 0.094273
v 0.000127 0.012647 0.094274
v -0.000170 0.012663 0.094276
v -0.000469 0.012673 0.094277
v -0.000769 0.012676 0.094277
v -0.001069 0.012673 0.094277
v -0.001367 0.012663 0.094276
v -0.001665 0.012646 0.094275
v -0.001960 0.012623 0.094273
v -0.002253 0.012594 0.094271
v -0.002542 0.012557 0.094268
v -0.002826 0.012515 0.094265
v -0.003106 0.012466 0.094261
v -0.003380 0.012412 0.094257
v -0.003648 0.012351 0.094253
v -0.003909 0.012284 0.094248
v -0.004162 0.012212 0.094243
v -0.004408 0.012134 0.094237
v -0.004644 0.012051 0.094231
v -0.004871 0.011962 0.094224
v -0.005088 0.011869 0.094218
v -0.005295 0.011771 0.094211
v -0.005491 0.011669 0.094203
v -0.005675 0.011562 0.094195
v -0.005848 0.011451 0.094187
v -0.006009 0.011337 0.094179
v -0.006156 0.011219 0.094170
v -0.006291 0.011098 0.094161
v -0.006413 0.010974 0.094152
v -0.006521 0.010848 0.094143
v -0.006615 0.010719 0.094133
v -0.006695 0.010589 0.094124
v -0.006761 0.010457 0.094114
v -0.006812 0.010323 0.094104
v -0.006849 0.010188 0.094094
v -0.006871 0.010053 0.094084
v -0.006878 0.009918 0.094074
v -0.006871 0.009782 0.094064
v -0.006849 0.009647 0.094054
v -0.006812 0.009513 0.094044
v -0.006761 0.009379 0.094034
v -0.006696 0.009247 0.094025
v -0.006616 0.009116 0.094015
v -0.006522 0.008987 0.094005
v -0.006414 0.008860 0.093996
v -0.006292 0.008736 0.093987
v -0.006157 0.008615 0.093978
v -0.006009 0.008497 0.093969
v -0.005849 0.008382 0.093961
v -0.005677 0.008272 0.093952
v -0.005492 0.008164 0.093944
v -0.005296 0.008061 0.093937
v -0.005089 0.007963 0.093930
v -0.004872 0.007870 0.093923
v -0.004645 0.007781 0.093916
v -0.004409 0.007698 0.093910
v -0.004164 0.007620 0.093904
v -0.003910 0.007547 0.093899
v -0.003649 0.007481 0.093894
v -0.003381 0.007420 0.093889
v -0.003108 0.007365 0.093885
v -0.002827 0.007316 0.093882
v -0.002543 0.007273 0.093879
v -0.002254 0.007237 0.093876
v -0.001961 0.007208 0.093874
v -0.001666 0.007185 0.093872
v -0.001368 0.007168 0.093871
v -0.001069 0.007158 0.093870
v -0.000770 0.007155 0.093870
v -0.000770 0.006513 0.093291
v -0.000396 0.006518 0.093291
v -0.000024 0.006530 0.093292
v 0.000347 0.006551 0.093294
v 0.000715 0.006580 0.093296
v 0.001079 0.006617 0.093299
v 0.001439 0.006662 0.093302
v 0.001794 0.006716 0.093306
v 0.002142 0.006776 0.093311
v 0.002483 0.006845 0.093316
v 0.002817 0.006921 0.093322
v 0.003142 0.007004 0.093327
v 0.003457 0.007095 0.093334
v 0.003762 0.007192 0.093342
v 0.004056 0.007296 0.093349
v 0.004339 0.007407 0.093357
v 0.004610 0.007524 0.093366
v 0.004867 0.007646 0.093375
v 0.005111 0.007774 0.093384
v 0.005341 0.007907 0.093394
v 0.005555 0.008045 0.093404
v 0.005755 0.008188 0.093415
v 0.005939 0.008335 0.093426
v 0.006107 0.008486 0.093437
v 0.006258 0.008641 0.093448
v 0.006393 0.008799 0.093460
v 0.006510 0.008959 0.093472
v 0.006609 0.009122 0.093484
v 0.006691 0.009287 0.093496
v 0.006755 0.009453 0.093508
v 0.006800 0.009621 0.093521
v 0.006828 0.009789 0.093533
v 0.006837 0.009958 0.093546
v 0.006828 0.010127 0.093558
v 0.006800 0.010295 0.093571
v 0.006754 0.010462 0.093582
v 0.006690 0.010629 0.093595
v 0.006609 0.010793 0.093607
v 0.006509 0.010956 0.093619
v 0.006392 0.011116 0.093631
v 0.006258 0.011273 0.093642
v 0.006106 0.011427 0.093653
v 0.005938 0.011578 0.093664
v 0.005754 0.011724 0.093675
v 0.005554 0.011866 0.093686
v 0.005339 0.012004 0.093696
v 0.005110 0.012137 0.093706
v 0.004866 0.012264 0.093715
v 0.004609 0.012386 0.093724
v 0.004338 0.012502 0.093732
v 0.004056 0.012611 0.093740
v 0.003761 0.012714 0.093748
v 0.003456 0.012811 0.093755
v 0.003141 0.012901 0.093761
v 0.002816 0.012984 0.093767
v 0.002483 0.013059 0.093772
v 0.002141 0.013127 0.093778
v 0.001793 0.013187 0.093782
v 0.001439 0.013240 0.093786
v 0.001079 0.013284 0.093789
v 0.000715 0.013321 0.093792
v 0.000347 0.013349 0.093794
v -0.000023 0.013370 0.093795
v -0.000396 0.013382 0.093796
v -0.000769 0.013386 0.093797
v -0.001142 0.013382 0.093796
v -0.001514 0.013370 0.093795
v -0.001885 0.013349 0.093794
v -0.002253 0.013321 0.093792
v -0.002617 0.013284 0.093789
v -0.002977 0.013239 0.093786
v -0.003331 0.013186 0.093783
v -0.003680 0.013126 0.093778
v -0.004021 0.013058 0.093773
v -0.004355 0.012982 0.093767
v -0.004680 0.012899 0.093761
v -0.004995 0.012809 0.093755
v -0.005300 0.012713 0.093748
v -0.005595 0.012609 0.093740
v -0.005878 0.012499 0.093732
v -0.006148 0.012383 0.093724
v -0.006406 0.012261 0.093715
v -0.006650 0.012134 0.093706
v -0.006880 0.012001 0.093696
v -0.007095 0.011863 0.093686
v -0.007295 0.011721 0.093675
v -0.007479 0.011575 0.093664
v -0.007647 0.011424 0.093653
v -0.007799 0.011270 0.093642
v -0.007933 0.011113 0.093631
v -0.008050 0.010953 0.093619
v -0.008150 0.010790 0.093607
v -0.008232 0.010626 0.093595
v -0.008296 0.010460 0.093582
v -0.008341 0.010292 0.093571
v -0.008369 0.010124 0.093558
v -0.008378 0.009955 0.093546
v -0.008369 0.009786 0.093533
v -0.008341 0.009618 0.093521
v -0.008296 0.009450 0.093508
v -0.008232 0.009284 0.093496
v -0.008151 0.009119 0.093484
v -0.008051 0.008956 0.093472
v -0.007934 0.008796 0.093460
v -0.007799 0.008638 0.093448
v -0.007648 0.008484 0.093436
v -0.007480 0.008333 0.093425
v -0.007296 0.008186 0.093415
v -0.007096 0.008043 0.093404
v -0.006881 0.007904 0.093394
v -0.006651 0.007771 0.093384
v -0.006407 0.007643 0.093375
v -0.006150 0.007521 0.093366
v -0.005879 0.007404 0.093357
v -0.005597 0.007294 0.093349
v -0.005302 0.007190 0.093341
v -0.004997 0.007092 0.093334
v -0.004681 0.007002 0.093327
v -0.004356 0.006919 0.093321
v -0.004023 0.006843 0.093315
v -0.003681 0.006775 0.093310
v -0.003333 0.006714 0.093306
v -0.002978 0.006661 0.093302
v -0.002618 0.006616 0.093299
v -0.002254 0.006579 0.093296
v -0.001886 0.006550 0.093294
v -0.001515 0.006530 0.093292
v -0.001143 0.006517 0.093291
v -0.000770 0.006513 0.093291
v -0.000770 0.005888 0.092597
v -0.000323 0.005893 0.092597
v 0.000121 0.005908 0.092599
v 0.000564 0.005933 0.092601
v 0.001004 0.005968 0.092603
v 0.001439 0.006012 0.092606
v 0.001869 0.006066 0.092611
v 0.002293 0.006129 0.092615
v 0.002709 0.006202 0.092621
v 0.003116 0.006284 0.092627
v 0.003515 0.006375 0.092633
v 0.003903 0.006474 0.092641
v 0.004280 0.006582 0.092649
v 0.004644 0.006699 0.092657
v 0.004996 0.006823 0.092666
v 0.005334 0.006955 0.092676
v 0.005656 0.007095 0.092687
v 0.005964 0.007241 0.092698
v 0.006255 0.007394 0.092709
v 0.006530 0.007553 0.092720
v 0.006787 0.007718 0.092733
v 0.007025 0.007889 0.092745
v 0.007245 0.008065 0.092758
v 0.007446 0.008245 0.092772
v 0.007626 0.008430 0.092785
v 0.007787 0.008618 0.092799
v 0.007926 0.008809 0.092813
v 0.008045 0.009004 0.092828
v 0.008143 0.009201 0.092842
v 0.008219 0.009400 0.092857
v 0.008274 0.009600 0.092872
v 0.008306 0.009801 0.092886
v 0.008317 0.010003 0.092901
v 0.008306 0.010204 0.092916
v 0.008273 0.010405 0.092931
v 0.008218 0.010605 0.092946
v 0.008142 0.010804 0.092960
v 0.008044 0.011001 0.092975
v 0.007925 0.011195 0.092989
v 0.007785 0.011386 0.093003
v 0.007625 0.011574 0.093017
v 0.007444 0.011758 0.093030
v 0.007243 0.011937 0.093043
v 0.007023 0.012112 0.093056
v 0.006785 0.012282 0.093068
v 0.006528 0.012446 0.093080
v 0.006254 0.012605 0.093092
v 0.005962 0.012756 0.093103
v 0.005655 0.012902 0.093113
v 0.005332 0.013039 0.093123
v 0.004994 0.013170 0.093133
v 0.004643 0.013294 0.093142
v 0.004278 0.013409 0.093150
v 0.003901 0.013516 0.093158
v 0.003514 0.013614 0.093165
v 0.003115 0.013704 0.093171
v 0.002708 0.013785 0.093177
v 0.002292 0.013857 0.093182
v 0.001868 0.013919 0.093187
v 0.001438 0.013972 0.093191
v 0.001003 0.014016 0.093194
v 0.000564 0.014050 0.093197
v 0.000122 0.014074 0.093198
v -0.000323 0.014089 0.093199
v -0.000769 0.014094 0.093200
v -0.001215 0.014089 0.093199
v -0.001659 0.014074 0.093198
v -0.002102 0.014049 0.093197
v -0.002541 0.014015 0.093194
v -0.002977 0.013971 0.093191
v -0.003406 0.013918 0.093187
v -0.003830 0.013855 0.093183
v -0.004246 0.013783 0.093178
v -0.004654 0.013702 0.093172
v -0.005052 0.013612 0.093165
v -0.005440 0.013514 0.093159
v -0.005817 0.013406 0.093151
v -0.006182 0.013291 0.093142
v -0.006534 0.013168 0.093133
v -0.006872 0.013037 0.093124
v -0.007195 0.012898 0.093114
v -0.007503 0.012753 0.093103
v -0.007794 0.012601 0.093092
v -0.008069 0.012443 0.093081
v -0.008326 0.012278 0.093069
v -0.008565 0.012109 0.093056
v -0.008785 0.011934 0.093043
v -0.008986 0.011754 0.093030
v -0.009167 0.011570 0.093017
v -0.009328 0.011383 0.093003
v -0.009468 0.011192 0.092989
v -0.009587 0.010998 0.092975
v -0.009685 0.010802 0.092960
v -0.009761 0.010603 0.092946
v -0.009816 0.010403 0.092931
v -0.009849 0.010203 0.092916
v -0.009860 0.010001 0.092902
v -0.009849 0.009799 0.092887
v -0.009816 0.009598 0.092872
v -0.009762 0.009398 0.092857
v -0.009685 0.009199 0.092842
v -0.009588 0.009002 0.092828
v -0.009469 0.008808 0.092814
v -0.009328 0.008616 0.092799
v -0.009168 0.008428 0.092785
v -0.008987 0.008243 0.092772
v -0.008786 0.008063 0.092758
v -0.008567 0.007887 0.092745
v -0.008328 0.007716 0.092732
v -0.008071 0.007551 0.092720
v -0.007797 0.007392 0.092709
v -0.007505 0.007238 0.092697
v -0.007197 0.007092 0.092686
v -0.006874 0.006953 0.092676
v -0.006536 0.006821 0.092666
v -0.006185 0.006696 0.092657
v -0.005820 0.006580 0.092648
v -0.005443 0.006472 0.092640
v -0.005055 0.006372 0.092633
v -0.004656 0.006282 0.092626
v -0.004248 0.006200 0.092620
v -0.003832 0.006127 0.092615
v -0.003408 0.006064 0.092610
v -0.002978 0.006011 0.092606
v -0.002543 0.005966 0.092603
v -0.002103 0.005932 0.092601
v -0.001660 0.005908 0.092599
v -0.001215 0.005893 0.092597
v -0.000770 0.005888 0.092597
v -0.000770 0.005280 0.091790
v -0.000252 0.005286 0.091791
v 0.000265 0.005304 0.091792
v 0.000778 0.005333 0.091794
v 0.001288 0.005373 0.091797
v 0.001794 0.005424 0.091801
v 0.002292 0.005487 0.091806
v 0.002784 0.005561 0.091811
v 0.003267 0.005645 0.091817
v 0.003740 0.005740 0.091825
v 0.004203 0.005845 0.091832
v 0.004653 0.005961 0.091841
v 0.005090 0.006087 0.091850
v 0.005513 0.006222 0.091860
v 0.005921 0.006366 0.091871
v 0.006313 0.006519 0.091882
v 0.006688 0.006681 0.091894
v 0.007045 0.006851 0.091907
v 0.007383 0.007028 0.091920
v 0.007701 0.007213 0.091933
v 0.007999 0.007405 0.091948
v 0.008276 0.007603 0.091962
v 0.008531 0.007806 0.091977
v 0.008764 0.008016 0.091993
v 0.008974 0.008230 0.092008
v 0.009160 0.008449 0.092025
v 0.009322 0.008671 0.092041
v 0.009460 0.008897 0.092058
v 0.009573 0.009126 0.092075
v 0.009662 0.009357 0.092091
v 0.009725 0.009589 0.092109
v 0.009763 0.009823 0.092126
v 0.009776 0.010057 0.092143
v 0.009762 0.010290 0.092161
v 0.009724 0.010523 0.092178
v 0.009661 0.010756 0.092194
v 0.009572 0.010986 0.092211
v 0.009459 0.011214 0.092228
v 0.009321 0.011440 0.092245
v 0.009158 0.011661 0.092261
v 0.008972 0.011879 0.092277
v 0.008762 0.012092 0.092292
v 0.008529 0.012301 0.092308
v 0.008274 0.012503 0.092322
v 0.007997 0.012700 0.092337
v 0.007699 0.012890 0.092351
v 0.007381 0.013074 0.092364
v 0.007043 0.013250 0.092376
v 0.006686 0.013418 0.092389
v 0.006311 0.013578 0.092400
v 0.005919 0.013729 0.092411
v 0.005511 0.013872 0.092421
v 0.005088 0.014005 0.092431
v 0.004651 0.014129 0.092439
v 0.004201 0.014243 0.092448
v 0.003738 0.014346 0.092455
v 0.003265 0.014440 0.092462
v 0.002783 0.014523 0.092468
v 0.002291 0.014595 0.092473
v 0.001793 0.014656 0.092478
v 0.001288 0.014707 0.092481
v 0.000778 0.014746 0.092484
v 0.000265 0.014774 0.092486
v -0.000251 0.014791 0.092487
v -0.000769 0.014797 0.092488
v -0.001286 0.014791 0.092487
v -0.001802 0.014774 0.092486
v -0.002316 0.014745 0.092484
v -0.002826 0.014706 0.092482
v -0.003330 0.014655 0.092478
v -0.003829 0.014594 0.092474
v -0.004321 0.014521 0.092469
v -0.004804 0.014438 0.092463
v -0.005277 0.014344 0.092456
v -0.005739 0.014240 0.092449
v -0.006190 0.014126 0.092440
v -0.006627 0.014002 0.092432
v -0.007051 0.013868 0.092422
v -0.007459 0.013725 0.092412
v -0.007852 0.013574 0.092400
v -0.008227 0.013414 0.092389
v -0.008584 0.013245 0.092377
v -0.008922 0.013069 0.092364
v -0.009241 0.012886 0.092351
v -0.009540 0.012695 0.092337
v -0.009816 0.012499 0.092323
v -0.010072 0.012296 0.092308
v -0.010305 0.012088 0.092293
v -0.010515 0.011875 0.092277
v -0.010701 0.011658 0.092262
v -0.010864 0.011436 0.092245
v -0.011002 0.011212 0.092229
v -0.011116 0.010984 0.092212
v -0.011205 0.010754 0.092195
v -0.011268 0.010522 0.092178
v -0.011306 0.010289 0.092162
v -0.011319 0.010055 0.092144
v -0.011307 0.009821 0.092127
v -0.011269 0.009588 0.092110
v -0.011205 0.009356 0.092092
v -0.011117 0.009125 0.092075
v -0.011003 0.008896 0.092059
v -0.010865 0.008671 0.092042
v -0.010703 0.008448 0.092026
v -0.010516 0.008229 0.092009
v -0.010307 0.008015 0.091994
v -0.010074 0.007806 0.091977
v -0.009819 0.007601 0.091962
v -0.009542 0.007403 0.091948
v -0.009243 0.007211 0.091934
v -0.008925 0.007026 0.091920
v -0.008586 0.006849 0.091907
v -0.008229 0.006679 0.091894
v -0.007854 0.006517 0.091882
v -0.007463 0.006363 0.091870
v -0.007054 0.006219 0.091860
v -0.006631 0.006084 0.091849
v -0.006193 0.005959 0.091840
v -0.005743 0.005843 0.091832
v -0.005280 0.005738 0.091824
v -0.004807 0.005643 0.091817
v -0.004323 0.005558 0.091811
v -0.003832 0.005485 0.091805
v -0.003333 0.005423 0.091801
v -0.002827 0.005371 0.091797
v -0.002317 0.005332 0.091794
v -0.001803 0.005303 0.091792
v -0.001287 0.005286 0.091791
v -0.000770 0.005280 0.091790
v -0.000770 0.004693 0.090874
v -0.000181 0.004699 0.090874
v 0.000405 0.004719 0.090876
v 0.000989 0.004752 0.090878
v 0.001568 0.004797 0.090882
v 0.002142 0.004856 0.090886
v 0.002708 0.004927 0.090891
v 0.003267 0.005011 0.090898
v 0.003815 0.005106 0.090904
v 0.004353 0.005214 0.090913
v 0.004878 0.005334 0.090921
v 0.005390 0.005466 0.090931
v 0.005886 0.005608 0.090942
v 0.006367 0.005762 0.090953
v 0.006830 0.005925 0.090965
v 0.007276 0.006099 0.090978
v 0.007701 0.006283 0.090991
v 0.008107 0.006476 0.091006
v 0.008491 0.006678 0.091021
v 0.008852 0.006888 0.091036
v 0.009191 0.007106 0.091053
v 0.009506 0.007331 0.091069
v 0.009795 0.007562 0.091086
v 0.010060 0.007801 0.091104
v 0.010298 0.008044 0.091122
v 0.010509 0.008292 0.091140
v 0.010694 0.008545 0.091159
v 0.010850 0.008801 0.091178
v 0.010979 0.009061 0.091197
v 0.011079 0.009323 0.091216
v 0.011151 0.009587 0.091236
v 0.011194 0.009852 0.091256
v 0.011208 0.010118 0.091275
v 0.011194 0.010384 0.091294
v 0.011150 0.010649 0.091314
v 0.011078 0.010913 0.091333
v 0.010977 0.011174 0.091352
v 0.010849 0.011433 0.091371
v 0.010692 0.011689 0.091390
v 0.010507 0.011940 0.091408
v 0.010295 0.012188 0.091426
v 0.010057 0.012430 0.091444
v 0.009793 0.012666 0.091461
v 0.009502 0.012896 0.091478
v 0.009188 0.013120 0.091494
v 0.008849 0.013335 0.091510
v 0.008487 0.013543 0.091525
v 0.008103 0.013742 0.091539
v 0.007698 0.013933 0.091553
v 0.007272 0.014114 0.091566
v 0.006828 0.014286 0.091578
v 0.006364 0.014447 0.091589
v 0.005884 0.014598 0.091600
v 0.005387 0.014738 0.091610
v 0.004875 0.014867 0.091619
v 0.004350 0.014984 0.091628
v 0.003813 0.015090 0.091635
v 0.003265 0.015183 0.091641
v 0.002707 0.015265 0.091647
v 0.002141 0.015334 0.091652
v 0.001567 0.015391 0.091656
v 0.000988 0.015435 0.091660
v 0.000405 0.015467 0.091662
v -0.000181 0.015486 0.091663
v -0.000769 0.015492 0.091663
v -0.001356 0.015485 0.091663
v -0.001942 0.015466 0.091662
v -0.002526 0.015434 0.091660
v -0.003105 0.015390 0.091657
v -0.003678 0.015333 0.091653
v -0.004245 0.015263 0.091648
v -0.004803 0.015181 0.091642
v -0.005352 0.015086 0.091636
v -0.005889 0.014981 0.091629
v -0.006415 0.014863 0.091620
v -0.006926 0.014734 0.091611
v -0.007424 0.014593 0.091601
v -0.007904 0.014442 0.091590
v -0.008368 0.014280 0.091579
v -0.008814 0.014108 0.091566
v -0.009240 0.013927 0.091553
v -0.009646 0.013736 0.091539
v -0.010030 0.013537 0.091525
v -0.010392 0.013329 0.091510
v -0.010731 0.013114 0.091495
v -0.011046 0.012891 0.091478
v -0.011336 0.012661 0.091462
v -0.011601 0.012425 0.091445
v -0.011839 0.012183 0.091427
v -0.012051 0.011937 0.091409
v -0.012236 0.011686 0.091391
v -0.012393 0.011430 0.091372
v -0.012523 0.011172 0.091354
v -0.012623 0.010911 0.091335
v -0.012695 0.010648 0.091315
v -0.012739 0.010383 0.091296
v -0.012753 0.010118 0.091276
v -0.012739 0.009852 0.091256
v -0.012696 0.009587 0.091237
v -0.012624 0.009323 0.091218
v -0.012523 0.009061 0.091198
v -0.012394 0.008802 0.091179
v -0.012238 0.008545 0.091160
v -0.012053 0.008292 0.091142
v -0.011841 0.008044 0.091123
v -0.011603 0.007800 0.091105
v -0.011339 0.007562 0.091087
v -0.011049 0.007330 0.091070
v -0.010734 0.007105 0.091053
v -0.010395 0.006887 0.091037
v -0.010033 0.006677 0.091021
v -0.009649 0.006475 0.091006
v -0.009244 0.006282 0.090992
v -0.008818 0.006098 0.090978
v -0.008372 0.005924 0.090965
v -0.007908 0.005759 0.090953
v -0.007427 0.005606 0.090942
v -0.006931 0.005463 0.090931
v -0.006419 0.005332 0.090921
v -0.005893 0.005212 0.090912
v -0.005355 0.005104 0.090904
v -0.004806 0.005008 0.090897
v -0.004248 0.004925 0.090891
v -0.003681 0.004854 0.090886
v -0.003107 0.004796 0.090882
v -0.002527 0.004751 0.090878
v -0.001944 0.004718 0.090876
v -0.001357 0.004699 0.090874
v -0.000770 0.004693 0.090874
v -0.000770 0.004125 0.089848
v -0.000113 0.004133 0.089848
v 0.000542 0.004155 0.089850
v 0.001195 0.004191 0.089853
v 0.001842 0.004243 0.089857
v 0.002483 0.004308 0.089861
v 0.003116 0.004387 0.089867
v 0.003740 0.004481 0.089874
v 0.004353 0.004588 0.089882
v 0.004953 0.004709 0.089891
v 0.005540 0.004842 0.089901
v 0.006112 0.004989 0.089911
v 0.006666 0.005149 0.089923
v 0.007203 0.005320 0.089936
v 0.007721 0.005503 0.089949
v 0.008219 0.005697 0.089964
v 0.008694 0.005903 0.089979
v 0.009147 0.006119 0.089995
v 0.009576 0.006344 0.090012
v 0.009980 0.006579 0.090029
v 0.010358 0.006822 0.090047
v 0.010710 0.007074 0.090066
v 0.011034 0.007333 0.090085
v 0.011329 0.007598 0.090105
v 0.011595 0.007870 0.090125
v 0.011831 0.008148 0.090145
v 0.012037 0.008430 0.090166
v 0.012212 0.008717 0.090188
v 0.012356 0.009007 0.090209
v 0.012468 0.009300 0.090231
v 0.012548 0.009595 0.090252
v 0.012597 0.009891 0.090274
v 0.012612 0.010188 0.090296
v 0.012596 0.010485 0.090318
v 0.012548 0.010781 0.090340
v 0.012467 0.011075 0.090361
v 0.012354 0.011367 0.090383
v 0.012210 0.011657 0.090404
v 0.012035 0.011942 0.090425
v 0.011828 0.012223 0.090445
v 0.011592 0.012499 0.090465
v 0.011325 0.012769 0.090485
v 0.011030 0.013033 0.090504
v 0.010706 0.013289 0.090522
v 0.010355 0.013538 0.090540
v 0.009976 0.013779 0.090557
v 0.009572 0.014011 0.090574
v 0.009143 0.014233 0.090590
v 0.008690 0.014445 0.090605
v 0.008215 0.014647 0.090619
v 0.007717 0.014838 0.090633
v 0.007200 0.015018 0.090645
v 0.006663 0.015185 0.090657
v 0.006108 0.015341 0.090668
v 0.005537 0.015484 0.090678
v 0.004951 0.015614 0.090687
v 0.004350 0.015732 0.090695
v 0.003738 0.015836 0.090703
v 0.003114 0.015926 0.090709
v 0.002482 0.016003 0.090714
v 0.001841 0.016066 0.090719
v 0.001194 0.016115 0.090722
v 0.000543 0.016150 0.090724
v -0.000112 0.016171 0.090726
v -0.000768 0.016177 0.090726
v -0.001425 0.016170 0.090726
v -0.002079 0.016148 0.090725
v -0.002731 0.016113 0.090723
v -0.003378 0.016063 0.090719
v -0.004019 0.015999 0.090715
v -0.004652 0.015922 0.090710
v -0.005276 0.015831 0.090703
v -0.005888 0.015726 0.090696
v -0.006489 0.015609 0.090688
v -0.007076 0.015478 0.090679
v -0.007647 0.015334 0.090669
v -0.008203 0.015178 0.090658
v -0.008740 0.015010 0.090647
v -0.009258 0.014830 0.090634
v -0.009757 0.014639 0.090620
v -0.010233 0.014437 0.090606
v -0.010686 0.014224 0.090590
v -0.011116 0.014002 0.090575
v -0.011520 0.013771 0.090558
v -0.011899 0.013531 0.090540
v -0.012251 0.013282 0.090523
v -0.012575 0.013026 0.090504
v -0.012871 0.012763 0.090486
v -0.013138 0.012494 0.090466
v -0.013374 0.012219 0.090446
v -0.013581 0.011939 0.090426
v -0.013756 0.011654 0.090405
v -0.013900 0.011366 0.090384
v -0.014013 0.011074 0.090363
v -0.014094 0.010780 0.090341
v -0.014142 0.010485 0.090320
v -0.014158 0.010188 0.090298
v -0.014142 0.009892 0.090276
v -0.014094 0.009596 0.090254
v -0.014014 0.009301 0.090232
v -0.013901 0.009008 0.090211
v -0.013758 0.008718 0.090189
v -0.013582 0.008432 0.090168
v -0.013376 0.008149 0.090147
v -0.013140 0.007871 0.090127
v -0.012874 0.007599 0.090106
v -0.012578 0.007333 0.090086
v -0.012254 0.007074 0.090067
v -0.011903 0.006822 0.090049
v -0.011524 0.006578 0.090030
v -0.011120 0.006343 0.090013
v -0.010690 0.006118 0.089996
v -0.010237 0.005902 0.089980
v -0.009761 0.005696 0.089965
v -0.009263 0.005501 0.089950
v -0.008745 0.005318 0.089936
v -0.008208 0.005146 0.089923
v -0.007653 0.004987 0.089911
v -0.007081 0.004840 0.089900
v -0.006494 0.004706 0.089890
v -0.005893 0.004585 0.089882
v -0.005280 0.004478 0.089874
v -0.004656 0.004385 0.089867
v -0.004022 0.004306 0.089861
v -0.003381 0.004241 0.089856
v -0.002734 0.004190 0.089852
v -0.002082 0.004154 0.089850
v -0.001426 0.004133 0.089848
v -0.000770 0.004125 0.089848
v -0.000770 0.003581 0.088717
v -0.000045 0.003589 0.088717
v 0.000677 0.003613 0.088719
v 0.001396 0.003653 0.088722
v 0.002109 0.003710 0.088726
v 0.002816 0.003782 0.088731
v 0.003514 0.003869 0.088738
v 0.004202 0.003972 0.088745
v 0.004878 0.004091 0.088754
v 0.005540 0.004224 0.088764
v 0.006187 0.004372 0.088775
v 0.006817 0.004533 0.088787
v 0.007429 0.004709 0.088800
v 0.008021 0.004898 0.088814
v 0.008591 0.005100 0.088829
v 0.009140 0.005315 0.088845
v 0.009664 0.005541 0.088862
v 0.010164 0.005779 0.088879
v 0.010637 0.006027 0.088898
v 0.011082 0.006286 0.088917
v 0.011499 0.006554 0.088937
v 0.011887 0.006832 0.088957
v 0.012243 0.007117 0.088978
v 0.012569 0.007410 0.089000
v 0.012862 0.007711 0.089022
v 0.013123 0.008017 0.089045
v 0.013350 0.008328 0.089068
v 0.013543 0.008644 0.089091
v 0.013701 0.008964 0.089115
v 0.013825 0.009287 0.089139
v 0.013913 0.009612 0.089163
v 0.013966 0.009938 0.089187
v 0.013984 0.010266 0.089211
v 0.013966 0.010593 0.089234
v 0.013912 0.010919 0.089259
v 0.013824 0.011243 0.089282
v 0.013699 0.011565 0.089306
v 0.013541 0.011884 0.089329
v 0.013347 0.012199 0.089352
v 0.013119 0.012508 0.089374
v 0.012858 0.012812 0.089396
v 0.012565 0.013110 0.089418
v 0.012239 0.013400 0.089439
v 0.011882 0.013682 0.089460
v 0.011494 0.013956 0.089479
v 0.011077 0.014221 0.089498
v 0.010631 0.014476 0.089516
v 0.010158 0.014720 0.089533
v 0.009659 0.014953 0.089550
v 0.009134 0.015174 0.089565
v 0.008586 0.015384 0.089580
v 0.008015 0.015581 0.089594
v 0.007424 0.015765 0.089607
v 0.006812 0.015936 0.089618
v 0.006182 0.016093 0.089629
v 0.005536 0.016235 0.089639
v 0.004875 0.016364 0.089648
v 0.004199 0.016478 0.089656
v 0.003512 0.016576 0.089662
v 0.002814 0.016661 0.089668
v 0.002109 0.016729 0.089672
v 0.001396 0.016782 0.089676
v 0.000678 0.016820 0.089679
v -0.000044 0.016843 0.089681
v -0.000768 0.016850 0.089681
v -0.001492 0.016841 0.089681
v -0.002213 0.016818 0.089679
v -0.002932 0.016779 0.089677
v -0.003645 0.016724 0.089673
v -0.004351 0.016655 0.089668
v -0.005049 0.016570 0.089663
v -0.005737 0.016470 0.089656
v -0.006412 0.016356 0.089649
v -0.007075 0.016227 0.089640
v -0.007722 0.016084 0.089630
v -0.008352 0.015927 0.089619
v -0.008965 0.015756 0.089607
v -0.009557 0.015572 0.089595
v -0.010128 0.015374 0.089581
v -0.010678 0.015164 0.089566
v -0.011203 0.014942 0.089551
v -0.011703 0.014709 0.089534
v -0.012176 0.014465 0.089517
v -0.012622 0.014211 0.089499
v -0.013040 0.013946 0.089480
v -0.013428 0.013674 0.089461
v -0.013786 0.013392 0.089440
v -0.014112 0.013103 0.089419
v -0.014405 0.012806 0.089398
v -0.014667 0.012503 0.089376
v -0.014894 0.012195 0.089354
v -0.015088 0.011882 0.089331
v -0.015247 0.011564 0.089308
v -0.015371 0.011243 0.089285
v -0.015460 0.010919 0.089261
v -0.015513 0.010594 0.089237
v -0.015531 0.010267 0.089213
v -0.015514 0.009941 0.089190
v -0.015461 0.009614 0.089165
v -0.015372 0.009289 0.089141
v -0.015248 0.008967 0.089118
v -0.015089 0.008647 0.089094
v -0.014896 0.008331 0.089070
v -0.014669 0.008019 0.089047
v -0.014408 0.007713 0.089025
v -0.014115 0.007413 0.089002
v -0.013789 0.007119 0.088980
v -0.013432 0.006833 0.088959
v -0.013044 0.006555 0.088938
v -0.012627 0.006287 0.088918
v -0.012181 0.006027 0.088899
v -0.011708 0.005778 0.088880
v -0.011208 0.005540 0.088862
v -0.010683 0.005313 0.088845
v -0.010135 0.005098 0.088829
v -0.009563 0.004896 0.088814
v -0.008971 0.004707 0.088800
v -0.008358 0.004530 0.088787
v -0.007728 0.004368 0.088775
v -0.007081 0.004221 0.088764
v -0.006418 0.004088 0.088754
v -0.005742 0.003970 0.088745
v -0.005054 0.003867 0.088738
v -0.004356 0.003780 0.088731
v -0.003649 0.003708 0.088726
v -0.002935 0.003652 0.088722
v -0.002216 0.003612 0.088719
v -0.001493 0.003588 0.088717
v -0.000770 0.003581 0.088717
v -0.000770 0.003059 0.087482
v 0.000020 0.003068 0.087482
v 0.000808 0.003094 0.087485
v 0.001592 0.003139 0.087488
v 0.002370 0.003200 0.087492
v 0.003141 0.003279 0.087498
v 0.003902 0.003375 0.087505
v 0.004652 0.003487 0.087514
v 0.005389 0.003616 0.087523
v 0.006111 0.003761 0.087534
v 0.006817 0.003922 0.087546
v 0.007504 0.004099 0.087559
v 0.008171 0.004291 0.087573
v 0.008817 0.004497 0.087589
v 0.009439 0.004717 0.087605
v 0.010037 0.004951 0.087622
v 0.010609 0.005198 0.087640
v 0.011154 0.005458 0.087660
v 0.011670 0.005729 0.087680
v 0.012156 0.006011 0.087701
v 0.012610 0.006304 0.087722
v 0.013033 0.006607 0.087745
v 0.013422 0.006918 0.087768
v 0.013777 0.007238 0.087791
v 0.014097 0.007565 0.087816
v 0.014381 0.007898 0.087840
v 0.014629 0.008238 0.087866
v 0.014839 0.008583 0.087891
v 0.015012 0.008931 0.087917
v 0.015147 0.009283 0.087942
v 0.015243 0.009638 0.087969
v 0.015301 0.009994 0.087995
v 0.015320 0.010350 0.088021
v 0.015300 0.010707 0.088047
v 0.015242 0.011062 0.088073
v 0.015145 0.011416 0.088099
v 0.015009 0.011767 0.088125
v 0.014836 0.012114 0.088150
v 0.014625 0.012457 0.088175
v 0.014377 0.012794 0.088199
v 0.014092 0.013125 0.088223
v 0.013771 0.013449 0.088246
v 0.013416 0.013765 0.088269
v 0.013027 0.014073 0.088291
v 0.012603 0.014371 0.088312
v 0.012149 0.014658 0.088333
v 0.011663 0.014935 0.088353
v 0.011147 0.015201 0.088371
v 0.010602 0.015454 0.088389
v 0.010030 0.015694 0.088405
v 0.009432 0.015922 0.088421
v 0.008810 0.016135 0.088436
v 0.008165 0.016335 0.088449
v 0.007498 0.016520 0.088462
v 0.006811 0.016689 0.088474
v 0.006106 0.016844 0.088484
v 0.005385 0.016983 0.088493
v 0.004648 0.017106 0.088501
v 0.003899 0.017213 0.088509
v 0.003139 0.017304 0.088515
v 0.002369 0.017378 0.088520
v 0.001592 0.017436 0.088523
v 0.000808 0.017477 0.088527
v 0.000022 0.017501 0.088528
v -0.000767 0.017509 0.088528
v -0.001556 0.017500 0.088528
v -0.002343 0.017474 0.088527
v -0.003127 0.017431 0.088524
v -0.003905 0.017373 0.088520
v -0.004675 0.017297 0.088516
v -0.005436 0.017205 0.088510
v -0.006186 0.017097 0.088502
v -0.006922 0.016974 0.088494
v -0.007645 0.016834 0.088485
v -0.008351 0.016679 0.088475
v -0.009038 0.016509 0.088463
v -0.009706 0.016324 0.088451
v -0.010352 0.016124 0.088437
v -0.010975 0.015910 0.088423
v -0.011574 0.015682 0.088407
v -0.012147 0.015442 0.088390
v -0.012692 0.015188 0.088372
v -0.013209 0.014923 0.088354
v -0.013696 0.014647 0.088334
v -0.014151 0.014360 0.088314
v -0.014574 0.014063 0.088293
v -0.014964 0.013757 0.088271
v -0.015320 0.013442 0.088248
v -0.015641 0.013119 0.088225
v -0.015926 0.012790 0.088202
v -0.016174 0.012454 0.088177
v -0.016385 0.012112 0.088153
v -0.016558 0.011767 0.088128
v -0.016694 0.011417 0.088102
v -0.016791 0.011065 0.088077
v -0.016849 0.010710 0.088051
v -0.016869 0.010354 0.088024
v -0.016850 0.009997 0.087998
v -0.016791 0.009642 0.087972
v -0.016695 0.009288 0.087946
v -0.016560 0.008936 0.087920
v -0.016387 0.008587 0.087894
v -0.016176 0.008242 0.087869
v -0.015928 0.007903 0.087843
v -0.015644 0.007568 0.087818
v -0.015324 0.007241 0.087794
v -0.014968 0.006921 0.087770
v -0.014579 0.006609 0.087747
v -0.014156 0.006306 0.087724
v -0.013701 0.006012 0.087703
v -0.013215 0.005729 0.087681
v -0.012699 0.005458 0.087661
v -0.012154 0.005197 0.087642
v -0.011581 0.004950 0.087623
v -0.010983 0.004715 0.087606
v -0.010360 0.004495 0.087589
v -0.009713 0.004288 0.087574
v -0.009046 0.004096 0.087559
v -0.008358 0.003919 0.087546
v -0.007652 0.003758 0.087534
v -0.006930 0.003613 0.087523
v -0.006193 0.003484 0.087513
v -0.005442 0.003371 0.087505
v -0.004680 0.003277 0.087498
v -0.003910 0.003198 0.087492
v -0.003131 0.003137 0.087488
v -0.002347 0.003093 0.087485
v -0.001559 0.003067 0.087482
v -0.000770 0.003059 0.087482
v -0.000770 0.002562 0.086147
v 0.000084 0.002572 0.086148
v 0.000935 0.002601 0.086150
v 0.001783 0.002648 0.086153
v 0.002624 0.002715 0.086158
v 0.003456 0.002800 0.086165
v 0.004279 0.002903 0.086173
v 0.005089 0.003026 0.086181
v 0.005885 0.003165 0.086192
v 0.006666 0.003322 0.086203
v 0.007428 0.003496 0.086217
v 0.008171 0.003688 0.086231
v 0.008892 0.003895 0.086246
v 0.009589 0.004118 0.086262
v 0.010262 0.004356 0.086280
v 0.010909 0.004609 0.086299
v 0.011527 0.004876 0.086319
v 0.012115 0.005156 0.086340
v 0.012673 0.005449 0.086362
v 0.013198 0.005755 0.086384
v 0.013689 0.006071 0.086407
v 0.014146 0.006398 0.086432
v 0.014567 0.006734 0.086456
v 0.014950 0.007080 0.086482
v 0.015296 0.007433 0.086509
v 0.015603 0.007794 0.086535
v 0.015870 0.008160 0.086562
v 0.016097 0.008533 0.086590
v 0.016284 0.008909 0.086618
v 0.016430 0.009290 0.086646
v 0.016534 0.009672 0.086674
v 0.016596 0.010057 0.086702
v 0.016617 0.010442 0.086730
v 0.016596 0.010827 0.086758
v 0.016532 0.011212 0.086787
v 0.016427 0.011593 0.086814
v 0.016281 0.011972 0.086842
v 0.016094 0.012347 0.086869
v 0.015865 0.012717 0.086896
v 0.015597 0.013081 0.086923
v 0.015289 0.013439 0.086948
v 0.014943 0.013788 0.086973
v 0.014559 0.014130 0.086998
v 0.014138 0.014461 0.087021
v 0.013681 0.014782 0.087044
v 0.013189 0.015092 0.087065
v 0.012664 0.015390 0.087086
v 0.012106 0.015675 0.087106
v 0.011518 0.015948 0.087125
v 0.010900 0.016207 0.087142
v 0.010254 0.016451 0.087159
v 0.009581 0.016680 0.087175
v 0.008883 0.016894 0.087189
v 0.008163 0.017092 0.087202
v 0.007421 0.017275 0.087214
v 0.006660 0.017440 0.087225
v 0.005880 0.017589 0.087235
v 0.005085 0.017720 0.087243
v 0.004275 0.017834 0.087251
v 0.003454 0.017931 0.087258
v 0.002622 0.018011 0.087263
v 0.001782 0.018073 0.087267
v 0.000936 0.018117 0.087270
v 0.000086 0.018143 0.087272
v -0.000766 0.018152 0.087272
v -0.001619 0.018142 0.087272
v -0.002469 0.018115 0.087270
v -0.003316 0.018069 0.087268
v -0.004156 0.018006 0.087264
v -0.004989 0.017925 0.087259
v -0.005811 0.017827 0.087253
v -0.006621 0.017711 0.087245
v -0.007418 0.017579 0.087237
v -0.008198 0.017429 0.087227
v -0.008961 0.017263 0.087216
v -0.009704 0.017080 0.087205
v -0.010425 0.016882 0.087191
v -0.011124 0.016668 0.087177
v -0.011798 0.016437 0.087161
v -0.012445 0.016193 0.087144
v -0.013064 0.015934 0.087127
v -0.013653 0.015662 0.087107
v -0.014212 0.015377 0.087088
v -0.014738 0.015079 0.087067
v -0.015230 0.014770 0.087045
v -0.015688 0.014450 0.087023
v -0.016109 0.014120 0.086999
v -0.016493 0.013781 0.086976
v -0.016840 0.013433 0.086951
v -0.017148 0.013078 0.086925
v -0.017416 0.012715 0.086899
v -0.017644 0.012347 0.086873
v -0.017832 0.011974 0.086846
v -0.017978 0.011596 0.086818
v -0.018083 0.011216 0.086791
v -0.018146 0.010832 0.086763
v -0.018167 0.010448 0.086734
v -0.018146 0.010063 0.086706
v -0.018084 0.009679 0.086678
v -0.017979 0.009296 0.086650
v -0.017833 0.008916 0.086622
v -0.017647 0.008539 0.086594
v -0.017419 0.008166 0.086566
v -0.017151 0.007799 0.086538
v -0.016844 0.007438 0.086512
v -0.016498 0.007084 0.086485
v -0.016114 0.006738 0.086459
v -0.015693 0.006401 0.086435
v -0.015236 0.006073 0.086410
v -0.014744 0.005756 0.086386
v -0.014219 0.005450 0.086364
v -0.013661 0.005156 0.086341
v -0.013072 0.004875 0.086320
v -0.012453 0.004607 0.086300
v -0.011807 0.004354 0.086281
v -0.011134 0.004115 0.086263
v -0.010435 0.003891 0.086246
v -0.009713 0.003684 0.086231
v -0.008970 0.003492 0.086217
v -0.008208 0.003318 0.086203
v -0.007427 0.003161 0.086191
v -0.006630 0.003022 0.086181
v -0.005819 0.002900 0.086172
v -0.004996 0.002797 0.086165
v -0.004163 0.002713 0.086158
v -0.003322 0.002647 0.086153
v -0.002474 0.002600 0.086150
v -0.001623 0.002572 0.086148
v -0.000770 0.002562 0.086147
v -0.000769 0.002092 0.084715
v 0.000146 0.002103 0.084716
v 0.001058 0.002133 0.084718
v 0.001967 0.002185 0.084722
v 0.002869 0.002256 0.084727
v 0.003761 0.002348 0.084734
v 0.004643 0.002459 0.084743
v 0.005512 0.002589 0.084752
v 0.006366 0.002740 0.084764
v 0.007202 0.002908 0.084776
v 0.008020 0.003095 0.084790
v 0.008816 0.003300 0.084805
v 0.009589 0.003522 0.084822
v 0.010337 0.003761 0.084840
v 0.011059 0.004017 0.084859
v 0.011752 0.004288 0.084878
v 0.012414 0.004574 0.084900
v 0.013046 0.004875 0.084922
v 0.013643 0.005189 0.084945
v 0.014206 0.005516 0.084970
v 0.014733 0.005855 0.084995
v 0.015223 0.006206 0.085021
v 0.015673 0.006566 0.085048
v 0.016085 0.006937 0.085075
v 0.016456 0.007316 0.085103
v 0.016785 0.007702 0.085132
v 0.017072 0.008096 0.085160
v 0.017316 0.008495 0.085190
v 0.017516 0.008898 0.085220
v 0.017672 0.009306 0.085250
v 0.017783 0.009716 0.085280
v 0.017850 0.010129 0.085311
v 0.017872 0.010542 0.085341
v 0.017849 0.010955 0.085371
v 0.017782 0.011366 0.085401
v 0.017669 0.011775 0.085431
v 0.017512 0.012181 0.085460
v 0.017311 0.012583 0.085489
v 0.017066 0.012980 0.085518
v 0.016778 0.013370 0.085546
v 0.016448 0.013752 0.085574
v 0.016077 0.014127 0.085600
v 0.015665 0.014492 0.085627
v 0.015213 0.014846 0.085651
v 0.014723 0.015189 0.085675
v 0.014196 0.015521 0.085699
v 0.013632 0.015839 0.085720
v 0.013034 0.016144 0.085741
v 0.012403 0.016435 0.085762
v 0.011741 0.016711 0.085780
v 0.011048 0.016971 0.085797
v 0.010327 0.017215 0.085814
v 0.009579 0.017443 0.085828
v 0.008807 0.017653 0.085842
v 0.008011 0.017846 0.085854
v 0.007194 0.018022 0.085866
v 0.006359 0.018180 0.085876
v 0.005506 0.018319 0.085885
v 0.004638 0.018441 0.085892
v 0.003758 0.018543 0.085899
v 0.002866 0.018627 0.085904
v 0.001966 0.018693 0.085909
v 0.001059 0.018740 0.085912
v 0.000147 0.018768 0.085914
v -0.000766 0.018777 0.085914
v -0.001680 0.018767 0.085914
v -0.002592 0.018739 0.085913
v -0.003499 0.018691 0.085911
v -0.004400 0.018624 0.085907
v -0.005292 0.018539 0.085901
v -0.006174 0.018434 0.085895
v -0.007043 0.018311 0.085888
v -0.007897 0.018170 0.085879
v -0.008733 0.018012 0.085869
v -0.009551 0.017835 0.085858
v -0.010348 0.017641 0.085845
v -0.011122 0.017429 0.085832
v -0.011871 0.017201 0.085816
v -0.012593 0.016956 0.085800
v -0.013287 0.016695 0.085782
v -0.013951 0.016419 0.085763
v -0.014583 0.016129 0.085744
v -0.015182 0.015825 0.085723
v -0.015746 0.015507 0.085701
v -0.016274 0.015177 0.085678
v -0.016764 0.014835 0.085654
v -0.017217 0.014482 0.085629
v -0.017629 0.014119 0.085604
v -0.018000 0.013747 0.085577
v -0.018331 0.013367 0.085550
v -0.018618 0.012979 0.085522
v -0.018863 0.012584 0.085494
v -0.019064 0.012185 0.085465
v -0.019221 0.011780 0.085436
v -0.019334 0.011372 0.085406
v -0.019401 0.010962 0.085376
v -0.019424 0.010550 0.085346
v -0.019402 0.010138 0.085316
v -0.019334 0.009726 0.085285
v -0.019223 0.009315 0.085255
v -0.019066 0.008907 0.085225
v -0.018866 0.008503 0.085195
v -0.018622 0.008104 0.085165
v -0.018334 0.007710 0.085136
v -0.018005 0.007323 0.085107
v -0.017634 0.006943 0.085079
v -0.017222 0.006572 0.085051
v -0.016771 0.006210 0.085024
v -0.016281 0.005859 0.084997
v -0.015754 0.005518 0.084972
v -0.015190 0.005190 0.084948
v -0.014592 0.004875 0.084924
v -0.013960 0.004573 0.084901
v -0.013297 0.004286 0.084879
v -0.012604 0.004014 0.084859
v -0.011882 0.003758 0.084840
v -0.011133 0.003517 0.084822
v -0.010359 0.003295 0.084805
v -0.009563 0.003090 0.084790
v -0.008745 0.002903 0.084775
v -0.007907 0.002734 0.084763
v -0.007053 0.002584 0.084752
v -0.006184 0.002454 0.084743
v -0.005301 0.002344 0.084734
v -0.004408 0.002253 0.084727
v -0.003506 0.002183 0.084722
v -0.002597 0.002132 0.084718
v -0.001684 0.002102 0.084716
v -0.000769 0.002092 0.084715
v -0.000769 0.001649 0.083189
v 0.000205 0.001661 0.083191
v 0.001177 0.001694 0.083193
v 0.002144 0.001748 0.083197
v 0.003105 0.001824 0.083202
v 0.004056 0.001922 0.083210
v 0.004995 0.002041 0.083219
v 0.005920 0.002180 0.083229
v 0.006829 0.002340 0.083241
v 0.007720 0.002520 0.083254
v 0.008590 0.002719 0.083269
v 0.009438 0.002937 0.083285
v 0.010262 0.003174 0.083303
v 0.011058 0.003429 0.083322
v 0.011827 0.003701 0.083342
v 0.012565 0.003989 0.083364
v 0.013271 0.004294 0.083387
v 0.013943 0.004614 0.083410
v 0.014579 0.004948 0.083435
v 0.015179 0.005297 0.083461
v 0.015740 0.005658 0.083488
v 0.016261 0.006031 0.083515
v 0.016741 0.006415 0.083544
v 0.017179 0.006810 0.083573
v 0.017574 0.007213 0.083603
v 0.017924 0.007625 0.083633
v 0.018230 0.008044 0.083664
v 0.018490 0.008468 0.083696
v 0.018703 0.008899 0.083728
v 0.018869 0.009333 0.083760
v 0.018988 0.009770 0.083792
v 0.019059 0.010209 0.083824
v 0.019083 0.010648 0.083856
v 0.019058 0.011087 0.083888
v 0.018986 0.011526 0.083920
v 0.018866 0.011961 0.083951
v 0.018699 0.012394 0.083983
v 0.018484 0.012821 0.084014
v 0.018223 0.013243 0.084044
v 0.017917 0.013658 0.084075
v 0.017566 0.014065 0.084103
v 0.017170 0.014463 0.084132
v 0.016731 0.014851 0.084159
v 0.016250 0.015228 0.084186
v 0.015728 0.015593 0.084211
v 0.015166 0.015944 0.084236
v 0.014566 0.016282 0.084259
v 0.013929 0.016605 0.084281
v 0.013257 0.016914 0.084302
v 0.012551 0.017205 0.084321
v 0.011813 0.017481 0.084339
v 0.011046 0.017739 0.084356
v 0.010249 0.017979 0.084371
v 0.009426 0.018201 0.084385
v 0.008579 0.018404 0.084398
v 0.007710 0.018589 0.084409
v 0.006820 0.018755 0.084420
v 0.005912 0.018902 0.084428
v 0.004989 0.019029 0.084436
v 0.004051 0.019137 0.084444
v 0.003102 0.019225 0.084449
v 0.002143 0.019294 0.084453
v 0.001177 0.019343 0.084456
v 0.000207 0.019373 0.084458
v -0.000765 0.019382 0.084459
v -0.001738 0.019372 0.084459
v -0.002709 0.019342 0.084458
v -0.003675 0.019293 0.084455
v -0.004634 0.019223 0.084451
v -0.005585 0.019134 0.084447
v -0.006524 0.019025 0.084440
v -0.007449 0.018896 0.084433
v -0.008358 0.018748 0.084423
v -0.009249 0.018581 0.084413
v -0.010120 0.018394 0.084402
v -0.010969 0.018189 0.084389
v -0.011793 0.017965 0.084374
v -0.012591 0.017724 0.084359
v -0.013360 0.017465 0.084342
v -0.014100 0.017188 0.084323
v -0.014806 0.016896 0.084304
v -0.015480 0.016589 0.084283
v -0.016118 0.016266 0.084261
v -0.016718 0.015930 0.084238
v -0.017281 0.015580 0.084214
v -0.017803 0.015217 0.084189
v -0.018285 0.014842 0.084162
v -0.018724 0.014456 0.084135
v -0.019120 0.014061 0.084108
v -0.019471 0.013657 0.084079
v -0.019778 0.013244 0.084049
v -0.020038 0.012824 0.084019
v -0.020252 0.012399 0.083989
v -0.020419 0.011969 0.083957
v -0.020539 0.011535 0.083926
v -0.020611 0.011098 0.083894
v -0.020636 0.010659 0.083862
v -0.020612 0.010220 0.083830
v -0.020540 0.009781 0.083798
v -0.020421 0.009345 0.083766
v -0.020255 0.008911 0.083733
v -0.020041 0.008480 0.083701
v -0.019781 0.008055 0.083670
v -0.019475 0.007635 0.083638
v -0.019124 0.007223 0.083608
v -0.018729 0.006818 0.083577
v -0.018291 0.006423 0.083548
v -0.017810 0.006037 0.083519
v -0.017288 0.005663 0.083491
v -0.016727 0.005300 0.083464
v -0.016127 0.004950 0.083437
v -0.015490 0.004614 0.083412
v -0.014817 0.004293 0.083388
v -0.014111 0.003987 0.083365
v -0.013372 0.003696 0.083343
v -0.012604 0.003424 0.083322
v -0.011806 0.003168 0.083303
v -0.010982 0.002930 0.083285
v -0.010134 0.002711 0.083269
v -0.009263 0.002512 0.083254
v -0.008371 0.002333 0.083240
v -0.007461 0.002173 0.083229
v -0.006535 0.002035 0.083218
v -0.005595 0.001917 0.083210
v -0.004644 0.001821 0.083202
v -0.003683 0.001746 0.083197
v -0.002716 0.001692 0.083193
v -0.001744 0.001660 0.083191
v -0.000769 0.001649 0.083189
v -0.000769 0.001236 0.081574
v 0.000262 0.001248 0.081575
v 0.001291 0.001283 0.081578
v 0.002315 0.001341 0.081582
v 0.003331 0.001422 0.081588
v 0.004338 0.001525 0.081596
v 0.005332 0.001651 0.081605
v 0.006312 0.001798 0.081616
v 0.007274 0.001968 0.081629
v 0.008217 0.002158 0.081643
v 0.009139 0.002369 0.081659
v 0.010036 0.002600 0.081676
v 0.010908 0.002850 0.081695
v 0.011751 0.003120 0.081715
v 0.012565 0.003408 0.081736
v 0.013346 0.003713 0.081759
v 0.014093 0.004036 0.081782
v 0.014804 0.004375 0.081808
v 0.015478 0.004729 0.081834
v 0.016112 0.005098 0.081862
v 0.016707 0.005480 0.081890
v 0.017258 0.005875 0.081919
v 0.017767 0.006282 0.081950
v 0.018231 0.006699 0.081981
v 0.018649 0.007126 0.082012
v 0.019019 0.007562 0.082044
v 0.019343 0.008006 0.082077
v 0.019618 0.008455 0.082110
v 0.019844 0.008910 0.082144
v 0.020019 0.009370 0.082178
v 0.020145 0.009833 0.082212
v 0.020221 0.010297 0.082246
v 0.020245 0.010762 0.082280
v 0.020219 0.011228 0.082314
v 0.020143 0.011691 0.082348
v 0.020016 0.012152 0.082381
v 0.019838 0.012609 0.082415
v 0.019611 0.013061 0.082447
v 0.019335 0.013508 0.082480
v 0.019011 0.013947 0.082511
v 0.018639 0.014378 0.082542
v 0.018220 0.014798 0.082572
v 0.017755 0.015209 0.082600
v 0.017246 0.015607 0.082628
v 0.016693 0.015991 0.082655
v 0.016098 0.016363 0.082681
v 0.015463 0.016719 0.082705
v 0.014789 0.017060 0.082727
v 0.014077 0.017384 0.082749
v 0.013330 0.017692 0.082769
v 0.012549 0.017981 0.082788
v 0.011736 0.018251 0.082805
v 0.010893 0.018503 0.082821
v 0.010022 0.018735 0.082835
v 0.009126 0.018948 0.082848
v 0.008205 0.019141 0.082860
v 0.007264 0.019314 0.082870
v 0.006302 0.019466 0.082879
v 0.005325 0.019599 0.082887
v 0.004333 0.019710 0.082893
v 0.003328 0.019802 0.082899
v 0.002313 0.019873 0.082903
v 0.001291 0.019924 0.082906
v 0.000265 0.019955 0.082908
v -0.000765 0.019965 0.082909
v -0.001795 0.019955 0.082909
v -0.002822 0.019924 0.082908
v -0.003844 0.019873 0.082906
v -0.004859 0.019801 0.082902
v -0.005865 0.019709 0.082898
v -0.006859 0.019596 0.082891
v -0.007838 0.019462 0.082883
v -0.008801 0.019307 0.082875
v -0.009744 0.019132 0.082865
v -0.010666 0.018938 0.082853
v -0.011565 0.018723 0.082839
v -0.012437 0.018489 0.082825
v -0.013282 0.018236 0.082809
v -0.014097 0.017964 0.082791
v -0.014879 0.017673 0.082772
v -0.015628 0.017366 0.082752
v -0.016341 0.017042 0.082730
v -0.017016 0.016702 0.082708
v -0.017652 0.016348 0.082683
v -0.018248 0.015978 0.082658
v -0.018801 0.015595 0.082632
v -0.019310 0.015199 0.082604
v -0.019775 0.014792 0.082576
v -0.020195 0.014374 0.082546
v -0.020567 0.013947 0.082516
v -0.020891 0.013511 0.082485
v -0.021167 0.013067 0.082454
v -0.021394 0.012617 0.082421
v -0.021571 0.012162 0.082388
v -0.021698 0.011703 0.082355
v -0.021774 0.011240 0.082321
v -0.021800 0.010777 0.082287
v -0.021775 0.010312 0.082253
v -0.021699 0.009847 0.082219
v -0.021573 0.009385 0.082185
v -0.021396 0.008925 0.082150
v -0.021170 0.008470 0.082117
v -0.020895 0.008019 0.082083
v -0.020571 0.007575 0.082050
v -0.020200 0.007138 0.082018
v -0.019781 0.006710 0.081986
v -0.019317 0.006291 0.081955
v -0.018808 0.005883 0.081924
v -0.018256 0.005486 0.081894
v -0.017662 0.005102 0.081865
v -0.017026 0.004731 0.081837
v -0.016352 0.004376 0.081810
v -0.015640 0.004035 0.081785
v -0.014893 0.003711 0.081760
v -0.014111 0.003403 0.081737
v -0.013297 0.003114 0.081715
v -0.012452 0.002843 0.081695
v -0.011580 0.002591 0.081676
v -0.010682 0.002360 0.081658
v -0.009760 0.002148 0.081642
v -0.008816 0.001958 0.081628
v -0.007853 0.001789 0.081615
v -0.006873 0.001643 0.081604
v -0.005878 0.001518 0.081595
v -0.004871 0.001417 0.081588
v -0.003854 0.001337 0.081581
v -0.002830 0.001280 0.081577
v -0.001801 0.001246 0.081575
v -0.000769 0.001236 0.081574
v -0.000769 0.000852 0.079873
v 0.000317 0.000864 0.079874
v 0.001400 0.000902 0.079877
v 0.002478 0.000963 0.079882
v 0.003549 0.001049 0.079888
v 0.004609 0.001158 0.079896
v 0.005655 0.001291 0.079906
v 0.006687 0.001446 0.079918
v 0.007700 0.001624 0.079931
v 0.008693 0.001824 0.079946
v 0.009663 0.002046 0.079962
v 0.010608 0.002289 0.079981
v 0.011525 0.002553 0.080000
v 0.012414 0.002837 0.080021
v 0.013270 0.003140 0.080044
v 0.014093 0.003462 0.080068
v 0.014879 0.003801 0.080093
v 0.015628 0.004158 0.080119
v 0.016338 0.004531 0.080147
v 0.017009 0.004919 0.080175
v 0.017638 0.005321 0.080203
v 0.018223 0.005737 0.080232
v 0.018763 0.006165 0.080262
v 0.019255 0.006604 0.080293
v 0.019699 0.007053 0.080324
v 0.020093 0.007512 0.080357
v 0.020437 0.007979 0.080390
v 0.020728 0.008452 0.080424
v 0.020967 0.008931 0.080459
v 0.021152 0.009415 0.080495
v 0.021285 0.009902 0.080531
v 0.021362 0.010392 0.080567
v 0.021386 0.010882 0.080604
v 0.021357 0.011372 0.080641
v 0.021272 0.011860 0.080678
v 0.021135 0.012345 0.080715
v 0.020944 0.012827 0.080751
v 0.020701 0.013303 0.080788
v 0.020407 0.013773 0.080823
v 0.020062 0.014235 0.080858
v 0.019667 0.014689 0.080891
v 0.019224 0.015132 0.080923
v 0.018734 0.015563 0.080953
v 0.018186 0.015964 0.080977
v 0.017617 0.015638 0.080433
v 0.016990 0.016776 0.081037
v 0.016320 0.017150 0.081062
v 0.015610 0.017507 0.081086
v 0.014861 0.017847 0.081109
v 0.014074 0.018168 0.081129
v 0.013252 0.018469 0.081148
v 0.012396 0.018751 0.081165
v 0.011508 0.019013 0.081181
v 0.010592 0.019255 0.081196
v 0.009648 0.019476 0.081209
v 0.008679 0.019676 0.081221
v 0.007688 0.019855 0.081231
v 0.006676 0.020013 0.081240
v 0.005646 0.020149 0.081247
v 0.004602 0.020264 0.081254
v 0.003544 0.020359 0.081259
v 0.002476 0.020432 0.081263
v 0.001400 0.020484 0.081266
v 0.000320 0.020515 0.081268
v -0.000764 0.020525 0.081270
v -0.001848 0.020514 0.081269
v -0.002929 0.020483 0.081268
v -0.004006 0.020430 0.081266
v -0.005075 0.020356 0.081263
v -0.006133 0.020260 0.081258
v -0.007179 0.020144 0.081252
v -0.008211 0.020005 0.081245
v -0.009224 0.019846 0.081236
v -0.010218 0.019664 0.081226
v -0.011188 0.019462 0.081214
v -0.012134 0.019240 0.081201
v -0.013054 0.018996 0.081186
v -0.013943 0.018733 0.081170
v -0.014801 0.018449 0.081152
v -0.015625 0.018146 0.081132
v -0.016414 0.017825 0.081111
v -0.017165 0.017487 0.081089
v -0.017876 0.017131 0.081066
v -0.018548 0.016760 0.081041
v -0.019177 0.016372 0.081015
v -0.019763 0.015970 0.080988
v -0.020303 0.015555 0.080960
v -0.020796 0.015127 0.080931
v -0.021240 0.014688 0.080901
v -0.021635 0.014238 0.080870
v -0.021979 0.013780 0.080837
v -0.022270 0.013313 0.080804
v -0.022510 0.012840 0.080770
v -0.022696 0.012361 0.080736
v -0.022829 0.011878 0.080701
v -0.022908 0.011391 0.080665
v -0.022933 0.010902 0.080629
v -0.022904 0.010413 0.080593
v -0.022822 0.009924 0.080556
v -0.022686 0.009437 0.080520
v -0.022498 0.008952 0.080484
v -0.022257 0.008473 0.080448
v -0.021964 0.007998 0.080411
v -0.021622 0.007530 0.080376
v -0.021229 0.007070 0.080341
v -0.020788 0.006618 0.080307
v -0.020299 0.006177 0.080274
v -0.019763 0.005747 0.080242
v -0.019182 0.005329 0.080210
v -0.018556 0.004925 0.080180
v -0.017887 0.004534 0.080150
v -0.017177 0.004159 0.080122
v -0.016427 0.003800 0.080095
v -0.015640 0.003458 0.080069
v -0.014817 0.003134 0.080045
v -0.013960 0.002829 0.080022
v -0.013071 0.002544 0.080000
v -0.012153 0.002279 0.079980
v -0.011207 0.002034 0.079961
v -0.010236 0.001812 0.079944
v -0.009242 0.001612 0.079929
v -0.008228 0.001434 0.079916
v -0.007196 0.001279 0.079905
v -0.006148 0.001148 0.079895
v -0.005088 0.001041 0.079887
v -0.004017 0.000958 0.079881
v -0.002939 0.000898 0.079876
v -0.001855 0.000863 0.079873
v -0.000769 0.000852 0.079873
v -0.000769 0.000499 0.078090
v 0.000369 0.000513 0.078091
v 0.001504 0.000552 0.078094
v 0.002634 0.000617 0.078099
v 0.003755 0.000707 0.078106
v 0.004866 0.000821 0.078115
v 0.005963 0.000960 0.078125
v 0.007043 0.001123 0.078137
v 0.008105 0.001309 0.078151
v 0.009145 0.001519 0.078167
v 0.010162 0.001752 0.078184
v 0.011152 0.002006 0.078203
v 0.012114 0.002283 0.078224
v 0.013045 0.002580 0.078245
v 0.013947 0.002897 0.078267
v 0.014817 0.003234 0.078289
v 0.015652 0.003589 0.078310
v 0.016450 0.003961 0.078332
v 0.017207 0.004351 0.078356
v 0.017921 0.004757 0.078380
v 0.018590 0.005178 0.078405
v 0.019212 0.005613 0.078432
v 0.019784 0.006061 0.078460
v 0.020307 0.006521 0.078490
v 0.020777 0.006992 0.078521
v 0.021194 0.007472 0.078553
v 0.021557 0.007961 0.078587
v 0.021864 0.008457 0.078622
v 0.022115 0.008959 0.078658
v 0.022310 0.009466 0.078695
v 0.022447 0.009976 0.078734
v 0.022527 0.010490 0.078772
v 0.022550 0.011003 0.078812
v 0.022515 0.011517 0.078852
v 0.022423 0.012029 0.078892
v 0.022274 0.012538 0.078934
v 0.022069 0.013043 0.078974
v 0.021807 0.013542 0.079015
v 0.021492 0.014035 0.079055
v 0.021121 0.014520 0.079095
v 0.020698 0.014994 0.079134
v 0.020224 0.015458 0.079172
v 0.019743 0.015950 0.079190
v 0.019124 0.098495 0.154688
v 0.018499 0.016810 0.079268
v 0.017844 0.017180 0.079307
v 0.017138 0.017571 0.079335
v 0.016393 0.017943 0.079360
v 0.015608 0.018296 0.079383
v 0.014783 0.018630 0.079404
v 0.013921 0.018944 0.079423
v 0.013024 0.019236 0.079441
v 0.012094 0.019508 0.079457
v 0.011134 0.019758 0.079472
v 0.010145 0.019987 0.079485
v 0.009129 0.020193 0.079496
v 0.008091 0.020377 0.079506
v 0.007031 0.020540 0.079515
v 0.005953 0.020680 0.079522
v 0.004858 0.020799 0.079529
v 0.003750 0.020895 0.079534
v 0.002631 0.020969 0.079538
v 0.001505 0.021022 0.079541
v 0.000372 0.021053 0.079543
v -0.000763 0.021063 0.079544
v -0.001898 0.021051 0.079544
v -0.003032 0.021018 0.079543
v -0.004159 0.020963 0.079541
v -0.005279 0.020887 0.079537
v -0.006388 0.020789 0.079533
v -0.007484 0.020670 0.079527
v -0.008564 0.020528 0.079520
v -0.009627 0.020363 0.079512
v -0.010668 0.020177 0.079502
v -0.011685 0.019968 0.079490
v -0.012676 0.019738 0.079477
v -0.013640 0.019486 0.079462
v -0.014574 0.019213 0.079445
v -0.015479 0.018920 0.079428
v -0.016351 0.018607 0.079410
v -0.017189 0.018274 0.079391
v -0.017988 0.017923 0.079370
v -0.018786 0.017534 0.079336
v -0.019482 0.017166 0.079330
v 0.056405 -0.052354 -0.061282
v -0.020746 0.016323 0.079277
v -0.021325 0.015911 0.079245
v -0.021847 0.015464 0.079216
v -0.022317 0.015004 0.079184
v -0.022734 0.014534 0.079153
v -0.023096 0.014054 0.079119
v -0.023403 0.013566 0.079085
v -0.023654 0.013070 0.079050
v -0.023849 0.012568 0.079014
v -0.023987 0.012061 0.078977
v -0.024068 0.011551 0.078939
v -0.024091 0.011039 0.078901
v -0.024058 0.010526 0.078863
v -0.023967 0.010013 0.078824
v -0.023820 0.009502 0.078785
v -0.023617 0.008994 0.078746
v -0.023358 0.008491 0.078707
v -0.023044 0.007994 0.078668
v -0.022676 0.007502 0.078630
v -0.022256 0.007020 0.078592
v -0.021784 0.006547 0.078555
v -0.021262 0.006083 0.078518
v -0.020691 0.005632 0.078482
v -0.020074 0.005194 0.078448
v -0.019413 0.004769 0.078414
v -0.018709 0.004360 0.078382
v -0.017962 0.003966 0.078352
v -0.017177 0.003590 0.078323
v -0.016351 0.003231 0.078296
v -0.015489 0.002892 0.078270
v -0.014591 0.002572 0.078246
v -0.013660 0.002272 0.078223
v -0.012697 0.001994 0.078202
v -0.011706 0.001737 0.078183
v -0.010689 0.001504 0.078165
v -0.009648 0.001294 0.078149
v -0.008585 0.001108 0.078135
v -0.007503 0.000946 0.078123
v -0.006405 0.000809 0.078113
v -0.005294 0.000696 0.078105
v -0.004172 0.000609 0.078098
v -0.003042 0.000547 0.078094
v -0.001907 0.000510 0.078091
v -0.000769 0.000499 0.078090
v -0.000769 0.000179 0.076230
v 0.000419 0.000194 0.076231
v 0.001603 0.000235 0.076234
v 0.002782 0.000303 0.076240
v 0.003951 0.000397 0.076247
v 0.005110 0.000516 0.076256
v 0.006254 0.000661 0.076267
v 0.007381 0.000831 0.076279
v 0.008489 0.001026 0.076294
v 0.009575 0.001244 0.076310
v 0.010637 0.001487 0.076327
v 0.011679 0.001752 0.076343
v 0.012697 0.002038 0.076358
v 0.013688 0.002347 0.076372
v 0.014648 0.002677 0.076387
v 0.015572 0.003027 0.076402
v 0.016459 0.003396 0.076418
v 0.017305 0.003784 0.076435
v 0.018107 0.004190 0.076454
v 0.018862 0.004612 0.076475
v 0.019570 0.005051 0.076497
v 0.020226 0.005504 0.076522
v 0.020831 0.005971 0.076548
v 0.021382 0.006450 0.076577
v 0.021878 0.006941 0.076607
v 0.022318 0.007443 0.076640
v 0.022700 0.007952 0.076674
v 0.023023 0.008470 0.076710
v 0.023287 0.008994 0.076747
v 0.023490 0.009523 0.076786
v 0.023633 0.010056 0.076826
v 0.023715 0.010591 0.076868
v 0.023735 0.011127 0.076910
v 0.023695 0.011663 0.076954
v 0.023594 0.012198 0.076998
v 0.023433 0.012729 0.077042
v 0.023211 0.013256 0.077087
v 0.022931 0.013777 0.077133
v 0.022593 0.014291 0.077177
v 0.022198 0.014797 0.077222
v 0.021748 0.015292 0.077267
v 0.021243 0.015777 0.077310
v 0.020675 0.016255 0.077326
v 0.020071 0.016683 0.077396
v 0.019417 0.017148 0.077434
v 0.018710 0.017573 0.077472
v 0.017959 0.017980 0.077508
v 0.017165 0.018367 0.077540
v 0.016331 0.018734 0.077570
v 0.015460 0.019080 0.077596
v 0.014555 0.019405 0.077618
v 0.013619 0.019707 0.077636
v 0.012648 0.019987 0.077653
v 0.011646 0.020245 0.077667
v 0.010615 0.020479 0.077680
v 0.009556 0.020691 0.077691
v 0.008472 0.020880 0.077701
v 0.007367 0.021046 0.077709
v 0.006242 0.021190 0.077717
v 0.005101 0.021310 0.077723
v 0.003945 0.021409 0.077728
v 0.002778 0.021485 0.077731
v 0.001603 0.021538 0.077734
v 0.000422 0.021570 0.077736
v -0.000762 0.021580 0.077737
v -0.001946 0.021567 0.077737
v -0.003128 0.021533 0.077736
v -0.004304 0.021477 0.077734
v -0.005472 0.021399 0.077731
v -0.006629 0.021299 0.077727
v -0.007772 0.021176 0.077722
v -0.008900 0.021031 0.077715
v -0.010007 0.020863 0.077707
v -0.011094 0.020671 0.077697
v -0.012161 0.020457 0.077686
v -0.013209 0.020221 0.077676
v -0.014232 0.019963 0.077664
v -0.015227 0.019682 0.077650
v -0.016190 0.019381 0.077637
v -0.017117 0.019059 0.077621
v -0.018005 0.018716 0.077604
v -0.018852 0.018354 0.077585
v 0.072151 -0.026656 0.054046
v -0.031863 0.321901 0.350571
v 0.106591 0.194925 0.289459
v 0.094619 0.020701 -0.019662
v -0.022377 0.016266 0.077463
v -0.022926 0.015800 0.077433
v -0.023420 0.015322 0.077402
v -0.023857 0.014833 0.077369
v -0.024237 0.014332 0.077335
v -0.024558 0.013823 0.077299
v -0.024820 0.013306 0.077263
v -0.025023 0.012782 0.077225
v -0.025165 0.012253 0.077186
v -0.025247 0.011721 0.077146
v -0.025269 0.011186 0.077106
v -0.025230 0.010651 0.077065
v -0.025132 0.010116 0.077025
v -0.024973 0.009582 0.076983
v -0.024756 0.009052 0.076942
v -0.024479 0.008527 0.076900
v -0.024145 0.008007 0.076859
v -0.023754 0.007494 0.076817
v -0.023306 0.006990 0.076776
v -0.022805 0.006495 0.076736
v -0.022249 0.006012 0.076696
v -0.021643 0.005540 0.076657
v -0.020986 0.005083 0.076619
v -0.020282 0.004639 0.076582
v -0.019533 0.004210 0.076546
v -0.018740 0.003799 0.076512
v -0.017906 0.003406 0.076479
v -0.017035 0.003031 0.076448
v -0.016129 0.002676 0.076419
v -0.015189 0.002341 0.076393
v -0.014217 0.002029 0.076369
v -0.013213 0.001738 0.076347
v -0.012179 0.001471 0.076326
v -0.011118 0.001227 0.076308
v -0.010032 0.001007 0.076291
v -0.008923 0.000813 0.076277
v -0.007794 0.000644 0.076264
v -0.006649 0.000501 0.076253
v -0.005490 0.000383 0.076244
v -0.004319 0.000293 0.076239
v -0.003140 0.000228 0.076233
v -0.001956 0.000190 0.076231
v -0.000769 0.000179 0.076230
v -0.000768 -0.000108 0.074297
v 0.000465 -0.000092 0.074298
v 0.001696 -0.000049 0.074302
v 0.002920 0.000022 0.074308
v 0.004136 0.000120 0.074315
v 0.005340 0.000244 0.074324
v 0.006529 0.000394 0.074335
v 0.007700 0.000571 0.074349
v 0.008858 0.000772 0.074361
v 0.010003 0.000998 0.074370
v 0.011131 0.001248 0.074378
v 0.012237 0.001521 0.074384
v 0.013316 0.001818 0.074390
v 0.014366 0.002138 0.074396
v 0.015380 0.002479 0.074404
v 0.016357 0.002841 0.074412
v 0.017293 0.003223 0.074422
v 0.018187 0.003626 0.074435
v 0.019036 0.004047 0.074449
v 0.019837 0.004485 0.074466
v 0.020587 0.004940 0.074485
v 0.021284 0.005410 0.074507
v 0.021925 0.005895 0.074532
v 0.022508 0.006393 0.074559
v 0.023032 0.006903 0.074589
v 0.023495 0.007423 0.074621
v 0.023897 0.007953 0.074655
v 0.024236 0.008491 0.074692
v 0.024512 0.009036 0.074731
v 0.024724 0.009585 0.074772
v 0.024871 0.010139 0.074814
v 0.024954 0.010695 0.074858
v 0.024972 0.011252 0.074904
v 0.024925 0.011809 0.074950
v 0.024814 0.012365 0.074997
v 0.024639 0.012917 0.075046
v 0.024401 0.013465 0.075095
v 0.024100 0.014006 0.075145
v 0.023737 0.014541 0.075195
v 0.023314 0.015067 0.075246
v 0.022832 0.015582 0.075295
v 0.022291 0.016086 0.075345
v 0.021720 0.016578 0.075393
v 0.021046 0.017052 0.075442
v 0.020345 0.017511 0.075489
v 0.019595 0.017953 0.075534
v 0.018799 0.018375 0.075577
v 0.017958 0.018777 0.075617
v 0.017074 0.019157 0.075655
v 0.016151 0.019515 0.075689
v 0.015191 0.019851 0.075720
v 0.014199 0.020163 0.075747
v 0.013177 0.020452 0.075769
v 0.012130 0.020716 0.075786
v 0.011058 0.020957 0.075799
v 0.009957 0.021173 0.075810
v 0.008832 0.021365 0.075820
v 0.007683 0.021534 0.075828
v 0.006515 0.021680 0.075835
v 0.005329 0.021802 0.075840
v 0.004129 0.021902 0.075845
v 0.002917 0.021979 0.075849
v 0.001696 0.022033 0.075852
v 0.000470 0.022065 0.075854
v -0.056302 0.024074 0.003112
v 0.079128 0.041761 0.146992
v -0.003218 0.022028 0.075854
v -0.004440 0.021971 0.075852
v -0.005653 0.021891 0.075849
v -0.006856 0.021789 0.075845
v -0.008044 0.021664 0.075840
v -0.009219 0.021516 0.075834
v -0.010385 0.021346 0.075829
v -0.011537 0.021152 0.075824
v -0.012672 0.020934 0.075818
v -0.013784 0.020693 0.075810
v -0.014869 0.020429 0.075802
v -0.015922 0.020142 0.075793
v -0.016940 0.019834 0.075781
v -0.017919 0.019504 0.075768
v -0.018857 0.019152 0.075754
v -0.019745 0.018767 0.075715
v 0.104953 0.211817 0.285945
v -0.021358 0.017964 0.075673
v -0.064823 0.017663 0.084188
v -0.022817 0.017087 0.075646
v -0.023450 0.016619 0.075618
v -0.024024 0.016137 0.075588
v -0.024540 0.015641 0.075556
v -0.024996 0.015133 0.075522
v -0.025392 0.014613 0.075486
v -0.025725 0.014084 0.075450
v -0.025997 0.013546 0.075411
v -0.026206 0.013002 0.075372
v -0.026352 0.012453 0.075331
v -0.026435 0.011899 0.075290
v -0.026455 0.011343 0.075247
v -0.026411 0.010786 0.075205
v -0.026304 0.010229 0.075161
v -0.026135 0.009675 0.075118
v -0.025904 0.009124 0.075074
v -0.025611 0.008577 0.075030
v -0.025257 0.008036 0.074986
v -0.024844 0.007503 0.074942
v -0.024371 0.006979 0.074898
v -0.023841 0.006465 0.074855
v -0.023255 0.005962 0.074812
v -0.022614 0.005471 0.074770
v -0.021920 0.004995 0.074728
v -0.021175 0.004533 0.074688
v -0.020382 0.004088 0.074649
v -0.019543 0.003659 0.074611
v -0.018660 0.003250 0.074574
v -0.017737 0.002860 0.074539
v -0.016776 0.002490 0.074506
v -0.015781 0.002141 0.074474
v -0.014756 0.001815 0.074446
v -0.013704 0.001512 0.074420
v -0.012626 0.001234 0.074397
v -0.011522 0.000980 0.074378
v -0.010393 0.000752 0.074361
v -0.009241 0.000550 0.074346
v -0.008069 0.000374 0.074332
v -0.006879 0.000225 0.074321
v -0.005674 0.000104 0.074312
v -0.004458 0.000010 0.074305
v -0.003233 -0.000057 0.074301
v -0.002002 -0.000096 0.074298
v -0.000768 -0.000108 0.074297
v -0.000768 -0.000360 0.072296
v 0.000509 -0.000343 0.072298
v 0.001783 -0.000298 0.072302
v 0.003050 -0.000225 0.072307
v 0.004309 -0.000124 0.072315
v 0.005555 0.000005 0.072325
v 0.006794 0.000160 0.072333
v 0.008029 0.000341 0.072336
v 0.009255 0.000547 0.072337
v 0.010466 0.000779 0.072335
v 0.011658 0.001036 0.072333
v 0.012825 0.001317 0.072329
v 0.013963 0.001623 0.072327
v 0.015070 0.001952 0.072325
v 0.016144 0.002304 0.072325
v 0.017180 0.002677 0.072327
v 0.018175 0.003072 0.072331
v 0.019124 0.003488 0.072338
v 0.020023 0.003923 0.072347
v 0.020871 0.004376 0.072361
v 0.021662 0.004846 0.072377
v 0.022397 0.005333 0.072396
v 0.023071 0.005835 0.072419
v 0.023684 0.006350 0.072445
v 0.024234 0.006878 0.072475
v 0.024719 0.007417 0.072507
v 0.025139 0.007965 0.072542
v 0.025493 0.008522 0.072580
v 0.025780 0.009086 0.072620
v 0.025999 0.009655 0.072663
v 0.026150 0.010228 0.072707
v 0.026233 0.010804 0.072754
v 0.026248 0.011381 0.072802
v 0.026195 0.011957 0.072851
v 0.026075 0.012532 0.072902
v 0.025886 0.013104 0.072954
v 0.025632 0.013671 0.073008
v 0.025311 0.014232 0.073062
v 0.024925 0.014786 0.073117
v 0.024475 0.015330 0.073172
v 0.023962 0.015865 0.073227
v 0.023388 0.016387 0.073283
v 0.022755 0.016895 0.073338
v 0.022064 0.017389 0.073393
v 0.021318 0.017864 0.073447
v 0.020519 0.018322 0.073499
v 0.019670 0.018759 0.073550
v 0.018775 0.019174 0.073599
v 0.017837 0.019568 0.073645
v 0.016860 0.019938 0.073688
v 0.015847 0.020284 0.073728
v 0.014800 0.020605 0.073763
v 0.013720 0.020902 0.073795
v 0.012613 0.021173 0.073822
v 0.011483 0.021419 0.073843
v 0.010334 0.021640 0.073858
v 0.009168 0.021835 0.073868
v 0.007980 0.022006 0.073876
v 0.006770 0.022152 0.073882
v 0.005543 0.022275 0.073888
v 0.004301 0.022375 0.073892
v 0.003047 0.022451 0.073895
v 0.001793 0.022507 0.073915
v 0.011060 0.022735 -0.033091
v -0.052705 0.320343 0.351193
v -0.055207 0.024662 0.017745
v -0.003302 0.022499 0.073900
v -0.004567 0.022442 0.073898
v -0.005823 0.022362 0.073896
v -0.007073 0.022259 0.073894
v -0.008323 0.022134 0.073893
v -0.009568 0.021986 0.073892
v -0.010804 0.021815 0.073892
v -0.012024 0.021620 0.073891
v -0.013223 0.021400 0.073890
v -0.014397 0.021155 0.073886
v -0.015540 0.020887 0.073882
v -0.016650 0.020594 0.073875
v -0.017720 0.020280 0.073867
v -0.018748 0.019942 0.073857
v -0.019731 0.019581 0.073844
v -0.020666 0.019213 0.073854
v -0.021536 0.018793 0.073815
v -0.022395 0.018370 0.073799
v -0.023097 0.017927 0.073769
v -0.023862 0.017462 0.073707
v -0.024530 0.016971 0.073712
v -0.025127 0.016472 0.073682
v -0.025663 0.015959 0.073649
v -0.026136 0.015432 0.073614
v -0.026546 0.014895 0.073577
v -0.026891 0.014347 0.073539
v -0.027171 0.013790 0.073499
v -0.027386 0.013227 0.073458
v -0.027535 0.012657 0.073416
v -0.027618 0.012084 0.073372
v -0.027636 0.011508 0.073328
v -0.027587 0.010930 0.073283
v -0.027473 0.010354 0.073238
v -0.027294 0.009779 0.073192
v -0.027050 0.009208 0.073146
v -0.026742 0.008641 0.073099
v -0.026369 0.008082 0.073053
v -0.025935 0.007529 0.073007
v -0.025439 0.006987 0.072960
v -0.024882 0.006454 0.072914
v -0.024266 0.005933 0.072868
v -0.023593 0.005425 0.072823
v -0.022864 0.004931 0.072779
v -0.022081 0.004453 0.072736
v -0.021247 0.003991 0.072692
v -0.020364 0.003547 0.072651
v -0.019434 0.003122 0.072610
v -0.018461 0.002717 0.072571
v -0.017448 0.002334 0.072534
v -0.016398 0.001972 0.072499
v -0.015315 0.001634 0.072465
v -0.014203 0.001319 0.072435
v -0.013066 0.001030 0.072407
v -0.011910 0.000767 0.072383
v -0.010733 0.000529 0.072362
v -0.009540 0.000320 0.072346
v -0.008326 0.000138 0.072332
v -0.007094 -0.000016 0.072321
v -0.005847 -0.000142 0.072312
v -0.004588 -0.000239 0.072305
v -0.003319 -0.000308 0.072300
v -0.002045 -0.000349 0.072297
v -0.000768 -0.000360 0.072296
v -0.000768 -0.000577 0.070233
v 0.000549 -0.000559 0.070235
v 0.001864 -0.000513 0.070239
v 0.003171 -0.000437 0.070245
v 0.004474 -0.000333 0.070251
v 0.005781 -0.000202 0.070251
v 0.007088 -0.000044 0.070246
v 0.008390 0.000141 0.070239
v 0.009681 0.000351 0.070228
v 0.010955 0.000588 0.070215
v 0.012208 0.000852 0.070202
v 0.013441 0.001140 0.070189
v 0.014648 0.001454 0.070177
v 0.015823 0.001792 0.070167
v 0.016961 0.002153 0.070159
v 0.018058 0.002537 0.070153
v 0.019109 0.002943 0.070151
v 0.020109 0.003371 0.070153
v 0.021057 0.003819 0.070158
v 0.021947 0.004286 0.070168
v 0.022778 0.004771 0.070181
v 0.023547 0.005273 0.070199
v 0.024252 0.005791 0.070220
v 0.024892 0.006322 0.070246
v 0.025465 0.006867 0.070275
v 0.025970 0.007423 0.070308
v 0.026406 0.007989 0.070344
v 0.026773 0.008564 0.070382
v 0.027069 0.009146 0.070424
v 0.027294 0.009733 0.070469
v 0.027449 0.010324 0.070515
v 0.027532 0.010919 0.070564
v 0.027544 0.011514 0.070615
v 0.027485 0.012109 0.070668
v 0.027355 0.012702 0.070722
v 0.027155 0.013291 0.070778
v 0.026885 0.013876 0.070834
v 0.026546 0.014455 0.070893
v 0.026138 0.015026 0.070951
v 0.025663 0.015588 0.071011
v 0.025122 0.016140 0.071072
v 0.024516 0.016680 0.071134
v 0.023847 0.017206 0.071195
v 0.023117 0.017715 0.071256
v 0.022328 0.018208 0.071317
v 0.021484 0.018680 0.071376
v 0.020585 0.019132 0.071435
v 0.019637 0.019562 0.071492
v 0.018642 0.019967 0.071547
v 0.017604 0.020349 0.071599
v 0.016528 0.020704 0.071648
v 0.015418 0.021034 0.071693
v 0.014279 0.021338 0.071734
v 0.013115 0.021615 0.071770
v 0.011926 0.021866 0.071802
v 0.010717 0.022090 0.071827
v 0.009491 0.022288 0.071846
v 0.008255 0.022460 0.071858
v 0.007008 0.022607 0.071865
v 0.005742 0.022729 0.071869
v 0.004500 0.022830 0.071867
v 0.003159 0.022911 0.071878
v -0.018708 0.050743 0.131559
v 0.099492 0.222708 0.276594
v 0.106118 0.028094 0.060838
v -0.002070 0.022983 0.071881
v -0.003368 0.022933 0.071872
v -0.004911 0.023001 0.071903
v -0.005999 0.022797 0.071920
v -0.007320 0.022706 0.071848
v -0.008644 0.022586 0.071890
v -0.009957 0.022439 0.071895
v -0.011259 0.022269 0.071899
v -0.012544 0.022074 0.071903
v -0.013804 0.021853 0.071906
v -0.015037 0.021607 0.071906
v -0.016237 0.021336 0.071906
v -0.017398 0.021039 0.071903
v -0.018518 0.020719 0.071897
v -0.019592 0.020374 0.071889
v -0.020618 0.020005 0.071878
v -0.021591 0.019612 0.071864
v -0.022511 0.019195 0.071847
v -0.023374 0.018756 0.071827
v -0.024178 0.018296 0.071804
v -0.024922 0.017817 0.071778
v -0.025604 0.017319 0.071749
v -0.026222 0.016804 0.071718
v -0.026775 0.016275 0.071684
v -0.027264 0.015732 0.071648
v -0.027686 0.015176 0.071610
v -0.028041 0.014611 0.071571
v -0.028329 0.014036 0.071530
v -0.028548 0.013453 0.071487
v -0.028700 0.012865 0.071442
v -0.028783 0.012273 0.071397
v -0.028798 0.011678 0.071351
v -0.028745 0.011082 0.071304
v -0.028624 0.010486 0.071256
v -0.028435 0.009893 0.071208
v -0.028180 0.009303 0.071160
v -0.027857 0.008719 0.071111
v -0.027468 0.008142 0.071063
v -0.027014 0.007572 0.071014
v -0.026496 0.007011 0.070965
v -0.025914 0.006461 0.070917
v -0.025272 0.005924 0.070869
v -0.024568 0.005400 0.070821
v -0.023807 0.004890 0.070773
v -0.022989 0.004396 0.070727
v -0.022116 0.003920 0.070681
v -0.021192 0.003461 0.070636
v -0.020219 0.003023 0.070592
v -0.019199 0.002604 0.070549
v -0.018136 0.002208 0.070508
v -0.017034 0.001834 0.070469
v -0.015896 0.001484 0.070431
v -0.014727 0.001159 0.070397
v -0.013531 0.000860 0.070364
v -0.012311 0.000587 0.070335
v -0.011075 0.000342 0.070309
v -0.009827 0.000125 0.070288
v -0.008566 -0.000064 0.070270
v -0.007294 -0.000223 0.070258
v -0.006008 -0.000353 0.070249
v -0.004709 -0.000454 0.070241
v -0.003401 -0.000524 0.070236
v -0.002086 -0.000565 0.070234
v -0.000768 -0.000577 0.070233
v -0.000768 -0.000758 0.068111
v 0.000587 -0.000740 0.068113
v 0.001938 -0.000692 0.068117
v 0.003294 -0.000615 0.068118
v 0.004662 -0.000510 0.068111
v 0.006035 -0.000378 0.068099
v 0.007408 -0.000217 0.068082
v 0.008773 -0.000030 0.068062
v 0.010127 0.000185 0.068040
v 0.011471 0.000427 0.068016
v 0.012799 0.000696 0.067992
v 0.014105 0.000990 0.067969
v 0.015380 0.001310 0.067947
v 0.016621 0.001656 0.067928
v 0.017820 0.002025 0.067912
v 0.018973 0.002420 0.067900
v 0.020076 0.002837 0.067892
v 0.021124 0.003276 0.067889
v 0.022115 0.003736 0.067891
v 0.023045 0.004216 0.067898
v 0.023911 0.004715 0.067909
v 0.024712 0.005231 0.067925
v 0.025445 0.005764 0.067945
v 0.026109 0.006310 0.067970
v 0.026703 0.006871 0.067999
v 0.027225 0.007443 0.068032
v 0.027676 0.008025 0.068069
v 0.028054 0.008616 0.068109
v 0.028358 0.009215 0.068153
v 0.028588 0.009819 0.068199
v 0.028745 0.010427 0.068248
v 0.028828 0.011039 0.068299
v 0.028837 0.011651 0.068353
v 0.028772 0.012263 0.068408
v 0.028634 0.012873 0.068466
v 0.028423 0.013480 0.068524
v 0.028139 0.014081 0.068585
v 0.027783 0.014677 0.068647
v 0.027355 0.015264 0.068710
v 0.026857 0.015842 0.068774
v 0.026290 0.016409 0.068839
v 0.025655 0.016965 0.068906
v 0.024954 0.017506 0.068972
v 0.024188 0.018032 0.069040
v 0.023360 0.018540 0.069107
v 0.022472 0.019028 0.069174
v 0.021527 0.019494 0.069240
v 0.020528 0.019938 0.069305
v 0.019480 0.020357 0.069368
v 0.018385 0.020749 0.069429
v 0.017247 0.021115 0.069487
v 0.016074 0.021453 0.069542
v 0.014868 0.021763 0.069593
v 0.013636 0.022045 0.069640
v 0.012384 0.022299 0.069682
v 0.011116 0.022526 0.069717
v 0.009832 0.022726 0.069747
v 0.008535 0.022898 0.069769
v 0.007231 0.023045 0.069784
v 0.005943 0.023150 0.069792
v 0.004608 0.070430 0.111506
v 0.003279 0.023308 0.069868
v 0.092788 0.011890 -0.028304
v -0.067486 0.023794 0.087543
v -0.000760 0.023411 0.069787
v -0.002097 0.023419 0.069795
v -0.003492 0.023392 0.069785
v -0.006677 0.088038 0.115242
v -0.085757 0.069039 0.089015
v -0.007612 0.023144 0.069842
v -0.008980 0.023033 0.069843
v 0.059837 0.054792 0.120023
v -0.011713 0.022704 0.069826
v -0.013086 0.022511 0.069861
v -0.014405 0.022290 0.069868
v -0.015693 0.022043 0.069873
v -0.016944 0.021771 0.069875
v -0.018154 0.021474 0.069876
v -0.019320 0.021149 0.069873
v -0.020436 0.020798 0.069867
v -0.021501 0.020421 0.069858
v -0.022511 0.020019 0.069845
v -0.023463 0.019592 0.069829
v -0.024356 0.019141 0.069809
v -0.025186 0.018667 0.069786
v -0.025954 0.018174 0.069760
v -0.026657 0.017662 0.069731
v -0.027294 0.017132 0.069698
v -0.027864 0.016587 0.069664
v -0.028365 0.016028 0.069627
v -0.028798 0.015456 0.069587
v -0.029162 0.014873 0.069546
v -0.029456 0.014281 0.069503
v -0.029680 0.013680 0.069458
v -0.029833 0.013075 0.069412
v -0.029916 0.012465 0.069365
v -0.029929 0.011852 0.069317
v -0.029871 0.011239 0.069268
v -0.029743 0.010626 0.069219
v -0.029546 0.010015 0.069168
v -0.029279 0.009409 0.069118
v -0.028943 0.008808 0.069068
v -0.028538 0.008213 0.069016
v -0.028067 0.007627 0.068966
v -0.027529 0.007051 0.068915
v -0.026925 0.006486 0.068864
v -0.026258 0.005933 0.068814
v -0.025527 0.005394 0.068764
v -0.024736 0.004870 0.068714
v -0.023885 0.004362 0.068664
v -0.022978 0.003873 0.068616
v -0.022015 0.003401 0.068568
v -0.021001 0.002950 0.068521
v -0.019938 0.002519 0.068474
v -0.018829 0.002111 0.068430
v -0.017678 0.001726 0.068386
v -0.016489 0.001366 0.068345
v -0.015266 0.001031 0.068306
v -0.014013 0.000722 0.068270
v -0.012735 0.000441 0.068236
v -0.011438 0.000188 0.068205
v -0.010127 -0.000036 0.068179
v -0.008808 -0.000231 0.068156
v -0.007484 -0.000395 0.068138
v -0.006156 -0.000529 0.068126
v -0.004820 -0.000632 0.068119
v -0.003475 -0.000705 0.068114
v -0.002123 -0.000747 0.068111
v -0.000768 -0.000758 0.068111
v -0.000768 -0.000905 0.065936
v 0.000621 -0.000886 0.065938
v 0.002023 -0.000837 0.065935
v 0.003443 -0.000760 0.065923
v 0.004874 -0.000655 0.065904
v 0.006310 -0.000521 0.065879
v 0.007744 -0.000359 0.065850
v 0.009178 -0.000169 0.065817
v 0.010609 0.000049 0.065783
v 0.012028 0.000294 0.065748
v 0.013428 0.000566 0.065713
v 0.014801 0.000866 0.065680
v 0.016141 0.001193 0.065649
v 0.017442 0.001545 0.065622
v 0.018697 0.001924 0.065599
v 0.019902 0.002327 0.065582
v 0.021053 0.002755 0.065569
v 0.022145 0.003204 0.065561
v 0.023175 0.003676 0.065559
v 0.024140 0.004168 0.065563
v 0.025039 0.004680 0.065572
v 0.025867 0.005209 0.065586
v 0.026625 0.005755 0.065606
v 0.027311 0.006315 0.065631
v 0.027923 0.006890 0.065660
v 0.028460 0.007476 0.065694
v 0.028923 0.008073 0.065731
v 0.029310 0.008679 0.065773
v 0.029621 0.009293 0.065818
v 0.029856 0.009913 0.065866
v 0.030015 0.010538 0.065917
v 0.030097 0.011164 0.065971
v 0.030104 0.011793 0.066027
v 0.030034 0.012421 0.066086
v 0.029887 0.013047 0.066146
v 0.029666 0.013669 0.066208
v 0.029369 0.014286 0.066271
v 0.028998 0.014897 0.066337
v 0.028553 0.015499 0.066404
v 0.028035 0.016092 0.066472
v 0.027444 0.016673 0.066542
v 0.026783 0.017243 0.066612
v 0.026053 0.017798 0.066684
v 0.025255 0.018338 0.066757
v 0.024391 0.018861 0.066830
v 0.023463 0.019364 0.066904
v 0.022476 0.019845 0.066977
v 0.021431 0.020302 0.067050
v 0.020332 0.020735 0.067122
v 0.019183 0.021140 0.067191
v 0.017989 0.021516 0.067258
v 0.016756 0.021862 0.067323
v 0.015487 0.022177 0.067383
v 0.014188 0.022463 0.067440
v 0.012867 0.022719 0.067491
v 0.011529 0.022947 0.067538
v 0.010163 0.023125 0.067613
v 0.008828 0.023318 0.067611
v 0.007467 0.023464 0.067636
v 0.006119 0.023617 0.067657
v 0.004746 0.023679 0.067631
v 0.003381 0.023751 0.067663
v 0.001995 0.023796 0.067684
v 0.000638 0.023833 0.067680
v -0.000754 0.023834 0.067666
v -0.002182 0.023807 0.067660
v -0.003569 0.023780 0.067693
v -0.005007 0.023774 0.067713
v -0.006452 0.023652 0.067694
v 0.081919 0.024469 0.113684
v -0.049773 0.337144 0.341212
v -0.051656 0.024728 0.070851
v -0.012236 0.023130 0.067759
v -0.013638 0.022934 0.067771
v -0.015012 0.022713 0.067781
v -0.016350 0.022467 0.067790
v -0.017649 0.022194 0.067796
v -0.018905 0.021895 0.067799
v -0.020111 0.021567 0.067799
v -0.021267 0.021211 0.067795
v -0.022367 0.020827 0.067787
v -0.023409 0.020415 0.067775
v -0.024391 0.019977 0.067759
v -0.025310 0.019515 0.067740
v -0.026165 0.019030 0.067717
v -0.026954 0.018523 0.067690
v -0.027675 0.017997 0.067659
v -0.028328 0.017453 0.067627
v -0.028912 0.016892 0.067590
v -0.029425 0.016318 0.067552
v -0.029867 0.015729 0.067511
v -0.030238 0.015131 0.067469
v -0.030537 0.014522 0.067424
v -0.030764 0.013906 0.067377
v -0.030919 0.013284 0.067329
v -0.031002 0.012657 0.067280
v -0.031012 0.012028 0.067231
v -0.030950 0.011399 0.067180
v -0.030816 0.010770 0.067129
v -0.030610 0.010144 0.067077
v -0.030333 0.009522 0.067025
v -0.029986 0.008906 0.066972
v -0.029568 0.008296 0.066920
v -0.029080 0.007696 0.066867
v -0.028524 0.007105 0.066814
v -0.027900 0.006526 0.066761
v -0.027210 0.005959 0.066709
v -0.026455 0.005407 0.066656
v -0.025636 0.004870 0.066604
v -0.024756 0.004350 0.066553
v -0.023817 0.003848 0.066501
v -0.022820 0.003365 0.066450
v -0.021769 0.002902 0.066401
v -0.020665 0.002461 0.066352
v -0.019514 0.002042 0.066304
v -0.018318 0.001648 0.066257
v -0.017081 0.001278 0.066212
v -0.015808 0.000934 0.066168
v -0.014502 0.000617 0.066128
v -0.013170 0.000328 0.066090
v -0.011817 0.000068 0.066055
v -0.010447 -0.000162 0.066024
v -0.009068 -0.000362 0.065996
v -0.007685 -0.000531 0.065974
v -0.006303 -0.000669 0.065956
v -0.004923 -0.000775 0.065945
v -0.003543 -0.000850 0.065939
v -0.002158 -0.000893 0.065936
v -0.000768 -0.000905 0.065936
v -0.000769 -0.001017 0.063712
v 0.000668 -0.000998 0.063706
v 0.002130 -0.000951 0.063690
v 0.003610 -0.000874 0.063666
v 0.005100 -0.000768 0.063635
v 0.006597 -0.000634 0.063597
v 0.008104 -0.000470 0.063556
v 0.009614 -0.000279 0.063511
v 0.011118 -0.000059 0.063465
v 0.012607 0.000189 0.063418
v 0.014073 0.000466 0.063374
v 0.015510 0.000771 0.063331
v 0.016909 0.001103 0.063293
v 0.018265 0.001463 0.063258
v 0.019571 0.001850 0.063229
v 0.020823 0.002261 0.063206
v 0.022017 0.002697 0.063188
v 0.023147 0.003157 0.063177
v 0.024213 0.003639 0.063172
v 0.025210 0.004142 0.063173
v 0.026135 0.004664 0.063180
v 0.026989 0.005205 0.063194
v 0.027768 0.005762 0.063212
v 0.028472 0.006336 0.063237
v 0.029099 0.006923 0.063267
v 0.029650 0.007523 0.063301
v 0.030123 0.008133 0.063340
v 0.030518 0.008753 0.063383
v 0.030835 0.009381 0.063429
v 0.031073 0.010015 0.063480
v 0.031233 0.010654 0.063532
v 0.031315 0.011295 0.063589
v 0.031319 0.011939 0.063647
v 0.031244 0.012581 0.063708
v 0.031091 0.013221 0.063771
v 0.030861 0.013858 0.063836
v 0.030553 0.014490 0.063903
v 0.030169 0.015115 0.063972
v 0.029708 0.015731 0.064042
v 0.029172 0.016337 0.064114
v 0.028561 0.016932 0.064188
v 0.027877 0.017514 0.064262
v 0.027120 0.018083 0.064339
v 0.026293 0.018636 0.064416
v 0.025397 0.019171 0.064495
v 0.024435 0.019687 0.064574
v 0.023409 0.020182 0.064655
v 0.022322 0.020653 0.064735
v 0.021178 0.021099 0.064814
v 0.019981 0.021517 0.064892
v 0.018735 0.021904 0.064969
v 0.017445 0.022259 0.065042
v 0.016118 0.022580 0.065112
v 0.014758 0.022869 0.065178
v 0.013372 0.023127 0.065240
v 0.011967 0.023355 0.065296
v 0.010551 0.023554 0.065347
v 0.009130 0.023724 0.065390
v 0.007712 0.023868 0.065426
v 0.006294 0.023987 0.065453
v 0.004879 0.024081 0.065471
v 0.003474 0.024151 0.065479
v 0.002071 0.024198 0.065480
v 0.000661 0.024224 0.065481
v -0.000770 0.024230 0.065485
v -0.002232 0.024217 0.065495
v -0.003718 0.024184 0.065507
v -0.005220 0.024132 0.065523
v -0.006732 0.024060 0.065541
v -0.008229 0.024045 0.065565
v 0.071808 0.082370 0.130505
v -0.011254 0.023671 0.065613
v -0.012734 0.023540 0.065617
v -0.014188 0.023345 0.065633
v -0.015610 0.023125 0.065647
v -0.016996 0.022878 0.065660
v -0.018338 0.022605 0.065669
v -0.019634 0.022303 0.065674
v -0.020879 0.021972 0.065676
v -0.022068 0.021610 0.065674
v -0.023200 0.021218 0.065666
v -0.024271 0.020797 0.065655
v -0.025279 0.020350 0.065640
v -0.026222 0.019876 0.065620
v -0.027098 0.019380 0.065596
v -0.027905 0.018861 0.065569
v -0.028642 0.018322 0.065538
v -0.029309 0.017764 0.065503
v -0.029904 0.017188 0.065466
v -0.030428 0.016599 0.065426
v -0.030878 0.015996 0.065384
v -0.031255 0.015382 0.065339
v -0.031558 0.014759 0.065293
v -0.031788 0.014128 0.065245
v -0.031944 0.013492 0.065196
v -0.032026 0.012851 0.065145
v -0.032034 0.012208 0.065094
v -0.031968 0.011564 0.065042
v -0.031829 0.010922 0.064989
v -0.031616 0.010282 0.064936
v -0.031330 0.009646 0.064882
v -0.030971 0.009015 0.064828
v -0.030541 0.008392 0.064774
v -0.030039 0.007779 0.064719
v -0.029467 0.007175 0.064664
v -0.028825 0.006582 0.064610
v -0.028115 0.006003 0.064555
v -0.027338 0.005439 0.064501
v -0.026495 0.004890 0.064447
v -0.025588 0.004358 0.064393
v -0.024620 0.003845 0.064339
v -0.023592 0.003352 0.064286
v -0.022507 0.002879 0.064233
v -0.021368 0.002429 0.064182
v -0.020178 0.002001 0.064130
v -0.018941 0.001598 0.064080
v -0.017661 0.001220 0.064032
v -0.016341 0.000868 0.063986
v -0.014988 0.000544 0.063941
v -0.013606 0.000249 0.063899
v -0.012200 -0.000018 0.063860
v -0.010776 -0.000253 0.063825
v -0.009341 -0.000459 0.063793
v -0.007901 -0.000632 0.063765
v -0.006461 -0.000774 0.063743
v -0.005030 -0.000883 0.063727
v -0.003606 -0.000960 0.063716
v -0.002188 -0.001005 0.063712
v -0.000769 -0.001017 0.063712
v -0.000756 -0.001095 0.061439
v 0.000736 -0.001078 0.061422
v 0.002253 -0.001032 0.061394
v 0.003787 -0.000956 0.061357
v 0.005336 -0.000850 0.061314
v 0.006905 -0.000715 0.061265
v 0.008483 -0.000551 0.061211
v 0.010063 -0.000358 0.061154
v 0.011634 -0.000136 0.061097
v 0.013187 0.000115 0.061041
v 0.014714 0.000396 0.060987
v 0.016208 0.000705 0.060936
v 0.017660 0.001043 0.060890
v 0.019065 0.001410 0.060849
v 0.020417 0.001802 0.060815
v 0.021710 0.002222 0.060786
v 0.022942 0.002666 0.060764
v 0.024107 0.003134 0.060750
v 0.025202 0.003625 0.060741
v 0.026227 0.004137 0.060740
v 0.027176 0.004669 0.060746
v 0.028051 0.005219 0.060759
v 0.028848 0.005788 0.060777
v 0.029568 0.006372 0.060802
v 0.030208 0.006970 0.060831
v 0.030769 0.007581 0.060867
v 0.031251 0.008204 0.060907
v 0.031652 0.008836 0.060951
v 0.031974 0.009476 0.060999
v 0.032215 0.010123 0.061051
v 0.032376 0.010775 0.061106
v 0.032457 0.011430 0.061164
v 0.032458 0.012086 0.061225
v 0.032379 0.012742 0.061288
v 0.032220 0.013396 0.061354
v 0.031983 0.014046 0.061422
v 0.031666 0.014691 0.061492
v 0.031270 0.015329 0.061564
v 0.030796 0.015958 0.061637
v 0.030244 0.016577 0.061712
v 0.029616 0.017185 0.061789
v 0.028911 0.017780 0.061868
v 0.028133 0.018359 0.061948
v 0.027281 0.018924 0.062030
v 0.026357 0.019470 0.062113
v 0.025364 0.019998 0.062198
v 0.024305 0.020504 0.062284
v 0.023181 0.020987 0.062371
v 0.021997 0.021447 0.062458
v 0.020755 0.021878 0.062544
v 0.019463 0.022277 0.062628
v 0.018123 0.022641 0.062711
v 0.016742 0.022970 0.062790
v 0.015326 0.023264 0.062865
v 0.013881 0.023525 0.062936
v 0.012415 0.023754 0.063003
v 0.010935 0.023951 0.063063
v 0.009448 0.024119 0.063117
v 0.007964 0.024260 0.063163
v 0.006490 0.024376 0.063201
v 0.005024 0.024468 0.063229
v 0.003568 0.024537 0.063247
v 0.002127 0.024583 0.063253
v 0.000675 0.024608 0.063257
v -0.000814 0.024613 0.063266
v -0.002333 0.024601 0.063280
v -0.003878 0.024569 0.063298
v -0.005438 0.024520 0.063318
v -0.007007 0.024450 0.063341
v -0.008576 0.024360 0.063365
v -0.010140 0.024245 0.063389
v -0.011690 0.024105 0.063412
v -0.013219 0.023938 0.063433
v -0.014720 0.023745 0.063453
v -0.016187 0.023525 0.063471
v -0.017614 0.023278 0.063485
v -0.018996 0.023002 0.063497
v -0.020327 0.022697 0.063505
v -0.021606 0.022361 0.063508
v -0.022826 0.021993 0.063506
v -0.023986 0.021593 0.063500
v -0.025082 0.021163 0.063489
v -0.026113 0.020706 0.063473
v -0.027076 0.020222 0.063453
v -0.027969 0.019715 0.063429
v -0.028792 0.019184 0.063400
v -0.029544 0.018632 0.063368
v -0.030223 0.018061 0.063332
v -0.030828 0.017473 0.063294
v -0.031359 0.016871 0.063252
v -0.031816 0.016255 0.063209
v -0.032198 0.015629 0.063163
v -0.032505 0.014993 0.063115
v -0.032737 0.014349 0.063066
v -0.032893 0.013700 0.063016
v -0.032974 0.013047 0.062964
v -0.032980 0.012391 0.062911
v -0.032911 0.011735 0.062858
v -0.032767 0.011079 0.062804
v -0.032547 0.010427 0.062749
v -0.032253 0.009779 0.062693
v -0.031886 0.009136 0.062638
v -0.031444 0.008501 0.062582
v -0.030930 0.007875 0.062526
v -0.030344 0.007259 0.062470
v -0.029687 0.006656 0.062414
v -0.028959 0.006066 0.062357
v -0.028162 0.005490 0.062301
v -0.027298 0.004931 0.062245
v -0.026368 0.004389 0.062189
v -0.025374 0.003866 0.062133
v -0.024319 0.003363 0.062078
v -0.023204 0.002882 0.062023
v -0.022033 0.002422 0.061969
v -0.020809 0.001987 0.061915
v -0.019535 0.001575 0.061862
v -0.018215 0.001190 0.061811
v -0.016855 0.000832 0.061761
v -0.015458 0.000502 0.061713
v -0.014030 0.000201 0.061668
v -0.012576 -0.000071 0.061625
v -0.011103 -0.000312 0.061585
v -0.009617 -0.000521 0.061550
v -0.008124 -0.000698 0.061518
v -0.006632 -0.000844 0.061491
v -0.005147 -0.000956 0.061470
v -0.003676 -0.001035 0.061455
v -0.002218 -0.001081 0.061446
v -0.000756 -0.001095 0.061439
v -0.000726 -0.001141 0.059121
v 0.000815 -0.001126 0.059091
v 0.002381 -0.001081 0.059053
v 0.003969 -0.001005 0.059005
v 0.005586 -0.000900 0.058950
v 0.007221 -0.000765 0.058889
v 0.008864 -0.000600 0.058824
v 0.010507 -0.000406 0.058757
v 0.012137 -0.000182 0.058690
v 0.013748 0.000072 0.058625
v 0.015329 0.000356 0.058563
v 0.016873 0.000670 0.058505
v 0.018372 0.001013 0.058452
v 0.019820 0.001384 0.058405
v 0.021211 0.001783 0.058364
v 0.022541 0.002209 0.058331
v 0.023805 0.002659 0.058306
v 0.024999 0.003134 0.058288
v 0.026121 0.003633 0.058278
v 0.027168 0.004153 0.058276
v 0.028138 0.004693 0.058281
v 0.029030 0.005253 0.058292
v 0.029842 0.005830 0.058310
v 0.030574 0.006424 0.058335
v 0.031225 0.007032 0.058365
v 0.031795 0.007654 0.058401
v 0.032284 0.008287 0.058442
v 0.032691 0.008929 0.058488
v 0.033016 0.009581 0.058537
v 0.033259 0.010239 0.058591
v 0.033421 0.010902 0.058647
v 0.033501 0.011568 0.058707
v 0.033499 0.012235 0.058771
v 0.033417 0.012903 0.058836
v 0.033254 0.013569 0.058904
v 0.033009 0.014231 0.058974
v 0.032684 0.014888 0.059047
v 0.032279 0.015538 0.059121
v 0.031794 0.016180 0.059198
v 0.031229 0.016810 0.059276
v 0.030587 0.017429 0.059356
v 0.029866 0.018035 0.059438
v 0.029068 0.018626 0.059522
v 0.028195 0.019200 0.059608
v 0.027247 0.019758 0.059696
v 0.026229 0.020296 0.059785
v 0.025140 0.020812 0.059876
v 0.023984 0.021306 0.059969
v 0.022765 0.021776 0.060061
v 0.021486 0.022220 0.060155
v 0.020153 0.022631 0.060247
v 0.018769 0.023006 0.060338
v 0.017340 0.023343 0.060426
v 0.015874 0.023645 0.060511
v 0.014376 0.023910 0.060591
v 0.012855 0.024138 0.060666
v 0.011317 0.024334 0.060736
v 0.009771 0.024500 0.060799
v 0.008226 0.024639 0.060856
v 0.006690 0.024752 0.060903
v 0.005171 0.024842 0.060941
v 0.003669 0.024911 0.060969
v 0.002175 0.024956 0.060987
v 0.000666 0.024981 0.060998
v -0.000876 0.024986 0.061012
v -0.002449 0.024973 0.061030
v -0.004046 0.024943 0.061052
v -0.005658 0.024895 0.061076
v -0.007278 0.024827 0.061103
v -0.008898 0.024738 0.061130
v -0.010510 0.024626 0.061158
v -0.012106 0.024488 0.061184
v -0.013679 0.024323 0.061209
v -0.015222 0.024131 0.061232
v -0.016728 0.023912 0.061253
v -0.018192 0.023663 0.061270
v -0.019608 0.023384 0.061283
v -0.020971 0.023074 0.061292
v -0.022278 0.022732 0.061296
v -0.023525 0.022357 0.061295
v -0.024709 0.021950 0.061288
v -0.025826 0.021511 0.061277
v -0.026876 0.021043 0.061261
v -0.027857 0.020550 0.061240
v -0.028765 0.020030 0.061215
v -0.029602 0.019488 0.061185
v -0.030365 0.018926 0.061152
v -0.031054 0.018344 0.061116
v -0.031667 0.017747 0.061076
v -0.032206 0.017134 0.061034
v -0.032668 0.016507 0.060989
v -0.033054 0.015870 0.060943
v -0.033364 0.015222 0.060894
v -0.033597 0.014568 0.060844
v -0.033754 0.013907 0.060792
v -0.033834 0.013243 0.060739
v -0.033838 0.012576 0.060685
v -0.033766 0.011909 0.060630
v -0.033617 0.011243 0.060575
v -0.033391 0.010579 0.060519
v -0.033091 0.009920 0.060463
v -0.032715 0.009267 0.060405
v -0.032264 0.008621 0.060349
v -0.031740 0.007985 0.060291
v -0.031141 0.007359 0.060233
v -0.030470 0.006746 0.060175
v -0.029728 0.006146 0.060118
v -0.028914 0.005561 0.060060
v -0.028032 0.004992 0.060002
v -0.027082 0.004442 0.059944
v -0.026066 0.003910 0.059887
v -0.024986 0.003399 0.059829
v -0.023846 0.002909 0.059772
v -0.022646 0.002442 0.059715
v -0.021392 0.001999 0.059660
v -0.020085 0.001581 0.059604
v -0.018732 0.001190 0.059551
v -0.017334 0.000826 0.059497
v -0.015899 0.000490 0.059447
v -0.014431 0.000184 0.059398
v -0.012935 -0.000092 0.059352
v -0.011418 -0.000337 0.059308
v -0.009886 -0.000551 0.059269
v -0.008347 -0.000731 0.059234
v -0.006806 -0.000879 0.059203
v -0.005273 -0.000994 0.059177
v -0.003753 -0.001076 0.059158
v -0.002248 -0.001124 0.059142
v -0.000726 -0.001141 0.059121
v -0.000692 -0.001152 0.056768
v 0.000899 -0.001139 0.056727
v 0.002510 -0.001095 0.056678
v 0.004158 -0.001020 0.056619
v 0.005834 -0.000915 0.056553
v 0.007528 -0.000781 0.056482
v 0.009229 -0.000617 0.056407
v 0.010926 -0.000422 0.056331
v 0.012609 -0.000196 0.056256
v 0.014269 0.000061 0.056183
v 0.015897 0.000348 0.056113
v 0.017484 0.000665 0.056049
v 0.019023 0.001013 0.055990
v 0.020507 0.001389 0.055939
v 0.021932 0.001792 0.055894
v 0.023292 0.002223 0.055858
v 0.024583 0.002680 0.055829
v 0.025801 0.003161 0.055809
v 0.026944 0.003666 0.055797
v 0.028011 0.004193 0.055793
v 0.028997 0.004741 0.055797
v 0.029903 0.005308 0.055807
v 0.030728 0.005893 0.055826
v 0.031470 0.006494 0.055850
v 0.032130 0.007111 0.055881
v 0.032707 0.007741 0.055918
v 0.033201 0.008383 0.055960
v 0.033612 0.009035 0.056007
v 0.033940 0.009696 0.056058
v 0.034185 0.010363 0.056113
v 0.034347 0.011036 0.056171
v 0.034426 0.011711 0.056232
v 0.034423 0.012389 0.056297
v 0.034337 0.013067 0.056364
v 0.034170 0.013742 0.056434
v 0.033920 0.014414 0.056506
v 0.033588 0.015081 0.056581
v 0.033175 0.015741 0.056658
v 0.032681 0.016392 0.056736
v 0.032106 0.017034 0.056817
v 0.031451 0.017664 0.056900
v 0.030717 0.018279 0.056986
v 0.029904 0.018880 0.057073
v 0.029013 0.019465 0.057162
v 0.028047 0.020032 0.057254
v 0.027006 0.020579 0.057347
v 0.025893 0.021105 0.057443
v 0.024711 0.021609 0.057540
v 0.023463 0.022089 0.057639
v 0.022152 0.022541 0.057738
v 0.020783 0.022963 0.057837
v 0.019361 0.023349 0.057935
v 0.017892 0.023696 0.058031
v 0.016383 0.024057 0.058114
v 0.014839 0.024275 0.058213
v 0.013269 0.024506 0.058298
v 0.011681 0.024703 0.058376
v 0.010083 0.024868 0.058448
v 0.008484 0.025006 0.058514
v 0.006893 0.025118 0.058571
v 0.005319 0.025207 0.058619
v 0.003769 0.025273 0.058655
v 0.002214 0.025318 0.058685
v 0.000640 0.025341 0.058709
v -0.000949 0.025345 0.058727
v -0.002569 0.025332 0.058749
v -0.004212 0.025302 0.058774
v -0.005870 0.025253 0.058802
v -0.007535 0.025187 0.058832
v -0.009199 0.025099 0.058863
v -0.010852 0.024989 0.058893
v -0.012489 0.024854 0.058922
v -0.014101 0.024690 0.058950
v -0.015679 0.024499 0.058975
v -0.017214 0.024241 0.058992
v -0.018743 0.024002 0.059029
v -0.020160 0.023747 0.059031
v -0.021550 0.023432 0.059040
v -0.022881 0.023083 0.059045
v -0.024150 0.022700 0.059044
v -0.025354 0.022284 0.059037
v -0.026490 0.021836 0.059025
v -0.027556 0.021359 0.059009
v -0.028551 0.020855 0.058987
v -0.029473 0.020327 0.058961
v -0.030321 0.019775 0.058931
v -0.031093 0.019204 0.058897
v -0.031790 0.018615 0.058860
v -0.032410 0.018008 0.058819
v -0.032954 0.017386 0.058776
v -0.033421 0.016750 0.058731
v -0.033810 0.016104 0.058683
v -0.034122 0.015447 0.058633
v -0.034357 0.014783 0.058582
v -0.034513 0.014113 0.058529
v -0.034593 0.013439 0.058475
v -0.034595 0.012763 0.058420
v -0.034519 0.012086 0.058364
v -0.034366 0.011410 0.058308
v -0.034137 0.010738 0.058251
v -0.033830 0.010069 0.058193
v -0.033448 0.009407 0.058135
v -0.032989 0.008753 0.058077
v -0.032455 0.008108 0.058018
v -0.031847 0.007473 0.057960
v -0.031164 0.006852 0.057901
v -0.030409 0.006244 0.057842
v -0.029581 0.005650 0.057783
v -0.028683 0.005074 0.057724
v -0.027716 0.004516 0.057664
v -0.026681 0.003977 0.057605
v -0.025582 0.003459 0.057546
v -0.024419 0.002963 0.057487
v -0.023196 0.002489 0.057428
v -0.021915 0.002040 0.057370
v -0.020581 0.001617 0.057313
v -0.019198 0.001220 0.057256
v -0.017769 0.000850 0.057201
v -0.016301 0.000510 0.057148
v -0.014797 0.000199 0.057096
v -0.013264 -0.000082 0.057046
v -0.011709 -0.000330 0.057000
v -0.010138 -0.000547 0.056958
v -0.008558 -0.000731 0.056919
v -0.006976 -0.000882 0.056884
v -0.005400 -0.000998 0.056856
v -0.003836 -0.001082 0.056832
v -0.002270 -0.001132 0.056804
v -0.000692 -0.001152 0.056768
v -0.000659 -0.001127 0.054389
v 0.000978 -0.001116 0.054336
v 0.002640 -0.001074 0.054277
v 0.004340 -0.001001 0.054209
v 0.006067 -0.000897 0.054134
v 0.007811 -0.000763 0.054054
v 0.009561 -0.000599 0.053971
v 0.011304 -0.000403 0.053888
v 0.013031 -0.000175 0.053805
v 0.014732 0.000084 0.053725
v 0.016398 0.000374 0.053650
v 0.018021 0.000695 0.053580
v 0.019593 0.001045 0.053516
v 0.021107 0.001424 0.053460
v 0.022559 0.001832 0.053412
v 0.023944 0.002268 0.053373
v 0.025256 0.002729 0.053342
v 0.026494 0.003215 0.053320
v 0.027654 0.003725 0.053306
v 0.028735 0.004257 0.053301
v 0.029735 0.004811 0.053304
v 0.030652 0.005384 0.053314
v 0.031487 0.005975 0.053332
v 0.032237 0.006584 0.053358
v 0.032904 0.007207 0.053389
v 0.033486 0.007844 0.053426
v 0.033984 0.008493 0.053469
v 0.034398 0.009152 0.053516
v 0.034728 0.009821 0.053569
v 0.034974 0.010496 0.053625
v 0.035137 0.011177 0.053684
v 0.035215 0.011861 0.053748
v 0.035210 0.012546 0.053814
v 0.035122 0.013233 0.053883
v 0.034952 0.013917 0.053954
v 0.034698 0.014597 0.054028
v 0.034361 0.015273 0.054104
v 0.033942 0.015941 0.054182
v 0.033440 0.016601 0.054263
v 0.032857 0.017251 0.054346
v 0.032192 0.017888 0.054431
v 0.031447 0.018512 0.054519
v 0.030622 0.019122 0.054609
v 0.029718 0.019715 0.054701
v 0.028736 0.020290 0.054796
v 0.027678 0.020846 0.054893
v 0.026546 0.021382 0.054992
v 0.025343 0.021894 0.055094
v 0.024070 0.022383 0.055197
v 0.022734 0.022844 0.055302
v 0.021336 0.023273 0.055407
v 0.019856 0.023660 0.055522
v 0.035128 0.123680 0.154601
v 0.127844 0.085338 0.023761
v 0.015253 0.024618 0.055811
v 0.013642 0.024855 0.055903
v 0.012011 0.025056 0.055990
v 0.010369 0.025223 0.056071
v 0.008724 0.025361 0.056145
v 0.007086 0.025471 0.056210
v 0.005464 0.025558 0.056266
v 0.003859 0.025622 0.056313
v 0.002245 0.025665 0.056354
v 0.000613 0.025688 0.056389
v -0.001025 0.025691 0.056414
v -0.002684 0.025676 0.056439
v -0.004367 0.025645 0.056467
v -0.006064 0.025596 0.056498
v -0.007767 0.025529 0.056531
v -0.009468 0.025443 0.056563
v -0.011157 0.025334 0.056596
v -0.012827 0.025198 0.056628
v -0.014471 0.025036 0.056657
v -0.016095 0.024829 0.056666
v -0.017650 0.032237 0.064614
v -0.019169 0.024380 0.056712
v -0.020641 0.024097 0.056744
v -0.022051 0.023763 0.056752
v -0.023402 0.023408 0.056756
v -0.024690 0.023018 0.056755
v -0.025910 0.022594 0.056748
v -0.027061 0.022137 0.056735
v -0.028141 0.021652 0.056718
v -0.029147 0.021140 0.056695
v -0.030078 0.020604 0.056669
v -0.030935 0.020046 0.056638
v -0.031715 0.019468 0.056604
v -0.032419 0.018870 0.056566
v -0.033044 0.018256 0.056525
v -0.033592 0.017627 0.056481
v -0.034062 0.016984 0.056435
v -0.034454 0.016329 0.056386
v -0.034768 0.015665 0.056336
v -0.035003 0.014994 0.056284
v -0.035159 0.014316 0.056230
v -0.035238 0.013634 0.056175
v -0.035238 0.012950 0.056119
v -0.035160 0.012265 0.056063
v -0.035004 0.011582 0.056005
v -0.034771 0.010902 0.055947
v -0.034460 0.010226 0.055889
v -0.034072 0.009556 0.055830
v -0.033607 0.008895 0.055771
v -0.033066 0.008242 0.055711
v -0.032449 0.007601 0.055652
v -0.031757 0.006972 0.055592
v -0.030991 0.006358 0.055532
v -0.030152 0.005758 0.055471
v -0.029241 0.005176 0.055411
v -0.028260 0.004611 0.055350
v -0.027210 0.004066 0.055290
v -0.026093 0.003542 0.055229
v -0.024912 0.003040 0.055169
v -0.023669 0.002562 0.055109
v -0.022367 0.002108 0.055049
v -0.021010 0.001680 0.054990
v -0.019602 0.001278 0.054931
v -0.018147 0.000905 0.054874
v -0.016651 0.000560 0.054818
v -0.015118 0.000245 0.054764
v -0.013554 -0.000038 0.054712
v -0.011967 -0.000290 0.054663
v -0.010363 -0.000509 0.054618
v -0.008748 -0.000696 0.054576
v -0.007131 -0.000848 0.054539
v -0.005519 -0.000967 0.054507
v -0.003913 -0.001052 0.054477
v -0.002290 -0.001105 0.054438
v -0.000659 -0.001127 0.054389
v -0.000631 -0.001067 0.051991
v 0.001052 -0.001059 0.051927
v 0.002759 -0.001018 0.051859
v 0.004501 -0.000947 0.051784
v 0.006271 -0.000844 0.051701
v 0.008055 -0.000711 0.051614
v 0.009843 -0.000545 0.051524
v 0.011623 -0.000348 0.051434
v 0.013385 -0.000119 0.051346
v 0.015120 0.000142 0.051261
v 0.016816 0.000434 0.051181
v 0.018466 0.000756 0.051107
v 0.020064 0.001109 0.051039
v 0.021602 0.001492 0.050980
v 0.023075 0.001903 0.050929
v 0.024478 0.002341 0.050887
v 0.025808 0.002806 0.050854
v 0.027061 0.003295 0.050831
v 0.028234 0.003809 0.050816
v 0.029326 0.004346 0.050809
v 0.030336 0.004905 0.050812
v 0.031261 0.005482 0.050823
v 0.032103 0.006079 0.050841
v 0.032859 0.006692 0.050866
v 0.033531 0.007321 0.050898
v 0.034118 0.007963 0.050935
v 0.034618 0.008618 0.050979
v 0.035035 0.009283 0.051027
v 0.035366 0.009958 0.051080
v 0.035613 0.010639 0.051138
v 0.035775 0.011326 0.051199
v 0.035853 0.012016 0.051263
v 0.035848 0.012708 0.051330
v 0.035758 0.013400 0.051400
v 0.035584 0.014091 0.051473
v 0.035327 0.014779 0.051548
v 0.034987 0.015462 0.051626
v 0.034563 0.016137 0.051705
v 0.034056 0.016804 0.051788
v 0.033467 0.017460 0.051872
v 0.032795 0.018105 0.051959
v 0.032041 0.018736 0.052049
v 0.031207 0.019352 0.052141
v 0.030292 0.019951 0.052235
v 0.029298 0.020533 0.052332
v 0.028228 0.021095 0.052432
v 0.027081 0.021638 0.052534
v 0.025861 0.022158 0.052639
v 0.024571 0.022655 0.052746
v 0.023214 0.023123 0.052855
v 0.021795 0.023561 0.052965
v 0.052381 0.052143 0.103161
v -0.031506 0.520684 0.483118
v 0.043739 0.038029 0.122245
v 0.015601 0.024932 0.053393
v 0.013958 0.025177 0.053492
v 0.012293 0.025385 0.053587
v 0.010614 0.025556 0.053675
v 0.008932 0.025696 0.053756
v 0.007256 0.025807 0.053829
v 0.005595 0.025893 0.053891
v 0.003938 0.025957 0.053948
v 0.002267 0.025999 0.054000
v 0.000589 0.026020 0.054043
v -0.001095 0.026023 0.054077
v -0.002788 0.026007 0.054104
v -0.004502 0.025974 0.054134
v -0.006231 0.025924 0.054167
v -0.007965 0.025857 0.054202
v -0.009695 0.025769 0.054237
v -0.011413 0.025659 0.054271
v -0.013110 0.025522 0.054304
v -0.014779 0.025358 0.054334
v -0.016411 0.025167 0.054402
v -0.018003 0.024926 0.054383
v -0.088271 0.062848 0.052247
v -0.021039 0.024419 0.054451
v -0.022463 0.024065 0.054429
v -0.023830 0.023702 0.054433
v -0.025132 0.023306 0.054431
v -0.026365 0.022875 0.054424
v -0.027528 0.022413 0.054410
v -0.028617 0.021922 0.054393
v -0.029633 0.021404 0.054370
v -0.030572 0.020862 0.054343
v -0.031435 0.020299 0.054312
v -0.032221 0.019714 0.054277
v -0.032930 0.019111 0.054239
v -0.033559 0.018491 0.054197
v -0.034111 0.017855 0.054153
v -0.034583 0.017207 0.054106
v -0.034977 0.016547 0.054057
v -0.035291 0.015877 0.054005
v -0.035527 0.015199 0.053953
v -0.035683 0.014515 0.053898
v -0.035761 0.013827 0.053843
v -0.035760 0.013137 0.053786
v -0.035680 0.012446 0.053729
v -0.035522 0.011757 0.053670
v -0.035285 0.011070 0.053612
v -0.034970 0.010388 0.053553
v -0.034578 0.009713 0.053493
v -0.034107 0.009046 0.053434
v -0.033560 0.008388 0.053373
v -0.032937 0.007741 0.053313
v -0.032238 0.007107 0.053252
v -0.031464 0.006487 0.053191
v -0.030616 0.005883 0.053130
v -0.029695 0.005295 0.053069
v -0.028703 0.004726 0.053007
v -0.027641 0.004177 0.052946
v -0.026511 0.003648 0.052884
v -0.025315 0.003142 0.052822
v -0.024057 0.002659 0.052761
v -0.022738 0.002201 0.052700
v -0.021363 0.001769 0.052639
v -0.019935 0.001364 0.052579
v -0.018460 0.000988 0.052520
v -0.016941 0.000640 0.052463
v -0.015384 0.000322 0.052406
v -0.013796 0.000036 0.052353
v -0.012183 -0.000218 0.052301
v -0.010551 -0.000439 0.052253
v -0.008909 -0.000627 0.052209
v -0.007263 -0.000781 0.052170
v -0.005622 -0.000901 0.052135
v -0.003976 -0.000988 0.052098
v -0.002307 -0.001044 0.052049
v -0.000631 -0.001067 0.051991
v -0.000611 -0.000974 0.049581
v 0.001113 -0.000967 0.049509
v 0.002858 -0.000928 0.049433
v 0.004632 -0.000857 0.049352
v 0.006432 -0.000755 0.049264
v 0.008247 -0.000622 0.049171
v 0.010064 -0.000456 0.049077
v 0.011871 -0.000258 0.048982
v 0.013659 -0.000028 0.048890
v 0.015417 0.000234 0.048801
v 0.017136 0.000528 0.048717
v 0.018807 0.000852 0.048640
v 0.020423 0.001206 0.048570
v 0.021978 0.001591 0.048509
v 0.023466 0.002004 0.048456
v 0.024882 0.002445 0.048412
v 0.026224 0.002912 0.048378
v 0.027487 0.003405 0.048352
v 0.028669 0.003922 0.048337
v 0.029769 0.004461 0.048331
v 0.030786 0.005023 0.048332
v 0.031718 0.005604 0.048343
v 0.032564 0.006204 0.048361
v 0.033325 0.006821 0.048387
v 0.033999 0.007454 0.048419
v 0.034589 0.008100 0.048457
v 0.035092 0.008759 0.048501
v 0.035510 0.009428 0.048550
v 0.035842 0.010107 0.048604
v 0.036089 0.010792 0.048662
v 0.036252 0.011483 0.048723
v 0.036330 0.012178 0.048788
v 0.036323 0.012875 0.048856
v 0.036232 0.013572 0.048927
v 0.036056 0.014267 0.049001
v 0.035797 0.014960 0.049077
v 0.035454 0.015647 0.049155
v 0.035028 0.016328 0.049236
v 0.034517 0.017000 0.049320
v 0.033923 0.017662 0.049405
v 0.033247 0.018313 0.049494
v 0.032488 0.018949 0.049585
v 0.031647 0.019570 0.049678
v 0.030725 0.020175 0.049774
v 0.029723 0.020762 0.049873
v 0.028642 0.021330 0.049975
v 0.027485 0.021877 0.050079
v 0.026254 0.022403 0.050187
v 0.024951 0.022905 0.050297
v 0.023580 0.023379 0.050408
v 0.044086 0.026739 0.041542
v 0.088211 0.147135 0.154435
v 0.060229 0.013667 0.024559
v 0.017506 0.024927 0.050859
v 0.015870 0.025217 0.050967
v 0.014203 0.025469 0.051073
v 0.012513 0.025681 0.051173
v 0.010808 0.025859 0.051268
v 0.009098 0.026004 0.051355
v 0.007392 0.026119 0.051434
v 0.005701 0.026207 0.051503
v 0.004002 0.026271 0.051568
v 0.002286 0.026313 0.051627
v 0.000568 0.026334 0.051677
v -0.001152 0.026337 0.051717
v -0.002871 0.026320 0.051748
v -0.004610 0.026286 0.051780
v -0.006362 0.026235 0.051815
v -0.008119 0.026165 0.051850
v -0.009871 0.026075 0.051886
v -0.011611 0.025960 0.051921
v -0.013328 0.025820 0.051954
v -0.015016 0.025654 0.051985
v -0.016666 0.025458 0.052013
v -0.018269 0.025207 0.052034
v -0.019827 0.024984 0.052042
v -0.021332 0.024669 0.052070
v -0.022775 0.024336 0.052078
v -0.024154 0.023967 0.052082
v -0.025467 0.023565 0.052079
v -0.026709 0.023129 0.052071
v -0.027880 0.022663 0.052058
v -0.028977 0.022168 0.052040
v -0.029999 0.021646 0.052017
v -0.030945 0.021101 0.051989
v -0.031812 0.020532 0.051958
v -0.032602 0.019943 0.051922
v -0.033314 0.019336 0.051883
v -0.033946 0.018712 0.051841
v -0.034500 0.018072 0.051796
v -0.034974 0.017419 0.051749
v -0.035369 0.016754 0.051699
v -0.035684 0.016080 0.051648
v -0.035919 0.015398 0.051594
v -0.036076 0.014710 0.051539
v -0.036153 0.014017 0.051483
v -0.036151 0.013322 0.051426
v -0.036069 0.012627 0.051368
v -0.035909 0.011934 0.051309
v -0.035670 0.011243 0.051250
v -0.035352 0.010557 0.051190
v -0.034957 0.009878 0.051130
v -0.034483 0.009206 0.051070
v -0.033932 0.008544 0.051010
v -0.033304 0.007893 0.050949
v -0.032599 0.007256 0.050887
v -0.031819 0.006632 0.050826
v -0.030965 0.006024 0.050764
v -0.030036 0.005433 0.050702
v -0.029036 0.004861 0.050640
v -0.027965 0.004308 0.050578
v -0.026825 0.003777 0.050516
v -0.025620 0.003267 0.050453
v -0.024349 0.002781 0.050391
v -0.023018 0.002320 0.050328
v -0.021629 0.001886 0.050267
v -0.020187 0.001478 0.050205
v -0.018696 0.001099 0.050145
v -0.017161 0.000749 0.050086
v -0.015587 0.000430 0.050028
v -0.013981 0.000142 0.049973
v -0.012349 -0.000114 0.049920
v -0.010697 -0.000336 0.049871
v -0.009034 -0.000526 0.049825
v -0.007367 -0.000681 0.049784
v -0.005705 -0.000802 0.049746
v -0.004024 -0.000891 0.049703
v -0.002321 -0.000948 0.049647
v -0.000611 -0.000974 0.049581
v -0.000596 -0.000845 0.047165
v 0.001156 -0.000840 0.047088
v 0.002927 -0.000802 0.047007
v 0.004722 -0.000732 0.046922
v 0.006543 -0.000630 0.046831
v 0.008377 -0.000496 0.046735
v 0.010212 -0.000330 0.046638
v 0.012038 -0.000131 0.046540
v 0.013842 0.000100 0.046445
v 0.015615 0.000362 0.046354
v 0.017348 0.000656 0.046268
v 0.019031 0.000982 0.046188
v 0.020659 0.001337 0.046117
v 0.022224 0.001723 0.046053
v 0.023721 0.002137 0.046000
v 0.025146 0.002579 0.045955
v 0.026494 0.003048 0.045920
v 0.027763 0.003542 0.045894
v 0.028951 0.004061 0.045878
v 0.030056 0.004602 0.045871
v 0.031076 0.005165 0.045873
v 0.032012 0.005749 0.045883
v 0.032861 0.006351 0.045901
v 0.033624 0.006970 0.045927
v 0.034301 0.007605 0.045959
v 0.034891 0.008254 0.045998
v 0.035396 0.008915 0.046042
v 0.035815 0.009587 0.046091
v 0.036147 0.010268 0.046146
v 0.036395 0.010956 0.046204
v 0.036558 0.011650 0.046266
v 0.036635 0.012348 0.046331
v 0.036628 0.013047 0.046400
v 0.036536 0.013747 0.046471
v 0.036360 0.014446 0.046546
v 0.036100 0.015141 0.046622
v 0.035755 0.015832 0.046701
v 0.035327 0.016515 0.046783
v 0.034815 0.017191 0.046867
v 0.034219 0.017856 0.046953
v 0.033539 0.018510 0.047043
v 0.032777 0.019151 0.047135
v 0.031932 0.019776 0.047229
v 0.031006 0.020385 0.047327
v 0.030000 0.020976 0.047427
v 0.028914 0.021548 0.047530
v 0.027751 0.022098 0.047636
v 0.026513 0.022628 0.047745
v 0.025202 0.023134 0.047856
v 0.023821 0.023611 0.047970
v 0.022395 0.024053 0.048030
v 0.020831 0.024501 0.048197
v 0.019309 0.024840 0.048317
v 0.017700 0.025176 0.048431
v 0.016051 0.025470 0.048544
v 0.014368 0.025726 0.048653
v 0.012662 0.025944 0.048758
v 0.010939 0.026126 0.048857
v 0.009211 0.026276 0.048948
v 0.007487 0.026396 0.049031
v 0.005776 0.026484 0.049128
v 0.004046 0.026555 0.049176
v 0.002299 0.026599 0.049241
v 0.000552 0.026623 0.049297
v -0.001191 0.026626 0.049342
v -0.002929 0.026609 0.049375
v -0.004684 0.026575 0.049408
v -0.006452 0.026522 0.049443
v -0.008223 0.026448 0.049480
v -0.009990 0.026353 0.049515
v -0.011743 0.026234 0.049550
v -0.013473 0.026089 0.049583
v -0.015173 0.025918 0.049613
v -0.016835 0.025718 0.049640
v -0.018452 0.025486 0.049663
v -0.020018 0.025220 0.049681
v -0.021528 0.024937 0.049684
v -0.022980 0.024577 0.049703
v -0.024367 0.024203 0.049706
v -0.025686 0.023795 0.049703
v -0.026935 0.023356 0.049694
v -0.028111 0.022886 0.049681
v -0.029213 0.022388 0.049662
v -0.030239 0.021864 0.049638
v -0.031188 0.021316 0.049610
v -0.032058 0.020746 0.049578
v -0.032851 0.020155 0.049543
v -0.033565 0.019545 0.049504
v -0.034199 0.018918 0.049461
v -0.034753 0.018275 0.049416
v -0.035229 0.017619 0.049368
v -0.035624 0.016952 0.049318
v -0.035939 0.016274 0.049266
v -0.036175 0.015589 0.049213
v -0.036331 0.014899 0.049157
v -0.036407 0.014204 0.049101
v -0.036404 0.013507 0.049044
v -0.036322 0.012809 0.048985
v -0.036160 0.012113 0.048927
v -0.035920 0.011420 0.048867
v -0.035600 0.010731 0.048807
v -0.035203 0.010049 0.048747
v -0.034726 0.009375 0.048686
v -0.034173 0.008711 0.048625
v -0.033542 0.008058 0.048564
v -0.032834 0.007418 0.048502
v -0.032050 0.006792 0.048440
v -0.031191 0.006182 0.048378
v -0.030258 0.005588 0.048316
v -0.029253 0.005014 0.048253
v -0.028176 0.004459 0.048190
v -0.027030 0.003925 0.048128
v -0.025818 0.003414 0.048065
v -0.024540 0.002927 0.048001
v -0.023201 0.002465 0.047939
v -0.021804 0.002029 0.047876
v -0.020353 0.001619 0.047814
v -0.018852 0.001239 0.047753
v -0.017306 0.000888 0.047693
v -0.015721 0.000567 0.047635
v -0.014102 0.000279 0.047579
v -0.012457 0.000022 0.047525
v -0.010793 -0.000202 0.047474
v -0.009117 -0.000393 0.047427
v -0.007437 -0.000549 0.047384
v -0.005759 -0.000671 0.047345
v -0.004057 -0.000760 0.047297
v -0.002332 -0.000819 0.047236
v -0.000596 -0.000845 0.047165
v -0.000589 -0.000682 0.044751
v 0.001177 -0.000677 0.044671
v 0.002960 -0.000640 0.044588
v 0.004766 -0.000570 0.044502
v 0.006596 -0.000468 0.044409
v 0.008439 -0.000334 0.044312
v 0.010283 -0.000168 0.044213
v 0.012115 0.000031 0.044115
v 0.013927 0.000262 0.044019
v 0.015706 0.000525 0.043926
v 0.017444 0.000820 0.043839
v 0.019133 0.001146 0.043759
v 0.020765 0.001502 0.043687
v 0.022333 0.001887 0.043623
v 0.023834 0.002302 0.043569
v 0.025261 0.002744 0.043523
v 0.026612 0.003213 0.043488
v 0.027884 0.003708 0.043462
v 0.029074 0.004227 0.043446
v 0.030180 0.004769 0.043439
v 0.031202 0.005333 0.043440
v 0.032138 0.005917 0.043451
v 0.032988 0.006519 0.043469
v 0.033752 0.007139 0.043494
v 0.034430 0.007775 0.043527
v 0.035021 0.008424 0.043565
v 0.035526 0.009086 0.043610
v 0.035945 0.009759 0.043660
v 0.036278 0.010441 0.043714
v 0.036526 0.011131 0.043772
v 0.036688 0.011825 0.043835
v 0.036766 0.012524 0.043900
v 0.036759 0.013224 0.043969
v 0.036667 0.013926 0.044041
v 0.036491 0.014626 0.044115
v 0.036230 0.015323 0.044192
v 0.035886 0.016014 0.044271
v 0.035457 0.016699 0.044353
v 0.034943 0.017376 0.044437
v 0.034347 0.018043 0.044524
v 0.033667 0.018698 0.044614
v 0.032904 0.019341 0.044706
v 0.032058 0.019969 0.044800
v 0.031131 0.020580 0.044899
v 0.030123 0.021174 0.045000
v 0.029036 0.021748 0.045104
v 0.027870 0.022302 0.045210
v 0.026630 0.022834 0.045320
v 0.025316 0.023342 0.045433
v 0.023933 0.023822 0.045548
v 0.022483 0.024269 0.045663
v 0.020973 0.024682 0.045781
v 0.019407 0.025058 0.045898
v 0.017793 0.025396 0.046015
v 0.016137 0.025695 0.046130
v 0.014415 0.025962 0.046239
v 0.012702 0.026182 0.046350
v 0.010991 0.026375 0.046453
v 0.022602 0.031951 0.069709
v -0.073795 0.029815 -0.106895
v 0.005809 0.026737 0.046707
v 0.100459 0.060829 0.103599
v -0.061591 0.061307 0.074124
v 0.000545 0.026895 0.046937
v -0.001211 0.026880 0.046955
v -0.002975 0.026864 0.046988
v -0.004719 0.026826 0.047023
v -0.006494 0.026771 0.047057
v -0.008272 0.026694 0.047093
v -0.010045 0.026595 0.047128
v -0.011804 0.026472 0.047162
v -0.013541 0.026324 0.047193
v -0.015245 0.026149 0.047223
v -0.016912 0.025946 0.047249
v -0.018534 0.025711 0.047272
v -0.020105 0.025441 0.047290
v -0.021620 0.025133 0.047302
v -0.023074 0.024789 0.047309
v -0.024464 0.024409 0.047311
v -0.025786 0.023998 0.047307
v -0.027037 0.023555 0.047298
v -0.028215 0.023082 0.047284
v -0.029319 0.022582 0.047264
v -0.030347 0.022058 0.047241
v -0.031297 0.021509 0.047213
v -0.032169 0.020939 0.047181
v -0.032963 0.020347 0.047144
v -0.033677 0.019737 0.047105
v -0.034312 0.019108 0.047063
v -0.034866 0.018464 0.047017
v -0.035342 0.017807 0.046969
v -0.035737 0.017138 0.046919
v -0.036053 0.016460 0.046867
v -0.036288 0.015774 0.046813
v -0.036444 0.015083 0.046758
v -0.036520 0.014387 0.046701
v -0.036517 0.013689 0.046644
v -0.036434 0.012991 0.046585
v -0.036271 0.012294 0.046526
v -0.036030 0.011600 0.046467
v -0.035710 0.010910 0.046406
v -0.035311 0.010228 0.046346
v -0.034834 0.009553 0.046285
v -0.034279 0.008888 0.046224
v -0.033646 0.008234 0.046162
v -0.032937 0.007593 0.046101
v -0.032152 0.006966 0.046039
v -0.031291 0.006355 0.045977
v -0.030356 0.005761 0.045914
v -0.029349 0.005186 0.045852
v -0.028270 0.004630 0.045789
v -0.027121 0.004096 0.045725
v -0.025905 0.003584 0.045662
v -0.024624 0.003097 0.045599
v -0.023282 0.002633 0.045536
v -0.021881 0.002197 0.045473
v -0.020425 0.001788 0.045411
v -0.018920 0.001407 0.045349
v -0.017370 0.001055 0.045289
v -0.015780 0.000734 0.045231
v -0.014156 0.000445 0.045174
v -0.012506 0.000188 0.045120
v -0.010836 -0.000036 0.045068
v -0.009155 -0.000227 0.045021
v -0.007468 -0.000383 0.044977
v -0.005784 -0.000506 0.044937
v -0.004073 -0.000596 0.044887
v -0.002338 -0.000655 0.044824
v -0.000589 -0.000682 0.044751
v -0.000592 -0.000485 0.042344
v 0.001173 -0.000479 0.042264
v 0.002955 -0.000442 0.042182
v 0.004760 -0.000372 0.042097
v 0.006588 -0.000270 0.042004
v 0.008429 -0.000136 0.041908
v 0.010271 0.000030 0.041810
v 0.012102 0.000229 0.041712
v 0.013911 0.000460 0.041617
v 0.015687 0.000723 0.041525
v 0.017423 0.001017 0.041438
v 0.019109 0.001342 0.041359
v 0.020738 0.001698 0.041287
v 0.022305 0.002084 0.041223
v 0.023803 0.002497 0.041169
v 0.025228 0.002939 0.041124
v 0.026577 0.003408 0.041089
v 0.027847 0.003901 0.041063
v 0.029035 0.004420 0.041047
v 0.030140 0.004961 0.041040
v 0.031160 0.005524 0.041042
v 0.032095 0.006108 0.041052
v 0.032945 0.006710 0.041070
v 0.033708 0.007329 0.041096
v 0.034384 0.007963 0.041128
v 0.034975 0.008613 0.041167
v 0.035480 0.009274 0.041211
v 0.035898 0.009946 0.041260
v 0.036232 0.010627 0.041314
v 0.036480 0.011315 0.041373
v 0.036642 0.012009 0.041434
v 0.036720 0.012707 0.041500
v 0.036713 0.013407 0.041568
v 0.036622 0.014108 0.041640
v 0.036446 0.014807 0.041714
v 0.036186 0.015503 0.041791
v 0.035842 0.016195 0.041871
v 0.035414 0.016879 0.041952
v 0.034902 0.017557 0.042036
v 0.034307 0.018223 0.042123
v 0.033628 0.018879 0.042213
v 0.032866 0.019521 0.042305
v 0.032022 0.020149 0.042400
v 0.031097 0.020760 0.042498
v 0.030090 0.021354 0.042599
v 0.029004 0.021929 0.042702
v 0.027842 0.022485 0.042810
v 0.026603 0.023018 0.042919
v 0.025292 0.023528 0.043032
v 0.023911 0.024009 0.043147
v 0.022464 0.024458 0.043263
v 0.020955 0.024873 0.043381
v 0.019392 0.025250 0.043499
v 0.017780 0.025588 0.043616
v 0.016159 0.025873 0.043737
v 0.156518 0.148669 0.096638
v 0.012739 0.026368 0.043923
v -0.139682 0.117170 -0.162124
v 0.228808 0.405348 -0.379311
v 0.005692 0.026862 0.056073
v 0.005807 0.026874 0.044306
v -0.034598 0.379391 0.330707
v 0.156364 0.165242 0.108343
v 0.000526 0.027096 0.044507
v -0.001204 0.027074 0.044559
v -0.002962 0.027041 0.044571
v -0.004715 0.027041 0.044628
v 0.023362 0.061444 0.139014
v -0.061319 0.005495 0.034392
v -0.010021 0.026810 0.044746
v -0.011793 0.026679 0.044764
v -0.013527 0.026527 0.044795
v -0.015236 0.026337 0.044858
v -0.016916 0.026146 0.044824
v -0.018516 0.025902 0.044869
v -0.020086 0.025627 0.044885
v -0.021600 0.025315 0.044896
v -0.023053 0.024967 0.044902
v -0.024441 0.024585 0.044903
v -0.025762 0.024169 0.044898
v -0.027013 0.023724 0.044887
v -0.028190 0.023252 0.044873
v -0.029293 0.022752 0.044854
v -0.030320 0.022227 0.044829
v -0.031270 0.021680 0.044801
v -0.032141 0.021109 0.044769
v -0.032934 0.020518 0.044733
v -0.033648 0.019908 0.044693
v -0.034282 0.019281 0.044650
v -0.034837 0.018638 0.044605
v -0.035311 0.017982 0.044557
v -0.035706 0.017314 0.044507
v -0.036022 0.016637 0.044455
v -0.036257 0.015952 0.044401
v -0.036412 0.015262 0.044346
v -0.036488 0.014567 0.044290
v -0.036485 0.013869 0.044232
v -0.036402 0.013172 0.044174
v -0.036239 0.012475 0.044115
v -0.035998 0.011782 0.044055
v -0.035678 0.011094 0.043995
v -0.035279 0.010412 0.043935
v -0.034803 0.009738 0.043874
v -0.034248 0.009074 0.043813
v -0.033616 0.008420 0.043752
v -0.032907 0.007780 0.043690
v -0.032122 0.007155 0.043628
v -0.031262 0.006544 0.043566
v -0.030327 0.005951 0.043504
v -0.029320 0.005376 0.043441
v -0.028242 0.004822 0.043378
v -0.027095 0.004288 0.043315
v -0.025880 0.003777 0.043252
v -0.024600 0.003290 0.043189
v -0.023258 0.002827 0.043125
v -0.021858 0.002391 0.043063
v -0.020404 0.001982 0.043001
v -0.018900 0.001602 0.042940
v -0.017351 0.001250 0.042880
v -0.015762 0.000930 0.042821
v -0.014141 0.000641 0.042764
v -0.012492 0.000384 0.042710
v -0.010825 0.000160 0.042659
v -0.009144 -0.000031 0.042611
v -0.007460 -0.000187 0.042567
v -0.005778 -0.000309 0.042528
v -0.004071 -0.000399 0.042479
v -0.002340 -0.000458 0.042417
v -0.000592 -0.000485 0.042344
v -0.000606 -0.000253 0.039951
v 0.001144 -0.000247 0.039875
v 0.002912 -0.000209 0.039796
v 0.004704 -0.000139 0.039713
v 0.006520 -0.000036 0.039623
v 0.008349 0.000097 0.039529
v 0.010178 0.000263 0.039434
v 0.011997 0.000462 0.039338
v 0.013794 0.000692 0.039245
v 0.015559 0.000955 0.039155
v 0.017284 0.001248 0.039071
v 0.018960 0.001573 0.038992
v 0.020581 0.001927 0.038922
v 0.022138 0.002311 0.038860
v 0.023629 0.002724 0.038807
v 0.025047 0.003164 0.038763
v 0.026389 0.003631 0.038728
v 0.027653 0.004123 0.038703
v 0.028836 0.004640 0.038687
v 0.029937 0.005179 0.038680
v 0.030953 0.005740 0.038682
v 0.031885 0.006321 0.038693
v 0.032731 0.006922 0.038710
v 0.033492 0.007538 0.038736
v 0.034167 0.008171 0.038768
v 0.034757 0.008817 0.038806
v 0.035260 0.009476 0.038850
v 0.035678 0.010146 0.038899
v 0.036011 0.010824 0.038953
v 0.036259 0.011510 0.039011
v 0.036422 0.012201 0.039072
v 0.036499 0.012897 0.039137
v 0.036493 0.013594 0.039206
v 0.036403 0.014292 0.039277
v 0.036228 0.014989 0.039350
v 0.035970 0.015683 0.039427
v 0.035628 0.016372 0.039506
v 0.035202 0.017055 0.039587
v 0.034693 0.017731 0.039671
v 0.034100 0.018396 0.039757
v 0.033424 0.019049 0.039846
v 0.032666 0.019690 0.039938
v 0.031826 0.020316 0.040032
v 0.030904 0.020926 0.040130
v 0.029903 0.021519 0.040230
v 0.028823 0.022093 0.040333
v 0.027666 0.022648 0.040439
v 0.026434 0.023181 0.040548
v 0.025130 0.023689 0.040660
v 0.023756 0.024170 0.040774
v 0.022317 0.024620 0.040890
v 0.020818 0.025036 0.041007
v 0.019264 0.025414 0.041123
v 0.017661 0.025753 0.041240
v 0.014484 0.026055 0.041183
v 0.239097 0.327616 -0.254714
v -0.083951 0.026261 -0.022196
v 0.117638 0.090651 0.153748
v 0.194016 0.164853 -0.014162
v 0.085551 0.224569 0.229451
v 0.084942 0.126866 0.162016
v -0.080093 0.036346 -0.038755
v 0.002296 0.027280 0.042070
v 0.000543 0.027286 0.042127
v -0.001189 0.027242 0.042155
v -0.002922 0.027267 0.042201
v -0.059741 0.039282 0.045112
v -0.044919 0.423648 0.320214
v -0.008189 0.027086 0.042297
v -0.009963 0.027019 0.042328
v -0.011709 0.026854 0.042362
v -0.013447 0.026676 0.042392
v -0.015079 0.026459 0.042389
v -0.017364 0.026303 0.042445
v -0.018398 0.026057 0.042460
v -0.019961 0.025776 0.042474
v -0.021468 0.025459 0.042483
v -0.022916 0.025108 0.042487
v -0.024299 0.024725 0.042486
v -0.025615 0.024311 0.042480
v -0.026861 0.023867 0.042470
v -0.028035 0.023395 0.042455
v -0.029134 0.022897 0.042435
v -0.030158 0.022373 0.042410
v -0.031105 0.021827 0.042382
v -0.031974 0.021258 0.042349
v -0.032765 0.020669 0.042313
v -0.033477 0.020062 0.042274
v -0.034109 0.019437 0.042231
v -0.034663 0.018798 0.042186
v -0.035137 0.018144 0.042138
v -0.035531 0.017480 0.042089
v -0.035845 0.016805 0.042036
v -0.036080 0.016122 0.041983
v -0.036236 0.015434 0.041928
v -0.036311 0.014742 0.041872
v -0.036308 0.014047 0.041815
v -0.036226 0.013352 0.041757
v -0.036064 0.012658 0.041698
v -0.035824 0.011967 0.041638
v -0.035505 0.011282 0.041579
v -0.035107 0.010602 0.041519
v -0.034632 0.009930 0.041458
v -0.034079 0.009269 0.041397
v -0.033449 0.008618 0.041336
v -0.032742 0.007980 0.041275
v -0.031960 0.007356 0.041214
v -0.031103 0.006748 0.041151
v -0.030172 0.006157 0.041090
v -0.029168 0.005585 0.041027
v -0.028094 0.005032 0.040965
v -0.026950 0.004501 0.040902
v -0.025740 0.003992 0.040839
v -0.024465 0.003506 0.040776
v -0.023130 0.003045 0.040714
v -0.021736 0.002610 0.040652
v -0.020288 0.002203 0.040591
v -0.018791 0.001823 0.040530
v -0.017249 0.001473 0.040470
v -0.015668 0.001154 0.040412
v -0.014055 0.000866 0.040356
v -0.012416 0.000610 0.040303
v -0.010757 0.000387 0.040252
v -0.009087 0.000197 0.040205
v -0.007412 0.000042 0.040163
v -0.005741 -0.000079 0.040124
v -0.004051 -0.000168 0.040078
v -0.002338 -0.000226 0.040020
v -0.000606 -0.000253 0.039951
v -0.000629 0.000013 0.037576
v 0.001092 0.000020 0.037505
v 0.002833 0.000059 0.037433
v 0.004601 0.000130 0.037354
v 0.006394 0.000232 0.037269
v 0.008200 0.000366 0.037180
v 0.010008 0.000532 0.037089
v 0.011805 0.000729 0.036997
v 0.013581 0.000959 0.036908
v 0.015327 0.001220 0.036821
v 0.017034 0.001513 0.036740
v 0.018693 0.001835 0.036665
v 0.020297 0.002188 0.036597
v 0.021840 0.002570 0.036537
v 0.023317 0.002981 0.036485
v 0.024723 0.003419 0.036443
v 0.026054 0.003883 0.036409
v 0.027309 0.004372 0.036385
v 0.028483 0.004886 0.036370
v 0.029576 0.005422 0.036363
v 0.030586 0.005980 0.036366
v 0.031512 0.006558 0.036376
v 0.032354 0.007154 0.036394
v 0.033111 0.007767 0.036419
v 0.033783 0.008396 0.036451
v 0.034369 0.009038 0.036489
v 0.034871 0.009693 0.036532
v 0.035288 0.010358 0.036581
v 0.035620 0.011033 0.036633
v 0.035867 0.011714 0.036691
v 0.036030 0.012401 0.036752
v 0.036108 0.013092 0.036816
v 0.036103 0.013786 0.036883
v 0.036015 0.014479 0.036953
v 0.035842 0.015172 0.037027
v 0.035586 0.015861 0.037102
v 0.035246 0.016547 0.037181
v 0.034824 0.017226 0.037261
v 0.034318 0.017897 0.037344
v 0.033730 0.018559 0.037430
v 0.033060 0.019210 0.037517
v 0.032307 0.019847 0.037608
v 0.031474 0.020471 0.037701
v 0.030560 0.021078 0.037798
v 0.029566 0.021668 0.037897
v 0.028495 0.022240 0.037999
v 0.027348 0.022791 0.038103
v 0.026126 0.023322 0.038211
v 0.024834 0.023826 0.038321
v 0.023473 0.024304 0.038433
v 0.022049 0.024753 0.038547
v 0.020565 0.025168 0.038661
v 0.019026 0.025546 0.038776
v 0.017441 0.025887 0.038890
v 0.015781 0.026189 0.038997
v 0.077891 0.246374 0.273047
v 0.011799 0.061778 0.112630
v 0.242314 0.398806 -0.383263
v 0.009073 0.027072 0.039428
v 0.007361 0.027184 0.039512
v 0.005671 0.027283 0.039531
v 0.003991 0.027373 0.039577
v 0.002174 0.027441 0.039627
v 0.000548 0.027504 0.039782
v -0.099663 0.074031 -0.209544
v -0.002889 0.027435 0.039797
v -0.004590 0.027373 0.039861
v -0.061372 0.024968 0.027261
v -0.008066 0.027221 0.039911
v -0.009824 0.027126 0.039932
v -0.011554 0.026993 0.039962
v -0.013245 0.026825 0.039981
v -0.091672 0.079962 -0.096341
v -0.016563 0.026363 0.040025
v -0.018183 0.026172 0.040030
v -0.019733 0.025885 0.040061
v -0.021229 0.025566 0.040068
v -0.022666 0.025215 0.040071
v -0.024039 0.024834 0.040069
v -0.025347 0.024421 0.040062
v -0.026585 0.023979 0.040051
v -0.027752 0.023510 0.040035
v -0.028845 0.023015 0.040015
v -0.029863 0.022495 0.039990
v -0.030805 0.021951 0.039961
v -0.031670 0.021386 0.039929
v -0.032457 0.020801 0.039892
v -0.033166 0.020197 0.039854
v -0.033796 0.019577 0.039811
v -0.034347 0.018941 0.039766
v -0.034819 0.018293 0.039718
v -0.035212 0.017632 0.039669
v -0.035526 0.016962 0.039618
v -0.035760 0.016284 0.039564
v -0.035915 0.015600 0.039510
v -0.035992 0.014912 0.039454
v -0.035989 0.014222 0.039397
v -0.035907 0.013531 0.039339
v -0.035747 0.012841 0.039281
v -0.035508 0.012155 0.039223
v -0.035192 0.011473 0.039163
v -0.034796 0.010797 0.039104
v -0.034324 0.010130 0.039044
v -0.033774 0.009472 0.038983
v -0.033148 0.008826 0.038923
v -0.032446 0.008191 0.038862
v -0.031668 0.007572 0.038801
v -0.030816 0.006967 0.038740
v -0.029891 0.006380 0.038678
v -0.028894 0.005811 0.038616
v -0.027827 0.005262 0.038554
v -0.026691 0.004733 0.038493
v -0.025490 0.004227 0.038431
v -0.024224 0.003744 0.038369
v -0.022898 0.003286 0.038307
v -0.021516 0.002854 0.038246
v -0.020080 0.002448 0.038185
v -0.018595 0.002072 0.038126
v -0.017067 0.001724 0.038067
v -0.015501 0.001407 0.038010
v -0.013903 0.001121 0.037956
v -0.012279 0.000867 0.037903
v -0.010637 0.000645 0.037854
v -0.008983 0.000457 0.037809
v -0.007327 0.000302 0.037767
v -0.005674 0.000182 0.037730
v -0.004013 0.000094 0.037690
v -0.002329 0.000038 0.037638
v -0.000629 0.000013 0.037576
v -0.000660 0.000311 0.035222
v 0.001019 0.000320 0.035162
v 0.002722 0.000360 0.035098
v 0.004458 0.000432 0.035026
v 0.006218 0.000535 0.034947
v 0.007991 0.000669 0.034864
v 0.009767 0.000834 0.034778
v 0.011533 0.001031 0.034693
v 0.013280 0.001259 0.034608
v 0.014998 0.001519 0.034527
v 0.016679 0.001809 0.034450
v 0.018313 0.002130 0.034379
v 0.019895 0.002480 0.034314
v 0.021417 0.002860 0.034257
v 0.022875 0.003267 0.034208
v 0.024264 0.003701 0.034168
v 0.025581 0.004162 0.034136
v 0.026821 0.004647 0.034113
v 0.027984 0.005157 0.034099
v 0.029066 0.005689 0.034094
v 0.030067 0.006241 0.034096
v 0.030985 0.006814 0.034107
v 0.031820 0.007405 0.034125
v 0.032571 0.008013 0.034149
v 0.033239 0.008637 0.034181
v 0.033821 0.009274 0.034218
v 0.034320 0.009923 0.034260
v 0.034735 0.010583 0.034308
v 0.035066 0.011251 0.034360
v 0.035312 0.011927 0.034416
v 0.035475 0.012608 0.034476
v 0.035555 0.013293 0.034539
v 0.035551 0.013981 0.034606
v 0.035464 0.014668 0.034675
v 0.035294 0.015355 0.034747
v 0.035041 0.016039 0.034821
v 0.034705 0.016718 0.034898
v 0.034287 0.017391 0.034978
v 0.033787 0.018057 0.035060
v 0.033206 0.018713 0.035144
v 0.032542 0.019359 0.035230
v 0.031798 0.019992 0.035320
v 0.030973 0.020611 0.035412
v 0.030069 0.021214 0.035506
v 0.029087 0.021800 0.035603
v 0.028028 0.022368 0.035704
v 0.026895 0.022915 0.035806
v 0.025689 0.023440 0.035911
v 0.024413 0.023940 0.036018
v 0.023070 0.024412 0.036128
v 0.021665 0.024858 0.036238
v 0.020202 0.025271 0.036350
v 0.018687 0.025648 0.036461
v 0.017128 0.025940 0.036555
v 0.134613 0.116128 0.020775
v 0.175857 0.120140 -0.022269
v -0.010584 0.027420 -0.094294
v 0.113358 0.091560 0.122919
v 0.008894 0.027149 0.037070
v 0.007222 0.027286 0.037149
v 0.005564 0.027394 0.037216
v 0.003910 0.027475 0.037276
v -0.101795 0.018997 -0.090125
v -0.069480 0.129704 0.073316
v 0.167914 0.128270 0.069064
v -0.002803 0.027502 0.037417
v -0.004474 0.027498 0.037457
v -0.006191 0.027431 0.037485
v -0.007912 0.027342 0.037513
v -0.009630 0.027229 0.037541
v -0.011335 0.027091 0.037567
v -0.013009 0.026882 0.037589
v -0.086571 0.070231 0.087908
v -0.089162 0.051675 -0.017672
v -0.017846 0.026232 0.037642
v -0.019408 0.025959 0.037653
v -0.020887 0.025640 0.037659
v -0.022308 0.025291 0.037661
v -0.023667 0.024911 0.037658
v -0.024962 0.024500 0.037650
v -0.026189 0.024061 0.037637
v -0.027345 0.023596 0.037620
v -0.028429 0.023105 0.037600
v -0.029440 0.022590 0.037575
v -0.030375 0.022053 0.037546
v -0.031233 0.021493 0.037513
v -0.032015 0.020914 0.037478
v -0.032719 0.020315 0.037439
v -0.033346 0.019700 0.037397
v -0.033894 0.019070 0.037352
v -0.034363 0.018427 0.037305
v -0.034754 0.017773 0.037256
v -0.035067 0.017108 0.037205
v -0.035300 0.016436 0.037152
v -0.035456 0.015758 0.037098
v -0.035532 0.015076 0.037043
v -0.035530 0.014392 0.036987
v -0.035450 0.013707 0.036930
v -0.035292 0.013024 0.036872
v -0.035056 0.012344 0.036814
v -0.034742 0.011667 0.036756
v -0.034351 0.010998 0.036697
v -0.033883 0.010336 0.036637
v -0.033338 0.009684 0.036578
v -0.032717 0.009043 0.036518
v -0.032021 0.008414 0.036458
v -0.031250 0.007799 0.036397
v -0.030407 0.007200 0.036337
v -0.029490 0.006617 0.036276
v -0.028503 0.006053 0.036215
v -0.027446 0.005508 0.036154
v -0.026322 0.004984 0.036093
v -0.025132 0.004482 0.036032
v -0.023881 0.004004 0.035971
v -0.022570 0.003550 0.035911
v -0.021203 0.003121 0.035852
v -0.019784 0.002720 0.035792
v -0.018318 0.002347 0.035734
v -0.016809 0.002003 0.035677
v -0.015264 0.001688 0.035622
v -0.013687 0.001405 0.035569
v -0.012086 0.001153 0.035518
v -0.010468 0.000934 0.035471
v -0.008839 0.000747 0.035427
v -0.007207 0.000594 0.035388
v -0.005580 0.000475 0.035353
v -0.003957 0.000389 0.035320
v -0.002315 0.000334 0.035276
v -0.000660 0.000311 0.035222
v -0.000694 0.000641 0.032896
v 0.000933 0.000652 0.032847
v 0.002589 0.000694 0.032793
v 0.004281 0.000767 0.032730
v 0.005999 0.000870 0.032659
v 0.007730 0.001004 0.032584
v 0.009464 0.001168 0.032506
v 0.011192 0.001364 0.032428
v 0.012901 0.001591 0.032350
v 0.014583 0.001849 0.032274
v 0.016231 0.002137 0.032203
v 0.017834 0.002455 0.032137
v 0.019386 0.002802 0.032077
v 0.020882 0.003178 0.032023
v 0.022316 0.003581 0.031978
v 0.023683 0.004011 0.031940
v 0.024979 0.004467 0.031911
v 0.026202 0.004948 0.031890
v 0.027349 0.005451 0.031877
v 0.028418 0.005978 0.031872
v 0.029406 0.006525 0.031876
v 0.030314 0.007091 0.031886
v 0.031140 0.007676 0.031904
v 0.031884 0.008277 0.031929
v 0.032545 0.008894 0.031959
v 0.033123 0.009524 0.031996
v 0.033618 0.010166 0.032038
v 0.034030 0.010818 0.032084
v 0.034359 0.011479 0.032135
v 0.034605 0.012147 0.032190
v 0.034768 0.012821 0.032249
v 0.034848 0.013498 0.032311
v 0.034845 0.014178 0.032376
v 0.034761 0.014858 0.032444
v 0.034595 0.015537 0.032514
v 0.034345 0.016213 0.032587
v 0.034015 0.016885 0.032663
v 0.033603 0.017551 0.032740
v 0.033110 0.018209 0.032820
v 0.032536 0.018858 0.032903
v 0.031881 0.019497 0.032988
v 0.031147 0.020123 0.033075
v 0.030334 0.020735 0.033166
v 0.029443 0.021333 0.033258
v 0.028476 0.021913 0.033352
v 0.027434 0.022476 0.033450
v 0.026318 0.023017 0.033550
v 0.025131 0.023535 0.033652
v 0.023876 0.024028 0.033755
v 0.022557 0.024496 0.033861
v 0.021177 0.024935 0.033967
v 0.019741 0.025343 0.034075
v 0.018256 0.025715 0.034182
v 0.016724 0.026032 0.034289
v 0.158346 0.136379 0.131733
v 0.013564 0.026595 0.034506
v 0.011942 0.026849 0.034587
v 0.010310 0.027048 0.034676
v 0.008672 0.027215 0.034757
v 0.007039 0.027352 0.034829
v 0.005420 0.027463 0.034889
v 0.003817 0.027545 0.034940
v 0.125592 0.205916 0.122847
v 0.005613 0.456526 0.384688
v -0.082874 0.072245 0.017862
v -0.002710 0.027592 0.035065
v -0.004348 0.027539 0.035083
v -0.006013 0.027488 0.035092
v -0.007700 0.027405 0.035137
v -0.009384 0.027288 0.035162
v -0.011057 0.027145 0.035185
v -0.013055 0.026997 0.035469
v -0.014350 0.026786 0.035194
v -0.015900 0.026552 0.035214
v -0.017491 0.026295 0.035218
v -0.018993 0.026003 0.035260
v -0.020449 0.025684 0.035263
v -0.021850 0.025335 0.035263
v -0.023191 0.024957 0.035259
v -0.024469 0.024549 0.035250
v -0.025681 0.024114 0.035236
v -0.026824 0.023654 0.035219
v -0.027896 0.023170 0.035198
v -0.028895 0.022661 0.035173
v -0.029821 0.022130 0.035143
v -0.030671 0.021578 0.035111
v -0.031446 0.021006 0.035075
v -0.032144 0.020415 0.035037
v -0.032765 0.019807 0.034995
v -0.033309 0.019184 0.034951
v -0.033776 0.018548 0.034904
v -0.034164 0.017900 0.034856
v -0.034475 0.017244 0.034805
v -0.034708 0.016580 0.034754
v -0.034862 0.015909 0.034701
v -0.034940 0.015235 0.034646
v -0.034939 0.014559 0.034591
v -0.034861 0.013882 0.034535
v -0.034705 0.013206 0.034478
v -0.034473 0.012533 0.034420
v -0.034163 0.011865 0.034363
v -0.033776 0.011203 0.034304
v -0.033314 0.010548 0.034246
v -0.032776 0.009903 0.034187
v -0.032162 0.009269 0.034128
v -0.031475 0.008647 0.034069
v -0.030714 0.008039 0.034009
v -0.029880 0.007446 0.033950
v -0.028975 0.006870 0.033890
v -0.028001 0.006312 0.033831
v -0.026958 0.005772 0.033771
v -0.025849 0.005254 0.033711
v -0.024676 0.004758 0.033651
v -0.023442 0.004285 0.033592
v -0.022151 0.003836 0.033534
v -0.020805 0.003413 0.033476
v -0.019409 0.003016 0.033418
v -0.017966 0.002647 0.033362
v -0.016483 0.002307 0.033307
v -0.014964 0.001996 0.033254
v -0.013416 0.001715 0.033204
v -0.011844 0.001466 0.033155
v -0.010256 0.001249 0.033110
v -0.008659 0.001065 0.033069
v -0.007059 0.000914 0.033032
v -0.005465 0.000797 0.032999
v -0.003883 0.000713 0.032972
v -0.002294 0.000661 0.032939
v -0.000694 0.000641 0.032896
v -0.000727 0.001000 0.030602
v 0.000839 0.001013 0.030567
v 0.002443 0.001057 0.030522
v 0.004083 0.001131 0.030469
v 0.005748 0.001236 0.030409
v 0.007429 0.001370 0.030343
v 0.009114 0.001534 0.030274
v 0.010793 0.001729 0.030204
v 0.012457 0.001954 0.030134
v 0.014097 0.002209 0.030066
v 0.015703 0.002494 0.030001
v 0.017268 0.002809 0.029941
v 0.018785 0.003152 0.029886
v 0.020249 0.003523 0.029837
v 0.021653 0.003922 0.029796
v 0.022993 0.004346 0.029761
v 0.024265 0.004796 0.029735
v 0.025466 0.005271 0.029716
v 0.026593 0.005768 0.029705
v 0.027645 0.006288 0.029702
v 0.028618 0.006827 0.029705
v 0.029513 0.007387 0.029717
v 0.030328 0.007963 0.029735
v 0.031063 0.008556 0.029759
v 0.031716 0.009165 0.029789
v 0.032287 0.009786 0.029825
v 0.032777 0.010420 0.029866
v 0.033185 0.011063 0.029911
v 0.033511 0.011715 0.029961
v 0.033756 0.012374 0.030014
v 0.033919 0.013039 0.030071
v 0.034000 0.013707 0.030132
v 0.033999 0.014377 0.030195
v 0.033918 0.015048 0.030262
v 0.033755 0.015717 0.030331
v 0.033511 0.016384 0.030401
v 0.033187 0.017047 0.030475
v 0.032783 0.017704 0.030551
v 0.032298 0.018353 0.030629
v 0.031734 0.018993 0.030710
v 0.031091 0.019623 0.030792
v 0.030369 0.020240 0.030878
v 0.029571 0.020844 0.030965
v 0.028696 0.021434 0.031055
v 0.027746 0.022007 0.031146
v 0.026723 0.022561 0.031240
v 0.025629 0.023094 0.031337
v 0.024466 0.023605 0.031434
v 0.023238 0.024092 0.031534
v 0.021947 0.024552 0.031635
v 0.020598 0.024983 0.031736
v 0.019196 0.025383 0.031839
v 0.017746 0.025750 0.031940
v 0.016337 0.026083 0.032033
v 0.042181 0.026386 0.024941
v 0.013171 0.026647 0.032230
v 0.011595 0.026878 0.032318
v 0.010007 0.027078 0.032399
v 0.008416 0.027246 0.032472
v 0.006830 0.027385 0.032535
v 0.005259 0.027496 0.032587
v 0.003710 0.027579 0.032627
v -0.081667 0.038356 0.053701
v 0.000645 0.027659 0.032694
v -0.087856 0.026651 0.037975
v -0.086059 0.121330 0.107255
v -0.004161 0.027669 0.032731
v -0.005808 0.027524 0.032761
v -0.007453 0.027429 0.032783
v -0.009096 0.027309 0.032804
v -0.010730 0.027164 0.032824
v -0.012346 0.026992 0.032842
v -0.013951 0.026790 0.032870
v -0.015522 0.026547 0.032901
v -0.017019 0.026305 0.032879
v -0.018497 0.026015 0.032885
v -0.019927 0.025697 0.032887
v -0.021303 0.025350 0.032885
v -0.022621 0.024974 0.032880
v -0.023878 0.024571 0.032869
v -0.025070 0.024141 0.032856
v -0.026196 0.023687 0.032837
v -0.027253 0.023209 0.032816
v -0.028239 0.022708 0.032790
v -0.029152 0.022184 0.032761
v -0.029992 0.021640 0.032729
v -0.030758 0.021076 0.032693
v -0.031449 0.020494 0.032655
v -0.032063 0.019895 0.032614
v -0.032602 0.019281 0.032570
v -0.033064 0.018654 0.032524
v -0.033450 0.018016 0.032476
v -0.033758 0.017369 0.032427
v -0.033990 0.016714 0.032376
v -0.034145 0.016053 0.032324
v -0.034222 0.015388 0.032270
v -0.034223 0.014721 0.032216
v -0.034147 0.014054 0.032161
v -0.033995 0.013387 0.032104
v -0.033767 0.012724 0.032048
v -0.033462 0.012065 0.031991
v -0.033082 0.011412 0.031934
v -0.032627 0.010766 0.031877
v -0.032097 0.010130 0.031819
v -0.031493 0.009504 0.031761
v -0.030815 0.008891 0.031703
v -0.030066 0.008290 0.031645
v -0.029246 0.007706 0.031587
v -0.028355 0.007137 0.031528
v -0.027396 0.006586 0.031470
v -0.026371 0.006055 0.031411
v -0.025281 0.005544 0.031354
v -0.024129 0.005054 0.031296
v -0.022917 0.004587 0.031238
v -0.021650 0.004144 0.031182
v -0.020330 0.003727 0.031126
v -0.018961 0.003335 0.031070
v -0.017548 0.002971 0.031016
v -0.016096 0.002635 0.030964
v -0.014610 0.002328 0.030913
v -0.013096 0.002052 0.030865
v -0.011560 0.001807 0.030820
v -0.010010 0.001594 0.030778
v -0.008450 0.001412 0.030739
v -0.006890 0.001265 0.030705
v -0.005336 0.001149 0.030676
v -0.003795 0.001067 0.030652
v -0.002267 0.001018 0.030631
v -0.000727 0.001000 0.030602
v -0.000752 0.001389 0.028340
v 0.000749 0.001404 0.028319
v 0.002293 0.001450 0.028286
v 0.003872 0.001525 0.028244
v 0.005478 0.001630 0.028195
v 0.007100 0.001764 0.028140
v 0.008728 0.001929 0.028081
v 0.010353 0.002122 0.028021
v 0.011964 0.002345 0.027960
v 0.013553 0.002598 0.027901
v 0.015111 0.002879 0.027843
v 0.016632 0.003190 0.027790
v 0.018108 0.003528 0.027742
v 0.019533 0.003895 0.027699
v 0.020901 0.004287 0.027662
v 0.022209 0.004706 0.027632
v 0.023453 0.005149 0.027608
v 0.024628 0.005616 0.027592
v 0.025732 0.006106 0.027583
v 0.026763 0.006617 0.027581
v 0.027718 0.007149 0.027586
v 0.028597 0.007698 0.027598
v 0.029399 0.008266 0.027616
v 0.030121 0.008850 0.027640
v 0.030765 0.009448 0.027669
v 0.031328 0.010060 0.027704
v 0.031812 0.010683 0.027744
v 0.032215 0.011316 0.027788
v 0.032539 0.011957 0.027836
v 0.032781 0.012606 0.027889
v 0.032943 0.013259 0.027944
v 0.033025 0.013917 0.028003
v 0.033027 0.014576 0.028064
v 0.032949 0.015236 0.028129
v 0.032791 0.015894 0.028195
v 0.032553 0.016550 0.028264
v 0.032236 0.017202 0.028336
v 0.031840 0.017848 0.028410
v 0.031366 0.018487 0.028486
v 0.030813 0.019116 0.028563
v 0.030184 0.019736 0.028644
v 0.029478 0.020343 0.028726
v 0.028696 0.020937 0.028810
v 0.027840 0.021517 0.028896
v 0.026912 0.022080 0.028984
v 0.025912 0.022623 0.029074
v 0.024844 0.023148 0.029166
v 0.023710 0.023650 0.029259
v 0.022512 0.024129 0.029354
v 0.021254 0.024579 0.029449
v 0.020024 0.025010 0.029519
v 0.018590 0.025391 0.029626
v 0.017171 0.025752 0.029734
v 0.015723 0.026081 0.029827
v 0.014242 0.026377 0.029916
v 0.012735 0.026641 0.030001
v 0.011210 0.026874 0.030081
v 0.009675 0.027074 0.030153
v 0.008137 0.027243 0.030217
v 0.006605 0.027383 0.030271
v 0.005089 0.027493 0.030312
v 0.003605 0.027513 0.030324
v 0.002151 0.027564 0.030392
v 0.000671 0.027645 0.030355
v -0.000863 0.027646 0.030361
v -0.083888 0.154690 -0.058264
v -0.004005 0.027566 0.030415
v -0.005585 0.027515 0.030437
v -0.007181 0.027419 0.030456
v -0.008777 0.027297 0.030473
v -0.010365 0.027149 0.030489
v -0.011937 0.026975 0.030504
v -0.013487 0.026774 0.030516
v -0.015007 0.026544 0.030526
v -0.016491 0.026287 0.030533
v -0.017935 0.026000 0.030537
v -0.019331 0.025683 0.030537
v -0.020675 0.025319 0.030526
v -0.021968 0.024966 0.030526
v -0.023199 0.024567 0.030515
v -0.024369 0.024144 0.030500
v -0.025474 0.023696 0.030482
v -0.026512 0.023225 0.030460
v -0.027482 0.022731 0.030434
v -0.028380 0.022216 0.030405
v -0.029208 0.021680 0.030372
v -0.029963 0.021126 0.030337
v -0.030644 0.020553 0.030299
v -0.031250 0.019964 0.030258
v -0.031782 0.019361 0.030215
v -0.032240 0.018745 0.030170
v -0.032621 0.018119 0.030123
v -0.032927 0.017483 0.030075
v -0.033157 0.016839 0.030025
v -0.033311 0.016190 0.029973
v -0.033390 0.015536 0.029921
v -0.033392 0.014880 0.029868
v -0.033320 0.014224 0.029814
v -0.033172 0.013568 0.029759
v -0.032948 0.012915 0.029704
v -0.032650 0.012267 0.029648
v -0.032277 0.011624 0.029592
v -0.031831 0.010989 0.029536
v -0.031311 0.010363 0.029479
v -0.030718 0.009748 0.029423
v -0.030054 0.009144 0.029366
v -0.029318 0.008554 0.029309
v -0.028514 0.007978 0.029252
v -0.027641 0.007419 0.029196
v -0.026701 0.006877 0.029139
v -0.025696 0.006354 0.029083
v -0.024629 0.005851 0.029027
v -0.023501 0.005369 0.028971
v -0.022317 0.004909 0.028915
v -0.021078 0.004473 0.028861
v -0.019789 0.004062 0.028807
v -0.018452 0.003677 0.028755
v -0.017074 0.003319 0.028704
v -0.015659 0.002989 0.028654
v -0.014212 0.002688 0.028606
v -0.012739 0.002417 0.028561
v -0.011245 0.002176 0.028519
v -0.009737 0.001967 0.028480
v -0.008223 0.001789 0.028445
v -0.006708 0.001644 0.028414
v -0.005200 0.001531 0.028389
v -0.003705 0.001451 0.028368
v -0.002230 0.001404 0.028354
v -0.000752 0.001389 0.028340
v -0.000768 0.001806 0.026117
v 0.000674 0.001823 0.026108
v 0.002152 0.001870 0.026088
v 0.003664 0.001946 0.026059
v 0.005204 0.002052 0.026022
v 0.006760 0.002187 0.025978
v 0.008324 0.002350 0.025931
v 0.009886 0.002543 0.025881
v 0.011437 0.002763 0.025830
v 0.012968 0.003013 0.025781
v 0.014473 0.003291 0.025732
v 0.015943 0.003597 0.025686
v 0.017371 0.003930 0.025645
v 0.018753 0.004290 0.025608
v 0.020081 0.004676 0.025577
v 0.021352 0.005088 0.025551
v 0.022561 0.005523 0.025532
v 0.023706 0.005982 0.025519
v 0.024783 0.006463 0.025512
v 0.025790 0.006965 0.025512
v 0.026724 0.007486 0.025518
v 0.027584 0.008026 0.025531
v 0.028369 0.008583 0.025549
v 0.029078 0.009156 0.025573
v 0.029709 0.009743 0.025602
v 0.030263 0.010344 0.025636
v 0.030739 0.010955 0.025674
v 0.031137 0.011576 0.025717
v 0.031456 0.012205 0.025764
v 0.031696 0.012841 0.025814
v 0.031857 0.013482 0.025868
v 0.031940 0.014127 0.025925
v 0.031944 0.014774 0.025985
v 0.031870 0.015421 0.026046
v 0.031717 0.016067 0.026111
v 0.031487 0.016711 0.026178
v 0.031178 0.017350 0.026247
v 0.030793 0.017984 0.026318
v 0.030330 0.018610 0.026391
v 0.029791 0.019227 0.026466
v 0.029177 0.019835 0.026543
v 0.028489 0.020431 0.026621
v 0.027728 0.021013 0.026702
v 0.026894 0.021581 0.026784
v 0.025990 0.022132 0.026868
v 0.025018 0.022665 0.026954
v 0.023980 0.023178 0.027040
v 0.022878 0.023669 0.027128
v 0.021716 0.024137 0.027217
v 0.020483 0.024538 0.027308
v 0.019218 0.024968 0.027390
v 0.017942 0.025372 0.027492
v 0.016550 0.025709 0.027554
v 0.015149 0.026047 0.027653
v 0.013721 0.026338 0.027733
v 0.012269 0.026600 0.027809
v 0.010801 0.026831 0.027879
v 0.009324 0.027032 0.027940
v 0.007847 0.027202 0.027993
v 0.006377 0.027342 0.028036
v 0.004923 0.027454 0.028067
v 0.003505 0.027595 0.028084
v 0.002058 0.027565 0.028066
v 0.000657 0.027615 0.028078
v -0.000800 0.027609 0.028185
v -0.002323 0.027604 0.028115
v -0.003822 0.027549 0.028135
v -0.005355 0.027476 0.028150
v -0.006897 0.027378 0.028164
v -0.008439 0.027254 0.028178
v -0.009975 0.027104 0.028191
v -0.011498 0.026929 0.028202
v -0.012999 0.026727 0.028212
v -0.014474 0.026498 0.028219
v -0.015915 0.026241 0.028223
v -0.017318 0.025955 0.028224
v -0.018698 0.025610 0.028238
v -0.020002 0.025280 0.028220
v -0.021246 0.024932 0.028208
v -0.022448 0.024539 0.028196
v -0.023591 0.024122 0.028180
v -0.024672 0.023681 0.028161
v -0.025688 0.023218 0.028138
v -0.026638 0.022732 0.028113
v -0.027519 0.022226 0.028083
v -0.028331 0.021700 0.028051
v -0.029073 0.021155 0.028016
v -0.029742 0.020594 0.027978
v -0.030339 0.020016 0.027938
v -0.030864 0.019425 0.027896
v -0.031314 0.018822 0.027852
v -0.031691 0.018208 0.027806
v -0.031993 0.017585 0.027759
v -0.032221 0.016954 0.027710
v -0.032375 0.016318 0.027659
v -0.032454 0.015677 0.027608
v -0.032459 0.015034 0.027556
v -0.032390 0.014390 0.027504
v -0.032247 0.013747 0.027450
v -0.032029 0.013107 0.027396
v -0.031738 0.012471 0.027342
v -0.031374 0.011841 0.027287
v -0.030938 0.011217 0.027232
v -0.030430 0.010603 0.027177
v -0.029851 0.009999 0.027122
v -0.029201 0.009407 0.027067
v -0.028483 0.008827 0.027012
v -0.027697 0.008262 0.026957
v -0.026844 0.007714 0.026902
v -0.025926 0.007182 0.026847
v -0.024946 0.006668 0.026793
v -0.023906 0.006174 0.026738
v -0.022807 0.005702 0.026685
v -0.021653 0.005251 0.026632
v -0.020447 0.004823 0.026580
v -0.019193 0.004421 0.026529
v -0.017895 0.004043 0.026480
v -0.016557 0.003692 0.026431
v -0.015184 0.003369 0.026385
v -0.013781 0.003074 0.026341
v -0.012353 0.002809 0.026299
v -0.010907 0.002573 0.026260
v -0.009449 0.002368 0.026225
v -0.007985 0.002194 0.026194
v -0.006522 0.002052 0.026167
v -0.005066 0.001942 0.026145
v -0.003623 0.001864 0.026129
v -0.002191 0.001819 0.026120
v -0.000768 0.001806 0.026117
v -0.000769 0.002250 0.023935
v 0.000622 0.002269 0.023935
v 0.002030 0.002317 0.023928
v 0.003470 0.002394 0.023912
v 0.004937 0.002500 0.023888
v 0.006421 0.002634 0.023858
v 0.007914 0.002796 0.023823
v 0.009408 0.002987 0.023784
v 0.010893 0.003206 0.023744
v 0.012362 0.003452 0.023704
v 0.013807 0.003726 0.023666
v 0.015220 0.004026 0.023628
v 0.016595 0.004354 0.023595
v 0.017927 0.004707 0.023565
v 0.019210 0.005086 0.023540
v 0.020439 0.005490 0.023519
v 0.021611 0.005916 0.023504
v 0.022720 0.006366 0.023494
v 0.023766 0.006837 0.023491
v 0.024745 0.007329 0.023493
v 0.025654 0.007839 0.023501
v 0.026492 0.008368 0.023514
v 0.027258 0.008913 0.023533
v 0.027951 0.009473 0.023557
v 0.028568 0.010048 0.023585
v 0.029111 0.010635 0.023618
v 0.029577 0.011233 0.023656
v 0.029968 0.011841 0.023698
v 0.030281 0.012456 0.023743
v 0.030518 0.013078 0.023792
v 0.030679 0.013706 0.023844
v 0.030762 0.014336 0.023898
v 0.030768 0.014970 0.023955
v 0.030698 0.015603 0.024015
v 0.030552 0.016234 0.024077
v 0.030329 0.016864 0.024141
v 0.030030 0.017489 0.024208
v 0.029657 0.018109 0.024275
v 0.029208 0.018722 0.024345
v 0.028685 0.019325 0.024417
v 0.028090 0.019920 0.024490
v 0.027422 0.020502 0.024565
v 0.026683 0.021071 0.024642
v 0.025875 0.021626 0.024719
v 0.025000 0.022164 0.024798
v 0.024058 0.022684 0.024878
v 0.023054 0.023185 0.024959
v 0.021989 0.023664 0.025041
v 0.020868 0.024118 0.025123
v 0.019692 0.024546 0.025205
v 0.018486 0.024897 0.025284
v 0.058830 0.076857 0.027487
v 0.015930 0.025668 0.025457
v 0.014548 0.025983 0.025517
v 0.013178 0.026269 0.025588
v 0.011787 0.026526 0.025653
v 0.010382 0.026754 0.025711
v 0.008970 0.026952 0.025762
v 0.007559 0.027123 0.025803
v 0.006156 0.027264 0.025835
v 0.004770 0.027376 0.025853
v 0.003399 0.027460 0.025862
v 0.002022 0.027515 0.025868
v 0.000637 0.027545 0.025873
v -0.000767 0.027547 0.025878
v -0.002200 0.027524 0.025887
v -0.003656 0.027476 0.025896
v -0.005129 0.027401 0.025906
v -0.006611 0.027303 0.025916
v -0.008094 0.027178 0.025926
v -0.009572 0.027028 0.025935
v -0.011039 0.026853 0.025943
v -0.012487 0.026651 0.025949
v -0.013911 0.026422 0.025953
v -0.015305 0.026166 0.025954
v -0.016619 0.025888 0.025953
v -0.034651 0.025483 -0.030640
v 0.007973 0.025238 0.023104
v -0.020472 0.024873 0.025932
v -0.021640 0.024486 0.025918
v -0.022752 0.024076 0.025901
v -0.023804 0.023642 0.025881
v -0.024795 0.023187 0.025858
v -0.025722 0.022711 0.025832
v -0.026583 0.022215 0.025802
v -0.027377 0.021700 0.025771
v -0.028103 0.021166 0.025736
v -0.028759 0.020617 0.025699
v -0.029345 0.020053 0.025660
v -0.029859 0.019475 0.025619
v -0.030302 0.018885 0.025575
v -0.030673 0.018285 0.025531
v -0.030971 0.017676 0.025484
v -0.031197 0.017059 0.025437
v -0.031349 0.016437 0.025388
v -0.031429 0.015811 0.025338
v -0.031437 0.015182 0.025287
v -0.031371 0.014553 0.025236
v -0.031233 0.013924 0.025184
v -0.031022 0.013298 0.025131
v -0.030740 0.012676 0.025078
v -0.030387 0.012059 0.025026
v -0.029963 0.011449 0.024972
v -0.029468 0.010848 0.024918
v -0.028904 0.010257 0.024865
v -0.028272 0.009677 0.024812
v -0.027573 0.009111 0.024759
v -0.026808 0.008558 0.024706
v -0.025979 0.008021 0.024653
v -0.025087 0.007501 0.024600
v -0.024135 0.006998 0.024548
v -0.023125 0.006515 0.024496
v -0.022058 0.006054 0.024445
v -0.020939 0.005613 0.024395
v -0.019772 0.005195 0.024346
v -0.018558 0.004801 0.024298
v -0.017302 0.004433 0.024251
v -0.016009 0.004090 0.024206
v -0.014682 0.003774 0.024164
v -0.013329 0.003486 0.024123
v -0.011952 0.003227 0.024085
v -0.010559 0.002997 0.024050
v -0.009155 0.002797 0.024019
v -0.007747 0.002628 0.023992
v -0.006340 0.002489 0.023969
v -0.004940 0.002382 0.023952
v -0.003546 0.002307 0.023941
v -0.002158 0.002263 0.023936
v -0.000769 0.002250 0.023935
v -0.000768 0.002723 0.021805
v 0.000587 0.002741 0.021806
v 0.001939 0.002789 0.021809
v 0.003303 0.002867 0.021807
v 0.004692 0.002972 0.021796
v 0.006099 0.003106 0.021779
v 0.007516 0.003267 0.021757
v 0.008937 0.003455 0.021731
v 0.010350 0.003671 0.021703
v 0.011751 0.003913 0.021674
v 0.013130 0.004183 0.021645
v 0.014481 0.004478 0.021617
v 0.015799 0.004799 0.021592
v 0.017077 0.005145 0.021569
v 0.018309 0.005515 0.021551
v 0.019491 0.005910 0.021536
v 0.020620 0.006327 0.021526
v 0.021691 0.006766 0.021520
v 0.022701 0.007226 0.021520
v 0.023648 0.007706 0.021524
v 0.024529 0.008205 0.021534
v 0.025342 0.008721 0.021549
v 0.026086 0.009253 0.021568
v 0.026759 0.009800 0.021592
v 0.027360 0.010360 0.021621
v 0.027890 0.010933 0.021653
v 0.028345 0.011516 0.021690
v 0.028727 0.012109 0.021730
v 0.029035 0.012710 0.021773
v 0.029268 0.013317 0.021821
v 0.029426 0.013929 0.021870
v 0.029510 0.014544 0.021922
v 0.029519 0.015161 0.021977
v 0.029453 0.015778 0.022034
v 0.029313 0.016395 0.022093
v 0.029100 0.017009 0.022155
v 0.028812 0.017618 0.022218
v 0.028452 0.018223 0.022283
v 0.028019 0.018820 0.022349
v 0.027514 0.019409 0.022417
v 0.026939 0.019988 0.022486
v 0.026295 0.020556 0.022557
v 0.025582 0.021110 0.022628
v 0.024803 0.021651 0.022701
v 0.023959 0.022174 0.022775
v 0.023052 0.022680 0.022849
v 0.022086 0.023166 0.022923
v 0.021063 0.023631 0.022999
v 0.019985 0.024073 0.023073
v 0.018858 0.024489 0.023147
v 0.017594 0.024882 0.024140
v 0.242480 0.217369 -0.133518
v 0.015235 0.025616 0.023349
v 0.013938 0.025891 0.023422
v 0.012631 0.026172 0.023481
v 0.011307 0.026424 0.023535
v 0.009969 0.026647 0.023581
v 0.008627 0.026842 0.023620
v 0.007287 0.027010 0.023649
v 0.005957 0.027149 0.023667
v 0.004631 0.027260 0.023679
v 0.003297 0.027344 0.023687
v 0.001953 0.027401 0.023693
v 0.000603 0.027432 0.023698
v -0.000751 0.027436 0.023699
v -0.002120 0.027414 0.023703
v -0.003510 0.027366 0.023707
v -0.004917 0.027292 0.023713
v -0.006334 0.027194 0.023719
v -0.007753 0.027069 0.023725
v -0.009170 0.026920 0.023730
v -0.010576 0.026744 0.023733
v -0.011966 0.026544 0.023736
v -0.013334 0.026317 0.023737
v -0.014674 0.026064 0.023736
v 0.005178 0.025545 0.018879
v -0.149588 0.201189 -0.134585
v 0.001685 0.025507 0.012208
v -0.019659 0.024789 0.023705
v -0.020790 0.024408 0.023690
v -0.021867 0.024006 0.023672
v -0.022887 0.023581 0.023651
v -0.023849 0.023136 0.023628
v -0.024750 0.022670 0.023601
v -0.025588 0.022185 0.023572
v -0.026362 0.021681 0.023541
v -0.027069 0.021161 0.023507
v -0.027709 0.020625 0.023470
v -0.028282 0.020075 0.023432
v -0.028785 0.019511 0.023392
v -0.029219 0.018936 0.023349
v -0.029582 0.018350 0.023306
v -0.029875 0.017757 0.023260
v -0.030098 0.017156 0.023214
v -0.030249 0.016549 0.023167
v -0.030330 0.015938 0.023118
v -0.030339 0.015325 0.023069
v -0.030278 0.014711 0.023019
v -0.030146 0.014098 0.022969
v -0.029943 0.013488 0.022918
v -0.029671 0.012881 0.022867
v -0.029329 0.012280 0.022815
v -0.028918 0.011685 0.022764
v -0.028439 0.011099 0.022712
v -0.027893 0.010523 0.022661
v -0.027280 0.009957 0.022609
v -0.026603 0.009404 0.022558
v -0.025862 0.008865 0.022507
v -0.025060 0.008342 0.022456
v -0.024197 0.007834 0.022406
v -0.023276 0.007345 0.022357
v -0.022300 0.006874 0.022308
v -0.021270 0.006423 0.022259
v -0.020191 0.005994 0.022212
v -0.019064 0.005587 0.022166
v -0.017894 0.005203 0.022121
v -0.016686 0.004845 0.022078
v -0.015441 0.004511 0.022037
v -0.014167 0.004204 0.021998
v -0.012867 0.003923 0.021961
v -0.011546 0.003671 0.021927
v -0.010211 0.003448 0.021897
v -0.008866 0.003253 0.021870
v -0.007517 0.003088 0.021847
v -0.006170 0.002954 0.021829
v -0.004822 0.002850 0.021816
v -0.003475 0.002777 0.021810
v -0.002123 0.002735 0.021806
v -0.000768 0.002723 0.021805
v -0.000768 0.003222 0.019733
v 0.000550 0.003240 0.019734
v 0.001865 0.003287 0.019737
v 0.003173 0.003364 0.019742
v 0.004482 0.003468 0.019745
v 0.005808 0.003601 0.019742
v 0.007145 0.003760 0.019733
v 0.008487 0.003945 0.019720
v 0.009825 0.004157 0.019704
v 0.011152 0.004395 0.019686
v 0.012461 0.004659 0.019668
v 0.013746 0.004948 0.019650
v 0.015001 0.005263 0.019633
v 0.016219 0.005600 0.019619
v 0.017396 0.005962 0.019607
v 0.018528 0.006347 0.019598
v 0.019609 0.006753 0.019594
v 0.020637 0.007181 0.019593
v 0.021608 0.007629 0.019596
v 0.022519 0.008097 0.019604
v 0.023368 0.008582 0.019615
v 0.024153 0.009084 0.019631
v 0.024872 0.009602 0.019652
v 0.025523 0.010134 0.019676
v 0.026107 0.010680 0.019705
v 0.026620 0.011236 0.019737
v 0.027062 0.011804 0.019772
v 0.027434 0.012380 0.019811
v 0.027734 0.012964 0.019853
v 0.027962 0.013555 0.019898
v 0.028119 0.014149 0.019946
v 0.028202 0.014748 0.019996
v 0.028214 0.015348 0.020048
v 0.028153 0.015948 0.020102
v 0.028021 0.016547 0.020159
v 0.027817 0.017144 0.020217
v 0.027542 0.017737 0.020276
v 0.027197 0.018324 0.020337
v 0.026781 0.018905 0.020400
v 0.026297 0.019477 0.020464
v 0.025745 0.020040 0.020528
v 0.025126 0.020591 0.020594
v 0.024442 0.021130 0.020661
v 0.023695 0.021654 0.020728
v 0.022886 0.022162 0.020795
v 0.022018 0.022651 0.020863
v 0.021094 0.023123 0.020931
v 0.020116 0.023573 0.020998
v 0.019087 0.024001 0.021065
v 0.018012 0.024406 0.021130
v 0.017807 0.024785 0.021674
v 0.015745 0.025174 0.021207
v 0.014550 0.025469 0.021312
v 0.013334 0.025770 0.021365
v 0.012095 0.026045 0.021413
v 0.010840 0.026292 0.021454
v 0.009576 0.026511 0.021489
v 0.008308 0.026702 0.021514
v 0.007041 0.026866 0.021532
v 0.005768 0.027003 0.021545
v 0.004483 0.027113 0.021556
v 0.003186 0.027197 0.021564
v 0.001879 0.027254 0.021570
v 0.000566 0.027285 0.021574
v -0.000751 0.027289 0.021576
v -0.002067 0.027268 0.021575
v -0.003390 0.027221 0.021575
v -0.004728 0.027148 0.021576
v -0.006076 0.027050 0.021577
v -0.007428 0.026928 0.021578
v -0.008778 0.026779 0.021579
v -0.010120 0.026606 0.021580
v -0.011448 0.026407 0.021579
v -0.012756 0.026182 0.021577
v -0.014039 0.025932 0.021572
v 0.017980 0.020529 0.024476
v -0.078660 0.233246 -0.085300
v -0.017658 0.025063 0.021548
v -0.018824 0.024679 0.021533
v -0.019913 0.024307 0.021517
v -0.020952 0.023913 0.021498
v -0.021937 0.023499 0.021476
v -0.022867 0.023064 0.021453
v -0.023738 0.022610 0.021426
v -0.024550 0.022137 0.021397
v -0.025300 0.021647 0.021366
v -0.025987 0.021140 0.021332
v -0.026609 0.020619 0.021296
v -0.027165 0.020083 0.021259
v -0.027656 0.019535 0.021220
v -0.028079 0.018975 0.021178
v -0.028434 0.018406 0.021136
v -0.028722 0.017828 0.021092
v -0.028940 0.017244 0.021047
v -0.029090 0.016654 0.021002
v -0.029171 0.016060 0.020954
v -0.029183 0.015464 0.020907
v -0.029125 0.014868 0.020859
v -0.029000 0.014272 0.020810
v -0.028806 0.013678 0.020761
v -0.028544 0.013088 0.020712
v -0.028215 0.012504 0.020662
v -0.027820 0.011926 0.020613
v -0.027358 0.011356 0.020563
v -0.026831 0.010795 0.020514
v -0.026241 0.010246 0.020465
v -0.025588 0.009709 0.020416
v -0.024874 0.009184 0.020367
v -0.024101 0.008675 0.020319
v -0.023270 0.008182 0.020271
v -0.022384 0.007707 0.020224
v -0.021445 0.007249 0.020178
v -0.020456 0.006812 0.020132
v -0.019419 0.006395 0.020088
v -0.018338 0.006000 0.020046
v -0.017217 0.005627 0.020005
v -0.016059 0.005279 0.019965
v -0.014868 0.004955 0.019927
v -0.013649 0.004657 0.019892
v -0.012407 0.004385 0.019860
v -0.011146 0.004140 0.019830
v -0.009872 0.003924 0.019804
v -0.008590 0.003736 0.019782
v -0.007302 0.003576 0.019764
v -0.006008 0.003446 0.019751
v -0.004709 0.003346 0.019743
v -0.003401 0.003275 0.019738
v -0.002086 0.003234 0.019734
v -0.000768 0.003222 0.019733
v -0.000768 0.003747 0.017724
v 0.000510 0.003765 0.017725
v 0.001784 0.003810 0.017727
v 0.003052 0.003885 0.017733
v 0.004311 0.003987 0.017740
v 0.005560 0.004117 0.017749
v 0.006814 0.004273 0.017753
v 0.008074 0.004455 0.017753
v 0.009332 0.004662 0.017749
v 0.010582 0.004895 0.017743
v 0.011817 0.005154 0.017736
v 0.013032 0.005436 0.017728
v 0.014219 0.005742 0.017721
v 0.015374 0.006072 0.017715
v 0.016492 0.006424 0.017710
v 0.017568 0.006797 0.017708
v 0.018599 0.007193 0.017709
v 0.019579 0.007609 0.017713
v 0.020507 0.008044 0.017720
v 0.021379 0.008497 0.017731
v 0.022193 0.008968 0.017745
v 0.022946 0.009455 0.017763
v 0.023638 0.009958 0.017785
v 0.024264 0.010474 0.017810
v 0.024827 0.011003 0.017838
v 0.025322 0.011543 0.017870
v 0.025750 0.012093 0.017905
v 0.026110 0.012652 0.017943
v 0.026401 0.013218 0.017983
v 0.026624 0.013790 0.018026
v 0.026777 0.014366 0.018072
v 0.026861 0.014946 0.018119
v 0.026875 0.015528 0.018169
v 0.026819 0.016109 0.018221
v 0.026695 0.016690 0.018274
v 0.026502 0.017268 0.018328
v 0.026241 0.017843 0.018384
v 0.025912 0.018411 0.018441
v 0.025516 0.018974 0.018499
v 0.025054 0.019528 0.018558
v 0.024527 0.020073 0.018618
v 0.023937 0.020607 0.018678
v 0.023284 0.021128 0.018739
v 0.022572 0.021635 0.018801
v 0.021802 0.022125 0.018862
v 0.020976 0.022599 0.018923
v 0.020097 0.023054 0.018983
v 0.019167 0.023489 0.019043
v 0.018192 0.023903 0.019101
v 0.017173 0.024294 0.019157
v 0.016114 0.024663 0.019210
v 0.014990 0.025006 0.019288
v 0.013899 0.025326 0.019307
v 0.012751 0.025619 0.019349
v 0.011584 0.025887 0.019385
v 0.010403 0.026128 0.019414
v 0.009214 0.026342 0.019436
v 0.008012 0.026530 0.019453
v 0.006799 0.026691 0.019468
v 0.005568 0.026826 0.019481
v 0.004323 0.026935 0.019491
v 0.003065 0.027018 0.019500
v 0.001798 0.027075 0.019506
v 0.000525 0.027105 0.019510
v -0.000752 0.027110 0.019511
v -0.002028 0.027090 0.019510
v -0.003302 0.027043 0.019507
v -0.004572 0.026972 0.019503
v -0.005848 0.026875 0.019500
v -0.007129 0.026753 0.019497
v -0.008410 0.026607 0.019494
v -0.009684 0.026435 0.019490
v -0.010945 0.026240 0.019486
v -0.012190 0.026018 0.019480
v -0.013416 0.025770 0.019447
v -0.088638 0.082114 0.063326
v 0.022542 0.025205 0.019450
v -0.016897 0.024887 0.019440
v -0.017984 0.024546 0.019425
v -0.019027 0.024184 0.019408
v -0.020023 0.023800 0.019388
v -0.020970 0.023397 0.019366
v -0.021864 0.022974 0.019341
v -0.022703 0.022532 0.019315
v -0.023485 0.022072 0.019286
v -0.024209 0.021596 0.019255
v -0.024872 0.021104 0.019222
v -0.025474 0.020598 0.019187
v -0.026014 0.020078 0.019150
v -0.026489 0.019546 0.019112
v -0.026900 0.019004 0.019072
v -0.027246 0.018452 0.019031
v -0.027525 0.017892 0.018989
v -0.027739 0.017325 0.018945
v -0.027887 0.016753 0.018901
v -0.027968 0.016178 0.018856
v -0.027982 0.015600 0.018810
v -0.027930 0.015022 0.018764
v -0.027811 0.014444 0.018717
v -0.027627 0.013869 0.018670
v -0.027377 0.013298 0.018622
v -0.027062 0.012731 0.018575
v -0.026683 0.012172 0.018528
v -0.026240 0.011619 0.018480
v -0.025735 0.011076 0.018433
v -0.025170 0.010544 0.018386
v -0.024543 0.010024 0.018339
v -0.023859 0.009516 0.018293
v -0.023118 0.009023 0.018248
v -0.022322 0.008545 0.018203
v -0.021474 0.008084 0.018159
v -0.020576 0.007642 0.018115
v -0.019630 0.007218 0.018074
v -0.018640 0.006814 0.018033
v -0.017608 0.006432 0.017993
v -0.016538 0.006072 0.017956
v -0.015435 0.005735 0.017920
v -0.014301 0.005422 0.017887
v -0.013141 0.005133 0.017856
v -0.011960 0.004871 0.017827
v -0.010762 0.004635 0.017802
v -0.009551 0.004426 0.017781
v -0.008328 0.004244 0.017764
v -0.007094 0.004091 0.017752
v -0.005847 0.003965 0.017742
v -0.004588 0.003868 0.017734
v -0.003320 0.003799 0.017729
v -0.002045 0.003759 0.017725
v -0.000768 0.003747 0.017724
v -0.000768 0.004297 0.015783
v 0.000466 0.004313 0.015784
v 0.001697 0.004357 0.015786
v 0.002923 0.004429 0.015791
v 0.004139 0.004528 0.015798
v 0.005343 0.004653 0.015807
v 0.006533 0.004805 0.015818
v 0.007710 0.004983 0.015830
v 0.008886 0.005186 0.015839
v 0.010056 0.005413 0.015844
v 0.011214 0.005664 0.015848
v 0.012354 0.005939 0.015851
v 0.013471 0.006236 0.015852
v 0.014559 0.006557 0.015855
v 0.015614 0.006898 0.015858
v 0.016632 0.007261 0.015863
v 0.017607 0.007644 0.015870
v 0.018537 0.008046 0.015879
v 0.019418 0.008468 0.015890
v 0.020248 0.008907 0.015905
v 0.021023 0.009362 0.015922
v 0.021742 0.009833 0.015942
v 0.022402 0.010319 0.015965
v 0.023002 0.010817 0.015991
v 0.023540 0.011329 0.016020
v 0.024016 0.011851 0.016051
v 0.024427 0.012382 0.016086
v 0.024774 0.012922 0.016122
v 0.025056 0.013469 0.016161
v 0.025272 0.014021 0.016203
v 0.025421 0.014578 0.016246
v 0.025504 0.015138 0.016291
v 0.025521 0.015700 0.016338
v 0.025471 0.016261 0.016386
v 0.025355 0.016822 0.016436
v 0.025173 0.017380 0.016487
v 0.024926 0.017935 0.016539
v 0.024615 0.018484 0.016592
v 0.024240 0.019027 0.016645
v 0.023803 0.019562 0.016699
v 0.023304 0.020087 0.016754
v 0.022744 0.020602 0.016809
v 0.022127 0.021104 0.016864
v 0.021452 0.021592 0.016919
v 0.020723 0.022064 0.016973
v 0.019942 0.022521 0.017027
v 0.019111 0.022959 0.017079
v 0.018234 0.023379 0.017130
v 0.017314 0.023778 0.017179
v 0.016355 0.024155 0.017225
v 0.015359 0.024511 0.017269
v 0.014333 0.024843 0.017308
v 0.013279 0.025152 0.017343
v 0.012203 0.025437 0.017374
v 0.011110 0.025696 0.017397
v 0.009996 0.025931 0.017418
v 0.008864 0.026141 0.017437
v 0.007713 0.026325 0.017453
v 0.006542 0.026484 0.017468
v 0.005353 0.026616 0.017480
v 0.004150 0.026723 0.017490
v 0.002934 0.026805 0.017498
v 0.001711 0.026861 0.017504
v 0.000481 0.026892 0.017508
v -0.000753 0.026897 0.017509
v -0.001985 0.026878 0.017509
v -0.003216 0.026833 0.017505
v -0.004441 0.026763 0.017500
v -0.005656 0.026668 0.017493
v -0.006866 0.026548 0.017486
v -0.008074 0.026404 0.017478
v -0.009277 0.026235 0.017471
v -0.010470 0.026043 0.017463
v -0.011648 0.025825 0.017454
v -0.012782 0.025599 0.017441
v -0.013939 0.025286 0.017429
v -0.015044 0.025032 0.017418
v -0.016116 0.024722 0.017404
v -0.017150 0.024390 0.017387
v -0.018145 0.024038 0.017369
v -0.019096 0.023666 0.017347
v -0.020000 0.023274 0.017325
v -0.020855 0.022864 0.017300
v -0.021659 0.022436 0.017273
v -0.022409 0.021991 0.017244
v -0.023104 0.021529 0.017214
v -0.023742 0.021053 0.017181
v -0.024321 0.020563 0.017147
v -0.024841 0.020060 0.017111
v -0.025300 0.019546 0.017074
v -0.025696 0.019021 0.017036
v -0.026031 0.018487 0.016996
v -0.026303 0.017946 0.016955
v -0.026511 0.017399 0.016913
v -0.026656 0.016846 0.016870
v -0.026736 0.016290 0.016827
v -0.026753 0.015733 0.016784
v -0.026705 0.015175 0.016739
v -0.026595 0.014617 0.016694
v -0.026420 0.014062 0.016649
v -0.026183 0.013510 0.016604
v -0.025884 0.012963 0.016559
v -0.025522 0.012422 0.016513
v -0.025101 0.011890 0.016468
v -0.024619 0.011365 0.016424
v -0.024080 0.010851 0.016379
v -0.023483 0.010349 0.016335
v -0.022830 0.009859 0.016291
v -0.022124 0.009383 0.016249
v -0.021366 0.008923 0.016207
v -0.020559 0.008478 0.016166
v -0.019703 0.008051 0.016126
v -0.018804 0.007642 0.016087
v -0.017863 0.007253 0.016050
v -0.016884 0.006884 0.016015
v -0.015869 0.006537 0.015981
v -0.014822 0.006212 0.015949
v -0.013748 0.005911 0.015920
v -0.012651 0.005633 0.015893
v -0.011533 0.005380 0.015870
v -0.010396 0.005153 0.015850
v -0.009241 0.004952 0.015834
v -0.008070 0.004777 0.015821
v -0.006879 0.004628 0.015809
v -0.005675 0.004508 0.015800
v -0.004458 0.004414 0.015793
v -0.003233 0.004347 0.015787
v -0.002002 0.004308 0.015784
v -0.000768 0.004297 0.015783
v -0.000768 0.004869 0.013914
v 0.000420 0.004885 0.013915
v 0.001605 0.004927 0.013917
v 0.002784 0.004996 0.013922
v 0.003954 0.005090 0.013928
v 0.005114 0.005211 0.013937
v 0.006258 0.005357 0.013947
v 0.007386 0.005528 0.013960
v 0.008495 0.005724 0.013974
v 0.009587 0.005945 0.013990
v 0.010665 0.006189 0.014005
v 0.011728 0.006455 0.014017
v 0.012772 0.006743 0.014029
v 0.013790 0.007053 0.014040
v 0.014779 0.007384 0.014051
v 0.015734 0.007735 0.014063
v 0.016651 0.008104 0.014076
v 0.017528 0.008493 0.014090
v 0.018359 0.008899 0.014107
v 0.019143 0.009322 0.014125
v 0.019876 0.009761 0.014145
v 0.020558 0.010215 0.014168
v 0.021184 0.010683 0.014192
v 0.021755 0.011164 0.014219
v 0.022268 0.011656 0.014249
v 0.022721 0.012158 0.014280
v 0.023114 0.012670 0.014314
v 0.023446 0.013190 0.014350
v 0.023716 0.013716 0.014387
v 0.023924 0.014248 0.014427
v 0.024069 0.014783 0.014468
v 0.024151 0.015322 0.014511
v 0.024170 0.015862 0.014554
v 0.024126 0.016402 0.014599
v 0.024019 0.016942 0.014646
v 0.023850 0.017479 0.014693
v 0.023619 0.018012 0.014740
v 0.023326 0.018540 0.014789
v 0.022974 0.019062 0.014837
v 0.022562 0.019576 0.014887
v 0.022093 0.020081 0.014936
v 0.021567 0.020575 0.014985
v 0.020986 0.021057 0.015033
v 0.020352 0.021526 0.015081
v 0.019667 0.021980 0.015129
v 0.018933 0.022418 0.015174
v 0.018154 0.022839 0.015218
v 0.017333 0.023242 0.015260
v 0.016471 0.023626 0.015300
v 0.015574 0.023989 0.015337
v 0.014643 0.024331 0.015370
v 0.013685 0.024650 0.015398
v 0.012700 0.024948 0.015424
v 0.011686 0.025222 0.015447
v 0.010648 0.025474 0.015469
v 0.009587 0.025702 0.015488
v 0.008502 0.025906 0.015505
v 0.007394 0.026086 0.015521
v 0.006267 0.026241 0.015535
v 0.005123 0.026371 0.015547
v 0.003965 0.026477 0.015557
v 0.002795 0.026557 0.015564
v 0.001617 0.026613 0.015570
v 0.000433 0.026643 0.015574
v -0.000754 0.026649 0.015575
v -0.001941 0.026630 0.015574
v -0.003125 0.026587 0.015572
v -0.004303 0.026519 0.015567
v -0.005473 0.026426 0.015560
v -0.006633 0.026310 0.015551
v -0.007777 0.026169 0.015540
v -0.008910 0.026004 0.015528
v -0.010032 0.025815 0.015516
v -0.011141 0.025604 0.015504
v -0.012232 0.025370 0.015491
v -0.013301 0.025112 0.015476
v -0.014345 0.024833 0.015461
v -0.015358 0.024533 0.015444
v -0.016338 0.024212 0.015426
v -0.017280 0.023871 0.015406
v -0.018183 0.023511 0.015384
v -0.019042 0.023132 0.015360
v -0.019855 0.022736 0.015335
v -0.020621 0.022322 0.015308
v -0.021337 0.021891 0.015280
v -0.022000 0.021446 0.015249
v -0.022610 0.020987 0.015217
v -0.023164 0.020514 0.015184
v -0.023662 0.020029 0.015149
v -0.024102 0.019533 0.015113
v -0.024484 0.019028 0.015075
v -0.024806 0.018514 0.015037
v -0.025068 0.017993 0.014998
v -0.025270 0.017466 0.014958
v -0.025411 0.016934 0.014917
v -0.025491 0.016400 0.014875
v -0.025510 0.015863 0.014834
v -0.025468 0.015326 0.014791
v -0.025365 0.014790 0.014749
v -0.025201 0.014255 0.014706
v -0.024977 0.013725 0.014663
v -0.024694 0.013198 0.014620
v -0.024352 0.012679 0.014577
v -0.023953 0.012166 0.014534
v -0.023497 0.011662 0.014492
v -0.022985 0.011168 0.014451
v -0.022419 0.010685 0.014409
v -0.021801 0.010214 0.014369
v -0.021132 0.009756 0.014329
v -0.020414 0.009313 0.014290
v -0.019649 0.008886 0.014253
v -0.018841 0.008476 0.014216
v -0.017991 0.008083 0.014181
v -0.017102 0.007709 0.014148
v -0.016177 0.007355 0.014116
v -0.015219 0.007022 0.014086
v -0.014233 0.006710 0.014059
v -0.013220 0.006421 0.014034
v -0.012181 0.006154 0.014012
v -0.011118 0.005912 0.013994
v -0.010032 0.005694 0.013977
v -0.008923 0.005500 0.013963
v -0.007795 0.005332 0.013950
v -0.006650 0.005189 0.013939
v -0.005490 0.005073 0.013930
v -0.004320 0.004982 0.013923
v -0.003140 0.004918 0.013918
v -0.001956 0.004880 0.013915
v -0.000768 0.004869 0.013914
v -0.000768 0.005463 0.012122
v 0.000370 0.005478 0.012123
v 0.001506 0.005518 0.012125
v 0.002636 0.005584 0.012130
v 0.003758 0.005675 0.012136
v 0.004870 0.005789 0.012144
v 0.005967 0.005930 0.012154
v 0.007049 0.006094 0.012166
v 0.008111 0.006282 0.012180
v 0.009152 0.006494 0.012195
v 0.010169 0.006727 0.012212
v 0.011164 0.006984 0.012231
v 0.012134 0.007262 0.012251
v 0.013080 0.007561 0.012271
v 0.014001 0.007879 0.012290
v 0.014891 0.008217 0.012309
v 0.015748 0.008573 0.012328
v 0.016567 0.008946 0.012348
v 0.017346 0.009337 0.012369
v 0.018081 0.009743 0.012391
v 0.018770 0.010165 0.012415
v 0.019412 0.010601 0.012440
v 0.020002 0.011049 0.012467
v 0.020541 0.011510 0.012495
v 0.021026 0.011982 0.012525
v 0.021455 0.012465 0.012557
v 0.021828 0.012955 0.012590
v 0.022144 0.013453 0.012625
v 0.022401 0.013958 0.012662
v 0.022600 0.014467 0.012699
v 0.022740 0.014981 0.012738
v 0.022821 0.015497 0.012778
v 0.022842 0.016015 0.012819
v 0.022803 0.016532 0.012861
v 0.022706 0.017049 0.012903
v 0.022550 0.017563 0.012947
v 0.022335 0.018074 0.012990
v 0.022063 0.018580 0.013034
v 0.021734 0.019079 0.013078
v 0.021350 0.019571 0.013121
v 0.020912 0.020054 0.013165
v 0.020421 0.020526 0.013207
v 0.019878 0.020987 0.013249
v 0.019287 0.021436 0.013290
v 0.018648 0.021870 0.013329
v 0.017965 0.022290 0.013367
v 0.017240 0.022693 0.013403
v 0.016475 0.023078 0.013436
v 0.015674 0.023446 0.013466
v 0.014837 0.023794 0.013494
v 0.013965 0.024122 0.013521
v 0.013060 0.024430 0.013546
v 0.012126 0.024716 0.013570
v 0.011165 0.024981 0.013592
v 0.010174 0.025223 0.013612
v 0.009158 0.025443 0.013630
v 0.008118 0.025640 0.013647
v 0.007056 0.025814 0.013662
v 0.005976 0.025964 0.013675
v 0.004879 0.026090 0.013687
v 0.003769 0.026193 0.013696
v 0.002647 0.026272 0.013703
v 0.001518 0.026327 0.013709
v 0.000383 0.026357 0.013712
v -0.000755 0.026363 0.013714
v -0.001893 0.026346 0.013713
v -0.003028 0.026304 0.013710
v -0.004158 0.026239 0.013706
v -0.005279 0.026149 0.013699
v -0.006390 0.026037 0.013691
v -0.007488 0.025901 0.013680
v -0.008569 0.025741 0.013668
v -0.009632 0.025559 0.013653
v -0.010674 0.025354 0.013638
v -0.011698 0.025128 0.013622
v -0.012701 0.024879 0.013605
v -0.013681 0.024609 0.013587
v -0.014634 0.024319 0.013568
v -0.015556 0.024010 0.013548
v -0.016444 0.023681 0.013526
v -0.017295 0.023334 0.013503
v -0.018108 0.022969 0.013479
v -0.018877 0.022587 0.013454
v -0.019602 0.022189 0.013426
v -0.020280 0.021775 0.013398
v -0.020910 0.021347 0.013368
v -0.021489 0.020905 0.013336
v -0.022017 0.020451 0.013304
v -0.022491 0.019986 0.013270
v -0.022911 0.019510 0.013235
v -0.023275 0.019025 0.013199
v -0.023584 0.018532 0.013162
v -0.023836 0.018033 0.013124
v -0.024030 0.017527 0.013086
v -0.024166 0.017018 0.013047
v -0.024245 0.016505 0.013008
v -0.024266 0.015991 0.012967
v -0.024229 0.015476 0.012927
v -0.024134 0.014963 0.012887
v -0.023982 0.014450 0.012846
v -0.023772 0.013942 0.012806
v -0.023507 0.013438 0.012765
v -0.023185 0.012940 0.012725
v -0.022810 0.012449 0.012685
v -0.022380 0.011966 0.012646
v -0.021898 0.011493 0.012607
v -0.021365 0.011030 0.012569
v -0.020783 0.010579 0.012531
v -0.020153 0.010141 0.012495
v -0.019477 0.009717 0.012459
v -0.018758 0.009308 0.012425
v -0.017998 0.008916 0.012392
v -0.017199 0.008540 0.012361
v -0.016363 0.008182 0.012331
v -0.015495 0.007844 0.012304
v -0.014592 0.007525 0.012278
v -0.013660 0.007227 0.012255
v -0.012697 0.006950 0.012235
v -0.011706 0.006695 0.012216
v -0.010689 0.006463 0.012198
v -0.009648 0.006254 0.012183
v -0.008585 0.006069 0.012168
v -0.007504 0.005908 0.012157
v -0.006406 0.005771 0.012146
v -0.005295 0.005658 0.012137
v -0.004173 0.005572 0.012131
v -0.003043 0.005510 0.012126
v -0.001907 0.005474 0.012123
v -0.000768 0.005463 0.012122
v -0.000768 0.006077 0.010411
v 0.000318 0.006091 0.010412
v 0.001402 0.006129 0.010414
v 0.002481 0.006191 0.010418
v 0.003552 0.006277 0.010425
v 0.004612 0.006387 0.010433
v 0.005659 0.006521 0.010442
v 0.006692 0.006678 0.010454
v 0.007706 0.006857 0.010466
v 0.008699 0.007058 0.010481
v 0.009670 0.007282 0.010498
v 0.010615 0.007527 0.010516
v 0.011534 0.007792 0.010536
v 0.012423 0.008077 0.010557
v 0.013283 0.008382 0.010579
v 0.014112 0.008706 0.010602
v 0.014908 0.009047 0.010627
v 0.015668 0.009405 0.010653
v 0.016393 0.009778 0.010679
v 0.017077 0.010167 0.010705
v 0.017720 0.010571 0.010732
v 0.018319 0.010987 0.010759
v 0.018872 0.011416 0.010789
v 0.019376 0.011857 0.010818
v 0.019831 0.012307 0.010849
v 0.020234 0.012768 0.010881
v 0.020586 0.013236 0.010914
v 0.020884 0.013712 0.010948
v 0.021127 0.014193 0.010984
v 0.021316 0.014679 0.011019
v 0.021450 0.015170 0.011056
v 0.021529 0.015662 0.011094
v 0.021552 0.016156 0.011132
v 0.021519 0.016650 0.011170
v 0.021431 0.017142 0.011209
v 0.021288 0.017633 0.011249
v 0.021091 0.018119 0.011288
v 0.020840 0.018601 0.011326
v 0.020536 0.019077 0.011365
v 0.020181 0.019545 0.011403
v 0.019775 0.020005 0.011440
v 0.019321 0.020455 0.011477
v 0.018819 0.020894 0.011512
v 0.018271 0.021321 0.011545
v 0.017680 0.021735 0.011577
v 0.017044 0.022135 0.011609
v 0.016367 0.022520 0.011639
v 0.015650 0.022888 0.011668
v 0.014895 0.023240 0.011696
v 0.014105 0.023573 0.011723
v 0.013282 0.023888 0.011747
v 0.012426 0.024182 0.011771
v 0.011538 0.024457 0.011793
v 0.010664 0.024698 0.011812
v 0.009683 0.024926 0.011834
v 0.008731 0.025191 0.011865
v 0.007739 0.025333 0.011876
v 0.006698 0.025511 0.011880
v 0.005667 0.025655 0.011893
v 0.004620 0.025777 0.011903
v 0.003561 0.025876 0.011912
v 0.002491 0.025952 0.011919
v 0.001413 0.026005 0.011924
v 0.000330 0.026035 0.011928
v -0.000756 0.026042 0.011930
v 0.089643 0.033670 0.006499
v 0.015516 0.025987 0.012978
v 0.015513 0.027801 0.035259
v -0.005075 0.025838 0.011916
v -0.006135 0.025730 0.011908
v -0.007182 0.025599 0.011897
v -0.008212 0.025397 0.011896
v -0.009269 0.025277 0.011869
v -0.010237 0.025086 0.011860
v -0.011204 0.024837 0.011864
v -0.012140 0.024617 0.011821
v -0.013059 0.024358 0.011801
v -0.013951 0.024080 0.011780
v -0.014813 0.023783 0.011759
v -0.015646 0.023468 0.011736
v -0.016444 0.023135 0.011712
v -0.017206 0.022785 0.011687
v -0.017929 0.022419 0.011661
v -0.018612 0.022037 0.011633
v -0.019250 0.021641 0.011605
v -0.019844 0.021232 0.011575
v -0.020391 0.020809 0.011545
v -0.020890 0.020375 0.011512
v -0.021339 0.019930 0.011479
v -0.021737 0.019476 0.011446
v -0.022083 0.019012 0.011411
v -0.022377 0.018542 0.011376
v -0.022616 0.018065 0.011340
v -0.022802 0.017583 0.011303
v -0.022934 0.017096 0.011266
v -0.023011 0.016607 0.011229
v -0.023034 0.016116 0.011191
v -0.023002 0.015625 0.011153
v -0.022915 0.015135 0.011115
v -0.022774 0.014646 0.011077
v -0.022580 0.014162 0.011039
v -0.022332 0.013681 0.011001
v -0.022032 0.013206 0.010964
v -0.021681 0.012737 0.010926
v -0.021279 0.012277 0.010889
v -0.020828 0.011825 0.010854
v -0.020330 0.011385 0.010818
v -0.019785 0.010955 0.010785
v -0.019196 0.010537 0.010751
v -0.018564 0.010133 0.010719
v -0.017891 0.009744 0.010688
v -0.017178 0.009369 0.010660
v -0.016427 0.009011 0.010632
v -0.015640 0.008671 0.010607
v -0.014817 0.008348 0.010583
v -0.013960 0.008045 0.010560
v -0.013071 0.007760 0.010539
v -0.012153 0.007496 0.010519
v -0.011207 0.007253 0.010501
v -0.010236 0.007031 0.010484
v -0.009242 0.006832 0.010469
v -0.008228 0.006655 0.010456
v -0.007196 0.006501 0.010444
v -0.006149 0.006371 0.010434
v -0.005088 0.006264 0.010426
v -0.004017 0.006181 0.010420
v -0.002939 0.006122 0.010415
v -0.001855 0.006087 0.010412
v -0.000768 0.006077 0.010411
v -0.000769 0.006708 0.008786
v 0.000264 0.006721 0.008786
v 0.001293 0.006757 0.008789
v 0.002317 0.006816 0.008793
v 0.003334 0.006898 0.008799
v 0.004341 0.007003 0.008806
v 0.005336 0.007129 0.008815
v 0.006316 0.007278 0.008826
v 0.007279 0.007448 0.008838
v 0.008223 0.007640 0.008853
v 0.009145 0.007852 0.008868
v 0.010043 0.008084 0.008886
v 0.010915 0.008337 0.008904
v 0.011759 0.008608 0.008924
v 0.012573 0.008897 0.008946
v 0.013354 0.009204 0.008969
v 0.014102 0.009528 0.008993
v 0.014815 0.009868 0.009018
v 0.015492 0.010224 0.009044
v 0.016131 0.010594 0.009072
v 0.016731 0.010977 0.009100
v 0.017289 0.011374 0.009129
v 0.017803 0.011781 0.009159
v 0.018272 0.012200 0.009190
v 0.018696 0.012629 0.009222
v 0.019073 0.013066 0.009254
v 0.019400 0.013511 0.009287
v 0.019680 0.013963 0.009321
v 0.019909 0.014421 0.009354
v 0.020087 0.014883 0.009389
v 0.020214 0.015348 0.009424
v 0.020290 0.015816 0.009459
v 0.020315 0.016284 0.009494
v 0.020288 0.016753 0.009529
v 0.020209 0.017221 0.009565
v 0.020080 0.017686 0.009599
v 0.019899 0.018148 0.009635
v 0.019669 0.018604 0.009669
v 0.019388 0.019055 0.009703
v 0.019060 0.019499 0.009737
v 0.018683 0.019936 0.009770
v 0.018260 0.020363 0.009803
v 0.017791 0.020780 0.009835
v 0.017278 0.021185 0.009866
v 0.016722 0.021579 0.009896
v 0.016125 0.021959 0.009925
v 0.015490 0.022325 0.009953
v 0.014816 0.022676 0.009981
v 0.014105 0.023010 0.010007
v 0.013357 0.023327 0.010031
v 0.012576 0.023627 0.010055
v 0.011763 0.023909 0.010077
v 0.010919 0.024171 0.010098
v 0.010048 0.024413 0.010118
v 0.009150 0.024635 0.010135
v 0.008228 0.024837 0.010152
v 0.007285 0.025018 0.010167
v 0.006319 0.025146 0.010180
v 0.005337 0.025293 0.010196
v 0.004360 0.025425 0.010203
v 0.003359 0.025528 0.010229
v 0.002333 0.025599 0.010237
v 0.001303 0.025623 0.010220
v 0.000268 0.025657 0.010222
v -0.065881 0.115848 -0.029759
v 0.053982 0.406223 -0.343610
v -0.106390 0.139793 -0.069961
v -0.003899 0.025499 0.010197
v -0.004872 0.025482 0.010211
v -0.005839 0.025405 0.010220
v -0.006861 0.025264 0.010197
v -0.007841 0.025118 0.010186
v -0.008761 0.024986 0.010185
v -0.009748 0.024763 0.010159
v -0.010671 0.024554 0.010143
v -0.011569 0.024327 0.010125
v -0.012442 0.024081 0.010106
v -0.013287 0.023816 0.010086
v -0.014101 0.023532 0.010064
v -0.014883 0.023231 0.010040
v -0.015631 0.022914 0.010015
v -0.016344 0.022580 0.009989
v -0.017020 0.022232 0.009962
v -0.017658 0.021869 0.009935
v -0.018255 0.021491 0.009907
v -0.018812 0.021101 0.009877
v -0.019325 0.020699 0.009847
v -0.019793 0.020286 0.009816
v -0.020215 0.019863 0.009784
v -0.020590 0.019431 0.009752
v -0.020916 0.018990 0.009718
v -0.021194 0.018543 0.009684
v -0.021421 0.018090 0.009650
v -0.021598 0.017632 0.009615
v -0.021724 0.017169 0.009580
v -0.021799 0.016705 0.009545
v -0.021823 0.016239 0.009509
v -0.021796 0.015772 0.009473
v -0.021717 0.015306 0.009438
v -0.021588 0.014843 0.009402
v -0.021409 0.014382 0.009367
v -0.021180 0.013926 0.009332
v -0.020902 0.013475 0.009297
v -0.020576 0.013030 0.009263
v -0.020202 0.012594 0.009229
v -0.019782 0.012166 0.009196
v -0.019317 0.011747 0.009164
v -0.018808 0.011339 0.009134
v -0.018256 0.010943 0.009104
v -0.017661 0.010560 0.009076
v -0.017026 0.010190 0.009048
v -0.016352 0.009835 0.009022
v -0.015640 0.009496 0.008996
v -0.014893 0.009172 0.008972
v -0.014111 0.008866 0.008949
v -0.013297 0.008577 0.008928
v -0.012453 0.008308 0.008907
v -0.011580 0.008057 0.008888
v -0.010682 0.007826 0.008871
v -0.009760 0.007616 0.008855
v -0.008817 0.007426 0.008841
v -0.007853 0.007258 0.008828
v -0.006873 0.007112 0.008817
v -0.005879 0.006988 0.008808
v -0.004871 0.006886 0.008800
v -0.003854 0.006808 0.008794
v -0.002830 0.006751 0.008790
v -0.001801 0.006718 0.008787
v -0.000769 0.006708 0.008786
v -0.000769 0.007356 0.007250
v 0.000206 0.007368 0.007250
v 0.001179 0.007402 0.007253
v 0.002147 0.007458 0.007257
v 0.003107 0.007535 0.007262
v 0.004058 0.007634 0.007269
v 0.004998 0.007753 0.007278
v 0.005924 0.007894 0.007288
v 0.006834 0.008055 0.007300
v 0.007725 0.008236 0.007314
v 0.008596 0.008436 0.007328
v 0.009445 0.008656 0.007344
v 0.010268 0.008894 0.007362
v 0.011066 0.009150 0.007381
v 0.011834 0.009423 0.007401
v 0.012573 0.009713 0.007423
v 0.013279 0.010019 0.007445
v 0.013951 0.010341 0.007469
v 0.014588 0.010677 0.007494
v 0.015188 0.011026 0.007520
v 0.015750 0.011389 0.007548
v 0.016271 0.011763 0.007575
v 0.016752 0.012149 0.007604
v 0.017192 0.012544 0.007634
v 0.017588 0.012949 0.007664
v 0.017940 0.013363 0.007695
v 0.018248 0.013783 0.007727
v 0.018509 0.014210 0.007758
v 0.018724 0.014642 0.007790
v 0.018891 0.015079 0.007823
v 0.019011 0.015518 0.007856
v 0.019083 0.015960 0.007889
v 0.019106 0.016402 0.007922
v 0.019082 0.016845 0.007955
v 0.019009 0.017286 0.007988
v 0.018889 0.017726 0.008021
v 0.018721 0.018162 0.008054
v 0.018506 0.018593 0.008086
v 0.018244 0.019019 0.008119
v 0.017938 0.019439 0.008150
v 0.017587 0.019851 0.008182
v 0.017192 0.020254 0.008212
v 0.016753 0.020648 0.008242
v 0.016273 0.021031 0.008271
v 0.015751 0.021402 0.008299
v 0.015190 0.021762 0.008327
v 0.014590 0.022108 0.008353
v 0.013954 0.022440 0.008379
v 0.013281 0.022756 0.008403
v 0.012576 0.023057 0.008426
v 0.011838 0.023342 0.008449
v 0.011069 0.023609 0.008470
v 0.010272 0.023857 0.008490
v 0.009449 0.024087 0.008508
v 0.008601 0.024298 0.008525
v 0.007731 0.024490 0.008540
v 0.006839 0.024662 0.008555
v 0.005930 0.024814 0.008567
v 0.005005 0.024946 0.008578
v 0.004066 0.025057 0.008588
v 0.003123 0.025143 0.008677
v 0.040007 0.067893 -0.042849
v 0.001191 0.037475 -0.016094
v 0.000206 0.025235 0.008620
v -0.175489 0.332577 -0.259246
v 0.024802 0.045097 0.098845
v 0.006762 0.026889 0.053394
v -0.003683 0.025200 0.008591
v -0.004634 0.025114 0.008599
v -0.005585 0.025016 0.008591
v -0.006503 0.024876 0.008564
v -0.007451 0.024759 0.008572
v -0.008361 0.024600 0.008560
v -0.009252 0.024422 0.008546
v -0.010124 0.024225 0.008531
v -0.010973 0.024010 0.008515
v -0.011797 0.023777 0.008497
v -0.012595 0.023525 0.008477
v -0.013364 0.023257 0.008456
v -0.014103 0.022972 0.008434
v -0.014810 0.022672 0.008411
v -0.015483 0.022356 0.008387
v -0.016120 0.022026 0.008361
v -0.016720 0.021682 0.008334
v -0.017283 0.021325 0.008307
v -0.017805 0.020956 0.008279
v -0.018286 0.020575 0.008249
v -0.018725 0.020184 0.008219
v -0.019120 0.019784 0.008188
v -0.019472 0.019375 0.008157
v -0.019778 0.018959 0.008125
v -0.020039 0.018536 0.008093
v -0.020252 0.018107 0.008060
v -0.020419 0.017674 0.008027
v -0.020539 0.017237 0.007994
v -0.020611 0.016798 0.007961
v -0.020636 0.016358 0.007927
v -0.020612 0.015917 0.007894
v -0.020540 0.015477 0.007861
v -0.020421 0.015039 0.007828
v -0.020254 0.014604 0.007795
v -0.020041 0.014173 0.007763
v -0.019781 0.013748 0.007731
v -0.019475 0.013328 0.007699
v -0.019124 0.012915 0.007668
v -0.018729 0.012511 0.007638
v -0.018290 0.012116 0.007608
v -0.017810 0.011731 0.007579
v -0.017288 0.011357 0.007551
v -0.016726 0.010995 0.007524
v -0.016127 0.010646 0.007498
v -0.015489 0.010310 0.007473
v -0.014817 0.009990 0.007449
v -0.014111 0.009684 0.007426
v -0.013373 0.009395 0.007404
v -0.012604 0.009123 0.007384
v -0.011807 0.008868 0.007365
v -0.010982 0.008631 0.007347
v -0.010134 0.008413 0.007331
v -0.009263 0.008214 0.007316
v -0.008371 0.008035 0.007302
v -0.007462 0.007877 0.007290
v -0.006535 0.007738 0.007280
v -0.005596 0.007621 0.007271
v -0.004644 0.007525 0.007264
v -0.003683 0.007450 0.007258
v -0.002716 0.007397 0.007254
v -0.001743 0.007366 0.007251
v -0.000769 0.007356 0.007250
v -0.000769 0.008019 0.005807
v 0.000146 0.008030 0.005808
v 0.001060 0.008062 0.005810
v 0.001968 0.008115 0.005814
v 0.002871 0.008187 0.005819
v 0.003764 0.008279 0.005826
v 0.004647 0.008392 0.005834
v 0.005516 0.008523 0.005843
v 0.006370 0.008674 0.005854
v 0.007207 0.008844 0.005866
v 0.008025 0.009032 0.005881
v 0.008822 0.009238 0.005896
v 0.009595 0.009462 0.005912
v 0.010344 0.009703 0.005930
v 0.011066 0.009959 0.005949
v 0.011759 0.010232 0.005969
v 0.012422 0.010519 0.005991
v 0.013054 0.010821 0.006013
v 0.013651 0.011136 0.006037
v 0.014215 0.011465 0.006061
v 0.014742 0.011805 0.006087
v 0.015232 0.012156 0.006113
v 0.015684 0.012519 0.006140
v 0.016095 0.012890 0.006168
v 0.016466 0.013271 0.006196
v 0.016796 0.013659 0.006225
v 0.017083 0.014054 0.006255
v 0.017327 0.014455 0.006285
v 0.017528 0.014860 0.006315
v 0.017685 0.015270 0.006346
v 0.017797 0.015683 0.006376
v 0.017864 0.016098 0.006408
v 0.017886 0.016513 0.006439
v 0.017864 0.016928 0.006470
v 0.017797 0.017343 0.006501
v 0.017685 0.017755 0.006532
v 0.017528 0.018164 0.006563
v 0.017327 0.018570 0.006593
v 0.017083 0.018970 0.006623
v 0.016796 0.019363 0.006653
v 0.016467 0.019750 0.006682
v 0.016096 0.020129 0.006711
v 0.015684 0.020498 0.006739
v 0.015233 0.020858 0.006766
v 0.014744 0.021207 0.006793
v 0.014216 0.021545 0.006818
v 0.013653 0.021870 0.006843
v 0.013055 0.022182 0.006867
v 0.012425 0.022479 0.006890
v 0.011762 0.022763 0.006912
v 0.011069 0.023030 0.006933
v 0.010347 0.023282 0.006953
v 0.009599 0.023517 0.006971
v 0.008826 0.023734 0.006988
v 0.008029 0.023933 0.007004
v 0.007212 0.024114 0.007019
v 0.006375 0.024277 0.007032
v 0.005521 0.024421 0.007043
v 0.004653 0.024545 0.007054
v 0.003770 0.024650 0.007063
v 0.002878 0.024736 0.007070
v 0.001965 0.024806 0.007095
v 0.001059 0.024819 0.007107
v -0.012245 0.038628 0.073795
v 0.043517 0.074386 -0.031851
v -0.001672 0.024856 0.007129
v -0.002588 0.024801 0.007053
v -0.003516 0.024775 0.007075
v -0.004451 0.024708 0.007093
v -0.005293 0.024613 0.007066
v -0.006175 0.024502 0.007058
v -0.007045 0.024371 0.007048
v -0.007899 0.024222 0.007037
v -0.008736 0.024054 0.007024
v -0.009554 0.023870 0.007010
v -0.010351 0.023667 0.006994
v -0.011125 0.023447 0.006978
v -0.011874 0.023210 0.006959
v -0.012597 0.022958 0.006940
v -0.013290 0.022690 0.006919
v -0.013954 0.022407 0.006897
v -0.014586 0.022110 0.006874
v -0.015184 0.021799 0.006850
v -0.015748 0.021476 0.006826
v -0.016275 0.021140 0.006799
v -0.016766 0.020793 0.006773
v -0.017218 0.020435 0.006745
v -0.017630 0.020068 0.006718
v -0.018001 0.019691 0.006688
v -0.018331 0.019307 0.006659
v -0.018619 0.018915 0.006629
v -0.018863 0.018517 0.006599
v -0.019064 0.018115 0.006568
v -0.019221 0.017708 0.006537
v -0.019334 0.017297 0.006506
v -0.019401 0.016885 0.006475
v -0.019424 0.016471 0.006444
v -0.019401 0.016057 0.006412
v -0.019334 0.015644 0.006381
v -0.019222 0.015233 0.006350
v -0.019066 0.014824 0.006319
v -0.018865 0.014420 0.006289
v -0.018621 0.014020 0.006259
v -0.018334 0.013625 0.006229
v -0.018005 0.013238 0.006200
v -0.017633 0.012859 0.006171
v -0.017222 0.012487 0.006144
v -0.016770 0.012126 0.006117
v -0.016281 0.011775 0.006090
v -0.015753 0.011435 0.006065
v -0.015190 0.011108 0.006040
v -0.014592 0.010793 0.006017
v -0.013960 0.010492 0.005994
v -0.013297 0.010205 0.005972
v -0.012604 0.009933 0.005952
v -0.011882 0.009678 0.005933
v -0.011133 0.009438 0.005915
v -0.010359 0.009216 0.005899
v -0.009563 0.009012 0.005883
v -0.008745 0.008825 0.005869
v -0.007908 0.008657 0.005856
v -0.007054 0.008508 0.005845
v -0.006184 0.008378 0.005835
v -0.005302 0.008268 0.005827
v -0.004408 0.008178 0.005820
v -0.003506 0.008108 0.005814
v -0.002597 0.008058 0.005811
v -0.001684 0.008028 0.005808
v -0.000769 0.008019 0.005807
v -0.000769 0.008695 0.004462
v 0.000085 0.008706 0.004462
v 0.000937 0.008736 0.004464
v 0.001784 0.008784 0.004467
v 0.002625 0.008852 0.004473
v 0.003459 0.008938 0.004478
v 0.004282 0.009043 0.004486
v 0.005092 0.009166 0.004495
v 0.005889 0.009306 0.004505
v 0.006670 0.009465 0.004517
v 0.007432 0.009640 0.004530
v 0.008175 0.009832 0.004544
v 0.008897 0.010040 0.004559
v 0.009595 0.010265 0.004576
v 0.010268 0.010504 0.004594
v 0.010915 0.010758 0.004613
v 0.011534 0.011027 0.004633
v 0.012122 0.011308 0.004654
v 0.012680 0.011602 0.004676
v 0.013205 0.011908 0.004699
v 0.013697 0.012226 0.004722
v 0.014154 0.012554 0.004747
v 0.014575 0.012891 0.004772
v 0.014959 0.013238 0.004798
v 0.015305 0.013593 0.004824
v 0.015613 0.013955 0.004851
v 0.015880 0.014323 0.004879
v 0.016108 0.014697 0.004907
v 0.016295 0.015075 0.004935
v 0.016441 0.015458 0.004964
v 0.016546 0.015842 0.004993
v 0.016609 0.016229 0.005021
v 0.016630 0.016616 0.005051
v 0.016609 0.017004 0.005080
v 0.016546 0.017390 0.005108
v 0.016442 0.017775 0.005138
v 0.016296 0.018156 0.005166
v 0.016108 0.018534 0.005194
v 0.015881 0.018907 0.005223
v 0.015613 0.019274 0.005250
v 0.015306 0.019635 0.005277
v 0.014960 0.019988 0.005304
v 0.014576 0.020333 0.005330
v 0.014155 0.020669 0.005356
v 0.013699 0.020994 0.005381
v 0.013207 0.021309 0.005405
v 0.012682 0.021612 0.005428
v 0.012124 0.021903 0.005450
v 0.011535 0.022181 0.005471
v 0.010917 0.022445 0.005492
v 0.010271 0.022695 0.005511
v 0.009598 0.022930 0.005530
v 0.008900 0.023150 0.005547
v 0.008179 0.023353 0.005563
v 0.007436 0.023540 0.005578
v 0.006674 0.023710 0.005591
v 0.005894 0.023863 0.005603
v 0.005097 0.023997 0.005614
v 0.004287 0.024114 0.005624
v 0.003464 0.024213 0.005632
v 0.002631 0.024293 0.005639
v 0.001790 0.024355 0.005644
v 0.000971 0.024400 0.005620
v 0.000062 0.024494 0.005661
v -0.000770 0.024444 0.005687
v -0.001616 0.024417 0.005651
v -0.002467 0.024385 0.005649
v -0.003314 0.024336 0.005646
v -0.004156 0.024268 0.005641
v -0.004989 0.024182 0.005635
v -0.005812 0.024078 0.005628
v -0.006623 0.023956 0.005618
v -0.007419 0.023817 0.005608
v -0.008200 0.023660 0.005596
v -0.008964 0.023487 0.005583
v -0.009707 0.023298 0.005568
v -0.010429 0.023092 0.005552
v -0.011127 0.022871 0.005536
v -0.011801 0.022635 0.005517
v -0.012447 0.022385 0.005498
v -0.013066 0.022120 0.005478
v -0.013656 0.021843 0.005456
v -0.014214 0.021552 0.005434
v -0.014740 0.021250 0.005411
v -0.015232 0.020936 0.005387
v -0.015689 0.020612 0.005362
v -0.016110 0.020278 0.005336
v -0.016494 0.019934 0.005310
v -0.016841 0.019583 0.005283
v -0.017149 0.019224 0.005256
v -0.017417 0.018859 0.005228
v -0.017645 0.018487 0.005200
v -0.017832 0.018111 0.005171
v -0.017978 0.017732 0.005143
v -0.018083 0.017349 0.005113
v -0.018146 0.016964 0.005085
v -0.018167 0.016578 0.005055
v -0.018146 0.016192 0.005026
v -0.018084 0.015806 0.004997
v -0.017979 0.015423 0.004968
v -0.017833 0.015041 0.004939
v -0.017646 0.014664 0.004911
v -0.017419 0.014291 0.004883
v -0.017151 0.013923 0.004855
v -0.016844 0.013562 0.004828
v -0.016498 0.013208 0.004801
v -0.016113 0.012862 0.004776
v -0.015693 0.012525 0.004750
v -0.015236 0.012198 0.004726
v -0.014744 0.011881 0.004702
v -0.014219 0.011575 0.004679
v -0.013661 0.011282 0.004657
v -0.013072 0.011001 0.004636
v -0.012453 0.010734 0.004616
v -0.011807 0.010480 0.004597
v -0.011134 0.010242 0.004579
v -0.010435 0.010019 0.004562
v -0.009713 0.009812 0.004547
v -0.008970 0.009621 0.004532
v -0.008208 0.009447 0.004519
v -0.007427 0.009291 0.004507
v -0.006630 0.009151 0.004497
v -0.005819 0.009031 0.004488
v -0.004996 0.008928 0.004480
v -0.004163 0.008843 0.004473
v -0.003322 0.008778 0.004468
v -0.002474 0.008732 0.004465
v -0.001622 0.008704 0.004462
v -0.000769 0.008695 0.004462
v -0.000769 0.009384 0.003216
v 0.000021 0.009394 0.003216
v 0.000809 0.009421 0.003218
v 0.001593 0.009466 0.003221
v 0.002372 0.009528 0.003226
v 0.003143 0.009608 0.003231
v 0.003905 0.009704 0.003239
v 0.004655 0.009818 0.003247
v 0.005392 0.009948 0.003257
v 0.006114 0.010095 0.003267
v 0.006820 0.010257 0.003279
v 0.007508 0.010435 0.003292
v 0.008175 0.010627 0.003307
v 0.008822 0.010835 0.003322
v 0.009444 0.011056 0.003339
v 0.010043 0.011292 0.003356
v 0.010615 0.011540 0.003374
v 0.011160 0.011800 0.003394
v 0.011676 0.012072 0.003414
v 0.012162 0.012356 0.003435
v 0.012617 0.012649 0.003457
v 0.013040 0.012953 0.003480
v 0.013430 0.013265 0.003503
v 0.013785 0.013586 0.003527
v 0.014105 0.013914 0.003552
v 0.014390 0.014249 0.003577
v 0.014637 0.014590 0.003602
v 0.014849 0.014936 0.003628
v 0.015022 0.015286 0.003654
v 0.015157 0.015640 0.003681
v 0.015253 0.015996 0.003708
v 0.015311 0.016354 0.003734
v 0.015331 0.016712 0.003761
v 0.015312 0.017071 0.003788
v 0.015254 0.017428 0.003815
v 0.015157 0.017784 0.003842
v 0.015022 0.018137 0.003868
v 0.014849 0.018487 0.003894
v 0.014638 0.018832 0.003920
v 0.014390 0.019172 0.003946
v 0.014106 0.019505 0.003971
v 0.013786 0.019832 0.003996
v 0.013431 0.020151 0.004020
v 0.013041 0.020462 0.004044
v 0.012619 0.020763 0.004066
v 0.012164 0.021055 0.004089
v 0.011678 0.021335 0.004110
v 0.011162 0.021604 0.004131
v 0.010617 0.021862 0.004151
v 0.010045 0.022107 0.004169
v 0.009447 0.022338 0.004187
v 0.008824 0.022556 0.004204
v 0.008178 0.022759 0.004220
v 0.007511 0.022948 0.004235
v 0.006823 0.023121 0.004248
v 0.006118 0.023279 0.004261
v 0.005396 0.023421 0.004272
v 0.004659 0.023547 0.004282
v 0.003909 0.023656 0.004291
v 0.003147 0.023748 0.004299
v 0.002377 0.023823 0.004305
v 0.001598 0.023881 0.004310
v 0.000814 0.023921 0.004313
v 0.000027 0.023945 0.004316
v -0.000763 0.023951 0.004317
v -0.001553 0.023940 0.004316
v -0.002341 0.023911 0.004314
v -0.003125 0.023865 0.004311
v -0.003904 0.023802 0.004307
v -0.004675 0.023723 0.004301
v -0.005436 0.023626 0.004294
v -0.006187 0.023513 0.004286
v -0.006924 0.023384 0.004276
v -0.007647 0.023240 0.004265
v -0.008353 0.023079 0.004253
v -0.009041 0.022903 0.004239
v -0.009708 0.022713 0.004225
v -0.010355 0.022508 0.004209
v -0.010978 0.022289 0.004192
v -0.011577 0.022057 0.004174
v -0.012149 0.021812 0.004156
v -0.012694 0.021554 0.004136
v -0.013211 0.021285 0.004115
v -0.013697 0.021005 0.004094
v -0.014153 0.020714 0.004072
v -0.014576 0.020413 0.004049
v -0.014965 0.020104 0.004025
v -0.015321 0.019786 0.004001
v -0.015641 0.019460 0.003976
v -0.015926 0.019128 0.003951
v -0.016174 0.018789 0.003925
v -0.016385 0.018445 0.003899
v -0.016558 0.018097 0.003873
v -0.016694 0.017745 0.003846
v -0.016791 0.017391 0.003819
v -0.016849 0.017034 0.003792
v -0.016869 0.016677 0.003765
v -0.016850 0.016320 0.003738
v -0.016791 0.015963 0.003711
v -0.016695 0.015608 0.003685
v -0.016560 0.015255 0.003658
v -0.016387 0.014905 0.003632
v -0.016176 0.014560 0.003606
v -0.015928 0.014220 0.003580
v -0.015644 0.013886 0.003555
v -0.015324 0.013558 0.003530
v -0.014968 0.013238 0.003506
v -0.014579 0.012926 0.003483
v -0.014156 0.012623 0.003460
v -0.013701 0.012330 0.003438
v -0.013215 0.012047 0.003417
v -0.012699 0.011776 0.003397
v -0.012154 0.011516 0.003377
v -0.011581 0.011269 0.003359
v -0.010983 0.011035 0.003341
v -0.010360 0.010815 0.003324
v -0.009714 0.010608 0.003309
v -0.009046 0.010417 0.003295
v -0.008358 0.010240 0.003281
v -0.007652 0.010079 0.003269
v -0.006930 0.009934 0.003258
v -0.006193 0.009806 0.003248
v -0.005443 0.009693 0.003240
v -0.004681 0.009599 0.003233
v -0.003910 0.009521 0.003227
v -0.003131 0.009460 0.003222
v -0.002347 0.009417 0.003219
v -0.001559 0.009391 0.003216
v -0.000769 0.009384 0.003216
v -0.000769 0.010082 0.002073
v -0.000045 0.010090 0.002073
v 0.000678 0.010116 0.002075
v 0.001397 0.010157 0.002078
v 0.002111 0.010214 0.002082
v 0.002818 0.010287 0.002087
v 0.003516 0.010376 0.002094
v 0.004204 0.010480 0.002101
v 0.004880 0.010599 0.002110
v 0.005542 0.010733 0.002120
v 0.006190 0.010882 0.002131
v 0.006820 0.011045 0.002143
v 0.007432 0.011222 0.002156
v 0.008025 0.011412 0.002170
v 0.008596 0.011615 0.002185
v 0.009144 0.011830 0.002201
v 0.009670 0.012058 0.002218
v 0.010169 0.012297 0.002236
v 0.010642 0.012546 0.002255
v 0.011088 0.012806 0.002274
v 0.011505 0.013075 0.002294
v 0.011893 0.013354 0.002315
v 0.012250 0.013640 0.002336
v 0.012576 0.013934 0.002358
v 0.012869 0.014235 0.002381
v 0.013130 0.014542 0.002404
v 0.013357 0.014855 0.002427
v 0.013551 0.015172 0.002451
v 0.013710 0.015493 0.002475
v 0.013834 0.015817 0.002499
v 0.013922 0.016144 0.002524
v 0.013976 0.016472 0.002548
v 0.013993 0.016801 0.002573
v 0.013976 0.017129 0.002597
v 0.013922 0.017457 0.002622
v 0.013834 0.017783 0.002646
v 0.013710 0.018107 0.002671
v 0.013551 0.018427 0.002695
v 0.013358 0.018744 0.002719
v 0.013131 0.019055 0.002743
v 0.012870 0.019361 0.002765
v 0.012576 0.019661 0.002788
v 0.012251 0.019954 0.002810
v 0.011894 0.020238 0.002832
v 0.011507 0.020515 0.002853
v 0.011090 0.020782 0.002873
v 0.010644 0.021039 0.002893
v 0.010171 0.021287 0.002912
v 0.009671 0.021522 0.002930
v 0.009147 0.021747 0.002947
v 0.008598 0.021960 0.002964
v 0.008027 0.022160 0.002979
v 0.007435 0.022346 0.002993
v 0.006823 0.022519 0.003007
v 0.006193 0.022679 0.003019
v 0.005546 0.022824 0.003031
v 0.004883 0.022955 0.003041
v 0.004208 0.023071 0.003051
v 0.003520 0.023171 0.003058
v 0.002822 0.023256 0.003065
v 0.002115 0.023326 0.003071
v 0.001401 0.023379 0.003076
v 0.000682 0.023417 0.003079
v -0.000040 0.023439 0.003081
v -0.000765 0.023445 0.003082
v -0.001489 0.023435 0.003081
v -0.002211 0.023409 0.003079
v -0.002930 0.023367 0.003077
v -0.003644 0.023310 0.003073
v -0.004351 0.023236 0.003068
v -0.005049 0.023148 0.003061
v -0.005738 0.023045 0.003053
v -0.006414 0.022926 0.003044
v -0.007076 0.022793 0.003034
v -0.007723 0.022646 0.003023
v -0.008354 0.022484 0.003011
v -0.008966 0.022309 0.002998
v -0.009559 0.022121 0.002983
v -0.010131 0.021920 0.002968
v -0.010679 0.021707 0.002952
v -0.011205 0.021482 0.002934
v -0.011704 0.021245 0.002916
v -0.012178 0.020998 0.002898
v -0.012624 0.020741 0.002878
v -0.013041 0.020474 0.002857
v -0.013429 0.020197 0.002837
v -0.013786 0.019913 0.002815
v -0.014112 0.019621 0.002793
v -0.014406 0.019322 0.002770
v -0.014667 0.019017 0.002747
v -0.014895 0.018706 0.002723
v -0.015088 0.018391 0.002699
v -0.015247 0.018071 0.002675
v -0.015371 0.017748 0.002650
v -0.015460 0.017423 0.002626
v -0.015513 0.017096 0.002602
v -0.015532 0.016768 0.002577
v -0.015514 0.016440 0.002552
v -0.015461 0.016113 0.002527
v -0.015372 0.015788 0.002503
v -0.015248 0.015464 0.002478
v -0.015089 0.015144 0.002454
v -0.014896 0.014827 0.002430
v -0.014669 0.014515 0.002407
v -0.014408 0.014209 0.002384
v -0.014115 0.013908 0.002361
v -0.013789 0.013615 0.002339
v -0.013432 0.013329 0.002318
v -0.013044 0.013051 0.002297
v -0.012627 0.012783 0.002277
v -0.012181 0.012524 0.002257
v -0.011708 0.012275 0.002238
v -0.011208 0.012037 0.002221
v -0.010683 0.011810 0.002204
v -0.010135 0.011596 0.002188
v -0.009563 0.011393 0.002173
v -0.008971 0.011204 0.002158
v -0.008359 0.011029 0.002145
v -0.007728 0.010867 0.002133
v -0.007081 0.010719 0.002122
v -0.006419 0.010587 0.002112
v -0.005743 0.010469 0.002103
v -0.005055 0.010366 0.002095
v -0.004356 0.010279 0.002088
v -0.003649 0.010208 0.002083
v -0.002935 0.010152 0.002078
v -0.002216 0.010112 0.002076
v -0.001493 0.010089 0.002073
v -0.000769 0.010082 0.002073
v -0.000770 0.010788 0.001035
v -0.000112 0.010796 0.001036
v 0.000543 0.010819 0.001037
v 0.001195 0.010856 0.001040
v 0.001843 0.010908 0.001044
v 0.002484 0.010974 0.001049
v 0.003118 0.011055 0.001054
v 0.003742 0.011149 0.001061
v 0.004355 0.011257 0.001069
v 0.004955 0.011379 0.001078
v 0.005542 0.011513 0.001088
v 0.006114 0.011661 0.001099
v 0.006670 0.011821 0.001111
v 0.007207 0.011994 0.001124
v 0.007725 0.012178 0.001137
v 0.008222 0.012373 0.001152
v 0.008699 0.012579 0.001167
v 0.009152 0.012796 0.001183
v 0.009581 0.013023 0.001200
v 0.009985 0.013258 0.001218
v 0.010364 0.013502 0.001236
v 0.010715 0.013755 0.001255
v 0.011039 0.014015 0.001274
v 0.011335 0.014281 0.001294
v 0.011601 0.014554 0.001315
v 0.011838 0.014833 0.001335
v 0.012044 0.015117 0.001356
v 0.012219 0.015404 0.001378
v 0.012363 0.015695 0.001400
v 0.012475 0.015990 0.001422
v 0.012556 0.016285 0.001444
v 0.012604 0.016583 0.001466
v 0.012620 0.016881 0.001489
v 0.012604 0.017179 0.001511
v 0.012556 0.017476 0.001533
v 0.012476 0.017772 0.001556
v 0.012363 0.018066 0.001578
v 0.012219 0.018356 0.001600
v 0.012044 0.018643 0.001621
v 0.011838 0.018926 0.001642
v 0.011602 0.019203 0.001664
v 0.011335 0.019475 0.001684
v 0.011040 0.019741 0.001704
v 0.010716 0.019999 0.001724
v 0.010365 0.020250 0.001743
v 0.009986 0.020492 0.001761
v 0.009582 0.020726 0.001779
v 0.009153 0.020950 0.001796
v 0.008700 0.021164 0.001813
v 0.008224 0.021368 0.001828
v 0.007727 0.021561 0.001843
v 0.007209 0.021743 0.001857
v 0.006672 0.021912 0.001870
v 0.006117 0.022069 0.001883
v 0.005545 0.022215 0.001894
v 0.004958 0.022346 0.001904
v 0.004357 0.022465 0.001913
v 0.003744 0.022570 0.001922
v 0.003121 0.022662 0.001929
v 0.002487 0.022739 0.001935
v 0.001846 0.022803 0.001940
v 0.001199 0.022852 0.001945
v 0.000547 0.022887 0.001947
v -0.000109 0.022907 0.001949
v -0.000765 0.022912 0.001950
v -0.001422 0.022904 0.001950
v -0.002078 0.022880 0.001948
v -0.002730 0.022843 0.001945
v -0.003378 0.022791 0.001942
v -0.004019 0.022725 0.001937
v -0.004652 0.022644 0.001931
v -0.005276 0.022551 0.001924
v -0.005890 0.022443 0.001916
v -0.006490 0.022322 0.001907
v -0.007078 0.022189 0.001897
v -0.007649 0.022042 0.001886
v -0.008205 0.021883 0.001874
v -0.008742 0.021712 0.001861
v -0.009260 0.021529 0.001847
v -0.009758 0.021336 0.001832
v -0.010234 0.021131 0.001816
v -0.010688 0.020916 0.001800
v -0.011117 0.020692 0.001783
v -0.011522 0.020458 0.001766
v -0.011900 0.020215 0.001747
v -0.012252 0.019964 0.001728
v -0.012576 0.019706 0.001708
v -0.012872 0.019441 0.001688
v -0.013138 0.019169 0.001668
v -0.013375 0.018892 0.001647
v -0.013581 0.018610 0.001625
v -0.013757 0.018324 0.001604
v -0.013901 0.018034 0.001582
v -0.014013 0.017741 0.001560
v -0.014094 0.017446 0.001537
v -0.014142 0.017149 0.001515
v -0.014159 0.016852 0.001492
v -0.014143 0.016554 0.001470
v -0.014094 0.016257 0.001447
v -0.014014 0.015962 0.001425
v -0.013901 0.015669 0.001403
v -0.013758 0.015378 0.001381
v -0.013582 0.015091 0.001360
v -0.013376 0.014808 0.001338
v -0.013140 0.014531 0.001317
v -0.012874 0.014258 0.001297
v -0.012578 0.013992 0.001277
v -0.012254 0.013733 0.001257
v -0.011903 0.013481 0.001239
v -0.011524 0.013237 0.001220
v -0.011120 0.013002 0.001202
v -0.010690 0.012777 0.001186
v -0.010237 0.012561 0.001169
v -0.009761 0.012356 0.001154
v -0.009263 0.012161 0.001139
v -0.008746 0.011977 0.001126
v -0.008208 0.011806 0.001113
v -0.007653 0.011647 0.001101
v -0.007081 0.011500 0.001089
v -0.006494 0.011366 0.001079
v -0.005893 0.011246 0.001070
v -0.005280 0.011139 0.001062
v -0.004656 0.011046 0.001055
v -0.004023 0.010967 0.001049
v -0.003382 0.010902 0.001044
v -0.002734 0.010852 0.001040
v -0.002082 0.010816 0.001038
v -0.001427 0.010794 0.001036
v -0.000770 0.010788 0.001035
v -0.000770 0.011501 0.000105
v -0.000181 0.011508 0.000105
v 0.000405 0.011528 0.000107
v 0.000989 0.011561 0.000109
v 0.001568 0.011608 0.000112
v 0.002142 0.011667 0.000117
v 0.002709 0.011739 0.000122
v 0.003268 0.011823 0.000128
v 0.003817 0.011920 0.000135
v 0.004355 0.012029 0.000143
v 0.004880 0.012150 0.000152
v 0.005392 0.012281 0.000162
v 0.005889 0.012425 0.000173
v 0.006370 0.012579 0.000184
v 0.006833 0.012744 0.000196
v 0.007279 0.012919 0.000210
v 0.007705 0.013104 0.000223
v 0.008110 0.013298 0.000237
v 0.008495 0.013500 0.000253
v 0.008856 0.013711 0.000269
v 0.009195 0.013929 0.000285
v 0.009510 0.014156 0.000302
v 0.009800 0.014388 0.000319
v 0.010065 0.014627 0.000337
v 0.010303 0.014871 0.000355
v 0.010515 0.015120 0.000374
v 0.010699 0.015374 0.000393
v 0.010856 0.015632 0.000412
v 0.010985 0.015892 0.000432
v 0.011085 0.016155 0.000451
v 0.011157 0.016420 0.000471
v 0.011201 0.016687 0.000491
v 0.011215 0.016953 0.000511
v 0.011201 0.017220 0.000531
v 0.011158 0.017486 0.000552
v 0.011085 0.017751 0.000571
v 0.010985 0.018013 0.000591
v 0.010856 0.018273 0.000610
v 0.010700 0.018530 0.000630
v 0.010515 0.018783 0.000649
v 0.010303 0.019032 0.000668
v 0.010065 0.019275 0.000686
v 0.009800 0.019513 0.000704
v 0.009511 0.019744 0.000721
v 0.009196 0.019969 0.000739
v 0.008857 0.020186 0.000755
v 0.008496 0.020395 0.000771
v 0.008112 0.020595 0.000786
v 0.007706 0.020788 0.000801
v 0.007280 0.020970 0.000815
v 0.006835 0.021143 0.000828
v 0.006372 0.021305 0.000841
v 0.005890 0.021458 0.000852
v 0.005394 0.021599 0.000863
v 0.004882 0.021728 0.000873
v 0.004357 0.021847 0.000882
v 0.003819 0.021953 0.000891
v 0.003270 0.022048 0.000899
v 0.002712 0.022130 0.000905
v 0.002145 0.022199 0.000910
v 0.001572 0.022256 0.000915
v 0.000992 0.022300 0.000919
v 0.000408 0.022332 0.000921
v -0.000178 0.022350 0.000923
v -0.000766 0.022355 0.000923
v -0.001354 0.022348 0.000923
v -0.001941 0.022327 0.000921
v -0.002525 0.022293 0.000919
v -0.003104 0.022247 0.000916
v -0.003678 0.022188 0.000911
v -0.004245 0.022117 0.000906
v -0.004804 0.022032 0.000900
v -0.005353 0.021936 0.000893
v -0.005890 0.021828 0.000885
v -0.006416 0.021708 0.000876
v -0.006928 0.021576 0.000866
v -0.007425 0.021434 0.000855
v -0.007906 0.021281 0.000844
v -0.008369 0.021117 0.000831
v -0.008815 0.020943 0.000818
v -0.009241 0.020760 0.000804
v -0.009647 0.020567 0.000790
v -0.010031 0.020366 0.000774
v -0.010393 0.020157 0.000758
v -0.010732 0.019939 0.000742
v -0.011047 0.019715 0.000725
v -0.011337 0.019483 0.000708
v -0.011602 0.019246 0.000689
v -0.011840 0.019002 0.000671
v -0.012052 0.018754 0.000652
v -0.012237 0.018501 0.000633
v -0.012394 0.018245 0.000613
v -0.012523 0.017986 0.000594
v -0.012623 0.017723 0.000574
v -0.012696 0.017459 0.000555
v -0.012739 0.017194 0.000535
v -0.012753 0.016927 0.000514
v -0.012739 0.016661 0.000494
v -0.012696 0.016395 0.000474
v -0.012624 0.016131 0.000454
v -0.012523 0.015868 0.000434
v -0.012394 0.015608 0.000415
v -0.012238 0.015351 0.000395
v -0.012053 0.015098 0.000377
v -0.011841 0.014849 0.000357
v -0.011603 0.014606 0.000340
v -0.011339 0.014368 0.000322
v -0.011049 0.014135 0.000304
v -0.010734 0.013910 0.000287
v -0.010396 0.013692 0.000271
v -0.010033 0.013482 0.000255
v -0.009649 0.013280 0.000240
v -0.009244 0.013087 0.000225
v -0.008818 0.012903 0.000211
v -0.008372 0.012729 0.000198
v -0.007908 0.012565 0.000186
v -0.007428 0.012412 0.000174
v -0.006931 0.012269 0.000163
v -0.006419 0.012138 0.000154
v -0.005894 0.012019 0.000145
v -0.005356 0.011911 0.000136
v -0.004807 0.011815 0.000129
v -0.004248 0.011732 0.000123
v -0.003682 0.011661 0.000118
v -0.003108 0.011603 0.000113
v -0.002528 0.011558 0.000109
v -0.001944 0.011526 0.000107
v -0.001357 0.011506 0.000106
v -0.000770 0.011501 0.000105
v -0.000770 0.012218 -0.000714
v -0.000252 0.012224 -0.000713
v 0.000265 0.012242 -0.000712
v 0.000779 0.012271 -0.000710
v 0.001289 0.012312 -0.000707
v 0.001794 0.012364 -0.000703
v 0.002293 0.012427 -0.000698
v 0.002785 0.012502 -0.000693
v 0.003268 0.012587 -0.000687
v 0.003741 0.012683 -0.000680
v 0.004204 0.012789 -0.000672
v 0.004654 0.012905 -0.000663
v 0.005092 0.013031 -0.000654
v 0.005515 0.013167 -0.000644
v 0.005923 0.013312 -0.000633
v 0.006316 0.013466 -0.000621
v 0.006691 0.013629 -0.000609
v 0.007048 0.013799 -0.000597
v 0.007386 0.013978 -0.000584
v 0.007705 0.014163 -0.000570
v 0.008003 0.014356 -0.000555
v 0.008280 0.014554 -0.000540
v 0.008535 0.014759 -0.000525
v 0.008768 0.014970 -0.000509
v 0.008978 0.015185 -0.000493
v 0.009164 0.015404 -0.000477
v 0.009327 0.015627 -0.000460
v 0.009465 0.015854 -0.000443
v 0.009578 0.016083 -0.000426
v 0.009667 0.016315 -0.000408
v 0.009730 0.016548 -0.000391
v 0.009768 0.016782 -0.000374
v 0.009781 0.017017 -0.000356
v 0.009768 0.017252 -0.000338
v 0.009730 0.017487 -0.000321
v 0.009667 0.017720 -0.000303
v 0.009578 0.017951 -0.000286
v 0.009465 0.018180 -0.000268
v 0.009327 0.018406 -0.000251
v 0.009165 0.018628 -0.000235
v 0.008978 0.018847 -0.000218
v 0.008769 0.019061 -0.000202
v 0.008536 0.019271 -0.000186
v 0.008281 0.019474 -0.000171
v 0.008004 0.019672 -0.000156
v 0.007706 0.019863 -0.000141
v 0.007387 0.020047 -0.000127
v 0.007049 0.020224 -0.000114
v 0.006692 0.020393 -0.000101
v 0.006317 0.020554 -0.000088
v 0.005925 0.020706 -0.000077
v 0.005517 0.020849 -0.000066
v 0.005093 0.020984 -0.000056
v 0.004656 0.021108 -0.000046
v 0.004206 0.021223 -0.000037
v 0.003743 0.021327 -0.000029
v 0.003270 0.021421 -0.000022
v 0.002787 0.021504 -0.000015
v 0.002295 0.021576 -0.000010
v 0.001796 0.021638 -0.000005
v 0.001291 0.021688 -0.000001
v 0.000781 0.021727 0.000003
v 0.000267 0.021755 0.000005
v -0.000250 0.021771 0.000006
v -0.000767 0.021776 0.000007
v -0.001285 0.021769 0.000006
v -0.001801 0.021751 0.000005
v -0.002315 0.021722 0.000003
v -0.002825 0.021681 0.000000
v -0.003330 0.021629 -0.000004
v -0.003829 0.021565 -0.000008
v -0.004321 0.021492 -0.000014
v -0.004805 0.021407 -0.000020
v -0.005278 0.021311 -0.000028
v -0.005740 0.021206 -0.000035
v -0.006191 0.021090 -0.000044
v -0.006628 0.020964 -0.000053
v -0.007052 0.020829 -0.000064
v -0.007460 0.020685 -0.000074
v -0.007853 0.020532 -0.000086
v -0.008227 0.020371 -0.000098
v -0.008585 0.020201 -0.000111
v -0.008923 0.020024 -0.000125
v -0.009242 0.019839 -0.000138
v -0.009540 0.019647 -0.000153
v -0.009817 0.019450 -0.000168
v -0.010073 0.019245 -0.000183
v -0.010305 0.019036 -0.000199
v -0.010516 0.018822 -0.000215
v -0.010702 0.018604 -0.000232
v -0.010864 0.018381 -0.000249
v -0.011003 0.018155 -0.000266
v -0.011116 0.017926 -0.000283
v -0.011205 0.017695 -0.000300
v -0.011268 0.017463 -0.000318
v -0.011307 0.017229 -0.000336
v -0.011319 0.016994 -0.000353
v -0.011307 0.016760 -0.000371
v -0.011269 0.016526 -0.000388
v -0.011205 0.016293 -0.000406
v -0.011117 0.016062 -0.000424
v -0.011004 0.015833 -0.000441
v -0.010865 0.015607 -0.000457
v -0.010703 0.015384 -0.000474
v -0.010516 0.015165 -0.000491
v -0.010307 0.014951 -0.000507
v -0.010074 0.014741 -0.000523
v -0.009819 0.014537 -0.000538
v -0.009542 0.014339 -0.000553
v -0.009244 0.014147 -0.000568
v -0.008925 0.013962 -0.000582
v -0.008587 0.013784 -0.000595
v -0.008230 0.013614 -0.000608
v -0.007855 0.013452 -0.000620
v -0.007463 0.013300 -0.000631
v -0.007054 0.013155 -0.000642
v -0.006631 0.013020 -0.000652
v -0.006194 0.012894 -0.000662
v -0.005743 0.012779 -0.000671
v -0.005280 0.012674 -0.000679
v -0.004807 0.012579 -0.000686
v -0.004324 0.012495 -0.000692
v -0.003832 0.012421 -0.000698
v -0.003333 0.012359 -0.000703
v -0.002828 0.012308 -0.000707
v -0.002318 0.012269 -0.000710
v -0.001804 0.012240 -0.000712
v -0.001287 0.012223 -0.000713
v -0.000770 0.012218 -0.000714
v -0.000770 0.012938 -0.001421
v -0.000324 0.012944 -0.001421
v 0.000121 0.012959 -0.001420
v 0.000564 0.012985 -0.001418
v 0.001004 0.013019 -0.001415
v 0.001439 0.013064 -0.001412
v 0.001869 0.013119 -0.001408
v 0.002293 0.013183 -0.001403
v 0.002709 0.013256 -0.001398
v 0.003117 0.013338 -0.001392
v 0.003516 0.013430 -0.001385
v 0.003904 0.013530 -0.001378
v 0.004281 0.013639 -0.001369
v 0.004646 0.013756 -0.001361
v 0.004998 0.013881 -0.001352
v 0.005336 0.014014 -0.001341
v 0.005659 0.014153 -0.001331
v 0.005966 0.014301 -0.001320
v 0.006258 0.014454 -0.001309
v 0.006532 0.014614 -0.001297
v 0.006789 0.014780 -0.001285
v 0.007028 0.014951 -0.001272
v 0.007248 0.015127 -0.001259
v 0.007448 0.015309 -0.001245
v 0.007629 0.015494 -0.001231
v 0.007790 0.015683 -0.001217
v 0.007930 0.015876 -0.001203
v 0.008049 0.016071 -0.001188
v 0.008147 0.016268 -0.001173
v 0.008223 0.016468 -0.001158
v 0.008278 0.016669 -0.001143
v 0.008310 0.016871 -0.001128
v 0.008321 0.017073 -0.001113
v 0.008310 0.017275 -0.001097
v 0.008278 0.017477 -0.001082
v 0.008223 0.017678 -0.001067
v 0.008147 0.017877 -0.001052
v 0.008049 0.018074 -0.001037
v 0.007930 0.018269 -0.001023
v 0.007790 0.018461 -0.001008
v 0.007630 0.018650 -0.000994
v 0.007449 0.018834 -0.000980
v 0.007248 0.019015 -0.000967
v 0.007028 0.019190 -0.000953
v 0.006790 0.019361 -0.000940
v 0.006533 0.019526 -0.000928
v 0.006258 0.019684 -0.000916
v 0.005967 0.019836 -0.000904
v 0.005660 0.019982 -0.000893
v 0.005336 0.020121 -0.000883
v 0.004999 0.020252 -0.000872
v 0.004647 0.020376 -0.000863
v 0.004282 0.020491 -0.000854
v 0.003905 0.020599 -0.000846
v 0.003517 0.020697 -0.000838
v 0.003119 0.020788 -0.000831
v 0.002711 0.020869 -0.000825
v 0.002295 0.020941 -0.000820
v 0.001871 0.021003 -0.000815
v 0.001441 0.021056 -0.000810
v 0.001006 0.021099 -0.000807
v 0.000566 0.021133 -0.000804
v 0.000124 0.021157 -0.000802
v -0.000321 0.021171 -0.000801
v -0.000768 0.021175 -0.000801
v -0.001214 0.021169 -0.000801
v -0.001659 0.021154 -0.000802
v -0.002101 0.021129 -0.000804
v -0.002541 0.021093 -0.000806
v -0.002976 0.021049 -0.000810
v -0.003406 0.020995 -0.000814
v -0.003830 0.020930 -0.000819
v -0.004247 0.020858 -0.000824
v -0.004654 0.020775 -0.000830
v -0.005053 0.020684 -0.000837
v -0.005441 0.020584 -0.000844
v -0.005818 0.020476 -0.000852
v -0.006183 0.020360 -0.000861
v -0.006535 0.020235 -0.000870
v -0.006873 0.020103 -0.000880
v -0.007196 0.019964 -0.000891
v -0.007504 0.019818 -0.000902
v -0.007795 0.019665 -0.000913
v -0.008070 0.019505 -0.000925
v -0.008327 0.019340 -0.000938
v -0.008566 0.019169 -0.000951
v -0.008786 0.018994 -0.000964
v -0.008987 0.018813 -0.000978
v -0.009167 0.018629 -0.000992
v -0.009328 0.018440 -0.001006
v -0.009468 0.018248 -0.001021
v -0.009587 0.018054 -0.001035
v -0.009685 0.017857 -0.001050
v -0.009761 0.017658 -0.001065
v -0.009816 0.017457 -0.001080
v -0.009849 0.017256 -0.001095
v -0.009860 0.017053 -0.001111
v -0.009849 0.016852 -0.001126
v -0.009816 0.016650 -0.001141
v -0.009762 0.016449 -0.001156
v -0.009686 0.016250 -0.001171
v -0.009588 0.016053 -0.001186
v -0.009469 0.015858 -0.001200
v -0.009329 0.015666 -0.001215
v -0.009168 0.015478 -0.001229
v -0.008987 0.015293 -0.001243
v -0.008787 0.015112 -0.001257
v -0.008567 0.014936 -0.001270
v -0.008328 0.014765 -0.001283
v -0.008071 0.014600 -0.001295
v -0.007797 0.014441 -0.001308
v -0.007506 0.014288 -0.001319
v -0.007198 0.014141 -0.001330
v -0.006875 0.014002 -0.001341
v -0.006537 0.013870 -0.001351
v -0.006185 0.013745 -0.001360
v -0.005820 0.013629 -0.001368
v -0.005443 0.013521 -0.001377
v -0.005055 0.013422 -0.001384
v -0.004656 0.013331 -0.001391
v -0.004248 0.013249 -0.001397
v -0.003832 0.013177 -0.001403
v -0.003409 0.013114 -0.001407
v -0.002978 0.013060 -0.001412
v -0.002543 0.013016 -0.001415
v -0.002104 0.012982 -0.001418
v -0.001661 0.012958 -0.001419
v -0.001216 0.012943 -0.001421
v -0.000770 0.012938 -0.001421
v -0.000770 0.013660 -0.002014
v -0.000396 0.013664 -0.002014
v -0.000024 0.013677 -0.002013
v 0.000347 0.013698 -0.002012
v 0.000715 0.013728 -0.002009
v 0.001079 0.013765 -0.002007
v 0.001439 0.013811 -0.002003
v 0.001794 0.013864 -0.001999
v 0.002142 0.013925 -0.001995
v 0.002484 0.013994 -0.001990
v 0.002817 0.014071 -0.001984
v 0.003142 0.014155 -0.001978
v 0.003458 0.014246 -0.001971
v 0.003763 0.014344 -0.001964
v 0.004058 0.014449 -0.001956
v 0.004340 0.014559 -0.001948
v 0.004611 0.014677 -0.001939
v 0.004869 0.014800 -0.001930
v 0.005113 0.014928 -0.001921
v 0.005342 0.015062 -0.001910
v 0.005558 0.015201 -0.001900
v 0.005757 0.015344 -0.001889
v 0.005941 0.015492 -0.001878
v 0.006109 0.015643 -0.001867
v 0.006261 0.015799 -0.001855
v 0.006395 0.015957 -0.001844
v 0.006512 0.016118 -0.001831
v 0.006612 0.016281 -0.001819
v 0.006694 0.016446 -0.001807
v 0.006757 0.016613 -0.001794
v 0.006803 0.016782 -0.001781
v 0.006831 0.016951 -0.001769
v 0.006840 0.017120 -0.001756
v 0.006831 0.017290 -0.001743
v 0.006803 0.017459 -0.001731
v 0.006757 0.017627 -0.001718
v 0.006694 0.017793 -0.001705
v 0.006612 0.017958 -0.001693
v 0.006513 0.018121 -0.001681
v 0.006395 0.018282 -0.001669
v 0.006261 0.018440 -0.001657
v 0.006110 0.018594 -0.001645
v 0.005942 0.018745 -0.001634
v 0.005758 0.018892 -0.001623
v 0.005558 0.019035 -0.001612
v 0.005343 0.019173 -0.001601
v 0.005113 0.019306 -0.001591
v 0.004870 0.019434 -0.001582
v 0.004612 0.019556 -0.001572
v 0.004341 0.019672 -0.001563
v 0.004059 0.019782 -0.001555
v 0.003764 0.019885 -0.001547
v 0.003459 0.019982 -0.001540
v 0.003144 0.020072 -0.001533
v 0.002819 0.020155 -0.001526
v 0.002485 0.020230 -0.001520
v 0.002144 0.020298 -0.001515
v 0.001795 0.020358 -0.001511
v 0.001441 0.020411 -0.001507
v 0.001081 0.020455 -0.001503
v 0.000716 0.020491 -0.001500
v 0.000348 0.020520 -0.001498
v -0.000022 0.020540 -0.001497
v -0.000395 0.020552 -0.001495
v -0.000768 0.020556 -0.001495
v -0.001141 0.020551 -0.001495
v -0.001514 0.020538 -0.001496
v -0.001885 0.020517 -0.001498
v -0.002252 0.020487 -0.001500
v -0.002617 0.020450 -0.001503
v -0.002977 0.020404 -0.001506
v -0.003331 0.020351 -0.001510
v -0.003680 0.020290 -0.001515
v -0.004021 0.020221 -0.001520
v -0.004355 0.020144 -0.001525
v -0.004680 0.020061 -0.001531
v -0.004996 0.019970 -0.001538
v -0.005301 0.019873 -0.001546
v -0.005596 0.019768 -0.001553
v -0.005879 0.019658 -0.001562
v -0.006149 0.019541 -0.001570
v -0.006406 0.019418 -0.001580
v -0.006650 0.019290 -0.001590
v -0.006880 0.019157 -0.001599
v -0.007095 0.019018 -0.001610
v -0.007295 0.018875 -0.001621
v -0.007479 0.018728 -0.001632
v -0.007647 0.018577 -0.001643
v -0.007799 0.018423 -0.001655
v -0.007934 0.018265 -0.001667
v -0.008051 0.018104 -0.001679
v -0.008150 0.017941 -0.001691
v -0.008232 0.017776 -0.001704
v -0.008296 0.017610 -0.001716
v -0.008342 0.017442 -0.001729
v -0.008369 0.017273 -0.001741
v -0.008379 0.017104 -0.001754
v -0.008369 0.016935 -0.001767
v -0.008342 0.016766 -0.001780
v -0.008296 0.016598 -0.001792
v -0.008233 0.016431 -0.001805
v -0.008151 0.016266 -0.001817
v -0.008051 0.016103 -0.001829
v -0.007934 0.015942 -0.001842
v -0.007799 0.015785 -0.001854
v -0.007648 0.015630 -0.001865
v -0.007480 0.015479 -0.001877
v -0.007296 0.015332 -0.001888
v -0.007097 0.015189 -0.001899
v -0.006882 0.015051 -0.001909
v -0.006652 0.014917 -0.001919
v -0.006408 0.014789 -0.001928
v -0.006150 0.014666 -0.001938
v -0.005880 0.014550 -0.001947
v -0.005597 0.014439 -0.001955
v -0.005303 0.014336 -0.001963
v -0.004997 0.014238 -0.001970
v -0.004682 0.014148 -0.001977
v -0.004357 0.014064 -0.001983
v -0.004023 0.013989 -0.001989
v -0.003682 0.013920 -0.001994
v -0.003333 0.013859 -0.001999
v -0.002978 0.013806 -0.002003
v -0.002619 0.013761 -0.002006
v -0.002254 0.013725 -0.002009
v -0.001886 0.013696 -0.002011
v -0.001515 0.013676 -0.002013
v -0.001143 0.013663 -0.002014
v -0.000770 0.013660 -0.002014
v -0.000770 0.014381 -0.002491
v -0.000470 0.014384 -0.002491
v -0.000171 0.014395 -0.002490
v 0.000127 0.014412 -0.002489
v 0.000422 0.014435 -0.002487
v 0.000715 0.014465 -0.002485
v 0.001004 0.014502 -0.002482
v 0.001289 0.014545 -0.002479
v 0.001568 0.014594 -0.002476
v 0.001843 0.014650 -0.002471
v 0.002110 0.014711 -0.002467
v 0.002371 0.014778 -0.002462
v 0.002625 0.014851 -0.002457
v 0.002870 0.014930 -0.002451
v 0.003106 0.015014 -0.002444
v 0.003333 0.015103 -0.002438
v 0.003551 0.015197 -0.002431
v 0.003757 0.015296 -0.002424
v 0.003953 0.015399 -0.002416
v 0.004138 0.015507 -0.002408
v 0.004311 0.015618 -0.002399
v 0.004471 0.015733 -0.002391
v 0.004619 0.015852 -0.002382
v 0.004753 0.015973 -0.002373
v 0.004875 0.016098 -0.002364
v 0.004983 0.016225 -0.002354
v 0.005077 0.016354 -0.002344
v 0.005157 0.016485 -0.002334
v 0.005223 0.016618 -0.002325
v 0.005274 0.016752 -0.002314
v 0.005311 0.016887 -0.002304
v 0.005333 0.017023 -0.002294
v 0.005340 0.017159 -0.002284
v 0.005333 0.017295 -0.002274
v 0.005311 0.017430 -0.002263
v 0.005274 0.017565 -0.002253
v 0.005223 0.017699 -0.002243
v 0.005157 0.017832 -0.002233
v 0.005077 0.017963 -0.002224
v 0.004983 0.018092 -0.002214
v 0.004875 0.018218 -0.002204
v 0.004754 0.018342 -0.002195
v 0.004619 0.018463 -0.002186
v 0.004471 0.018582 -0.002176
v 0.004311 0.018696 -0.002168
v 0.004138 0.018807 -0.002160
v 0.003954 0.018914 -0.002151
v 0.003758 0.019016 -0.002144
v 0.003551 0.019114 -0.002136
v 0.003334 0.019208 -0.002129
v 0.003107 0.019296 -0.002122
v 0.002871 0.019379 -0.002116
v 0.002625 0.019457 -0.002110
v 0.002372 0.019529 -0.002105
v 0.002111 0.019596 -0.002100
v 0.001844 0.019656 -0.002095
v 0.001569 0.019711 -0.002091
v 0.001290 0.019759 -0.002087
v 0.001005 0.019802 -0.002084
v 0.000716 0.019838 -0.002081
v 0.000423 0.019867 -0.002079
v 0.000128 0.019889 -0.002077
v -0.000170 0.019905 -0.002075
v -0.000469 0.019915 -0.002074
v -0.000769 0.019918 -0.002074
v -0.001068 0.019915 -0.002074
v -0.001367 0.019904 -0.002075
v -0.001665 0.019887 -0.002077
v -0.001960 0.019863 -0.002078
v -0.002253 0.019834 -0.002080
v -0.002542 0.019797 -0.002083
v -0.002827 0.019754 -0.002086
v -0.003107 0.019705 -0.002090
v -0.003381 0.019650 -0.002094
v -0.003649 0.019588 -0.002099
v -0.003910 0.019521 -0.002104
v -0.004163 0.019448 -0.002109
v -0.004408 0.019370 -0.002115
v -0.004644 0.019286 -0.002121
v -0.004871 0.019197 -0.002128
v -0.005089 0.019103 -0.002135
v -0.005296 0.019005 -0.002142
v -0.005492 0.018902 -0.002150
v -0.005676 0.018795 -0.002158
v -0.005849 0.018684 -0.002166
v -0.006009 0.018569 -0.002175
v -0.006157 0.018451 -0.002184
v -0.006292 0.018329 -0.002193
v -0.006414 0.018205 -0.002203
v -0.006521 0.018078 -0.002212
v -0.006616 0.017949 -0.002222
v -0.006696 0.017818 -0.002232
v -0.006761 0.017686 -0.002241
v -0.006812 0.017552 -0.002252
v -0.006850 0.017417 -0.002262
v -0.006872 0.017281 -0.002272
v -0.006879 0.017146 -0.002282
v -0.006872 0.017010 -0.002293
v -0.006850 0.016874 -0.002303
v -0.006813 0.016740 -0.002313
v -0.006762 0.016606 -0.002323
v -0.006696 0.016473 -0.002333
v -0.006616 0.016342 -0.002343
v -0.006522 0.016213 -0.002353
v -0.006414 0.016087 -0.002362
v -0.006292 0.015963 -0.002372
v -0.006158 0.015841 -0.002381
v -0.006010 0.015723 -0.002389
v -0.005850 0.015608 -0.002398
v -0.005677 0.015497 -0.002407
v -0.005493 0.015390 -0.002415
v -0.005297 0.015287 -0.002422
v -0.005090 0.015189 -0.002430
v -0.004873 0.015095 -0.002437
v -0.004646 0.015007 -0.002443
v -0.004409 0.014923 -0.002450
v -0.004164 0.014845 -0.002456
v -0.003910 0.014772 -0.002461
v -0.003650 0.014705 -0.002466
v -0.003382 0.014645 -0.002471
v -0.003108 0.014590 -0.002475
v -0.002828 0.014541 -0.002479
v -0.002543 0.014498 -0.002482
v -0.002254 0.014462 -0.002485
v -0.001962 0.014433 -0.002487
v -0.001666 0.014410 -0.002489
v -0.001368 0.014394 -0.002490
v -0.001069 0.014384 -0.002491
v -0.000770 0.014381 -0.002491
v -0.000770 0.015100 -0.002852
v -0.000544 0.015102 -0.002852
v -0.000319 0.015110 -0.002851
v -0.000095 0.015123 -0.002850
v 0.000127 0.015140 -0.002849
v 0.000347 0.015163 -0.002847
v 0.000564 0.015191 -0.002845
v 0.000778 0.015223 -0.002843
v 0.000989 0.015260 -0.002840
v 0.001195 0.015301 -0.002837
v 0.001396 0.015348 -0.002833
v 0.001593 0.015399 -0.002830
v 0.001783 0.015453 -0.002826
v 0.001968 0.015513 -0.002821
v 0.002146 0.015576 -0.002816
v 0.002316 0.015643 -0.002811
v 0.002479 0.015713 -0.002806
v 0.002635 0.015788 -0.002801
v 0.002782 0.015865 -0.002795
v 0.002921 0.015946 -0.002789
v 0.003051 0.016030 -0.002783
v 0.003172 0.016116 -0.002776
v 0.003283 0.016206 -0.002769
v 0.003384 0.016297 -0.002762
v 0.003476 0.016391 -0.002756
v 0.003557 0.016486 -0.002748
v 0.003628 0.016583 -0.002741
v 0.003688 0.016682 -0.002734
v 0.003737 0.016782 -0.002726
v 0.003776 0.016883 -0.002719
v 0.003803 0.016984 -0.002711
v 0.003820 0.017086 -0.002703
v 0.003826 0.017188 -0.002696
v 0.003820 0.017291 -0.002688
v 0.003804 0.017393 -0.002681
v 0.003776 0.017494 -0.002673
v 0.003737 0.017595 -0.002665
v 0.003688 0.017694 -0.002658
v 0.003628 0.017793 -0.002650
v 0.003557 0.017890 -0.002643
v 0.003476 0.017986 -0.002636
v 0.003385 0.018078 -0.002629
v 0.003283 0.018170 -0.002622
v 0.003172 0.018258 -0.002615
v 0.003052 0.018345 -0.002609
v 0.002922 0.018428 -0.002602
v 0.002783 0.018508 -0.002596
v 0.002635 0.018586 -0.002590
v 0.002480 0.018659 -0.002585
v 0.002317 0.018730 -0.002579
v 0.002146 0.018796 -0.002574
v 0.001968 0.018859 -0.002570
v 0.001784 0.018918 -0.002565
v 0.001594 0.018972 -0.002561
v 0.001397 0.019022 -0.002557
v 0.001196 0.019067 -0.002554
v 0.000990 0.019108 -0.002550
v 0.000779 0.019145 -0.002548
v 0.000565 0.019177 -0.002545
v 0.000348 0.019204 -0.002543
v 0.000128 0.019226 -0.002541
v -0.000095 0.019243 -0.002540
v -0.000319 0.019255 -0.002539
v -0.000543 0.019262 -0.002539
v -0.000769 0.019265 -0.002538
v -0.000994 0.019262 -0.002539
v -0.001219 0.019254 -0.002539
v -0.001443 0.019241 -0.002540
v -0.001665 0.019223 -0.002541
v -0.001885 0.019201 -0.002543
v -0.002103 0.019173 -0.002545
v -0.002317 0.019141 -0.002547
v -0.002527 0.019104 -0.002550
v -0.002734 0.019063 -0.002553
v -0.002935 0.019016 -0.002556
v -0.003131 0.018966 -0.002560
v -0.003322 0.018911 -0.002564
v -0.003506 0.018852 -0.002569
v -0.003684 0.018789 -0.002573
v -0.003855 0.018722 -0.002578
v -0.004018 0.018652 -0.002584
v -0.004174 0.018577 -0.002589
v -0.004321 0.018500 -0.002595
v -0.004460 0.018419 -0.002601
v -0.004590 0.018336 -0.002607
v -0.004710 0.018249 -0.002614
v -0.004822 0.018160 -0.002621
v -0.004923 0.018069 -0.002627
v -0.005015 0.017976 -0.002634
v -0.005096 0.017880 -0.002642
v -0.005166 0.017783 -0.002649
v -0.005227 0.017685 -0.002657
v -0.005276 0.017585 -0.002664
v -0.005315 0.017484 -0.002672
v -0.005342 0.017383 -0.002679
v -0.005359 0.017281 -0.002687
v -0.005364 0.017179 -0.002694
v -0.005359 0.017077 -0.002702
v -0.005342 0.016975 -0.002710
v -0.005315 0.016873 -0.002718
v -0.005276 0.016772 -0.002725
v -0.005227 0.016673 -0.002733
v -0.005167 0.016575 -0.002740
v -0.005096 0.016478 -0.002747
v -0.005015 0.016382 -0.002755
v -0.004924 0.016289 -0.002762
v -0.004822 0.016197 -0.002768
v -0.004711 0.016109 -0.002775
v -0.004590 0.016022 -0.002782
v -0.004460 0.015939 -0.002788
v -0.004322 0.015858 -0.002794
v -0.004174 0.015781 -0.002800
v -0.004019 0.015707 -0.002805
v -0.003856 0.015637 -0.002811
v -0.003685 0.015570 -0.002816
v -0.003507 0.015507 -0.002821
v -0.003323 0.015448 -0.002825
v -0.003132 0.015394 -0.002829
v -0.002936 0.015344 -0.002833
v -0.002734 0.015298 -0.002837
v -0.002528 0.015257 -0.002839
v -0.002318 0.015220 -0.002843
v -0.002104 0.015188 -0.002845
v -0.001886 0.015161 -0.002847
v -0.001666 0.015139 -0.002849
v -0.001444 0.015122 -0.002850
v -0.001220 0.015109 -0.002851
v -0.000995 0.015102 -0.002852
v -0.000770 0.015100 -0.002852
v -0.000770 0.015814 -0.003095
v -0.000619 0.015816 -0.003095
v -0.000469 0.015821 -0.003095
v -0.000319 0.015830 -0.003094
v -0.000171 0.015842 -0.003093
v -0.000024 0.015857 -0.003092
v 0.000121 0.015875 -0.003091
v 0.000265 0.015897 -0.003089
v 0.000405 0.015921 -0.003087
v 0.000543 0.015949 -0.003085
v 0.000678 0.015980 -0.003083
v 0.000808 0.016014 -0.003081
v 0.000936 0.016050 -0.003077
v 0.001059 0.016090 -0.003075
v 0.001178 0.016132 -0.003071
v 0.001292 0.016177 -0.003068
v 0.001401 0.016224 -0.003065
v 0.001505 0.016274 -0.003061
v 0.001603 0.016326 -0.003057
v 0.001696 0.016380 -0.003053
v 0.001783 0.016435 -0.003049
v 0.001863 0.016493 -0.003044
v 0.001937 0.016553 -0.003040
v 0.002005 0.016614 -0.003035
v 0.002066 0.016676 -0.003031
v 0.002120 0.016740 -0.003026
v 0.002168 0.016805 -0.003022
v 0.002208 0.016871 -0.003016
v 0.002241 0.016938 -0.003012
v 0.002267 0.017005 -0.003006
v 0.002285 0.017073 -0.003001
v 0.002296 0.017141 -0.002996
v 0.002300 0.017209 -0.002991
v 0.002296 0.017278 -0.002986
v 0.002285 0.017346 -0.002981
v 0.002267 0.017413 -0.002976
v 0.002241 0.017481 -0.002970
v 0.002208 0.017547 -0.002965
v 0.002168 0.017613 -0.002961
v 0.002121 0.017678 -0.002956
v 0.002066 0.017741 -0.002951
v 0.002006 0.017804 -0.002946
v 0.001938 0.017865 -0.002941
v 0.001864 0.017924 -0.002937
v 0.001783 0.017982 -0.002933
v 0.001696 0.018037 -0.002929
v 0.001604 0.018091 -0.002925
v 0.001505 0.018143 -0.002920
v 0.001401 0.018192 -0.002917
v 0.001292 0.018239 -0.002913
v 0.001178 0.018284 -0.002910
v 0.001059 0.018325 -0.002907
v 0.000936 0.018365 -0.002903
v 0.000809 0.018401 -0.002901
v 0.000678 0.018434 -0.002898
v 0.000543 0.018465 -0.002896
v 0.000406 0.018492 -0.002894
v 0.000265 0.018517 -0.002892
v 0.000122 0.018538 -0.002890
v -0.000023 0.018556 -0.002889
v -0.000170 0.018571 -0.002888
v -0.000319 0.018582 -0.002887
v -0.000468 0.018590 -0.002887
v -0.000618 0.018595 -0.002886
v -0.000769 0.018597 -0.002886
v -0.000920 0.018595 -0.002886
v -0.001070 0.018590 -0.002887
v -0.001220 0.018581 -0.002887
v -0.001368 0.018569 -0.002888
v -0.001515 0.018554 -0.002889
v -0.001660 0.018536 -0.002890
v -0.001803 0.018514 -0.002892
v -0.001944 0.018490 -0.002893
v -0.002082 0.018462 -0.002896
v -0.002216 0.018431 -0.002898
v -0.002347 0.018397 -0.002901
v -0.002474 0.018360 -0.002903
v -0.002598 0.018321 -0.002906
v -0.002717 0.018279 -0.002909
v -0.002831 0.018234 -0.002913
v -0.002940 0.018187 -0.002916
v -0.003043 0.018137 -0.002919
v -0.003142 0.018086 -0.002924
v -0.003235 0.018032 -0.002928
v -0.003321 0.017976 -0.002932
v -0.003402 0.017918 -0.002936
v -0.003477 0.017859 -0.002941
v -0.003544 0.017798 -0.002946
v -0.003605 0.017735 -0.002950
v -0.003660 0.017671 -0.002955
v -0.003707 0.017606 -0.002960
v -0.003747 0.017541 -0.002965
v -0.003780 0.017474 -0.002970
v -0.003806 0.017407 -0.002975
v -0.003824 0.017339 -0.002980
v -0.003835 0.017271 -0.002985
v -0.003839 0.017203 -0.002990
v -0.003835 0.017134 -0.002995
v -0.003824 0.017067 -0.003001
v -0.003806 0.016999 -0.003006
v -0.003780 0.016932 -0.003011
v -0.003747 0.016865 -0.003016
v -0.003707 0.016799 -0.003021
v -0.003660 0.016734 -0.003025
v -0.003606 0.016671 -0.003030
v -0.003544 0.016608 -0.003035
v -0.003477 0.016548 -0.003039
v -0.003402 0.016488 -0.003044
v -0.003322 0.016430 -0.003048
v -0.003235 0.016375 -0.003052
v -0.003142 0.016321 -0.003057
v -0.003044 0.016269 -0.003061
v -0.002940 0.016220 -0.003064
v -0.002831 0.016173 -0.003068
v -0.002717 0.016128 -0.003071
v -0.002598 0.016087 -0.003075
v -0.002475 0.016047 -0.003077
v -0.002348 0.016011 -0.003080
v -0.002217 0.015977 -0.003083
v -0.002082 0.015946 -0.003085
v -0.001944 0.015919 -0.003087
v -0.001804 0.015894 -0.003089
v -0.001661 0.015873 -0.003090
v -0.001515 0.015855 -0.003092
v -0.001368 0.015840 -0.003093
v -0.001220 0.015829 -0.003094
v -0.001070 0.015821 -0.003095
v -0.000920 0.015816 -0.003095
v -0.000770 0.015814 -0.003095
v -0.000770 0.016523 -0.003221
v -0.000694 0.016524 -0.003221
v -0.000619 0.016527 -0.003220
v -0.000544 0.016531 -0.003220
v -0.000470 0.016537 -0.003220
v -0.000396 0.016544 -0.003219
v -0.000324 0.016554 -0.003218
v -0.000252 0.016564 -0.003218
v -0.000182 0.016576 -0.003217
v -0.000113 0.016591 -0.003216
v -0.000045 0.016606 -0.003214
v 0.000021 0.016623 -0.003213
v 0.000084 0.016641 -0.003212
v 0.000146 0.016661 -0.003211
v 0.000205 0.016682 -0.003209
v 0.000262 0.016705 -0.003207
v 0.000317 0.016728 -0.003206
v 0.000369 0.016753 -0.003204
v 0.000418 0.016779 -0.003202
v 0.000465 0.016806 -0.003200
v 0.000508 0.016834 -0.003197
v 0.000548 0.016863 -0.003195
v 0.000586 0.016893 -0.003193
v 0.000619 0.016923 -0.003191
v 0.000650 0.016955 -0.003188
v 0.000678 0.016986 -0.003186
v 0.000701 0.017019 -0.003184
v 0.000721 0.017052 -0.003181
v 0.000737 0.017085 -0.003179
v 0.000750 0.017119 -0.003176
v 0.000760 0.017153 -0.003174
v 0.000765 0.017187 -0.003171
v 0.000767 0.017221 -0.003169
v 0.000765 0.017255 -0.003166
v 0.000760 0.017290 -0.003163
v 0.000751 0.017324 -0.003161
v 0.000737 0.017357 -0.003158
v 0.000721 0.017390 -0.003156
v 0.000701 0.017423 -0.003153
v 0.000678 0.017456 -0.003151
v 0.000650 0.017487 -0.003148
v 0.000620 0.017519 -0.003146
v 0.000586 0.017549 -0.003144
v 0.000548 0.017579 -0.003142
v 0.000508 0.017608 -0.003140
v 0.000465 0.017636 -0.003137
v 0.000418 0.017663 -0.003135
v 0.000369 0.017688 -0.003133
v 0.000317 0.017713 -0.003131
v 0.000263 0.017736 -0.003130
v 0.000206 0.017759 -0.003128
v 0.000146 0.017780 -0.003126
v 0.000084 0.017800 -0.003125
v 0.000021 0.017818 -0.003124
v -0.000045 0.017834 -0.003122
v -0.000112 0.017850 -0.003121
v -0.000181 0.017864 -0.003120
v -0.000252 0.017876 -0.003119
v -0.000323 0.017887 -0.003118
v -0.000396 0.017895 -0.003118
v -0.000470 0.017903 -0.003117
v -0.000544 0.017909 -0.003117
v -0.000618 0.017913 -0.003116
v -0.000694 0.017915 -0.003116
v -0.000769 0.017916 -0.003116
v -0.000845 0.017915 -0.003116
v -0.000920 0.017912 -0.003116
v -0.000995 0.017908 -0.003117
v -0.001069 0.017902 -0.003117
v -0.001143 0.017895 -0.003117
v -0.001215 0.017886 -0.003118
v -0.001287 0.017875 -0.003119
v -0.001357 0.017862 -0.003120
v -0.001427 0.017848 -0.003121
v -0.001494 0.017833 -0.003122
v -0.001559 0.017816 -0.003123
v -0.001623 0.017798 -0.003125
v -0.001685 0.017778 -0.003126
v -0.001744 0.017757 -0.003128
v -0.001801 0.017734 -0.003129
v -0.001856 0.017711 -0.003131
v -0.001908 0.017686 -0.003133
v -0.001957 0.017660 -0.003135
v -0.002004 0.017633 -0.003137
v -0.002047 0.017605 -0.003139
v -0.002088 0.017576 -0.003141
v -0.002125 0.017546 -0.003143
v -0.002159 0.017516 -0.003146
v -0.002189 0.017485 -0.003148
v -0.002216 0.017453 -0.003151
v -0.002240 0.017420 -0.003153
v -0.002260 0.017387 -0.003156
v -0.002277 0.017354 -0.003158
v -0.002289 0.017320 -0.003161
v -0.002299 0.017286 -0.003163
v -0.002304 0.017252 -0.003165
v -0.002306 0.017218 -0.003168
v -0.002304 0.017184 -0.003170
v -0.002299 0.017150 -0.003173
v -0.002289 0.017116 -0.003176
v -0.002277 0.017082 -0.003178
v -0.002260 0.017049 -0.003181
v -0.002240 0.017016 -0.003183
v -0.002216 0.016983 -0.003185
v -0.002189 0.016952 -0.003188
v -0.002159 0.016920 -0.003191
v -0.002125 0.016890 -0.003193
v -0.002088 0.016860 -0.003195
v -0.002047 0.016831 -0.003197
v -0.002004 0.016803 -0.003199
v -0.001958 0.016776 -0.003201
v -0.001908 0.016750 -0.003203
v -0.001856 0.016726 -0.003205
v -0.001801 0.016702 -0.003207
v -0.001744 0.016680 -0.003209
v -0.001685 0.016659 -0.003210
v -0.001623 0.016640 -0.003212
v -0.001560 0.016621 -0.003213
v -0.001494 0.016604 -0.003214
v -0.001427 0.016589 -0.003215
v -0.001358 0.016575 -0.003217
v -0.001287 0.016563 -0.003218
v -0.001215 0.016553 -0.003218
v -0.001143 0.016543 -0.003219
v -0.001069 0.016536 -0.003220
v -0.000995 0.016530 -0.003220
v -0.000920 0.016526 -0.003220
v -0.000845 0.016524 -0.003221
v -0.000770 0.016523 -0.003221
v -0.000770 0.017224 -0.003227
v -0.000694 0.016524 -0.003221
v -0.000770 0.017224 -0.003227
v -0.000619 0.016527 -0.003220
v -0.000770 0.017224 -0.003227
v -0.000544 0.016531 -0.003220
v -0.000770 0.017224 -0.003227
v -0.000470 0.016537 -0.003220
v -0.000770 0.017224 -0.003227
v -0.000396 0.016544 -0.003219
v -0.000770 0.017224 -0.003227
v -0.000324 0.016554 -0.003218
v -0.000770 0.017224 -0.003227
v -0.000252 0.016564 -0.003218
v -0.000770 0.017224 -0.003227
v -0.000182 0.016576 -0.003217
v -0.000770 0.017224 -0.003227
v -0.000113 0.016591 -0.003216
v -0.000770 0.017224 -0.003227
v -0.000045 0.016606 -0.003214
v -0.000770 0.017224 -0.003227
v 0.000021 0.016623 -0.003213
v -0.000770 0.017224 -0.003227
v 0.000084 0.016641 -0.003212
v -0.000770 0.017224 -0.003227
v 0.000146 0.016661 -0.003211
v -0.000770 0.017224 -0.003227
v 0.000205 0.016682 -0.003209
v -0.000770 0.017224 -0.003227
v 0.000262 0.016705 -0.003207
v -0.000770 0.017224 -0.003227
v 0.000317 0.016728 -0.003206
v -0.000770 0.017224 -0.003227
v 0.000369 0.016753 -0.003204
v -0.000770 0.017224 -0.003227
v 0.000418 0.016779 -0.003202
v -0.000770 0.017224 -0.003227
v 0.000465 0.016806 -0.003200
v -0.000770 0.017224 -0.003227
v 0.000508 0.016834 -0.003197
v -0.000770 0.017224 -0.003227
v 0.000548 0.016863 -0.003195
v -0.000770 0.017224 -0.003227
v 0.000586 0.016893 -0.003193
v -0.000770 0.017224 -0.003227
v 0.000619 0.016923 -0.003191
v -0.000770 0.017224 -0.003227
v 0.000650 0.016955 -0.003188
v -0.000770 0.017224 -0.003227
v 0.000678 0.016986 -0.003186
v -0.000770 0.017224 -0.003227
v 0.000701 0.017019 -0.003184
v -0.000770 0.017224 -0.003227
v 0.000721 0.017052 -0.003181
v -0.000770 0.017224 -0.003227
v 0.000737 0.017085 -0.003179
v -0.000770 0.017224 -0.003227
v 0.000750 0.017119 -0.003176
v -0.000770 0.017224 -0.003227
v 0.000760 0.017153 -0.003174
v -0.000770 0.017224 -0.003227
v 0.000765 0.017187 -0.003171
v -0.000770 0.017224 -0.003227
v 0.000767 0.017221 -0.003169
v -0.000770 0.017224 -0.003227
v 0.000765 0.017255 -0.003166
v -0.000770 0.017224 -0.003227
v 0.000760 0.017290 -0.003163
v -0.000770 0.017224 -0.003227
v 0.000751 0.017324 -0.003161
v -0.000770 0.017224 -0.003227
v 0.000737 0.017357 -0.003158
v -0.000770 0.017224 -0.003227
v 0.000721 0.017390 -0.003156
v -0.000770 0.017224 -0.003227
v 0.000701 0.017423 -0.003153
v -0.000770 0.017224 -0.003227
v 0.000678 0.017456 -0.003151
v -0.000770 0.017224 -0.003227
v 0.000650 0.017487 -0.003148
v -0.000770 0.017224 -0.003227
v 0.000620 0.017519 -0.003146
v -0.000770 0.017224 -0.003227
v 0.000586 0.017549 -0.003144
v -0.000770 0.017224 -0.003227
v 0.000548 0.017579 -0.003142
v -0.000770 0.017224 -0.003227
v 0.000508 0.017608 -0.003140
v -0.000770 0.017224 -0.003227
v 0.000465 0.017636 -0.003137
v -0.000770 0.017224 -0.003227
v 0.000418 0.017663 -0.003135
v -0.000770 0.017224 -0.003227
v 0.000369 0.017688 -0.003133
v -0.000770 0.017224 -0.003227
v 0.000317 0.017713 -0.003131
v -0.000770 0.017224 -0.003227
v 0.000263 0.017736 -0.003130
v -0.000770 0.017224 -0.003227
v 0.000206 0.017759 -0.003128
v -0.000770 0.017224 -0.003227
v 0.000146 0.017780 -0.003126
v -0.000770 0.017224 -0.003227
v 0.000084 0.017800 -0.003125
v -0.000770 0.017224 -0.003227
v 0.000021 0.017818 -0.003124
v -0.000770 0.017224 -0.003227
v -0.000045 0.017834 -0.003122
v -0.000770 0.017224 -0.003227
v -0.000112 0.017850 -0.003121
v -0.000770 0.017224 -0.003227
v -0.000181 0.017864 -0.003120
v -0.000770 0.017224 -0.003227
v -0.000252 0.017876 -0.003119
v -0.000770 0.017224 -0.003227
v -0.000323 0.017887 -0.003118
v -0.000770 0.017224 -0.003227
v -0.000396 0.017895 -0.003118
v -0.000770 0.017224 -0.003227
v -0.000470 0.017903 -0.003117
v -0.000770 0.017224 -0.003227
v -0.000544 0.017909 -0.003117
v -0.000770 0.017224 -0.003227
v -0.000618 0.017913 -0.003116
v -0.000770 0.017224 -0.003227
v -0.000694 0.017915 -0.003116
v -0.000770 0.017224 -0.003227
v -0.000769 0.017916 -0.003116
v -0.000770 0.017224 -0.003227
v -0.000845 0.017915 -0.003116
v -0.000770 0.017224 -0.003227
v -0.000920 0.017912 -0.003116
v -0.000770 0.017224 -0.003227
v -0.000995 0.017908 -0.003117
v -0.000770 0.017224 -0.003227
v -0.001069 0.017902 -0.003117
v -0.000770 0.017224 -0.003227
v -0.001143 0.017895 -0.003117
v -0.000770 0.017224 -0.003227
v -0.001215 0.017886 -0.003118
v -0.000770 0.017224 -0.003227
v -0.001287 0.017875 -0.003119
v -0.000770 0.017224 -0.003227
v -0.001357 0.017862 -0.003120
v -0.000770 0.017224 -0.003227
v -0.001427 0.017848 -0.003121
v -0.000770 0.017224 -0.003227
v -0.001494 0.017833 -0.003122
v -0.000770 0.017224 -0.003227
v -0.001559 0.017816 -0.003123
v -0.000770 0.017224 -0.003227
v -0.001623 0.017798 -0.003125
v -0.000770 0.017224 -0.003227
v -0.001685 0.017778 -0.003126
v -0.000770 0.017224 -0.003227
v -0.001744 0.017757 -0.003128
v -0.000770 0.017224 -0.003227
v -0.001801 0.017734 -0.003129
v -0.000770 0.017224 -0.003227
v -0.001856 0.017711 -0.003131
v -0.000770 0.017224 -0.003227
v -0.001908 0.017686 -0.003133
v -0.000770 0.017224 -0.003227
v -0.001957 0.017660 -0.003135
v -0.000770 0.017224 -0.003227
v -0.002004 0.017633 -0.003137
v -0.000770 0.017224 -0.003227
v -0.002047 0.017605 -0.003139
v -0.000770 0.017224 -0.003227
v -0.002088 0.017576 -0.003141
v -0.000770 0.017224 -0.003227
v -0.002125 0.017546 -0.003143
v -0.000770 0.017224 -0.003227
v -0.002159 0.017516 -0.003146
v -0.000770 0.017224 -0.003227
v -0.002189 0.017485 -0.003148
v -0.000770 0.017224 -0.003227
v -0.002216 0.017453 -0.003151
v -0.000770 0.017224 -0.003227
v -0.002240 0.017420 -0.003153
v -0.000770 0.017224 -0.003227
v -0.002260 0.017387 -0.003156
v -0.000770 0.017224 -0.003227
v -0.002277 0.017354 -0.003158
v -0.000770 0.017224 -0.003227
v -0.002289 0.017320 -0.003161
v -0.000770 0.017224 -0.003227
v -0.002299 0.017286 -0.003163
v -0.000770 0.017224 -0.003227
v -0.002304 0.017252 -0.003165
v -0.000770 0.017224 -0.003227
v -0.002306 0.017218 -0.003168
v -0.000770 0.017224 -0.003227
v -0.002304 0.017184 -0.003170
v -0.000770 0.017224 -0.003227
v -0.002299 0.017150 -0.003173
v -0.000770 0.017224 -0.003227
v -0.002289 0.017116 -0.003176
v -0.000770 0.017224 -0.003227
v -0.002277 0.017082 -0.003178
v -0.000770 0.017224 -0.003227
v -0.002260 0.017049 -0.003181
v -0.000770 0.017224 -0.003227
v -0.002240 0.017016 -0.003183
v -0.000770 0.017224 -0.003227
v -0.002216 0.016983 -0.003185
v -0.000770 0.017224 -0.003227
v -0.002189 0.016952 -0.003188
v -0.000770 0.017224 -0.003227
v -0.002159 0.016920 -0.003191
v -0.000770 0.017224 -0.003227
v -0.002125 0.016890 -0.003193
v -0.000770 0.017224 -0.003227
v -0.002088 0.016860 -0.003195
v -0.000770 0.017224 -0.003227
v -0.002047 0.016831 -0.003197
v -0.000770 0.017224 -0.003227
v -0.002004 0.016803 -0.003199
v -0.000770 0.017224 -0.003227
v -0.001958 0.016776 -0.003201
v -0.000770 0.017224 -0.003227
v -0.001908 0.016750 -0.003203
v -0.000770 0.017224 -0.003227
v -0.001856 0.016726 -0.003205
v -0.000770 0.017224 -0.003227
v -0.001801 0.016702 -0.003207
v -0.000770 0.017224 -0.003227
v -0.001744 0.016680 -0.003209
v -0.000770 0.017224 -0.003227
v -0.001685 0.016659 -0.003210
v -0.000770 0.017224 -0.003227
v -0.001623 0.016640 -0.003212
v -0.000770 0.017224 -0.003227
v -0.001560 0.016621 -0.003213
v -0.000770 0.017224 -0.003227
v -0.001494 0.016604 -0.003214
v -0.000770 0.017224 -0.003227
v -0.001427 0.016589 -0.003215
v -0.000770 0.017224 -0.003227
v -0.001358 0.016575 -0.003217
v -0.000770 0.017224 -0.003227
v -0.001287 0.016563 -0.003218
v -0.000770 0.017224 -0.003227
v -0.001215 0.016553 -0.003218
v -0.000770 0.017224 -0.003227
v -0.001143 0.016543 -0.003219
v -0.000770 0.017224 -0.003227
v -0.001069 0.016536 -0.003220
v -0.000770 0.017224 -0.003227
v -0.000995 0.016530 -0.003220
v -0.000770 0.017224 -0.003227
v -0.000920 0.016526 -0.003220
v -0.000770 0.017224 -0.003227
v -0.000845 0.016524 -0.003221
v -0.000770 0.017224 -0.003227
v -0.000770 0.016523 -0.003221
v 0.146509 -0.027372 0.233265
v -0.016394 -0.235060 -0.010403
v 0.177870 0.016888 -0.124042
v -0.002062 0.090950 -0.166350
v -0.077699 0.054741 -0.061360
v -0.182980 0.276873 -0.299519
v 0.020122 0.003270 0.202162
v -0.022593 -0.102361 0.186244
v -0.104134 -0.122647 -0.085829
v -0.165915 0.023877 -0.149246
v 0.024906 -0.100761 0.030965
v 0.093742 0.016405 0.090863
v 0.190970 0.090368 0.085842
v 0.006765 0.041440 0.106322
v 0.027545 -0.015352 0.079558
v 0.076762 0.065392 0.160017
v 0.034754 0.003017 0.041661
v 0.034935 0.002851 0.041568
v 0.030708 0.009503 0.025814
v 0.011248 -0.004083 0.084500
v 0.024036 -0.001744 0.062153
v 0.023491 -0.001331 0.061754
v 0.104050 0.072926 0.020569
v 0.104681 0.004480 0.027268
v 0.167389 0.111186 0.060142
v 0.227373 0.155032 -0.064065
v 0.188708 0.077554 -0.045005
v 0.021678 0.024751 0.001841
v 0.030979 0.009116 0.025217
v 0.021992 0.112183 -0.101717
v 0.021952 0.012822 0.004691
v 0.043389 -0.003431 0.079771
v 0.080544 0.007129 0.079288
v 0.010835 0.144032 0.219429
v 0.064080 0.043120 0.134037
v 0.131693 0.080809 0.155673
v 0.255871 0.243280 -0.219014
v 0.191227 0.089811 0.084480
v 0.115037 0.010999 -0.014213
v 0.123673 0.012545 0.008242
v 0.119230 0.005194 0.023193
v 0.109054 0.004865 0.010612
v 0.179550 0.035572 -0.037616
v 0.125480 0.021959 0.116829
v 0.133236 0.009404 -0.004190
v 0.137954 0.009077 0.013275
v 0.132426 0.011906 -0.037477
v 0.169174 0.050028 0.091011
v 0.244025 0.167621 -0.171492
v 0.154974 -0.006925 -0.004108
v 0.179194 0.103395 0.087546
v 0.160125 0.014486 -0.019341
v 0.208624 0.039032 -0.043575
v 0.156700 0.011724 -0.014419
v 0.157586 0.008163 -0.000982
v 0.154673 0.012474 -0.001523
v 0.173043 0.014945 0.003011
v 0.160039 0.019245 0.073912
v 0.190773 0.019628 -0.032407
v 0.187467 0.035109 -0.021048
v 0.223590 0.025759 0.011851
v 0.170069 0.019301 -0.013487
v 0.177900 0.015577 -0.008690
v 0.204117 0.015492 -0.023419
v 0.190422 0.028323 -0.099059
v 0.260067 0.089502 -0.173631
v 0.213557 0.023066 -0.004828
v 0.190529 -0.000701 0.034647
v 0.209837 0.027341 -0.075823
v 0.210377 0.009443 -0.056188
v 0.228934 0.012768 -0.016949
v 0.202949 -0.000845 -0.024103
v 0.190708 0.029360 0.009868
v 0.207538 0.012485 -0.054246
v 0.206879 0.025575 -0.037088
v 0.207897 0.018633 -0.028817
v 0.206563 0.025952 -0.054117
v 0.227589 0.024328 -0.018671
v 0.235940 0.029587 -0.017488
v 0.251730 0.031098 -0.090649
v 0.251480 0.026373 -0.066771
v 0.250960 0.032993 -0.066581
v 0.213931 0.022560 -0.062709
v 0.249500 0.287204 -0.424544
v 0.237098 0.044684 -0.174009
v 0.236502 -0.007852 -0.122937
v 0.212829 0.025399 -0.084887
v 0.217977 0.029945 -0.121585
v 0.253483 0.022469 -0.145345
v 0.258925 -0.002237 -0.114885
v 0.256062 0.009915 -0.067432
v 0.254648 0.011666 -0.093380
v 0.257889 -0.001455 -0.095016
v 0.254423 0.012057 -0.068790
v 0.257632 -0.008546 -0.068147
v 0.210813 -0.014148 -0.091513
v 0.174764 -0.059719 0.013462
v 0.251850 0.022668 -0.067802
v 0.225817 0.026359 -0.045064
v 0.179003 0.007777 -0.048824
v 0.201626 0.006767 -0.076019
v 0.256407 0.021039 -0.077278
v 0.187024 -0.022604 -0.031083
v 0.279825 0.138022 -0.231609
v 0.189162 -0.032139 -0.032383
v 0.196315 -0.049296 -0.087289
v 0.281652 -0.049006 -0.165032
v 0.285764 -0.011375 -0.150599
v 0.290380 -0.032526 -0.189012
v 0.283900 -0.010198 -0.156750
v 0.286623 -0.020946 -0.195215
v 0.291764 -0.037705 -0.152775
v 0.274322 0.037822 -0.171587
v 0.283197 0.010702 -0.162991
v 0.284218 0.013115 -0.184856
v 0.279432 -0.016277 -0.156576
v 0.284499 -0.000814 -0.152218
v 0.284126 0.031742 -0.253095
v 0.290918 0.036541 -0.278668
v 0.279522 0.015668 -0.179580
v 0.275553 0.021815 -0.148969
v 0.271361 0.027466 -0.152541
v 0.264806 0.086079 -0.280234
v 0.206478 -0.023313 -0.197404
v 0.288574 0.027653 -0.198166
v 0.277336 0.023157 -0.195819
v 0.214558 0.035527 -0.105461
v 0.258402 0.030808 -0.178200
v 0.260086 0.031748 -0.190244
v 0.289445 0.095715 -0.294347
v 0.281833 -0.000443 -0.201396
v 0.244576 0.034172 -0.176044
v 0.247382 0.032624 -0.156907
v 0.242823 0.026064 -0.114687
v 0.198992 -0.066292 -0.045439
v 0.250858 0.030042 -0.092767
v 0.274939 0.048597 -0.160157
v 0.257640 0.025660 -0.102482
v 0.251382 0.030878 -0.112886
v -0.035790 -0.006837 0.083634
v -0.013498 -0.003441 0.061379
v 0.019027 -0.088644 0.123100
v -0.025771 0.002382 0.041516
v -0.007356 0.016654 0.008029
v -0.021240 0.009538 0.025987
v -0.014385 -0.001288 0.061997
v -0.090256 0.024428 0.037205
v -0.050637 -0.053390 0.007040
v -0.167521 0.244037 -0.186807
v -0.000608 -0.032100 0.089334
v -0.090828 0.002059 0.004307
v -0.087138 0.001623 -0.038417
v -0.194664 0.205594 -0.289830
v -0.002052 -0.004411 0.084789
v -0.061356 0.008676 0.064161
v 0.032581 0.120559 0.192563
v 0.243803 0.327938 -0.282088
v -0.001213 -0.004450 0.085173
v -0.074388 0.010304 0.059910
v -0.065890 0.008366 0.057093
v -0.012308 0.040167 -0.046802
v -0.034385 -0.005229 0.079633
v -0.055989 0.005327 0.063991
v -0.090747 0.002115 0.024044
v -0.088716 0.039446 -0.083083
v -0.093171 0.007174 0.007264
v -0.095960 0.010953 0.001119
v -0.092622 0.004619 0.022433
v -0.093097 0.004240 0.009478
v -0.088807 0.003646 0.005258
v -0.093714 0.005673 0.016498
v -0.134475 0.010662 0.000444
v -0.124068 0.011611 -0.006431
v -0.128494 0.010098 0.013525
v -0.135250 0.000455 0.000633
v -0.135234 0.001550 0.000484
v -0.173708 0.008864 0.018208
v -0.170495 0.049180 0.018000
v -0.173922 0.026787 0.018190
v -0.172785 0.027685 0.018072
v -0.174006 0.017468 0.018198
v -0.173600 0.016656 0.018338
v -0.174794 0.009293 0.018283
v -0.172470 0.029024 0.018088
v -0.174341 0.020586 0.018336
v -0.174895 0.020667 0.011716
v -0.176011 0.019559 0.010797
v -0.174324 0.033351 0.010757
v -0.176300 0.017152 0.010838
v -0.174480 0.023823 0.011658
v -0.176244 0.018008 0.010754
v -0.177322 0.007792 0.010913
v -0.177322 0.000668 0.011850
v -0.175934 0.011962 0.011873
v -0.176668 0.007925 0.011652
v -0.224352 0.039174 -0.039619
v -0.229355 0.006159 -0.040581
v -0.226542 0.023468 -0.039659
v -0.227182 0.022297 -0.039877
v -0.226710 0.022539 -0.040546
v -0.226350 0.022077 -0.039893
v -0.225494 0.026785 -0.039700
v -0.223692 0.036473 -0.039002
v -0.226911 0.023291 -0.040627
v -0.222998 0.041024 -0.038828
v -0.230197 0.002072 -0.040521
v -0.226291 0.022908 -0.040024
v -0.228140 0.009791 -0.039927
v -0.226476 0.020279 -0.093562
v -0.227296 0.015348 -0.094390
v -0.239753 -0.066575 -0.098598
v -0.233893 -0.023681 -0.095603
v -0.229572 0.002269 -0.095105
v -0.224132 0.042214 -0.092586
v -0.224326 0.036056 -0.093159
v -0.235674 -0.034487 -0.097374
v -0.234466 -0.025131 -0.095874
v -0.295801 0.031009 -0.102858
v -0.233098 -0.018407 -0.095095
v -0.234417 -0.024461 -0.095718
v -0.229068 0.009963 -0.094591
v -0.231036 -0.006109 -0.095660
v -0.227029 0.015683 -0.094126
v -0.224131 0.039885 -0.092490
v -0.225130 0.027728 -0.093250
v -0.230402 0.000898 -0.094573
v -0.228555 0.009108 -0.093482
v -0.227547 0.016209 -0.093534
v -0.223000 0.050687 -0.092031
v -0.223390 0.042461 -0.092034
v -0.225176 0.032571 -0.092225
v -0.224876 0.029552 -0.093409
v -0.230271 -0.003346 -0.095393
v -0.224732 0.030657 -0.092641
v -0.227175 0.020806 -0.092894
v -0.252121 0.029219 -0.145498
v -0.259519 -0.011012 -0.150406
v -0.263466 -0.040660 -0.152222
v -0.263943 -0.038115 -0.152073
v -0.266440 -0.051637 -0.153927
v -0.265111 -0.048058 -0.154343
v -0.265105 -0.045723 -0.152925
v -0.264390 -0.041858 -0.152957
v -0.259774 -0.013888 -0.150157
v -0.266983 -0.055416 -0.154668
v -0.266853 -0.052274 -0.154036
v -0.262764 -0.035530 -0.152005
v -0.320136 0.039964 -0.138181
v -0.255817 0.005227 -0.147802
v -0.255736 0.006867 -0.148657
v -0.258867 -0.011026 -0.150060
v -0.262515 -0.032665 -0.152190
v -0.266695 -0.058822 -0.154775
v -0.266522 -0.052804 -0.154021
v -0.257240 0.000787 -0.148632
v -0.261742 -0.023165 -0.151170
v -0.262299 -0.033103 -0.152791
v -0.279158 0.027649 -0.198204
v -0.246390 0.059482 -0.142596
v -0.251699 0.034207 -0.145998
v -0.251167 0.036008 -0.145337
v -0.263529 -0.033008 -0.152063
v -0.255958 0.007499 -0.148513
v -0.250099 0.040573 -0.144579
v -0.256529 0.007362 -0.147354
v -0.250554 0.039258 -0.144766
v -0.251368 0.030228 -0.145894
v -0.249965 0.044075 -0.143824
v -0.247775 0.056132 -0.142817
v -0.250706 0.038237 -0.144703
v -0.253109 0.018789 -0.147054
v -0.248220 0.025659 -0.102482
v 0.002294 -0.020307 0.121429
v 0.054253 -0.004426 0.114593
v 0.056225 -0.003882 0.114686
v 0.056288 -0.008240 0.128066
v 0.049415 -0.009869 0.135328
v 0.050199 -0.012302 0.136810
v 0.018426 -0.018127 0.128365
v 0.046989 0.000634 0.119868
v 0.002797 -0.019929 0.122765
v 0.018126 -0.016377 0.116910
v 0.018730 -0.016386 0.117506
v 0.017976 -0.017492 0.127363
v 0.046523 -0.019677 0.120721
v 0.053966 0.031423 0.161734
v 0.046943 -0.008353 0.111610
v 0.048189 -0.007555 0.112857
v 0.038584 -0.011947 0.126993
v 0.061225 -0.011859 0.140873
v 0.065094 -0.008050 0.119194
v 0.064624 -0.009127 0.119772
v 0.060400 -0.011623 0.122290
v 0.060499 -0.009669 0.122681
v 0.063695 -0.010291 0.120888
v 0.060879 -0.012435 0.140512
v 0.060957 -0.014321 0.117716
v 0.061515 0.028987 0.157316
v 0.062548 -0.008959 0.128729
v 0.039445 -0.012300 0.127418
v 0.054787 -0.011084 0.137613
v 0.064030 -0.008919 0.128746
v 0.055423 -0.011770 0.136561
v 0.059481 -0.007804 0.119171
v 0.060895 -0.009404 0.120711
v 0.093516 -0.007454 0.146443
v 0.093299 -0.006171 0.130111
v 0.090168 0.001713 0.133129
v 0.086113 -0.016969 0.130539
v 0.092010 -0.004914 0.130227
v 0.076273 -0.013224 0.147211
v 0.052875 -0.012465 0.131999
v 0.073702 -0.012430 0.144822
v 0.048506 -0.013087 0.127399
v 0.084425 -0.006193 0.124369
v 0.084611 -0.007223 0.124546
v 0.052394 -0.012409 0.132697
v 0.048823 -0.013093 0.127649
v 0.076473 -0.008428 0.124184
v 0.076667 -0.009141 0.124884
v 0.094318 -0.008012 0.147479
v 0.073745 -0.008895 0.133049
v 0.116198 -0.003074 0.140393
v 0.121443 -0.001578 0.138748
v 0.118360 -0.002887 0.144628
v 0.152600 0.009579 0.075844
v 0.102607 -0.002013 0.120599
v 0.113311 -0.010157 0.124442
v 0.114348 -0.000260 0.125180
v 0.081008 -0.008744 0.138526
v 0.073083 -0.008977 0.133510
v 0.109708 0.144559 0.304691
v 0.114372 -0.001527 0.125377
v 0.081090 -0.008603 0.138675
v 0.102088 0.128267 0.290602
v 0.110490 -0.011783 0.144304
v 0.110889 -0.006321 0.149776
v 0.146778 -0.000226 0.139671
v 0.145581 0.000435 0.139718
v 0.170714 0.036909 0.138378
v 0.091838 0.019206 0.177872
v 0.140905 0.003375 0.116162
v 0.101195 -0.002584 0.139368
v 0.100762 -0.002594 0.139372
v 0.104500 -0.001650 0.136561
v 0.141404 -0.000892 0.145945
v 0.143167 0.003209 0.119916
v 0.138867 -0.008915 0.133330
v 0.124125 0.021347 0.149445
v 0.127751 0.000717 0.138791
v 0.175317 -0.016252 0.116366
v 0.152662 -0.005019 0.152989
v 0.157251 0.006326 0.115969
v 0.157333 0.007261 0.117961
v 0.198863 0.021128 0.067939
v 0.160321 0.003023 0.135580
v 0.129482 0.004148 0.163533
v 0.172740 0.007933 0.148446
v 0.144162 0.000984 0.137877
v 0.173562 -0.000032 0.127019
v 0.176349 0.011831 0.104484
v 0.144459 0.003780 0.166340
v 0.177308 0.012125 0.105747
v 0.147257 0.007656 0.160801
v 0.173989 0.013339 0.102684
v 0.149422 0.003078 0.132002
v 0.146298 0.001512 0.135095
v 0.148602 0.002451 0.132003
v 0.147013 0.001958 0.136038
v 0.175408 0.011006 0.114119
v 0.175892 0.009506 0.115652
v 0.170796 0.004391 0.142467
v 0.200420 -0.001626 0.075326
v 0.198445 0.004787 0.064623
v 0.178023 0.009687 0.098152
v 0.176472 0.005541 0.133406
v 0.203160 0.008589 0.046891
v 0.183110 0.007409 0.098887
v 0.198347 0.018195 0.069128
v 0.199361 0.015445 0.070821
v 0.188257 0.017282 0.093978
v 0.198346 0.011725 0.091755
v 0.174113 0.009266 0.106934
v 0.171798 0.005552 0.108720
v 0.170532 0.014560 0.142037
v 0.177855 0.003195 0.102841
v 0.197932 0.021986 0.093857
v 0.200036 0.018285 0.092525
v 0.188670 0.017188 0.093739
v 0.171342 0.008160 0.116086
v 0.171918 0.009810 0.115528
v 0.151196 -0.014760 0.109159
v 0.201412 0.015755 0.092058
v 0.196021 0.015283 0.093035
v 0.161917 -0.011434 0.147202
v 0.006277 -0.015006 0.130201
v 0.007230 -0.014905 0.130130
v 0.142498 0.032590 0.197869
v 0.041976 -0.005669 0.140829
v 0.036764 -0.009694 0.153482
v 0.035554 -0.038284 0.060373
v 0.034996 -0.009960 0.155911
v 0.034948 -0.009637 0.155983
v -0.033986 0.242735 0.374138
v 0.008149 -0.014898 0.129640
v 0.028040 0.019543 0.208668
v 0.026072 -0.011468 0.150491
v 0.035931 -0.014700 0.142642
v 0.032480 -0.009508 0.143965
v 0.031889 -0.009617 0.144379
v 0.032095 -0.008938 0.144544
v 0.046421 -0.006102 0.141611
v 0.042694 -0.008668 0.158315
v 0.048799 -0.007567 0.147412
v 0.047502 -0.009529 0.146718
v 0.048716 -0.008358 0.146824
v 0.042566 -0.009580 0.158423
v 0.044447 -0.015804 0.153494
v 0.044032 0.041444 0.196738
v 0.048881 -0.007922 0.148183
v 0.032441 -0.009541 0.145334
v 0.045297 -0.006479 0.142559
v 0.046125 -0.006634 0.142737
v 0.062538 -0.008337 0.176259
v 0.068734 -0.004969 0.159764
v 0.068816 -0.005197 0.159890
v 0.038823 -0.010365 0.148502
v 0.040069 -0.009276 0.150085
v 0.038232 -0.010901 0.147441
v 0.062441 -0.013185 0.158361
v 0.061111 -0.006647 0.155941
v 0.061425 -0.007459 0.155487
v 0.045912 -0.009182 0.148949
v 0.063176 -0.007070 0.174520
v 0.050078 -0.010270 0.166942
v 0.045827 -0.008875 0.149151
v 0.081188 -0.003708 0.176897
v 0.144866 0.027438 0.198637
v 0.060059 -0.007031 0.159945
v 0.038789 0.015347 0.189822
v 0.052904 -0.007640 0.158204
v 0.052880 -0.007608 0.157608
v 0.052990 -0.007423 0.157881
v 0.085003 0.004565 0.167196
v 0.086654 -0.002139 0.164410
v 0.074119 -0.011983 0.171981
v 0.056751 -0.007664 0.164403
v 0.053511 -0.007693 0.158107
v 0.073427 -0.006240 0.180231
v 0.059636 -0.006950 0.160245
v 0.092078 0.085627 0.279353
v 0.099519 0.083280 0.262399
v 0.144228 0.049087 0.221430
v 0.106877 0.000217 0.163441
v 0.105273 0.000657 0.168539
v 0.097985 -0.008907 0.174805
v 0.070685 -0.003207 0.170531
v 0.043731 0.061520 0.223346
v 0.085922 -0.001133 0.168597
v 0.086053 -0.001087 0.168929
v 0.085821 0.008593 0.231975
v 0.088982 -0.000649 0.177897
v 0.089004 -0.000966 0.178177
v 0.112250 0.007131 0.183667
v 0.146811 -0.011982 0.073130
v 0.116567 0.002841 0.166768
v 0.115654 0.003401 0.172823
v 0.091994 0.025606 0.210578
v 0.088679 -0.000780 0.180167
v 0.104627 0.103644 0.311183
v 0.051760 0.058700 0.231198
v 0.150601 0.005667 0.160589
v 0.146082 0.025493 0.224341
v 0.133313 0.006155 0.170642
v 0.132971 0.006717 0.170349
v 0.111930 0.001728 0.177721
v 0.104522 0.000065 0.180239
v 0.104540 -0.000236 0.180736
v 0.112234 0.001552 0.178773
v 0.118905 0.034799 0.229284
v 0.124936 0.002100 0.185317
v 0.133177 0.005635 0.172313
v 0.127824 0.004538 0.178023
v 0.147573 0.011416 0.163216
v 0.168110 0.019592 0.142894
v 0.146535 0.012772 0.167751
v 0.146188 0.011174 0.165413
v 0.147931 0.013610 0.176057
v 0.144810 0.043466 0.222510
v 0.142401 0.008737 0.169020
v 0.143641 0.053669 0.218786
v 0.147323 0.011322 0.164662
v 0.147527 0.010436 0.180591
v 0.092488 0.035065 0.231682
v 0.128918 0.005215 0.175054
v 0.145242 0.028385 0.224334
v 0.143942 0.045945 0.219653
v 0.144260 0.004210 0.187529
v 0.005190 -0.017807 0.134019
v 0.025592 -0.011873 0.159841
v 0.024947 -0.011479 0.159622
v 0.012959 -0.014766 0.163965
v 0.014707 -0.011055 0.160972
v 0.013884 -0.013285 0.162868
v 0.009925 -0.017886 0.137186
v 0.006220 -0.017798 0.135362
v 0.008727 -0.016887 0.152224
v 0.007316 -0.017099 0.156015
v 0.008605 -0.017026 0.150301
v 0.017778 -0.020091 0.153592
v 0.016381 -0.014290 0.159173
v 0.019151 -0.006973 0.169486
v 0.014798 -0.014581 0.172631
v 0.015088 -0.013828 0.172693
v 0.018452 -0.020078 0.169667
v 0.024406 -0.013010 0.168905
v 0.023823 -0.013943 0.167978
v 0.016175 -0.014703 0.159242
v 0.021411 -0.012870 0.165296
v 0.020450 -0.014126 0.163400
v 0.018886 -0.013616 0.194738
v 0.003870 0.254829 0.458573
v 0.031682 -0.011575 0.187041
v 0.026191 -0.018665 0.184136
v 0.017510 -0.014272 0.171638
v -0.066132 -0.014332 0.173415
v 0.017366 -0.015579 0.162609
v 0.105510 0.094605 0.305886
v 0.120230 0.069305 0.283964
v 0.022331 -0.014526 0.167862
v -0.067486 0.005088 0.191485
v -0.069072 0.006004 0.218104
v -0.010949 0.266645 0.478689
v 0.042909 -0.008910 0.199598
v 0.023168 -0.013326 0.180005
v 0.021511 -0.013237 0.177589
v 0.099329 0.095744 0.318169
v -0.015572 -0.165912 0.067134
v 0.028742 -0.017324 0.197869
v 0.023730 -0.012207 0.192659
v -0.012383 -0.012934 0.193164
v 0.025463 -0.012821 0.182583
v 0.031314 -0.009809 0.205069
v 0.039673 -0.009981 0.221613
v 0.022161 0.029157 0.237383
v 0.085136 0.149405 0.377658
v 0.109377 -0.048113 0.094807
v 0.049580 -0.007715 0.211642
v 0.038745 -0.008780 0.201815
v 0.045959 -0.014710 0.211367
v 0.027753 -0.009800 0.195472
v 0.056588 -0.015586 0.153342
v 0.050094 -0.009374 0.211303
v 0.040299 -0.009929 0.219745
v 0.035802 -0.008507 0.209894
v 0.057087 -0.006075 0.219349
v 0.048524 -0.008010 0.225389
v 0.052666 -0.000520 0.223372
v 0.040316 -0.008291 0.214115
v 0.035892 -0.008186 0.209985
v 0.039853 -0.008521 0.214890
v 0.048112 -0.007692 0.227049
v 0.056382 -0.006647 0.219891
v 0.059275 0.181387 0.416253
v 0.062066 -0.007469 0.236425
v 0.133578 -0.019468 0.169838
v 0.068797 -0.003591 0.227415
v 0.052778 -0.006945 0.221775
v 0.045035 -0.008065 0.219235
v 0.052718 -0.007033 0.222380
v -0.010522 -0.045303 0.215083
v -0.063893 0.120342 0.368536
v 0.056527 -0.006694 0.232962
v 0.061575 -0.005055 0.229598
v 0.082746 0.124914 0.381926
v 0.086765 0.133244 0.382864
v 0.083861 0.000773 0.233797
v 0.031779 0.027368 0.306357
v 0.080514 0.000502 0.235719
v 0.096400 -0.006998 0.232261
v 0.101251 -0.004646 0.166220
v 0.075731 -0.002037 0.230886
v 0.096078 0.000268 0.231512
v 0.067061 -0.004822 0.243829
v 0.073419 -0.003278 0.231332
v 0.066988 -0.032440 0.180059
v 0.100903 0.058928 0.333656
v 0.038980 0.194884 0.436609
v 0.035100 -0.014338 0.242522
v 0.192090 0.100398 0.026828
v 0.072913 0.002712 0.071869
v 0.075581 -0.006454 0.092893
v 0.075572 -0.005915 0.092771
v 0.066874 -0.004739 0.081321
v 0.109175 0.104635 0.233928
v 0.005730 0.074945 0.187625
v 0.019936 -0.013597 0.109535
v 0.005310 0.103290 0.211898
v 0.025427 -0.009819 0.096628
v 0.068986 -0.006906 0.082536
v 0.022938 0.019491 0.128563
v 0.020298 -0.014237 0.109054
v 0.052802 -0.009853 0.106582
v 0.062788 -0.013567 0.052836
v 0.069635 -0.001644 0.081805
v 0.060429 -0.009763 0.103941
v 0.059870 -0.007100 0.089375
v 0.091884 -0.008409 0.088088
v 0.089751 -0.001132 0.060361
v 0.092518 -0.004464 0.066401
v 0.100678 -0.007174 0.083121
v 0.059856 -0.007028 0.088826
v 0.100483 -0.007911 0.082559
v 0.072041 -0.003646 0.072211
v 0.090486 -0.014099 0.069342
v 0.096450 -0.009107 0.073854
v 0.095054 -0.006608 0.066592
v 0.092428 -0.008789 0.087442
v 0.131205 -0.001785 0.052304
v 0.157888 -0.003235 0.063731
v 0.130675 -0.006637 0.058855
v 0.133357 -0.003552 0.069553
v 0.133884 -0.007487 0.058014
v 0.124254 -0.002556 0.053955
v 0.121731 -0.003117 0.054026
v 0.127496 -0.001366 0.051278
v 0.098553 -0.008410 0.079243
v 0.098618 -0.007976 0.078621
v 0.080372 -0.007894 0.082400
v 0.070155 -0.009024 0.083763
v 0.069946 -0.009126 0.083804
v 0.165906 0.045785 0.140023
v 0.117979 -0.010652 0.079597
v 0.098997 -0.006526 0.063427
v 0.090447 -0.005718 0.071039
v 0.099547 -0.004423 0.064502
v 0.087417 -0.006223 0.071266
v 0.097785 0.078252 0.175464
v 0.099638 -0.006269 0.064226
v 0.082553 -0.006592 0.074423
v 0.117861 -0.009898 0.078977
v 0.082512 -0.006071 0.074238
v 0.205674 0.028212 0.014010
v 0.166280 0.001709 0.042653
v 0.170746 -0.001761 0.058839
v 0.169058 -0.000489 0.059239
v 0.159068 -0.004927 0.069377
v 0.130689 -0.002119 0.054181
v 0.110527 -0.009435 0.068481
v 0.103391 -0.004936 0.069761
v 0.165812 -0.001569 0.054191
v 0.166883 -0.002326 0.053544
v 0.187369 0.032130 0.082399
v 0.137890 -0.000609 0.049696
v 0.159863 -0.006291 0.043748
v 0.153244 0.064140 0.138919
v 0.123840 0.068318 0.165505
v 0.128890 -0.004997 0.069442
v 0.165179 0.002446 0.044121
v 0.165362 -0.000519 0.046264
v 0.181595 -0.000290 0.086234
v 0.140022 -0.000343 0.061575
v 0.197247 0.006838 0.030000
v 0.199291 0.001064 0.046782
v 0.202012 0.003412 0.047434
v 0.201818 -0.000094 0.042399
v 0.201637 0.004471 0.070410
v 0.196293 0.013201 0.040261
v 0.195372 -0.000455 0.052934
v 0.152628 0.001083 0.054081
v 0.139617 -0.000487 0.061714
v 0.153423 0.001244 0.053623
v 0.150045 0.000154 0.054585
v 0.174241 -0.000354 0.058050
v 0.186770 0.006225 0.033593
v 0.143789 -0.004101 0.060018
v 0.199733 0.000787 0.033267
v 0.189076 0.003758 0.036001
v 0.174150 -0.000012 0.056447
v 0.166678 0.042954 0.111331
v 0.198410 0.010232 0.056616
v 0.178208 0.002448 0.052927
v 0.226134 0.012485 -0.001495
v 0.221479 0.005242 -0.002169
v 0.201485 0.002150 0.024994
v 0.231344 0.004318 -0.003666
v 0.203260 -0.002178 0.018856
v 0.196474 -0.000436 0.040520
v 0.200076 0.009007 0.087082
v 0.182856 -0.000491 0.042856
v 0.198563 0.011839 0.030208
v 0.200389 0.001922 0.046023
v 0.177522 0.001044 0.062767
v 0.174222 -0.005202 0.057350
v 0.199306 -0.018736 0.051706
v 0.210328 0.001637 0.018128
v 0.227455 0.008867 -0.008776
v 0.230989 0.000110 0.006302
v 0.231033 -0.003355 -0.004483
v 0.229436 0.002339 -0.009926
v 0.231409 0.001159 -0.003269
v 0.207365 0.005107 0.013537
v 0.191118 0.000071 0.031320
v 0.198340 0.003726 0.025202
v 0.231879 -0.002127 -0.004628
v 0.234083 -0.003431 0.000068
v 0.187349 -0.006047 0.033812
v 0.207055 0.002531 0.021258
v 0.201953 0.003214 0.038745
v 0.231037 -0.007693 0.011380
v 0.229238 0.006061 -0.008961
v 0.224981 -0.009151 0.013298
v 0.210933 0.005065 0.018786
v 0.227974 -0.009889 0.012054
v 0.209099 -0.011314 -0.087691
v 0.228594 0.011154 -0.010467
v 0.236960 -0.038718 -0.008389
v 0.235378 -0.030236 -0.018512
v 0.217720 0.029147 -0.074989
v 0.212301 -0.045938 -0.043626
v 0.231210 -0.049646 -0.039594
v 0.241196 -0.018144 -0.001670
v 0.235139 -0.035516 -0.012766
v 0.228042 -0.017771 -0.023892
v 0.238904 -0.045446 -0.070932
v 0.226848 -0.008937 -0.048833
v 0.236092 -0.030888 -0.081658
v 0.197309 -0.057416 -0.033016
v 0.235974 -0.029391 -0.009855
v 0.244545 -0.027475 0.000472
v 0.235649 -0.031395 -0.004365
v 0.220752 -0.043246 -0.025125
v 0.235702 -0.024584 -0.004669
v 0.279157 0.010065 0.002053
v 0.278414 0.012189 -0.002551
v 0.245111 -0.031020 0.000580
v 0.230264 0.007462 -0.006754
v 0.217176 0.001754 -0.031107
v 0.225384 -0.037410 -0.034212
v 0.228901 -0.014153 0.011357
v 0.226510 -0.048889 -0.037521
v 0.228042 0.004687 -0.013684
v 0.208144 -0.047618 -0.039846
v 0.236149 -0.034382 -0.017374
v 0.227235 -0.002106 -0.001820
v 0.229024 0.005885 0.012572
v 0.229695 0.002758 -0.025526
v 0.233115 -0.025654 -0.013119
v 0.242907 -0.024731 0.002212
v 0.007973 -0.020268 0.121893
v 0.007678 -0.020465 0.121805
v -0.069060 -0.003428 0.115686
v -0.044097 -0.008646 0.129873
v -0.037668 -0.013217 0.139895
v -0.040380 -0.010495 0.133310
v -0.043191 -0.010123 0.137476
v -0.039228 0.000704 0.120390
v -0.001775 -0.018923 0.120601
v -0.001536 -0.018806 0.119358
v -0.043070 -0.006751 0.127616
v -0.003290 -0.019171 0.126420
v -0.049875 -0.004101 0.094877
v -0.088242 0.000336 0.092465
v -0.037905 -0.007739 0.112496
v -0.037732 -0.008099 0.112619
v -0.037568 -0.019337 0.120398
v -0.003054 -0.018663 0.125979
v -0.044637 -0.004523 0.113916
v -0.023402 -0.012057 0.128438
v -0.050902 -0.012832 0.142794
v -0.054332 -0.007893 0.123210
v -0.054509 -0.008339 0.120302
v -0.053409 -0.010806 0.118823
v -0.054415 -0.010760 0.119639
v -0.055756 -0.008909 0.136471
v -0.052999 -0.014784 0.118654
v -0.063700 -0.008067 0.136560
v -0.050650 -0.012734 0.140959
v -0.054223 0.224176 0.351608
v -0.039761 -0.011787 0.132416
v -0.031893 -0.011815 0.125602
v -0.040854 -0.012339 0.131218
v -0.039471 -0.009991 0.122169
v -0.052041 -0.008259 0.119814
v 0.011550 -0.005654 0.149145
v -0.048346 -0.009385 0.121100
v -0.038176 -0.013104 0.126864
v -0.068212 -0.012388 0.136908
v -0.081454 -0.006650 0.121460
v -0.078706 -0.005303 0.122225
v -0.066776 -0.013119 0.148105
v -0.057935 -0.016655 0.129588
v -0.041925 -0.012606 0.131167
v -0.041500 -0.012848 0.131711
v -0.078740 -0.006622 0.125334
v -0.069833 -0.008479 0.123147
v -0.070903 -0.016876 0.127939
v -0.064500 -0.012547 0.145268
v -0.038332 -0.013261 0.127007
v -0.069834 -0.008678 0.123696
v -0.078997 -0.000772 0.111962
v -0.052759 0.000681 0.158662
v -0.077505 -0.010583 0.115462
v -0.067773 -0.009399 0.135482
v -0.064703 -0.009037 0.133305
v -0.055978 -0.003145 0.152946
v -0.071658 -0.003040 0.130238
v -0.080290 -0.002524 0.120018
v -0.078852 -0.002154 0.123065
v -0.064284 -0.009025 0.133313
v -0.084700 -0.003384 0.123534
v -0.080986 -0.023535 0.121643
v -0.066651 -0.009532 0.138176
v -0.072102 -0.047871 0.128635
v -0.092283 -0.006681 0.118888
v -0.087679 0.007588 0.119464
v -0.092266 -0.029901 0.113177
v -0.094518 -0.011457 0.116226
v -0.064611 -0.003925 0.136843
v -0.073978 -0.010350 0.129583
v -0.071868 -0.013893 0.130703
v -0.094090 -0.003431 0.116846
v -0.062607 -0.002551 0.139739
v -0.094513 -0.017133 0.118827
v -0.118160 0.000706 0.138815
v -0.174386 0.016940 0.120648
v -0.178117 -0.017194 0.123667
v -0.173807 0.015947 0.120812
v -0.176146 -0.001095 0.122011
v -0.177509 -0.009835 0.122210
v -0.175832 -0.002093 0.121387
v -0.175874 0.005036 0.121725
v -0.117937 0.001208 0.138307
v -0.178193 -0.021774 0.123552
v -0.172361 0.025607 0.119390
v -0.173975 0.013996 0.120427
v -0.174561 0.005967 0.121011
v -0.173698 0.023755 0.119394
v -0.172910 0.019773 0.119517
v -0.173160 0.018578 0.120339
v -0.173539 0.017326 0.120386
v -0.175212 0.005399 0.121582
v -0.174447 0.016973 0.120252
v -0.173437 0.015170 0.119885
v -0.174534 0.009660 0.120801
v -0.173985 0.010819 0.121430
v -0.174409 0.010941 0.120374
v -0.176223 -0.003049 0.121417
v -0.175744 0.004318 0.121395
v -0.174720 0.013470 0.120605
v -0.175353 -0.000329 0.121923
v -0.173403 0.020825 0.119636
v -0.175897 0.005166 0.121585
v -0.174733 0.013770 0.120379
v -0.174914 0.010519 0.121140
v -0.174159 0.017482 0.119732
v -0.173797 0.018231 0.120800
v -0.175253 0.004312 0.121872
v -0.174702 0.009447 0.121128
v -0.174382 0.013717 0.120622
v -0.175232 0.001106 0.121479
v -0.176572 -0.009218 0.121895
v -0.174472 0.013263 0.121218
v -0.174190 0.019997 0.120276
v -0.173970 0.016164 0.119772
v -0.173634 0.013316 0.121095
v -0.174032 0.010718 0.120752
v -0.176119 0.000164 0.121860
v -0.175860 -0.003892 0.121912
v -0.175943 0.000219 0.121468
v -0.178639 -0.026585 0.124202
v 0.002251 -0.015011 0.129699
v -0.030934 -0.005289 0.141218
v -0.025186 -0.009194 0.154090
v -0.026195 -0.009687 0.154807
v -0.006422 -0.014289 0.138961
v -0.019945 -0.017412 0.143129
v 0.002368 -0.015173 0.129458
v -0.030952 -0.005559 0.141092
v -0.006761 -0.014022 0.138447
v -0.021634 -0.009348 0.143284
v -0.030387 -0.009798 0.153171
v -0.031920 -0.010432 0.160807
v -0.040143 -0.006772 0.148376
v -0.041120 -0.007124 0.146444
v -0.040794 -0.008956 0.145071
v -0.041239 -0.008932 0.145936
v -0.037138 -0.007517 0.157919
v -0.040541 -0.011929 0.144813
v -0.037130 -0.007015 0.156995
v -0.032179 -0.010330 0.159501
v -0.028336 -0.009280 0.154101
v 0.111948 0.109630 0.263093
v -0.058228 0.190846 0.352433
v -0.033881 -0.002494 0.157357
v -0.039580 -0.007039 0.145361
v -0.040409 -0.007805 0.147270
v -0.029118 -0.008150 0.142910
v -0.054586 -0.005621 0.171031
v -0.055824 0.000309 0.165894
v -0.057640 -0.011139 0.161258
v -0.056070 -0.004924 0.156703
v -0.041470 -0.010861 0.168605
v -0.028313 -0.010686 0.146138
v -0.029173 -0.010134 0.150120
v -0.028839 -0.010503 0.147462
v -0.056220 -0.006108 0.156744
v -0.048727 -0.007438 0.152701
v -0.055956 0.017038 0.208305
v -0.040435 -0.010293 0.166563
v -0.048479 -0.007884 0.153392
v -0.064663 -0.009770 0.163187
v -0.061468 0.111690 0.299583
v -0.045768 -0.007674 0.158887
v -0.068096 -0.000968 0.160016
v -0.066348 -0.001450 0.165042
v 0.110058 0.138560 0.306075
v -0.045364 -0.008356 0.164023
v -0.054572 -0.007825 0.084142
v -0.046873 -0.007023 0.158019
v -0.046109 -0.007560 0.157708
v -0.056661 -0.000225 0.187338
v -0.061283 -0.003151 0.170529
v -0.057416 0.106468 0.237262
v -0.067526 -0.007900 0.166062
v -0.063357 -0.000069 0.169356
v -0.067683 -0.002949 0.187027
v -0.063867 -0.010403 0.189983
v -0.067108 -0.001603 0.165655
v -0.061171 -0.003264 0.170568
v -0.064759 -0.002089 0.167980
v -0.068987 -0.001956 0.170150
v -0.079458 -0.001063 0.178247
v -0.073359 -0.047433 0.129838
v -0.075129 -0.031689 0.129391
v -0.071364 -0.076956 0.133715
v -0.073731 -0.026125 0.136513
v -0.097607 -0.048693 0.124676
v -0.057687 -0.001792 0.169930
v -0.070346 -0.040454 0.130954
v -0.078095 -0.051506 0.129365
v -0.076632 -0.046832 0.127699
v -0.075757 -0.070639 0.131714
v -0.067498 -0.008062 0.165011
v -0.074663 -0.050982 0.133586
v -0.092276 -0.049371 0.126543
v -0.062380 0.002394 0.164982
v -0.066170 0.000971 0.178053
v -0.064706 -0.008417 0.169546
v -0.065970 -0.020790 0.147179
v -0.066425 -0.010865 0.154737
v -0.066131 -0.015376 0.161685
v -0.093511 -0.019464 0.121788
v -0.076775 -0.026296 0.128711
v -0.068135 -0.015659 0.159645
v -0.070891 -0.027081 0.128445
v -0.066685 -0.041763 0.149959
v -0.087854 -0.021235 0.124476
v -0.134596 0.003979 0.187682
v -0.143453 0.013438 0.176770
v -0.083804 -0.053715 0.124304
v -0.070211 0.009317 0.162879
v -0.079356 -0.064446 0.132822
v -0.071758 -0.057693 0.134921
v -0.075131 -0.046843 0.127531
v -0.094424 -0.027602 0.117456
v -0.094461 -0.045716 0.124230
v -0.078291 -0.044860 0.124628
v -0.068114 0.004341 0.164778
v -0.062151 -0.024654 0.145211
v -0.083322 -0.045194 0.121672
v 0.004169 -0.017616 0.133836
v -0.016271 -0.011846 0.159928
v -0.017411 -0.012564 0.161133
v -0.003938 -0.013282 0.163481
v -0.003053 -0.014769 0.163286
v -0.007534 -0.008450 0.156638
v -0.010743 -0.014111 0.151865
v 0.000688 -0.018275 0.139880
v 0.004215 -0.017728 0.133784
v -0.011366 -0.013130 0.151856
v 0.002512 -0.018514 0.140980
v -0.005551 -0.014445 0.156613
v -0.004306 -0.014656 0.170974
v -0.017698 -0.013574 0.168910
v -0.017957 -0.012798 0.169023
v -0.017402 -0.014492 0.167638
v -0.017253 -0.014473 0.168446
v -0.008465 -0.012898 0.173717
v -0.017471 -0.017300 0.167159
v -0.016961 -0.015603 0.167972
v -0.011823 -0.012801 0.172705
v -0.004426 -0.014817 0.171876
v -0.005601 -0.014531 0.157418
v -0.016606 -0.012794 0.167019
v -0.016510 -0.013502 0.168316
v -0.009475 -0.013835 0.194797
v -0.021058 -0.011978 0.185177
v -0.020107 -0.011275 0.185700
v -0.016729 -0.018665 0.184136
v -0.008153 -0.015254 0.162938
v -0.008069 -0.015179 0.163199
v -0.018782 -0.013320 0.176819
v -0.006400 -0.015345 0.184663
v -0.017774 -0.013851 0.177670
v -0.010594 -0.012236 0.193153
v -0.025668 -0.016509 0.199109
v -0.021304 0.043192 0.252402
v -0.012194 -0.013272 0.177627
v -0.012312 -0.013291 0.177874
v -0.031874 -0.009045 0.199661
v -0.031620 -0.008481 0.200554
v -0.010787 -0.013663 0.182777
v -0.010873 -0.013400 0.182030
v -0.021877 -0.010849 0.204983
v -0.022083 -0.009660 0.204689
v -0.017532 -0.010024 0.194046
v -0.017442 -0.009741 0.193952
v -0.042045 -0.007679 0.211804
v -0.031219 0.023739 0.248561
v -0.037202 -0.001919 0.214034
v -0.031697 -0.008376 0.202864
v -0.016743 -0.010041 0.195707
v -0.022546 -0.008893 0.197783
v -0.032182 -0.008891 0.203194
v -0.017657 -0.009883 0.194780
v -0.017828 -0.010080 0.194013
v -0.030878 -0.004781 0.225710
v -0.033790 -0.015370 0.213447
v -0.022530 -0.008880 0.197778
v -0.026288 -0.008510 0.209830
v -0.032657 -0.008142 0.217166
v -0.048762 -0.005937 0.219454
v -0.048807 -0.005928 0.219943
v -0.042678 -0.001144 0.228919
v -0.026518 -0.008198 0.209559
v -0.038895 -0.008405 0.224587
v -0.039617 -0.006813 0.225349
v -0.033481 -0.008467 0.217168
v -0.059035 -0.008567 0.227618
v -0.045236 -0.007329 0.232970
v -0.061041 -0.003197 0.227654
v -0.061144 0.071884 0.325781
v -0.036390 -0.008157 0.220089
v -0.036750 -0.007916 0.220213
v -0.051518 0.028438 0.259332
v -0.060213 0.023171 0.269493
v 0.051154 -0.210799 0.056498
v -0.040808 0.409881 0.603680
v -0.067538 0.000562 0.234133
v -0.064695 -0.022569 0.226213
v -0.059584 0.162737 0.397087
v -0.063245 -0.003105 0.244001
v 0.035522 0.190361 0.437106
v -0.057828 -0.003726 0.244282
v -0.065462 -0.002680 0.231816
v 0.017383 0.096064 0.386540
v -0.052019 -0.005053 0.229528
v 0.006209 0.064934 0.331845
v -0.060203 0.000690 0.073476
v -0.063132 -0.005711 0.094897
v -0.066109 -0.006280 0.092650
v -0.053648 0.004798 0.078535
v 0.003858 0.055657 0.173131
v 0.003491 0.025118 0.145057
v -0.056443 -0.014930 0.087595
v -0.057001 -0.005940 0.086121
v -0.058505 -0.005666 0.085206
v -0.015617 -0.009849 0.096360
v -0.051238 -0.002173 0.073350
v -0.007046 -0.013638 0.109889
v -0.043276 -0.009908 0.106602
v -0.059683 -0.001081 0.080978
v -0.059678 -0.001614 0.078780
v -0.031024 -0.012075 0.107114
v -0.052084 -0.002426 0.075786
v -0.082429 -0.008405 0.088074
v -0.089989 0.000698 0.069129
v -0.090370 -0.007525 0.081613
v -0.091430 -0.008123 0.092204
v -0.083674 -0.006399 0.068091
v -0.062897 -0.004348 0.073812
v -0.063251 -0.004295 0.074366
v -0.050429 -0.007044 0.088828
v -0.050370 -0.007035 0.089262
v -0.083553 -0.005349 0.067925
v -0.080982 -0.013931 0.068753
v -0.082942 -0.008772 0.087423
v -0.093167 -0.012762 0.068626
v -0.096946 -0.013907 0.058196
v -0.093974 -0.020027 0.056045
v -0.094364 -0.003575 0.054518
v -0.094672 0.002144 0.060979
v -0.061066 -0.009005 0.083179
v -0.089156 -0.007614 0.077602
v -0.089176 -0.008604 0.078172
v -0.096299 -0.005955 0.055782
v -0.096945 -0.023481 0.056580
v -0.091024 -0.012309 0.082027
v -0.094031 -0.006472 0.070142
v -0.093838 -0.012177 0.061610
v -0.085477 -0.006143 0.067173
v -0.085923 -0.006487 0.067887
v -0.091337 0.018102 0.116096
v -0.061747 -0.008786 0.083336
v -0.096621 -0.035440 0.040823
v -0.191573 -0.097105 0.029129
v -0.182195 -0.023521 0.027880
v -0.094481 -0.004992 0.055298
v -0.098485 -0.022936 0.058062
v -0.176128 -0.024617 0.027739
v -0.094281 -0.046246 0.024301
v -0.090118 -0.014509 0.073027
v -0.093616 -0.007629 0.053896
v -0.093068 -0.004778 0.069035
v 0.005444 -0.105015 0.027886
v -0.178815 -0.029355 0.034762
v -0.096976 -0.036668 0.026592
v 0.017147 -0.118471 0.028113
v -0.095097 -0.010329 0.038167
v -0.175054 0.003844 0.037819
v -0.174429 0.001124 0.034635
v -0.177006 -0.013932 0.039334
v -0.177725 -0.022014 0.041148
v -0.178887 -0.018449 0.029570
v -0.184640 -0.067370 0.044129
v -0.179987 -0.027440 0.035339
v -0.176282 -0.007183 0.038398
v -0.176745 -0.001179 0.034810
v -0.176718 -0.005040 0.037882
v -0.175781 0.000823 0.034786
v -0.176125 -0.004472 0.034874
v -0.179970 -0.023256 0.033756
v -0.175194 0.003322 0.038189
v -0.177237 -0.017259 0.038649
v -0.174196 0.004205 0.034294
v -0.177137 -0.016720 0.038926
v -0.178623 -0.029712 0.039882
v -0.178988 -0.032144 0.040492
v -0.177090 -0.015320 0.040593
v -0.175913 -0.003638 0.037778
v -0.180377 -0.026683 0.010653
v -0.180282 -0.024647 0.027696
v -0.183651 -0.041415 0.031323
v -0.180244 -0.012568 0.030752
v -0.176695 -0.011378 0.031505
v -0.176628 -0.028823 0.029649
v -0.181117 -0.046658 0.039269
v -0.177998 -0.031220 0.031843
v -0.179389 -0.016996 0.027453
v -0.149346 -0.043632 0.027880
v -0.175310 -0.019611 0.030341
v -0.176597 -0.014369 0.030278
v -0.179222 -0.029796 0.027096
v -0.178998 -0.013767 0.030541
v -0.177403 0.001264 0.032555
v -0.179704 -0.015639 0.027402
v -0.180130 -0.010093 0.028084
v -0.179965 -0.013810 0.026279
v -0.180382 -0.025129 0.030271
v -0.245245 0.016112 0.000094
v -0.244845 0.016787 0.000671
v -0.183479 -0.054250 0.032927
v -0.180554 -0.054399 0.027575
v -0.181444 -0.030562 0.027863
v -0.179920 -0.020760 0.032769
v -0.177441 -0.000308 0.030116
v -0.194834 0.003496 0.041758
v -0.180533 -0.047595 0.038747
v -0.186927 -0.059658 0.028160
v -0.184418 -0.043942 0.030360
v -0.178727 -0.039090 0.028261
v -0.183862 -0.040436 0.029009
v -0.183353 -0.049065 0.021736
v -0.183694 -0.043987 0.030749
v -0.180206 -0.030499 0.030234
v -0.181807 -0.033727 0.028748
v -0.176577 -0.002324 0.027443
v -0.180740 -0.053381 0.024085
v -0.229681 0.002749 -0.040815
v -0.184729 -0.062312 0.012515
v -0.181599 -0.052741 0.037514
v -0.182640 -0.058180 0.023283
v -0.182569 -0.061009 0.038209
v -0.186851 -0.088523 0.042331
v -0.183497 -0.060997 0.035295
v -0.181835 -0.066854 0.023403
v -0.188514 -0.101437 0.036023
v -0.182494 -0.059777 0.021686
v -0.184582 -0.063467 0.020296
v -0.184189 -0.077157 0.020104
v -0.182562 -0.050126 0.037052
v -0.188914 -0.092120 0.012128
v -0.237140 -0.050900 -0.041316
v -0.191511 -0.120376 0.043729
v -0.190176 -0.101855 0.012201
v -0.185206 -0.067829 0.034964
v -0.186513 -0.076173 0.033396
v -0.186059 -0.093171 0.042093
v -0.229932 -0.003365 -0.040088
v -0.186384 -0.087513 0.042718
v -0.183623 -0.064708 0.036339
v -0.181944 -0.045928 0.015909
v -0.231976 -0.016368 -0.040413
v -0.183225 -0.060673 0.035911
v -0.231790 -0.031791 -0.038296
v -0.181892 -0.038265 0.022047
v -0.182651 -0.044036 0.023644
v -0.230910 -0.008566 -0.041545
v -0.191076 -0.110422 0.012306
v -0.285479 0.007938 0.013381
v -0.005239 -0.057932 -0.876828
v -0.002993 -0.036893 -0.903023
v -0.000674 -0.018394 -0.895211
v 0.007638 -0.063738 -0.894236
v 0.018440 -0.040220 -0.907206
v 0.010991 -0.030675 -0.898318
v -0.000689 -0.028527 -0.904262
v 0.022465 -0.056232 -0.874961
v 0.024851 -0.055793 -0.882536
v 0.027618 -0.037754 -0.905331
v -0.010490 -0.056255 -0.957972
v 0.026945 -0.054988 -0.891643
v -0.011314 -0.055875 -0.947623
v 0.016803 -0.056684 -0.963919
v 0.019715 -0.055899 -0.958355
v 0.005847 -0.053465 -0.997689
v -0.009904 -0.055339 -0.947346
v -0.008828 -0.056042 -0.958025
v 0.016906 -0.055917 -0.971809
v 0.008300 -0.053555 -0.998382
v 0.003288 -0.054283 -0.995382
v -0.006446 -0.055373 -0.987206
v 0.001840 -0.053251 -0.997239
v 0.004159 -0.049394 -1.000000
v 0.083095 -0.114654 -0.508660
v 0.090503 -0.106298 -0.506341
v -0.153774 -0.018851 -0.180732
v -0.156466 -0.091959 -0.130041
v 0.171053 -0.069435 -0.167384
v 0.119117 -0.048783 -0.149057
v 0.161219 -0.071280 -0.247222
v -0.076529 -0.116583 -0.506466
v -0.073547 -0.111983 -0.507013
v -0.075545 -0.110150 -0.499997
v -0.081650 -0.112658 -0.500297
v -0.122126 -0.092462 -0.102813
v 0.130821 -0.084123 -0.102543
v 0.119065 -0.085096 -0.097731
v -0.173325 -0.074377 -0.159838
v -0.195275 0.004643 -0.204259
v -0.063874 -0.136643 -0.485824
v -0.065571 -0.133124 -0.495273
v -0.050422 -0.140127 -0.474205
v -0.059283 -0.138482 -0.479859
v -0.068220 -0.132697 -0.499258
v 0.095160 -0.110111 -0.509273
v 0.096582 -0.105456 -0.508384
v 0.154052 -0.051172 -0.372058
v 0.303607 0.028928 -0.431959
v -0.156015 -0.120421 -0.251995
v -0.212500 -0.070701 -0.241254
v 0.196588 -0.072418 -0.268865
v -0.168492 -0.034750 -0.264584
v 0.128225 -0.057752 -0.137145
v -0.165610 -0.117940 -0.222427
v -0.122851 -0.086530 -0.143946
v 0.104406 -0.057445 -0.087688
v -0.179966 -0.060686 -0.158492
v 0.140906 -0.077387 -0.095829
v 0.135006 -0.073776 -0.087151
v -0.091233 -0.065528 -0.064378
v 0.068589 -0.086654 0.033790
v 0.186295 -0.073454 -0.253210
v -0.080473 -0.104710 -0.507607
v 0.032261 -0.038213 -0.537561
v -0.200065 0.031649 -0.244000
v -0.131937 -0.100098 -0.158430
v -0.130535 -0.097691 -0.160656
v -0.134773 -0.094208 -0.163786
v -0.163100 -0.057563 -0.152673
v -0.124473 -0.078504 -0.150028
v -0.113764 -0.098634 -0.142322
v -0.113192 -0.098482 -0.141268
v -0.118380 -0.089511 -0.140953
v -0.113560 -0.098863 -0.142608
v -0.045578 -0.136573 -0.121824
v -0.069414 -0.122327 -0.127733
v 0.003394 -0.148522 -0.123048
v 0.010967 -0.141830 -0.209311
v 0.078785 -0.128138 -0.224545
v 0.105805 -0.127520 -0.232839
v 0.101415 -0.121539 -0.228429
v 0.148458 -0.102239 -0.241838
v 0.146428 -0.097694 -0.236086
v 0.167712 -0.074020 -0.223823
v 0.186757 -0.074912 -0.291724
v 0.240055 0.131827 -0.311450
v 0.034485 -0.012125 -0.266770
v 0.039954 0.017726 -0.324039
v 0.012039 -0.026102 -0.279887
v -0.225247 0.038942 -0.430278
v -0.204056 -0.115697 -0.221235
v -0.123818 -0.004656 -0.417059
v -0.195146 -0.014740 -0.449884
v -0.101759 0.181770 -0.601973
v -0.299782 0.052860 -0.456561
v -0.159738 0.000597 -0.479855
v -0.042480 0.120141 -0.586742
v -0.164648 -0.090944 -0.366345
v -0.173672 -0.095442 -0.373655
v -0.233239 -0.022331 -0.315867
v -0.177719 -0.089370 -0.373905
v -0.015464 -0.158449 -0.403700
v -0.054227 -0.142836 -0.418192
v -0.054174 -0.142837 -0.418786
v 0.017504 -0.150717 -0.413452
v -0.004765 -0.149364 -0.397906
v 0.002543 -0.150381 -0.392382
v 0.064577 -0.143831 -0.397063
v 0.113392 -0.129238 -0.495127
v 0.116915 -0.082575 -0.529343
v 0.078682 0.064184 -0.695197
v 0.094670 -0.078535 -0.505251
v 0.084692 -0.048893 -0.486513
v 0.187950 0.097955 -0.668519
v -0.100775 0.152591 -0.684777
v -0.057199 -0.082717 -0.547869
v 0.069660 -0.075764 -0.545262
v -0.168470 -0.145350 -0.388867
v -0.163921 0.096309 -0.690910
v 0.060502 -0.036135 -0.475236
v 0.129431 -0.038568 -0.486928
v 0.084967 -0.061945 -0.513899
v 0.289869 0.075878 -0.377000
v -0.166085 -0.092484 -0.358241
v -0.135094 0.004237 -0.469361
v -0.168246 -0.085573 -0.370501
v -0.163987 0.020000 -0.473405
v 0.038702 -0.025118 -0.279654
v 0.032650 -0.027326 -0.283842
v 0.215136 0.244525 -0.554961
v 0.167286 -0.079437 -0.248163
v -0.059785 -0.125056 -0.124462
v -0.112409 -0.113460 -0.151326
v -0.183965 -0.071191 -0.183867
v -0.169701 -0.079033 -0.172400
v -0.112128 -0.056067 -0.130374
v -0.207431 0.055527 -0.384219
v -0.207129 -0.089849 -0.216630
v -0.203681 0.092555 -0.395662
v -0.099109 -0.081063 -0.300085
v -0.158967 -0.082479 -0.241692
v -0.158823 -0.092268 -0.248262
v -0.157964 -0.077953 -0.243612
v -0.159144 -0.081488 -0.238825
v -0.136530 -0.109666 -0.233337
v -0.131462 -0.110544 -0.227895
v 0.034576 -0.147673 -0.282016
v 0.016394 -0.147997 -0.281095
v 0.174106 -0.084445 -0.366051
v 0.176154 -0.097448 -0.373825
v 0.296594 0.072979 -0.273928
v -0.004673 -0.031600 -0.412622
v -0.008666 0.239167 -0.649092
v 0.006400 -0.029397 -0.410013
v -0.037236 -0.028798 -0.395240
v -0.050420 -0.029159 -0.398703
v -0.103947 -0.104784 -0.381135
v -0.102870 -0.101566 -0.511851
v -0.102950 -0.103971 -0.519261
v -0.102575 -0.098280 -0.518785
v -0.095572 -0.107035 -0.520874
v -0.075888 -0.120974 -0.505775
v 0.011451 -0.157366 -0.550256
v 0.057345 -0.137273 -0.552430
v 0.056899 -0.136579 -0.555728
v 0.168180 -0.079892 -0.512113
v 0.070480 -0.085352 -0.553831
v 0.069728 -0.079204 -0.553664
v 0.080950 -0.099717 -0.556762
v 0.079510 -0.138610 -0.497767
v -0.016517 -0.146049 -0.470457
v -0.115364 -0.092693 -0.491614
v -0.144088 0.046874 -0.641067
v -0.116980 -0.100635 -0.502843
v -0.080438 0.094337 -0.535528
v -0.055002 -0.022505 -0.419286
v -0.030977 -0.032372 -0.414248
v 0.109850 -0.132155 -0.301407
v -0.087033 -0.125207 -0.222206
v -0.180657 -0.069912 -0.235093
v -0.173866 -0.065575 -0.247236
v -0.167583 -0.079409 -0.181300
v -0.161452 -0.119500 -0.202512
v -0.013723 -0.136914 -0.215194
v 0.003366 -0.135869 -0.213898
v 0.018428 -0.136250 -0.214879
v 0.033350 -0.134831 -0.215847
v 0.042432 -0.133327 -0.217055
v 0.022249 -0.134585 -0.214602
v 0.040896 -0.131666 -0.220344
v 0.173750 -0.111747 -0.314044
v 0.186864 -0.089990 -0.324419
v 0.303963 0.031280 -0.515454
v 0.294868 -0.005818 -0.228292
v 0.184841 -0.058722 -0.321927
v 0.180913 -0.147244 -0.325605
v 0.343043 0.116793 -0.479486
v -0.083350 0.172057 -0.530887
v 0.061763 -0.034319 -0.344015
v -0.096238 -0.031896 -0.323866
v 0.165487 -0.006221 -0.333341
v 0.021936 -0.025019 -0.320967
v -0.123458 -0.066145 -0.445017
v -0.129082 -0.086693 -0.432492
v -0.121334 -0.108295 -0.419083
v -0.068593 -0.138598 -0.511979
v -0.037328 -0.144691 -0.498385
v -0.017834 -0.150270 -0.468605
v 0.010698 -0.152024 -0.455597
v 0.098978 -0.094086 -0.555384
v 0.082189 -0.096153 -0.555459
v 0.130313 0.116114 -0.711057
v -0.088569 -0.084841 -0.576906
v 0.061465 -0.027510 -0.585517
v 0.070840 -0.067932 -0.561320
v 0.214977 0.100376 -0.644360
v -0.041877 -0.049379 -0.543512
v -0.014707 -0.037621 -0.531421
v 0.098760 -0.093655 -0.552842
v 0.098475 -0.082887 -0.553539
v 0.010370 -0.150416 -0.459876
v 0.058180 -0.143001 -0.490446
v -0.038090 -0.144372 -0.495117
v -0.125477 -0.077367 -0.435618
v -0.127313 -0.075333 -0.437470
v -0.127938 -0.078631 -0.438002
v -0.125862 -0.023963 -0.503867
v -0.087438 -0.035958 -0.338188
v 0.049233 -0.131333 -0.218144
v 0.060899 -0.131304 -0.219978
v 0.015099 -0.136438 -0.214626
v -0.097291 -0.112246 -0.133776
v -0.096233 -0.111814 -0.135041
v 0.073913 -0.128107 -0.222735
v 0.190750 -0.080224 -0.315665
v 0.314224 -0.017566 -0.287971
v 0.297308 0.070004 -0.396882
v 0.172896 -0.049963 -0.315086
v 0.147554 -0.151765 -0.269906
v 0.096711 -0.079430 -0.235503
v -0.068867 -0.029974 -0.335015
v -0.085362 0.027033 -0.380585
v -0.043331 -0.030766 -0.329401
v -0.049907 -0.031661 -0.330883
v -0.215395 0.081673 -0.542337
v -0.111601 -0.114478 -0.417924
v -0.096213 -0.124331 -0.418297
v 0.003946 -0.160983 -0.495644
v 0.008632 -0.152664 -0.489986
v 0.053157 -0.144261 -0.488186
v 0.068323 -0.131134 -0.496981
v 0.069646 -0.132908 -0.495117
v 0.067420 -0.138303 -0.490189
v 0.073323 -0.131274 -0.503357
v 0.090421 -0.083783 -0.539859
v 0.095575 -0.083382 -0.550029
v 0.098749 -0.092982 -0.548047
v -0.189030 0.108116 -0.665607
v -0.018284 -0.009185 -0.612235
v 0.102009 -0.085875 -0.521513
v 0.099475 -0.075897 -0.521967
v 0.105188 -0.079467 -0.508444
v 0.085869 -0.114737 -0.512272
v 0.098035 -0.076540 -0.504336
v 0.090743 -0.054255 -0.490318
v 0.101204 -0.084374 -0.506446
v 0.000845 -0.029970 -0.539569
v 0.053014 0.125748 -0.699154
v 0.088628 -0.099638 -0.501092
v 0.079135 -0.115824 -0.507418
v 0.067071 -0.138613 -0.503023
v -0.090825 -0.127590 -0.413468
v -0.095276 -0.127030 -0.412021
v -0.121054 -0.110664 -0.439985
v -0.124289 -0.061764 -0.479511
v -0.634641 0.143765 -0.365306
v -0.126840 -0.043303 -0.355018
v -0.056890 -0.032522 -0.331165
v -0.069857 -0.034828 -0.336549
v 0.008848 0.023914 -0.385258
v 0.079736 -0.032045 -0.289281
v 0.146137 -0.039314 -0.301283
v 0.124190 -0.033280 -0.310216
v 0.308376 0.000562 -0.284298
v 0.206406 -0.069817 -0.300581
v 0.090300 -0.033976 -0.292978
v -0.063763 -0.035164 -0.351825
v -0.081486 -0.133050 -0.422813
v -0.084258 -0.131543 -0.426755
v -0.026302 -0.146339 -0.398924
v 0.079421 -0.133030 -0.512749
v 0.070912 -0.139596 -0.506283
v 0.047960 -0.150629 -0.500191
v -0.054072 -0.140976 -0.401409
v -0.077001 -0.134032 -0.409678
v -0.113071 -0.118808 -0.438493
v -0.102895 -0.129323 -0.437006
v -0.133584 -0.097077 -0.430274
v 0.002254 0.077955 -0.462057
v -0.045277 -0.029380 -0.339525
v -0.036238 0.251545 -0.503149
v 0.112635 -0.037827 -0.291815
v 0.112951 -0.034753 -0.295222
v 0.133461 0.002123 -0.334300
v 0.203442 -0.073179 -0.283954
v 0.202015 -0.067475 -0.285780
v -0.286091 -0.021189 -0.481885
v -0.233320 -0.023817 -0.425566
v -0.164010 -0.083708 -0.435947
v -0.102699 -0.123418 -0.432779
v -0.100456 -0.126261 -0.431817
v -0.064937 -0.139406 -0.404058
v -0.065597 -0.140923 -0.402336
v 0.016309 0.055545 -0.506292
v -0.045779 0.056681 -0.451536
v -0.008774 0.043617 -0.455098
v 0.115779 -0.096896 -0.230016
v 0.090421 -0.059446 -0.241267
v 0.068945 -0.134769 -0.484383
v 0.042889 -0.143205 -0.475278
v 0.042681 -0.144935 -0.471895
v 0.036867 -0.146853 -0.469338
v -0.030844 -0.029004 -0.324368
v 0.055258 -0.131977 -0.218745
v 0.048355 -0.133443 -0.220028
v -0.058454 -0.104827 -0.488015
v -0.211340 -0.003458 -0.587808
v -0.131726 -0.055442 -0.434849
v -0.085041 -0.039047 -0.408793
v -0.084455 -0.037295 -0.412568
v 0.080951 -0.027356 -0.417026
v 0.121885 -0.044105 -0.366967
v -0.075336 0.120464 -0.548984
v 0.346546 -0.170896 -0.256102
v -0.208516 -0.025429 -0.305864
v -0.186250 -0.076349 -0.252363
v -0.012252 -0.135269 -0.215209
v -0.025154 -0.135452 -0.214129
v 0.174749 -0.103004 -0.319671
v 0.148231 -0.116949 -0.313584
v 0.336353 -0.123752 -0.249505
v 0.242914 -0.037638 -0.373272
v 0.083500 -0.035750 -0.354581
v 0.122080 0.015334 -0.400688
v -0.058829 0.104150 -0.444672
v 0.038219 -0.019856 -0.316900
v -0.102679 0.012221 -0.515927
v -0.135814 -0.095936 -0.469690
v -0.100908 -0.044706 -0.415268
v -0.116014 -0.050841 -0.423123
v 0.284038 0.127579 -0.482573
v 0.099000 -0.136269 -0.297424
v 0.093318 -0.137986 -0.295907
v -0.086962 -0.125201 -0.222081
v -0.148514 -0.104671 -0.241094
v -0.109490 -0.122800 -0.226714
v -0.073991 -0.128444 -0.219902
v 0.108524 -0.122972 -0.219630
v 0.109234 -0.132196 -0.301952
v 0.118453 -0.128959 -0.300716
v 0.130300 -0.124577 -0.304203
v 0.143611 -0.117216 -0.310056
v 0.303245 0.039105 -0.386947
v 0.184817 -0.078824 -0.321947
v 0.163796 -0.022360 -0.358791
v -0.028774 -0.034752 -0.282166
v 0.057159 -0.015825 -0.347811
v -0.079566 -0.038970 -0.419152
v -0.069419 0.004165 -0.459129
v -0.143294 0.015154 -0.530939
v -0.135653 -0.086334 -0.432015
v -0.141242 -0.092175 -0.471317
v -0.138591 -0.091804 -0.433099
v 0.126090 -0.042769 -0.369979
v 0.138707 -0.119886 -0.306844
v 0.138771 -0.120848 -0.309703
v -0.066682 -0.129777 -0.219104
v -0.059565 -0.131325 -0.217708
v -0.109185 -0.122718 -0.227669
v -0.006776 -0.136292 -0.213651
v 0.143195 -0.118660 -0.310624
v 0.202444 -0.077712 -0.333711
v 0.232661 -0.077369 -0.363868
v 0.157226 -0.111889 -0.311908
v -0.052561 -0.132257 -0.217339
v -0.071686 -0.128137 -0.219859
v -0.210324 -0.057234 -0.211169
v -0.184881 -0.072898 -0.205188
v -0.052252 -0.083552 -0.550946
v -0.064877 -0.071587 -0.564001
v 0.000197 0.125522 -0.708535
v -0.034561 -0.036934 -0.547646
v 0.056483 -0.041120 -0.484262
v 0.029223 -0.146806 -0.399697
v 0.029733 -0.146975 -0.396067
v -0.022228 -0.149198 -0.410621
v -0.026186 -0.147213 -0.408671
v -0.235053 -0.033138 -0.318128
v -0.163014 -0.101790 -0.363022
v -0.166465 -0.090780 -0.368419
v -0.168969 -0.086734 -0.370800
v -0.163152 -0.085633 -0.373658
v -0.227192 -0.046320 -0.318226
v -0.025619 -0.027827 -0.284467
v -0.020606 -0.026152 -0.280063
v -0.007442 -0.134932 -0.112825
v -0.035581 -0.129631 -0.122571
v -0.021777 -0.133765 -0.116193
v -0.108423 -0.116523 -0.150197
v -0.103512 -0.117309 -0.146263
v -0.114892 -0.112582 -0.149663
v -0.183160 -0.063558 -0.155252
v -0.078058 -0.019961 -0.185049
v -0.168318 -0.105067 -0.206212
v -0.229340 0.019253 -0.351576
v -0.159548 -0.081407 -0.239870
v -0.166573 -0.093853 -0.199309
v -0.166568 -0.083280 -0.240507
v -0.016620 -0.148205 -0.281158
v -0.016602 -0.147592 -0.280601
v 0.005279 -0.148595 -0.280210
v -0.010443 -0.147804 -0.280276
v -0.007137 -0.150337 -0.277142
v 0.015779 -0.152042 -0.280338
v 0.154881 -0.113846 -0.367134
v 0.154876 -0.113138 -0.366260
v 0.173622 -0.089086 -0.366145
v 0.161717 -0.108923 -0.359319
v 0.174234 -0.082752 -0.370634
v 0.173996 -0.090419 -0.374934
v 0.062040 0.006582 -0.495171
v -0.078928 -0.115845 -0.510479
v 0.089616 -0.046861 -0.569083
v -0.079254 -0.086685 -0.510259
v -0.085023 -0.121652 -0.503549
v -0.087743 -0.091927 -0.505436
v -0.091530 -0.097041 -0.532697
v -0.044027 -0.141522 -0.555963
v 0.011459 -0.151885 -0.544837
v -0.030838 -0.146974 -0.550666
v -0.053294 -0.047165 -0.548817
v -0.052984 -0.022714 -0.463653
v 0.028498 -0.026008 -0.464565
v 0.041185 -0.032969 -0.470531
v 0.036367 -0.029445 -0.463406
v 0.186754 -0.098283 -0.441166
v -0.033712 -0.144757 -0.397209
v -0.236738 -0.039004 -0.426693
v -0.037872 -0.027668 -0.288279
v -0.004686 0.051346 -0.361493
v 0.150125 -0.106017 -0.242831
v -0.104715 -0.117494 -0.082800
v -0.082797 -0.045545 -0.152363
v -0.201113 0.183872 -0.320694
v -0.166155 -0.077071 -0.241564
v -0.107221 -0.128390 -0.301933
v -0.083704 -0.134036 -0.293629
v -0.084231 -0.134314 -0.291860
v -0.082989 -0.135864 -0.294477
v 0.006371 -0.151502 -0.340477
v 0.030082 -0.149836 -0.341289
v 0.026996 -0.149524 -0.340834
v 0.036494 -0.149875 -0.346209
v 0.018014 -0.151316 -0.338311
v 0.038835 -0.147151 -0.344484
v 0.031764 -0.147170 -0.340158
v 0.067802 -0.142047 -0.352254
v 0.088283 -0.134571 -0.345197
v 0.105294 -0.126953 -0.346654
v 0.106247 -0.129012 -0.345917
v 0.164264 -0.118453 -0.358437
v 0.176064 -0.085253 -0.393516
v 0.153923 -0.080206 -0.422668
v 0.196822 -0.065449 -0.435130
v 0.173697 -0.090404 -0.426403
v 0.142891 -0.073585 -0.434059
v 0.266358 0.083686 -0.521143
v 0.113431 -0.031520 -0.447727
v 0.090723 -0.041007 -0.421583
v 0.090233 -0.041659 -0.422821
v 0.041177 -0.032583 -0.407509
v 0.018162 -0.026235 -0.394702
v 0.087832 -0.036281 -0.408978
v 0.032528 -0.028003 -0.396536
v -0.040879 0.153336 -0.650184
v -0.237919 0.072598 -0.632515
v -0.077204 -0.083741 -0.512305
v -0.087751 -0.071978 -0.498931
v -0.090273 -0.085121 -0.507443
v -0.157256 -0.084470 -0.485904
v -0.080618 -0.096020 -0.531916
v -0.088828 -0.103430 -0.553214
v -0.017098 -0.148844 -0.544733
v 0.001361 -0.022239 -0.460900
v 0.032667 -0.030124 -0.468707
v 0.024613 -0.030592 -0.467335
v 0.212242 0.106188 -0.665427
v 0.152187 -0.081881 -0.457466
v 0.058377 -0.142964 -0.405441
v 0.055989 -0.141377 -0.399761
v 0.003260 -0.151294 -0.411000
v -0.095436 -0.127981 -0.348864
v -0.165298 -0.112028 -0.365794
v -0.182023 -0.080264 -0.378112
v -0.182482 -0.088329 -0.377908
v -0.099023 -0.035997 -0.293105
v 0.141229 -0.050304 -0.228406
v 0.160154 -0.063083 -0.249333
v -0.004025 -0.135105 -0.114224
v 0.013293 -0.135759 -0.114231
v -0.042574 -0.136214 -0.129259
v 0.055166 -0.130718 -0.120428
v 0.188003 -0.073281 -0.241403
v 0.168268 -0.084753 -0.249934
v 0.120506 -0.108791 -0.132249
v -0.010363 -0.140768 -0.128411
v -0.128403 -0.072653 -0.116787
v -0.117497 -0.090703 -0.112590
v -0.183860 -0.084538 -0.276174
v -0.185328 -0.076424 -0.269751
v -0.215623 -0.094476 -0.216072
v -0.209971 -0.081615 -0.301980
v -0.145761 -0.113291 -0.317007
v -0.063175 -0.143549 -0.354422
v 0.011160 -0.150646 -0.339109
v 0.003856 -0.150935 -0.338902
v 0.021855 -0.148695 -0.339935
v 0.034234 -0.146936 -0.337808
v 0.087754 -0.132282 -0.343110
v 0.088638 -0.134555 -0.343016
v 0.014093 -0.159173 -0.334320
v 0.073710 -0.144549 -0.424718
v 0.107705 -0.128136 -0.437365
v 0.146973 -0.097888 -0.444844
v 0.143849 -0.094561 -0.435583
v 0.086449 -0.038649 -0.410429
v 0.115029 0.125603 -0.696355
v -0.028773 0.010946 -0.585647
v -0.064724 -0.045329 -0.483497
v -0.090684 -0.095671 -0.553806
v -0.066276 -0.073125 -0.562411
v 0.015732 -0.028348 -0.466010
v 0.004572 -0.028090 -0.466031
v -0.072714 0.151457 -0.690146
v 0.266783 0.017689 -0.536606
v 0.108708 -0.123444 -0.423551
v 0.053193 -0.144655 -0.417069
v -0.095976 -0.128370 -0.345596
v -0.178471 -0.077995 -0.369329
v -0.236726 -0.048563 -0.374369
v -0.097892 -0.038374 -0.296161
v -0.076687 -0.031396 -0.292968
v 0.090854 -0.038503 -0.225557
v 0.128755 -0.029806 -0.249905
v 0.187137 -0.029193 -0.225580
v 0.065112 -0.128854 -0.123311
v 0.018194 -0.140696 -0.114470
v -0.010507 -0.141691 -0.127592
v -0.128415 -0.074058 -0.078582
v -0.128050 -0.103219 -0.072191
v -0.085564 0.019626 -0.128444
v -0.194440 0.054094 -0.197660
v 0.089707 -0.088393 -0.038924
v -0.030813 -0.038341 -0.107943
v -0.135221 -0.047825 -0.237558
v -0.225609 0.139572 -0.480632
v -0.192699 -0.076076 -0.284295
v -0.107296 -0.129477 -0.302640
v -0.003194 -0.151131 -0.338544
v -0.012116 -0.150542 -0.339778
v 0.008707 -0.150067 -0.339944
v 0.067451 -0.138814 -0.339681
v 0.055764 -0.143089 -0.336873
v 0.070193 -0.137267 -0.340459
v 0.070972 -0.139219 -0.340219
v 0.115221 -0.048691 -0.428979
v 0.287854 0.071043 -0.389959
v -0.195155 -0.070660 -0.465933
v -0.192165 0.077118 -0.677996
v -0.070833 -0.106930 -0.565053
v -0.204762 -0.088473 -0.531696
v -0.006785 -0.030253 -0.466205
v 0.006271 -0.026471 -0.461051
v 0.129758 0.164547 -0.683232
v 0.150154 -0.084035 -0.428157
v 0.098188 -0.129548 -0.414267
v 0.103075 -0.129039 -0.412808
v -0.115388 -0.124392 -0.358331
v -0.204933 -0.083861 -0.244887
v -0.094208 -0.038916 -0.301260
v -0.172851 -0.145974 -0.224813
v -0.072579 -0.034511 -0.293317
v 0.063853 -0.047546 -0.210440
v 0.108114 -0.040810 -0.228092
v 0.134413 -0.045164 -0.235401
v 0.187355 -0.068412 -0.194748
v 0.092185 -0.116780 -0.129859
v 0.071135 -0.125071 -0.123422
v -0.085091 -0.046645 -0.089126
v -0.030924 -0.034857 -0.216269
v -0.182540 -0.056522 -0.154711
v -0.154745 -0.072836 -0.182707
v -0.176029 -0.081639 -0.306697
v -0.195065 -0.075760 -0.301390
v -0.185415 -0.080859 -0.316390
v -0.176049 -0.091940 -0.320014
v -0.137606 -0.117259 -0.310337
v -0.141933 -0.116086 -0.301342
v -0.018088 -0.149998 -0.341963
v -0.023515 -0.149944 -0.343390
v -0.013743 -0.149729 -0.341242
v -0.028928 -0.147198 -0.345587
v 0.039223 -0.144273 -0.338279
v 0.137988 -0.076495 -0.436014
v 0.135333 -0.074001 -0.435278
v 0.140803 -0.064757 -0.425836
v 0.116613 -0.025286 -0.495859
v -0.225110 0.066190 -0.582306
v -0.054728 -0.033875 -0.473857
v -0.019822 -0.031253 -0.468029
v -0.158716 -0.109846 -0.351227
v 0.227170 -0.039428 -0.390587
v 0.029100 -0.150216 -0.413013
v -0.056441 -0.139808 -0.337554
v -0.115303 -0.123850 -0.357805
v -0.239479 -0.062121 -0.324878
v -0.233741 -0.033770 -0.318316
v -0.162610 -0.062074 -0.307290
v -0.131715 -0.040045 -0.303349
v -0.114538 -0.038407 -0.301566
v -0.090738 0.051494 -0.384214
v -0.093889 -0.038727 -0.303528
v 0.063939 -0.036538 -0.211861
v 0.165833 -0.071527 -0.170373
v 0.137520 -0.067647 -0.146776
v 0.095921 -0.116139 -0.130574
v 0.087140 -0.119721 -0.127034
v 0.131469 -0.102703 -0.141325
v 0.047063 -0.136916 -0.130629
v 0.017905 -0.143314 -0.125973
v -0.114397 -0.097510 -0.103778
v -0.122244 -0.084902 -0.107266
v -0.094884 -0.063561 -0.037504
v -0.044252 -0.045625 -0.069072
v -0.045892 -0.024392 -0.223010
v -0.191657 -0.075461 -0.316656
v -0.163271 -0.103954 -0.317299
v 0.136089 -0.077347 -0.436245
v 0.138932 -0.064911 -0.426974
v -0.032436 -0.032397 -0.471321
v 0.148932 -0.083727 -0.440907
v 0.147857 -0.077871 -0.440110
v 0.136391 -0.090411 -0.429667
v 0.118025 -0.118405 -0.418372
v 0.081635 -0.137090 -0.422252
v -0.056245 -0.139801 -0.338600
v -0.089137 -0.133504 -0.354216
v -0.181609 -0.081843 -0.326371
v -0.154700 -0.047149 -0.315122
v -0.202030 -0.011751 -0.361411
v -0.117758 -0.042133 -0.304157
v 0.008147 0.114068 -0.331767
v 0.080611 -0.034908 -0.222235
v 0.080500 -0.037888 -0.221636
v 0.174780 -0.070494 -0.195049
v 0.151022 -0.068628 -0.154608
v 0.114070 -0.108965 -0.137975
v 0.076442 -0.129373 -0.133395
v 0.047437 -0.137268 -0.128332
v 0.014660 -0.138828 -0.073075
v -0.089357 -0.111897 -0.091196
v -0.123013 -0.081203 -0.107395
v -0.123069 -0.080405 -0.107415
v -0.014807 -0.009647 -0.227003
v -0.193802 -0.051949 -0.333184
v -0.174841 -0.097021 -0.308071
v -0.035135 -0.144714 -0.344753
v -0.024205 -0.145634 -0.331662
v 0.001533 -0.149151 -0.334814
v 0.001546 -0.146254 -0.334716
v 0.108639 -0.126576 -0.434047
v -0.231560 -0.006358 -0.393688
v -0.156329 0.161198 -0.662277
v -0.063495 -0.043517 -0.482175
v -0.059612 -0.040295 -0.479913
v -0.048562 -0.037304 -0.477931
v -0.088911 -0.132727 -0.354174
v -0.177402 -0.080515 -0.323956
v -0.180697 -0.075118 -0.324753
v -0.176881 -0.068714 -0.324084
v -0.176964 -0.075156 -0.322101
v -0.148473 -0.045460 -0.306171
v 0.014474 -0.033929 -0.203342
v 0.050563 -0.031595 -0.218137
v 0.050776 -0.031845 -0.216287
v 0.209021 -0.077513 -0.220535
v -0.000642 -0.024928 -0.215877
v -0.066589 -0.040868 -0.139707
v -0.060477 0.022348 -0.260679
v -0.177437 -0.080985 -0.321440
v -0.024308 -0.145883 -0.331293
v -0.063501 -0.139786 -0.349829
v -0.176899 -0.075340 -0.321062
v -0.175331 -0.080251 -0.322759
v -0.027129 -0.033506 -0.205387
v -0.054825 -0.036853 -0.204890
v -0.055365 -0.034299 -0.205484
v 0.034231 -0.010047 -0.183943
v 0.134889 -0.089574 -0.145184
v 0.127111 -0.101932 -0.142527
v -0.071549 -0.119035 -0.085814
v -0.120247 -0.088947 -0.108736
v -0.127034 -0.068903 -0.071524
v -0.046861 -0.044510 -0.055947
v -0.038812 -0.042975 -0.060521
v 0.127197 0.112026 -0.236594
v 0.133960 -0.084259 -0.147270
v 0.076837 -0.129175 -0.131485
v -0.065968 -0.121149 -0.084279
v -0.071733 -0.119556 -0.086526
v -0.125032 -0.080848 -0.085775
v -0.126585 -0.074295 -0.113494
v -0.080965 -0.009042 -0.139700
v -0.042364 -0.012371 -0.122798
v 0.263504 0.231140 -0.367555
v 0.288474 0.095858 -0.220705
v 0.121583 -0.113286 -0.145287
v -0.126821 -0.037648 -0.161819
v -0.051638 -0.035873 -0.093602
v -0.012167 -0.039284 -0.046140
v 0.089810 -0.045452 -0.094208
v 0.052508 -0.041809 -0.111994
v 0.120897 -0.113670 -0.147501
v -0.075582 -0.121194 -0.085026
v -0.127918 -0.075335 -0.071790
v -0.158798 0.061446 -0.171955
v 0.148568 -0.056933 -0.165522
v 0.136791 -0.086287 -0.152443
v 0.148653 -0.102680 -0.151203
v 0.176403 -0.067166 -0.161929
v -0.107398 -0.017894 -0.072724
v 0.259529 0.334192 -0.410742
v 0.179208 -0.010494 -0.001466
v 0.009636 -0.039368 -0.086153
v 0.009679 -0.035515 -0.087382
v 0.026954 -0.036405 -0.086122
v 0.116406 -0.044080 -0.150452
v 0.110425 -0.044658 -0.152417
v 0.134717 -0.029297 -0.211087
v 0.090696 -0.117681 -0.088028
v 0.217084 0.065566 -0.129170
v 0.176979 -0.004121 -0.167429
v 0.145345 -0.066966 -0.121012
v 0.130884 -0.072939 -0.100943
v 0.126214 -0.068084 -0.099949
v 0.147370 -0.067198 -0.119288
v 0.118005 -0.089834 -0.096905
v 0.001717 -0.046536 -0.033002
v 0.127847 -0.070228 -0.102369
v -0.126213 -0.073488 -0.073114
v -0.086308 -0.122690 -0.053536
v 0.105287 -0.124712 -0.041100
v 0.093233 -0.111884 -0.088135
v 0.089716 -0.112110 -0.087596
v 0.117838 -0.097083 -0.098629
v 0.104073 -0.106352 -0.091380
v 0.094322 -0.113345 -0.088029
v 0.083612 -0.117700 -0.088293
v -0.090111 -0.058973 -0.054166
v -0.070588 -0.048986 -0.048748
v -0.066702 -0.050300 -0.045202
v 0.117948 -0.088964 -0.095696
v -0.098044 -0.088759 -0.053964
v -0.064603 -0.047674 -0.043662
v -0.001099 -0.043348 -0.035066
v 0.041646 -0.045357 -0.036025
v 0.120205 -0.080365 -0.097030
v 0.129323 -0.093518 -0.101392
v -0.097441 -0.093357 -0.053856
v -0.098238 -0.088780 -0.054062
v -0.095194 -0.066891 -0.035847
v 0.105696 -0.057160 -0.042015
v 0.146184 -0.079457 -0.106801
v -0.094432 -0.041324 -0.029290
v 0.003420 -0.043859 -0.032192
v 0.104805 -0.029969 -0.022310
v 0.145731 -0.073617 -0.105323
v 0.072778 -0.048305 -0.046695
v 0.041346 -0.050099 -0.088698
v 0.149965 -0.080054 -0.098797
v 0.150538 -0.074736 -0.097926
v 0.100024 -0.110041 -0.051459
v -0.099387 -0.072659 -0.050356
v -0.100375 -0.087566 -0.033246
v -0.124779 -0.085747 -0.038200
v 0.079733 -0.050956 -0.049286
v 0.120240 0.046636 -0.071298
v 0.079846 -0.048347 -0.043127
v 0.102131 -0.060634 -0.051241
v 0.108485 -0.064525 -0.066493
v 0.102035 -0.073439 -0.090790
v 0.074611 -0.127919 0.023165
v -0.061843 -0.037505 0.033648
v -0.093840 -0.090168 0.033110
v 0.112967 -0.073000 -0.047919
v 0.106890 -0.089087 -0.053478
v 0.104436 -0.098948 -0.052837
v 0.107362 -0.089362 -0.053418
v -0.088352 -0.087432 0.024839
v 0.116394 -0.071606 -0.043534
v 0.129064 -0.081587 -0.013962
v 0.095439 -0.079533 0.038148
v -0.063226 -0.088412 0.034165
v 0.118704 -0.080815 -0.010581
v 0.128069 -0.074625 -0.013934
v -0.064886 -0.087791 0.033257
v -0.028115 -0.093759 0.039483
v 0.066906 -0.087168 0.034168
v 0.100997 -0.083666 0.009415
v 0.122515 -0.083311 -0.001318
v 0.122165 -0.077296 -0.000981
v -0.028226 -0.091885 0.039644
v 0.038048 -0.093400 0.039349
v 0.098015 -0.083640 0.016442
v 0.037818 -0.094847 0.041398
v 0.147164 -0.090492 -0.163788
v 0.008966 -0.022098 -0.391409
v 0.182476 -0.081405 -0.403563
v 0.175903 -0.090075 -0.403255
v 0.120634 -0.122504 -0.351238
v 0.156549 -0.108713 -0.358609
v 0.112916 -0.124504 -0.348535
v 0.067750 -0.141060 -0.350949
v -0.023836 -0.151105 -0.280815
v 0.168506 -0.092200 -0.370216
v 0.308974 0.014507 -0.285823
v 0.306397 0.013521 -0.434179
v 0.180187 -0.090055 -0.387851
v -0.029033 -0.146723 -0.281995
v -0.156229 -0.088303 -0.239175
v -0.160316 -0.077268 -0.239501
v -0.078160 -0.108316 -0.500037
v -0.075095 -0.108666 -0.502760
v -0.033066 -0.085853 -0.813282
v 0.032637 -0.034517 -0.730964
v -0.024545 -0.149016 -0.580148
v 0.065267 -0.123345 -0.595280
v 0.065673 -0.075712 -0.598073
v 0.067002 -0.080401 -0.625464
v 0.243605 0.047139 -0.437623
v 0.045226 -0.034173 -0.580197
v 0.081418 0.044516 -0.745322
v 0.002478 -0.057565 -0.635419
v -0.165314 0.021128 -0.731111
v -0.022256 -0.034595 -0.665167
v -0.009495 -0.035711 -0.667994
v -0.019241 -0.041499 -0.677740
v -0.042841 -0.078771 -0.663114
v -0.028379 -0.126445 -0.653129
v -0.052533 -0.087596 -0.675437
v -0.054149 -0.088727 -0.730024
v 0.003077 -0.131517 -0.751078
v 0.028458 -0.077776 -0.807037
v 0.122302 -0.041416 -0.791645
v 0.040491 -0.078063 -0.768111
v -0.125056 -0.042336 -0.793089
v 0.046471 -0.073656 -0.764191
v 0.041441 -0.054936 -0.760266
v 0.149932 -0.016809 -0.780555
v -0.038530 -0.041890 -0.787940
v 0.029572 -0.038092 -0.726315
v -0.121198 0.005343 -0.768561
v -0.010951 -0.030017 -0.729066
v -0.018223 -0.030114 -0.727739
v -0.036740 -0.054406 -0.734779
v -0.040585 -0.069632 -0.757821
v 0.002598 -0.044309 -0.790990
v -0.041087 -0.064477 -0.760752
v 0.039139 -0.114272 -0.827976
v -0.005910 -0.113688 -0.734954
v -0.006314 -0.132171 -0.838462
v -0.028751 -0.142506 -0.840455
v -0.029690 -0.096750 -0.819556
v -0.012733 -0.116319 -0.826604
v 0.020234 -0.076556 -0.808148
v -0.006108 -0.098490 -0.818736
v -0.043054 -0.067208 -0.748357
v -0.042734 -0.068079 -0.744648
v -0.041731 -0.074075 -0.745328
v -0.009024 -0.034706 -0.729258
v -0.016290 -0.036138 -0.729302
v 0.147733 -0.017435 -0.779185
v -0.042997 -0.079341 -0.661641
v -0.035898 -0.047154 -0.668065
v -0.028763 -0.040318 -0.665856
v 0.047256 -0.056825 -0.592797
v -0.038808 -0.031396 -0.580778
v -0.042685 -0.059213 -0.673324
v -0.046696 -0.070253 -0.675754
v -0.039293 -0.089625 -0.662112
v -0.028984 -0.109473 -0.652803
v -0.029323 -0.104770 -0.653881
v 0.048122 -0.116716 -0.647545
v 0.064766 -0.075984 -0.720294
v 0.148817 -0.004138 -0.773073
v 0.019618 -0.015785 -0.775922
v 0.030692 -0.033699 -0.754937
v -0.034568 -0.066072 -0.739229
v -0.145615 -0.018701 -0.727746
v 0.068625 -0.059328 -0.799972
v 0.047278 -0.066563 -0.801261
v 0.052934 -0.055652 -0.825624
v 0.009408 -0.070961 -0.806329
v 0.053247 -0.062593 -0.826084
v -0.023887 -0.114935 -0.827346
v 0.054865 -0.057848 -0.799706
v -0.009888 -0.017349 -0.777474
v 0.073866 -0.073850 -0.655210
v -0.003140 -0.124154 -0.656658
v -0.038227 -0.083252 -0.680926
v -0.046365 -0.093566 -0.679613
v -0.033740 -0.079655 -0.668552
v 0.030586 -0.046933 -0.592950
v 0.042938 -0.050415 -0.590341
v 0.072922 -0.077930 -0.617047
v 0.073300 -0.085820 -0.617597
v -0.001226 -0.029020 -0.665176
v -0.006221 -0.029478 -0.665979
v -0.034306 -0.072453 -0.683235
v -0.043635 -0.074199 -0.658179
v -0.174731 0.003414 -0.742874
v -0.052952 -0.080869 -0.674997
v 0.014516 -0.105868 -0.779654
v 0.040304 -0.062123 -0.739450
v 0.033219 -0.062436 -0.747330
v 0.023825 -0.032717 -0.724842
v 0.146892 0.004748 -0.768414
v 0.032024 -0.043685 -0.731334
v -0.044226 -0.067559 -0.784816
v -0.123191 -0.045201 -0.795407
v -0.043565 -0.074417 -0.785268
v -0.123853 -0.050214 -0.797337
v -0.043811 -0.066950 -0.789841
v 0.009400 -0.120351 -0.824456
v 0.027090 -0.122604 -0.835355
v -0.000618 -0.138755 -0.837316
v 0.019969 -0.060700 -0.798598
v 0.148776 -0.010319 -0.776507
v 0.043951 -0.097836 -0.733736
v -0.009555 -0.025969 -0.749808
v 0.022113 -0.026898 -0.751691
v 0.063677 -0.068569 -0.719197
v -0.004345 -0.117983 -0.654342
v -0.209607 -0.016292 -0.711408
v 0.020236 -0.038256 -0.572586
v 0.019054 -0.037158 -0.570321
v 0.241653 0.048510 -0.359636
v 0.073570 -0.085228 -0.633666
v 0.251237 0.042718 -0.645035
v 0.112391 -0.028645 -0.695302
v 0.013995 -0.029831 -0.673120
v 0.009094 -0.029444 -0.672569
v -0.046608 -0.081027 -0.723767
v -0.053450 -0.086031 -0.690069
v -0.054125 -0.079280 -0.689562
v -0.053894 -0.084090 -0.705416
v 0.033488 -0.095431 -0.779379
v 0.031043 -0.068623 -0.740864
v 0.033946 -0.065805 -0.747701
v 0.043759 -0.062831 -0.741019
v -0.036707 -0.069449 -0.800924
v -0.043295 -0.071460 -0.806772
v -0.043804 -0.065295 -0.804945
v -0.003411 -0.118191 -0.829220
v 0.009648 -0.099934 -0.735846
v -0.008098 -0.092144 -0.731258
v -0.026460 -0.070972 -0.742243
v -0.009494 -0.032790 -0.784922
v -0.022735 -0.072529 -0.744783
v -0.125222 -0.033111 -0.788993
v -0.021796 -0.034163 -0.753858
v -0.010138 -0.024036 -0.755614
v -0.066821 -0.002204 -0.771329
v 0.064164 -0.077428 -0.704496
v 0.063973 -0.070627 -0.703800
v 0.063788 -0.078808 -0.691745
v 0.022091 -0.116328 -0.653995
v -0.022001 -0.120399 -0.684596
v -0.044782 -0.100124 -0.688945
v -0.050054 -0.083808 -0.667803
v -0.060930 -0.092734 -0.663223
v -0.118093 -0.098835 -0.558802
v 0.063574 -0.080771 -0.659382
v 0.072666 -0.084065 -0.650217
v 0.036328 -0.037156 -0.663355
v 0.027511 -0.034760 -0.659260
v 0.029561 -0.038744 -0.665330
v -0.015926 -0.033925 -0.648857
v -0.054070 -0.077290 -0.704791
v 0.014595 -0.105903 -0.779249
v -0.037802 -0.083049 -0.810323
v -0.127352 -0.068959 -0.806715
v -0.043443 -0.063910 -0.820194
v -0.031013 -0.091507 -0.812706
v 0.145032 0.031632 -0.754885
v -0.006465 -0.089439 -0.729237
v 0.009838 -0.090099 -0.734707
v -0.031689 -0.045404 -0.758452
v -0.025818 -0.041958 -0.760159
v 0.063825 -0.078809 -0.691744
v 0.043519 -0.073880 -0.673142
v 0.019049 -0.116949 -0.648675
v -0.020540 -0.117745 -0.683418
v -0.053434 -0.089195 -0.638153
v -0.064639 -0.087925 -0.646249
v -0.064385 -0.095734 -0.646914
v 0.161688 -0.263791 -0.468035
v 0.120300 0.005349 -0.767223
v -0.026818 -0.036852 -0.628059
v -0.053225 -0.080382 -0.728919
v -0.155504 -0.035372 -0.760646
v -0.042488 -0.062740 -0.835635
v 0.052085 -0.060302 -0.745386
v 0.020776 -0.098178 -0.738448
v 0.018392 -0.099662 -0.735645
v 0.009702 -0.101697 -0.735497
v 0.015219 -0.099216 -0.735974
v 0.005335 -0.098535 -0.740897
v -0.178610 -0.020468 -0.751123
v 0.041859 -0.093609 -0.657825
v 0.034370 -0.114730 -0.652548
v 0.031235 -0.110399 -0.654249
v 0.011769 -0.128160 -0.684606
v -0.064614 -0.089707 -0.630305
v -0.064246 -0.097823 -0.630722
v -0.056125 -0.076518 -0.746416
v -0.051257 -0.077554 -0.741809
v -0.010565 -0.099560 -0.771792
v -0.011837 -0.103040 -0.776568
v 0.040260 -0.075386 -0.741171
v 0.034972 -0.085968 -0.741995
v 0.014043 -0.100981 -0.743181
v 0.021877 -0.095747 -0.739605
v -0.037586 -0.065387 -0.762695
v -0.073107 -0.057732 -0.777063
v -0.029147 -0.079358 -0.762920
v -0.034452 -0.058868 -0.776516
v 0.045305 -0.081700 -0.657179
v 0.045010 -0.103112 -0.652887
v 0.040657 -0.100272 -0.655161
v -0.061586 -0.092560 -0.599352
v -0.027960 -0.054990 -0.598545
v -0.032637 -0.050385 -0.581957
v -0.032949 -0.044070 -0.579143
v -0.053521 -0.072175 -0.585165
v 0.044656 -0.101511 -0.683303
v 0.026294 -0.123550 -0.685558
v 0.044271 -0.071794 -0.682000
v 0.039504 -0.036073 -0.643393
v -0.032073 -0.089632 -0.777642
v 0.028000 -0.091814 -0.741035
v 0.029929 -0.087636 -0.734509
v -0.031386 -0.074666 -0.761541
v -0.026980 -0.089916 -0.782969
v -0.032026 -0.093151 -0.781838
v -0.050017 -0.083013 -0.747975
v 0.053848 -0.098848 -0.684319
v 0.055646 -0.074963 -0.693808
v 0.063057 -0.075198 -0.690693
v -0.053560 -0.083560 -0.604246
v -0.057214 -0.084347 -0.591131
v 0.044954 -0.074417 -0.809952
v -0.028039 -0.069270 -0.739005
v 0.052279 -0.055370 -0.830824
v -0.044343 -0.090553 -0.604139
v 0.003021 -0.127718 -0.601550
v 0.054327 -0.084996 -0.606263
v 0.031641 -0.120532 -0.600595
v 0.024715 -0.123804 -0.598321
v 0.036808 -0.118309 -0.599346
v 0.038094 -0.134017 -0.625928
v -0.029830 -0.114874 -0.600293
v -0.055071 -0.118341 -0.632639
v -0.050738 -0.093398 -0.605373
v -0.054849 -0.096918 -0.611107
v -0.202300 0.004263 -0.688102
v -0.085552 -0.093611 -0.598236
v -0.098953 -0.062884 -0.580909
v -0.042539 -0.030580 -0.616979
v -0.027168 -0.030216 -0.525507
v -0.141247 0.077182 -0.703102
v 0.006958 -0.041145 -0.538675
v 0.030030 -0.037556 -0.518252
v 0.035803 -0.045565 -0.540762
v 0.009913 -0.021489 -0.520536
v -0.056013 -0.109916 -0.625293
v 0.031111 -0.125116 -0.604761
v 0.044155 -0.111824 -0.602039
v 0.036797 -0.120284 -0.598202
v -0.029770 -0.134738 -0.626301
v -0.030042 -0.135467 -0.627227
v -0.079135 -0.098542 -0.584772
v -0.075442 -0.102251 -0.598109
v -0.076904 -0.096023 -0.577193
v -0.098000 -0.031444 -0.566809
v -0.015465 -0.041440 -0.537598
v -0.001411 -0.033911 -0.517578
v -0.001071 -0.039789 -0.516424
v 0.060749 -0.055300 -0.534931
v -0.064987 -0.025553 -0.521173
v -0.074455 -0.080977 -0.628998
v -0.015541 -0.123040 -0.598900
v 0.003046 -0.127169 -0.599709
v 0.049444 -0.103721 -0.603325
v -0.076808 -0.103542 -0.580174
v -0.078393 -0.089614 -0.556852
v -0.031168 -0.049741 -0.540344
v -0.021966 -0.037095 -0.518919
v -0.020423 -0.042707 -0.517307
v 0.070299 -0.055550 -0.530324
v 0.052309 -0.053002 -0.536364
v 0.164778 0.099023 -0.694807
v 0.087076 0.085670 -0.722738
v -0.050844 -0.055322 -0.618100
v -0.044993 -0.091173 -0.618399
v -0.021522 -0.120051 -0.601298
v 0.052400 -0.085553 -0.605355
v 0.004718 -0.141420 -0.624319
v 0.004696 -0.139663 -0.620093
v -0.039898 -0.148450 -0.526121
v -0.066028 -0.090803 -0.564688
v -0.070319 -0.090031 -0.531719
v -0.077131 -0.097224 -0.556725
v -0.044721 -0.057978 -0.541222
v -0.042647 -0.051367 -0.527829
v 0.067428 -0.135618 -0.529364
v 0.072404 -0.080693 -0.545725
v 0.079485 -0.081062 -0.541662
v -0.045745 -0.081081 -0.628868
v -0.027564 -0.117716 -0.600294
v -0.033630 -0.112849 -0.601458
v -0.027556 -0.116458 -0.600295
v 0.052455 -0.078433 -0.614302
v 0.012643 -0.157977 -0.610527
v -0.059685 -0.091024 -0.541504
v -0.057762 -0.073419 -0.538898
v -0.031892 -0.035791 -0.605033
v -0.044732 -0.071448 -0.628288
v -0.037095 -0.088429 -0.613182
v -0.045411 -0.086282 -0.618390
v -0.037508 -0.106856 -0.603213
v -0.021606 -0.121545 -0.600196
v 0.032185 -0.136250 -0.623380
v 0.106994 -0.044468 -0.625171
v -0.009445 -0.026187 -0.599371
v -0.011913 -0.029171 -0.601792
v -0.043786 -0.092113 -0.605149
v -0.044361 -0.087489 -0.606854
v 0.036718 -0.046565 -0.592725
v 0.069075 -0.106098 -0.628695
v 0.047601 -0.130071 -0.626678
v 0.046603 -0.129812 -0.628199
v 0.089937 -0.083477 -0.588857
v 0.003201 -0.026495 -0.598473
v 0.001094 0.078887 -0.726078
v -0.091437 -0.037107 -0.611274
v 0.032220 -0.042013 -0.590844
v -0.002582 -0.036502 -0.578933
v 0.019172 -0.040840 -0.587311
v 0.004179 -0.030959 -0.571788
v 0.088208 -0.081383 -0.583622
v 0.088063 -0.090153 -0.584142
v 0.024770 -0.029752 -0.599843
v -0.025306 -0.048384 -0.594220
v -0.034354 -0.056361 -0.598260
v -0.028560 -0.051256 -0.596126
v 0.136146 -0.021283 -0.636237
v -0.025879 -0.015708 -0.630666
v 0.171822 0.034583 -0.726937
v 0.073628 -0.093678 -0.626725
v 0.077393 -0.087270 -0.627094
v 0.088466 -0.043156 -0.624520
v 0.099462 -0.075030 -0.586836
v 0.070873 -0.053570 -0.623323
v -0.001442 -0.029410 -0.585145
v -0.017535 -0.039053 -0.590288
v -0.026488 -0.045769 -0.594127
v -0.005857 -0.040325 -0.585919
v 0.070860 -0.095087 -0.623188
f 1 2 6
f 1 4 3
f 1 5 4
f 7 4 5
f 1 8 2
f 6 5 1
f 9 6 2
f 10 2 8
f 4 11 3
f 7 5 15
f 2 10 9
f 13 6 9
f 6 16 5
f 6 12 16
f 14 11 4
f 15 4 7
f 5 16 15
f 6 13 12
f 9 10 17
f 18 3 11
f 4 15 14
f 11 21 18
f 11 14 21
f 9 19 13
f 20 16 12
f 19 9 17
f 8 22 10
f 22 17 10
f 29 14 15
f 23 15 16
f 8 25 22
f 27 17 22
f 15 23 29
f 16 26 23
f 26 16 20
f 28 12 13
f 13 19 24
f 30 20 12
f 30 12 28
f 22 25 27
f 31 21 14
f 32 29 23
f 28 13 24
f 17 38 19
f 38 17 27
f 21 31 18
f 31 14 29
f 23 26 33
f 20 34 26
f 34 20 30
f 18 31 36
f 23 33 32
f 37 28 24
f 39 31 29
f 35 38 27
f 40 33 26
f 41 26 34
f 19 38 24
f 42 36 31
f 29 32 39
f 27 43 35
f 43 27 25
f 46 30 28
f 35 45 38
f 40 26 41
f 46 34 30
f 50 28 37
f 47 24 38
f 31 44 42
f 44 31 39
f 48 32 33
f 24 47 37
f 49 33 40
f 28 50 46
f 25 52 43
f 48 39 32
f 34 54 41
f 51 38 45
f 42 55 36
f 53 44 39
f 39 48 53
f 54 34 46
f 37 56 50
f 47 38 51
f 35 43 45
f 42 44 55
f 49 40 41
f 57 33 49
f 37 47 56
f 45 58 51
f 48 33 57
f 59 55 44
f 44 60 59
f 60 44 53
f 61 50 56
f 43 52 45
f 53 65 60
f 65 53 48
f 62 49 41
f 62 41 54
f 63 45 52
f 61 46 50
f 51 68 47
f 68 51 58
f 58 45 63
f 49 62 57
f 46 66 54
f 46 67 66
f 46 61 67
f 47 64 56
f 47 68 64
f 48 69 65
f 69 48 57
f 54 66 62
f 59 70 55
f 71 59 60
f 58 63 68
f 61 56 64
f 59 71 70
f 60 72 71
f 72 60 65
f 62 66 73
f 73 57 62
f 69 57 73
f 68 74 64
f 74 68 63
f 75 63 52
f 76 66 67
f 83 71 72
f 77 73 66
f 65 69 78
f 66 79 77
f 76 67 61
f 74 63 75
f 78 72 65
f 61 84 76
f 61 64 84
f 71 83 70
f 81 64 74
f 82 74 75
f 69 80 78
f 80 69 73
f 64 81 84
f 74 82 81
f 83 72 78
f 73 77 80
f 88 78 80
f 77 79 80
f 75 85 82
f 86 70 83
f 87 76 84
f 88 83 78
f 83 89 86
f 83 88 89
f 80 90 88
f 90 80 79
f 84 81 87
f 82 85 81
f 91 87 85
f 87 81 85
f 90 89 88
f 93 94 92
f 94 95 92
f 97 96 92
f 92 95 97
f 92 96 98
f 92 98 99
f 97 100 96
f 93 101 94
f 95 94 102
f 102 94 101
f 100 103 96
f 103 98 96
f 102 104 95
f 104 105 95
f 105 106 95
f 97 95 106
f 101 93 107
f 106 100 97
f 109 99 98
f 108 112 93
f 107 93 112
f 103 109 98
f 106 105 110
f 109 111 99
f 102 113 104
f 103 100 114
f 109 103 117
f 104 115 105
f 102 101 116
f 116 113 102
f 115 110 105
f 100 106 120
f 112 118 107
f 101 107 121
f 120 114 100
f 117 103 114
f 116 101 121
f 106 110 119
f 119 120 106
f 118 121 107
f 117 114 122
f 109 117 123
f 111 109 123
f 113 116 124
f 104 113 124
f 124 115 104
f 123 117 125
f 108 126 112
f 112 126 118
f 110 115 127
f 127 119 110
f 120 128 114
f 122 132 117
f 125 117 132
f 121 118 129
f 124 130 115
f 122 114 128
f 131 124 116
f 125 138 123
f 111 123 133
f 126 129 118
f 129 131 121
f 116 121 131
f 127 115 134
f 120 119 135
f 126 108 136
f 124 131 137
f 130 134 115
f 132 138 125
f 139 135 119
f 128 120 135
f 132 122 128
f 129 126 140
f 134 119 127
f 137 141 124
f 130 124 141
f 132 128 142
f 131 129 148
f 134 139 119
f 138 144 123
f 133 123 144
f 128 135 146
f 138 132 147
f 144 143 133
f 137 131 155
f 141 137 149
f 134 130 141
f 134 150 139
f 142 128 146
f 144 138 147
f 126 136 151
f 140 126 151
f 140 148 129
f 149 137 155
f 145 150 134
f 135 139 152
f 147 132 142
f 145 134 141
f 148 140 153
f 146 135 152
f 152 154 146
f 150 152 139
f 147 142 156
f 148 155 131
f 141 149 160
f 145 141 160
f 146 156 142
f 151 157 140
f 153 140 157
f 145 158 150
f 156 159 147
f 144 147 159
f 143 144 159
f 160 158 145
f 152 150 161
f 154 152 161
f 158 160 162
f 163 161 150
f 148 153 164
f 155 148 165
f 157 164 153
f 164 165 148
f 155 166 149
f 149 166 160
f 162 160 166
f 158 167 150
f 154 168 146
f 156 146 168
f 159 156 169
f 157 151 170
f 165 166 155
f 143 159 171
f 167 158 162
f 169 171 159
f 168 154 176
f 168 169 156
f 162 166 175
f 161 163 172
f 169 168 173
f 171 169 173
f 164 174 165
f 174 175 165
f 166 165 175
f 167 162 175
f 154 161 176
f 157 170 177
f 164 157 177
f 172 176 161
f 176 173 168
f 177 174 164
f 173 178 171
f 179 177 170
f 167 175 181
f 173 176 183
f 175 174 180
f 175 180 181
f 178 173 183
f 182 178 183
f 177 180 174
f 176 172 183
f 180 177 181
f 184 185 186
f 187 186 188
f 189 188 190
f 191 190 192
f 193 192 194
f 195 194 196
f 197 196 198
f 199 198 200
f 201 200 202
f 203 202 204
f 205 204 206
f 207 206 208
f 209 208 210
f 211 210 212
f 213 212 214
f 215 214 216
f 217 216 218
f 219 218 220
f 221 220 222
f 223 222 224
f 225 224 226
f 227 226 228
f 229 228 230
f 231 230 232
f 233 232 234
f 235 234 236
f 237 236 238
f 239 238 240
f 241 240 242
f 243 242 244
f 245 244 246
f 247 246 248
f 249 248 250
f 251 250 252
f 253 252 254
f 255 254 256
f 257 256 258
f 259 258 260
f 261 260 262
f 263 262 264
f 265 264 266
f 267 266 268
f 269 268 270
f 271 270 272
f 273 272 274
f 275 274 276
f 277 276 278
f 279 278 280
f 281 280 282
f 283 282 284
f 285 284 286
f 287 286 288
f 289 288 290
f 291 290 292
f 293 292 294
f 295 294 296
f 297 296 298
f 299 298 300
f 301 300 302
f 303 302 304
f 305 304 306
f 307 306 308
f 309 308 310
f 311 310 312
f 313 312 314
f 315 314 316
f 317 316 318
f 319 318 320
f 321 320 322
f 323 322 324
f 325 324 326
f 327 326 328
f 329 328 330
f 331 330 332
f 333 332 334
f 335 334 336
f 337 336 338
f 339 338 340
f 341 340 342
f 343 342 344
f 345 344 346
f 347 346 348
f 349 348 350
f 351 350 352
f 353 352 354
f 355 354 356
f 357 356 358
f 359 358 360
f 361 360 362
f 363 362 364
f 365 364 366
f 367 366 368
f 369 368 370
f 371 370 372
f 373 372 374
f 375 374 376
f 377 376 378
f 379 378 380
f 381 380 382
f 383 382 384
f 385 384 386
f 387 386 388
f 389 388 390
f 391 390 392
f 393 392 394
f 395 394 396
f 397 396 398
f 399 398 400
f 401 400 402
f 403 402 404
f 405 404 406
f 407 406 408
f 409 408 410
f 411 410 412
f 413 412 414
f 415 414 416
f 417 416 418
f 419 418 420
f 421 420 422
f 423 422 424
f 425 424 426
f 427 426 428
f 429 428 430
f 431 430 432
f 433 432 434
f 435 434 436
f 437 436 438
f 439 438 440
f 186 185 441
f 441 442 186
f 188 186 442
f 442 443 188
f 190 188 443
f 443 444 190
f 192 190 444
f 444 445 192
f 194 192 445
f 445 446 194
f 196 194 446
f 446 447 196
f 198 196 447
f 447 448 198
f 200 198 448
f 448 449 200
f 202 200 449
f 449 450 202
f 204 202 450
f 450 451 204
f 206 204 451
f 451 452 206
f 208 206 452
f 452 453 208
f 210 208 453
f 453 454 210
f 212 210 454
f 454 455 212
f 214 212 455
f 455 456 214
f 216 214 456
f 456 457 216
f 218 216 457
f 457 458 218
f 220 218 458
f 458 459 220
f 222 220 459
f 459 460 222
f 224 222 460
f 460 461 224
f 226 224 461
f 461 462 226
f 228 226 462
f 462 463 228
f 230 228 463
f 463 464 230
f 232 230 464
f 464 465 232
f 234 232 465
f 465 466 234
f 236 234 466
f 466 467 236
f 238 236 467
f 467 468 238
f 240 238 468
f 468 469 240
f 242 240 469
f 469 470 242
f 244 242 470
f 470 471 244
f 246 244 471
f 471 472 246
f 248 246 472
f 472 473 248
f 250 248 473
f 473 474 250
f 252 250 474
f 474 475 252
f 254 252 475
f 475 476 254
f 256 254 476
f 476 477 256
f 258 256 477
f 477 478 258
f 260 258 478
f 478 479 260
f 262 260 479
f 479 480 262
f 264 262 480
f 480 481 264
f 266 264 481
f 481 482 266
f 268 266 482
f 482 483 268
f 270 268 483
f 483 484 270
f 272 270 484
f 484 485 272
f 274 272 485
f 485 486 274
f 276 274 486
f 486 487 276
f 278 276 487
f 487 488 278
f 280 278 488
f 488 489 280
f 282 280 489
f 489 490 282
f 284 282 490
f 490 491 284
f 286 284 491
f 491 492 286
f 288 286 492
f 492 493 288
f 290 288 493
f 493 494 290
f 292 290 494
f 494 495 292
f 294 292 495
f 495 496 294
f 296 294 496
f 496 497 296
f 298 296 497
f 497 498 298
f 300 298 498
f 498 499 300
f 302 300 499
f 499 500 302
f 304 302 500
f 500 501 304
f 306 304 501
f 501 502 306
f 308 306 502
f 502 503 308
f 310 308 503
f 503 504 310
f 312 310 504
f 504 505 312
f 314 312 505
f 505 506 314
f 316 314 506
f 506 507 316
f 318 316 507
f 507 508 318
f 320 318 508
f 508 509 320
f 322 320 509
f 509 510 322
f 324 322 510
f 510 511 324
f 326 324 511
f 511 512 326
f 328 326 512
f 512 513 328
f 330 328 513
f 513 514 330
f 332 330 514
f 514 515 332
f 334 332 515
f 515 516 334
f 336 334 516
f 516 517 336
f 338 336 517
f 517 518 338
f 340 338 518
f 518 519 340
f 342 340 519
f 519 520 342
f 344 342 520
f 520 521 344
f 346 344 521
f 521 522 346
f 348 346 522
f 522 523 348
f 350 348 523
f 523 524 350
f 352 350 524
f 524 525 352
f 354 352 525
f 525 526 354
f 356 354 526
f 526 527 356
f 358 356 527
f 527 528 358
f 360 358 528
f 528 529 360
f 362 360 529
f 529 530 362
f 364 362 530
f 530 531 364
f 366 364 531
f 531 532 366
f 368 366 532
f 532 533 368
f 370 368 533
f 533 534 370
f 372 370 534
f 534 535 372
f 374 372 535
f 535 536 374
f 376 374 536
f 536 537 376
f 378 376 537
f 537 538 378
f 380 378 538
f 538 539 380
f 382 380 539
f 539 540 382
f 384 382 540
f 540 541 384
f 386 384 541
f 541 542 386
f 388 386 542
f 542 543 388
f 390 388 543
f 543 544 390
f 392 390 544
f 544 545 392
f 394 392 545
f 545 546 394
f 396 394 546
f 546 547 396
f 398 396 547
f 547 548 398
f 400 398 548
f 548 549 400
f 402 400 549
f 549 550 402
f 404 402 550
f 550 551 404
f 406 404 551
f 551 552 406
f 408 406 552
f 552 553 408
f 410 408 553
f 553 554 410
f 412 410 554
f 554 555 412
f 414 412 555
f 555 556 414
f 416 414 556
f 556 557 416
f 418 416 557
f 557 558 418
f 420 418 558
f 558 559 420
f 422 420 559
f 559 560 422
f 424 422 560
f 560 561 424
f 426 424 561
f 561 562 426
f 428 426 562
f 562 563 428
f 430 428 563
f 563 564 430
f 432 430 564
f 564 565 432
f 434 432 565
f 565 566 434
f 436 434 566
f 566 567 436
f 438 436 567
f 567 568 438
f 440 438 568
f 568 569 440
f 442 441 570
f 570 571 442
f 443 442 571
f 571 572 443
f 444 443 572
f 572 573 444
f 445 444 573
f 573 574 445
f 446 445 574
f 574 575 446
f 447 446 575
f 575 576 447
f 448 447 576
f 576 577 448
f 449 448 577
f 577 578 449
f 450 449 578
f 578 579 450
f 451 450 579
f 579 580 451
f 452 451 580
f 580 581 452
f 453 452 581
f 581 582 453
f 454 453 582
f 582 583 454
f 455 454 583
f 583 584 455
f 456 455 584
f 584 585 456
f 457 456 585
f 585 586 457
f 458 457 586
f 586 587 458
f 459 458 587
f 587 588 459
f 460 459 588
f 588 589 460
f 461 460 589
f 589 590 461
f 462 461 590
f 590 591 462
f 463 462 591
f 591 592 463
f 464 463 592
f 592 593 464
f 465 464 593
f 593 594 465
f 466 465 594
f 594 595 466
f 467 466 595
f 595 596 467
f 468 467 596
f 596 597 468
f 469 468 597
f 597 598 469
f 470 469 598
f 598 599 470
f 471 470 599
f 599 600 471
f 472 471 600
f 600 601 472
f 473 472 601
f 601 602 473
f 474 473 602
f 602 603 474
f 475 474 603
f 603 604 475
f 476 475 604
f 604 605 476
f 477 476 605
f 605 606 477
f 478 477 606
f 606 607 478
f 479 478 607
f 607 608 479
f 480 479 608
f 608 609 480
f 481 480 609
f 609 610 481
f 482 481 610
f 610 611 482
f 483 482 611
f 611 612 483
f 484 483 612
f 612 613 484
f 485 484 613
f 613 614 485
f 486 485 614
f 614 615 486
f 487 486 615
f 615 616 487
f 488 487 616
f 616 617 488
f 489 488 617
f 617 618 489
f 490 489 618
f 618 619 490
f 491 490 619
f 619 620 491
f 492 491 620
f 620 621 492
f 493 492 621
f 621 622 493
f 494 493 622
f 622 623 494
f 495 494 623
f 623 624 495
f 496 495 624
f 624 625 496
f 497 496 625
f 625 626 497
f 498 497 626
f 626 627 498
f 499 498 627
f 627 628 499
f 500 499 628
f 628 629 500
f 501 500 629
f 629 630 501
f 502 501 630
f 630 631 502
f 503 502 631
f 631 632 503
f 504 503 632
f 632 633 504
f 505 504 633
f 633 634 505
f 506 505 634
f 634 635 506
f 507 506 635
f 635 636 507
f 508 507 636
f 636 637 508
f 509 508 637
f 637 638 509
f 510 509 638
f 638 639 510
f 511 510 639
f 639 640 511
f 512 511 640
f 640 641 512
f 513 512 641
f 641 642 513
f 514 513 642
f 642 643 514
f 515 514 643
f 643 644 515
f 516 515 644
f 644 645 516
f 517 516 645
f 645 646 517
f 518 517 646
f 646 647 518
f 519 518 647
f 647 648 519
f 520 519 648
f 648 649 520
f 521 520 649
f 649 650 521
f 522 521 650
f 650 651 522
f 523 522 651
f 651 652 523
f 524 523 652
f 652 653 524
f 525 524 653
f 653 654 525
f 526 525 654
f 654 655 526
f 527 526 655
f 655 656 527
f 528 527 656
f 656 657 528
f 529 528 657
f 657 658 529
f 530 529 658
f 658 659 530
f 531 530 659
f 659 660 531
f 532 531 660
f 660 661 532
f 533 532 661
f 661 662 533
f 534 533 662
f 662 663 534
f 535 534 663
f 663 664 535
f 536 535 664
f 664 665 536
f 537 536 665
f 665 666 537
f 538 537 666
f 666 667 538
f 539 538 667
f 667 668 539
f 540 539 668
f 668 669 540
f 541 540 669
f 669 670 541
f 542 541 670
f 670 671 542
f 543 542 671
f 671 672 543
f 544 543 672
f 672 673 544
f 545 544 673
f 673 674 545
f 546 545 674
f 674 675 546
f 547 546 675
f 675 676 547
f 548 547 676
f 676 677 548
f 549 548 677
f 677 678 549
f 550 549 678
f 678 679 550
f 551 550 679
f 679 680 551
f 552 551 680
f 680 681 552
f 553 552 681
f 681 682 553
f 554 553 682
f 682 683 554
f 555 554 683
f 683 684 555
f 556 555 684
f 684 685 556
f 557 556 685
f 685 686 557
f 558 557 686
f 686 687 558
f 559 558 687
f 687 688 559
f 560 559 688
f 688 689 560
f 561 560 689
f 689 690 561
f 562 561 690
f 690 691 562
f 563 562 691
f 691 692 563
f 564 563 692
f 692 693 564
f 565 564 693
f 693 694 565
f 566 565 694
f 694 695 566
f 567 566 695
f 695 696 567
f 568 567 696
f 696 697 568
f 569 568 697
f 697 698 569
f 571 570 699
f 699 700 571
f 572 571 700
f 700 701 572
f 573 572 701
f 701 702 573
f 574 573 702
f 702 703 574
f 575 574 703
f 703 704 575
f 576 575 704
f 704 705 576
f 577 576 705
f 705 706 577
f 578 577 706
f 706 707 578
f 579 578 707
f 707 708 579
f 580 579 708
f 708 709 580
f 581 580 709
f 709 710 581
f 582 581 710
f 710 711 582
f 583 582 711
f 711 712 583
f 584 583 712
f 712 713 584
f 585 584 713
f 713 714 585
f 586 585 714
f 714 715 586
f 587 586 715
f 715 716 587
f 588 587 716
f 716 717 588
f 589 588 717
f 717 718 589
f 590 589 718
f 718 719 590
f 591 590 719
f 719 720 591
f 592 591 720
f 720 721 592
f 593 592 721
f 721 722 593
f 594 593 722
f 722 723 594
f 595 594 723
f 723 724 595
f 596 595 724
f 724 725 596
f 597 596 725
f 725 726 597
f 598 597 726
f 726 727 598
f 599 598 727
f 727 728 599
f 600 599 728
f 728 729 600
f 601 600 729
f 729 730 601
f 602 601 730
f 730 731 602
f 603 602 731
f 731 732 603
f 604 603 732
f 732 733 604
f 605 604 733
f 733 734 605
f 606 605 734
f 734 735 606
f 607 606 735
f 735 736 607
f 608 607 736
f 736 737 608
f 609 608 737
f 737 738 609
f 610 609 738
f 738 739 610
f 611 610 739
f 739 740 611
f 612 611 740
f 740 741 612
f 613 612 741
f 741 742 613
f 614 613 742
f 742 743 614
f 615 614 743
f 743 744 615
f 616 615 744
f 744 745 616
f 617 616 745
f 745 746 617
f 618 617 746
f 746 747 618
f 619 618 747
f 747 748 619
f 620 619 748
f 748 749 620
f 621 620 749
f 749 750 621
f 622 621 750
f 750 751 622
f 623 622 751
f 751 752 623
f 624 623 752
f 752 753 624
f 625 624 753
f 753 754 625
f 626 625 754
f 754 755 626
f 627 626 755
f 755 756 627
f 628 627 756
f 756 757 628
f 629 628 757
f 757 758 629
f 630 629 758
f 758 759 630
f 631 630 759
f 759 760 631
f 632 631 760
f 760 761 632
f 633 632 761
f 761 762 633
f 634 633 762
f 762 763 634
f 635 634 763
f 763 764 635
f 636 635 764
f 764 765 636
f 637 636 765
f 765 766 637
f 638 637 766
f 766 767 638
f 639 638 767
f 767 768 639
f 640 639 768
f 768 769 640
f 641 640 769
f 769 770 641
f 642 641 770
f 770 771 642
f 643 642 771
f 771 772 643
f 644 643 772
f 772 773 644
f 645 644 773
f 773 774 645
f 646 645 774
f 774 775 646
f 647 646 775
f 775 776 647
f 648 647 776
f 776 777 648
f 649 648 777
f 777 778 649
f 650 649 778
f 778 779 650
f 651 650 779
f 779 780 651
f 652 651 780
f 780 781 652
f 653 652 781
f 781 782 653
f 654 653 782
f 782 783 654
f 655 654 783
f 783 784 655
f 656 655 784
f 784 785 656
f 657 656 785
f 785 786 657
f 658 657 786
f 786 787 658
f 659 658 787
f 787 788 659
f 660 659 788
f 788 789 660
f 661 660 789
f 789 790 661
f 662 661 790
f 790 791 662
f 663 662 791
f 791 792 663
f 664 663 792
f 792 793 664
f 665 664 793
f 793 794 665
f 666 665 794
f 794 795 666
f 667 666 795
f 795 796 667
f 668 667 796
f 796 797 668
f 669 668 797
f 797 798 669
f 670 669 798
f 798 799 670
f 671 670 799
f 799 800 671
f 672 671 800
f 800 801 672
f 673 672 801
f 801 802 673
f 674 673 802
f 802 803 674
f 675 674 803
f 803 804 675
f 676 675 804
f 804 805 676
f 677 676 805
f 805 806 677
f 678 677 806
f 806 807 678
f 679 678 807
f 807 808 679
f 680 679 808
f 808 809 680
f 681 680 809
f 809 810 681
f 682 681 810
f 810 811 682
f 683 682 811
f 811 812 683
f 684 683 812
f 812 813 684
f 685 684 813
f 813 814 685
f 686 685 814
f 814 815 686
f 687 686 815
f 815 816 687
f 688 687 816
f 816 817 688
f 689 688 817
f 817 818 689
f 690 689 818
f 818 819 690
f 691 690 819
f 819 820 691
f 692 691 820
f 820 821 692
f 693 692 821
f 821 822 693
f 694 693 822
f 822 823 694
f 695 694 823
f 823 824 695
f 696 695 824
f 824 825 696
f 697 696 825
f 825 826 697
f 698 697 826
f 826 827 698
f 700 699 828
f 828 829 700
f 701 700 829
f 829 830 701
f 702 701 830
f 830 831 702
f 703 702 831
f 831 832 703
f 704 703 832
f 832 833 704
f 705 704 833
f 833 834 705
f 706 705 834
f 834 835 706
f 707 706 835
f 835 836 707
f 708 707 836
f 836 837 708
f 709 708 837
f 837 838 709
f 710 709 838
f 838 839 710
f 711 710 839
f 839 840 711
f 712 711 840
f 840 841 712
f 713 712 841
f 841 842 713
f 714 713 842
f 842 843 714
f 715 714 843
f 843 844 715
f 716 715 844
f 844 845 716
f 717 716 845
f 845 846 717
f 718 717 846
f 846 847 718
f 719 718 847
f 847 848 719
f 720 719 848
f 848 849 720
f 721 720 849
f 849 850 721
f 722 721 850
f 850 851 722
f 723 722 851
f 851 852 723
f 724 723 852
f 852 853 724
f 725 724 853
f 853 854 725
f 726 725 854
f 854 855 726
f 727 726 855
f 855 856 727
f 728 727 856
f 856 857 728
f 729 728 857
f 857 858 729
f 730 729 858
f 858 859 730
f 731 730 859
f 859 860 731
f 732 731 860
f 860 861 732
f 733 732 861
f 861 862 733
f 734 733 862
f 862 863 734
f 735 734 863
f 863 864 735
f 736 735 864
f 864 865 736
f 737 736 865
f 865 866 737
f 738 737 866
f 866 867 738
f 739 738 867
f 867 868 739
f 740 739 868
f 868 869 740
f 741 740 869
f 869 870 741
f 742 741 870
f 870 871 742
f 743 742 871
f 871 872 743
f 744 743 872
f 872 873 744
f 745 744 873
f 873 874 745
f 746 745 874
f 874 875 746
f 747 746 875
f 875 876 747
f 748 747 876
f 876 877 748
f 749 748 877
f 877 878 749
f 750 749 878
f 878 879 750
f 751 750 879
f 879 880 751
f 752 751 880
f 880 881 752
f 753 752 881
f 881 882 753
f 754 753 882
f 882 883 754
f 755 754 883
f 883 884 755
f 756 755 884
f 884 885 756
f 757 756 885
f 885 886 757
f 758 757 886
f 886 887 758
f 759 758 887
f 887 888 759
f 760 759 888
f 888 889 760
f 761 760 889
f 889 890 761
f 762 761 890
f 890 891 762
f 763 762 891
f 891 892 763
f 764 763 892
f 892 893 764
f 765 764 893
f 893 894 765
f 766 765 894
f 894 895 766
f 767 766 895
f 895 896 767
f 768 767 896
f 896 897 768
f 769 768 897
f 897 898 769
f 770 769 898
f 898 899 770
f 771 770 899
f 899 900 771
f 772 771 900
f 900 901 772
f 773 772 901
f 901 902 773
f 774 773 902
f 902 903 774
f 775 774 903
f 903 904 775
f 776 775 904
f 904 905 776
f 777 776 905
f 905 906 777
f 778 777 906
f 906 907 778
f 779 778 907
f 907 908 779
f 780 779 908
f 908 909 780
f 781 780 909
f 909 910 781
f 782 781 910
f 910 911 782
f 783 782 911
f 911 912 783
f 784 783 912
f 912 913 784
f 785 784 913
f 913 914 785
f 786 785 914
f 914 915 786
f 787 786 915
f 915 916 787
f 788 787 916
f 916 917 788
f 789 788 917
f 917 918 789
f 790 789 918
f 918 919 790
f 791 790 919
f 919 920 791
f 792 791 920
f 920 921 792
f 793 792 921
f 921 922 793
f 794 793 922
f 922 923 794
f 795 794 923
f 923 924 795
f 796 795 924
f 924 925 796
f 797 796 925
f 925 926 797
f 798 797 926
f 926 927 798
f 799 798 927
f 927 928 799
f 800 799 928
f 928 929 800
f 801 800 929
f 929 930 801
f 802 801 930
f 930 931 802
f 803 802 931
f 931 932 803
f 804 803 932
f 932 933 804
f 805 804 933
f 933 934 805
f 806 805 934
f 934 935 806
f 807 806 935
f 935 936 807
f 808 807 936
f 936 937 808
f 809 808 937
f 937 938 809
f 810 809 938
f 938 939 810
f 811 810 939
f 939 940 811
f 812 811 940
f 940 941 812
f 813 812 941
f 941 942 813
f 814 813 942
f 942 943 814
f 815 814 943
f 943 944 815
f 816 815 944
f 944 945 816
f 817 816 945
f 945 946 817
f 818 817 946
f 946 947 818
f 819 818 947
f 947 948 819
f 820 819 948
f 948 949 820
f 821 820 949
f 949 950 821
f 822 821 950
f 950 951 822
f 823 822 951
f 951 952 823
f 824 823 952
f 952 953 824
f 825 824 953
f 953 954 825
f 826 825 954
f 954 955 826
f 827 826 955
f 955 956 827
f 829 828 957
f 957 958 829
f 830 829 958
f 958 959 830
f 831 830 959
f 959 960 831
f 832 831 960
f 960 961 832
f 833 832 961
f 961 962 833
f 834 833 962
f 962 963 834
f 835 834 963
f 963 964 835
f 836 835 964
f 964 965 836
f 837 836 965
f 965 966 837
f 838 837 966
f 966 967 838
f 839 838 967
f 967 968 839
f 840 839 968
f 968 969 840
f 841 840 969
f 969 970 841
f 842 841 970
f 970 971 842
f 843 842 971
f 971 972 843
f 844 843 972
f 972 973 844
f 845 844 973
f 973 974 845
f 846 845 974
f 974 975 846
f 847 846 975
f 975 976 847
f 848 847 976
f 976 977 848
f 849 848 977
f 977 978 849
f 850 849 978
f 978 979 850
f 851 850 979
f 979 980 851
f 852 851 980
f 980 981 852
f 853 852 981
f 981 982 853
f 854 853 982
f 982 983 854
f 855 854 983
f 983 984 855
f 856 855 984
f 984 985 856
f 857 856 985
f 985 986 857
f 858 857 986
f 986 987 858
f 859 858 987
f 987 988 859
f 860 859 988
f 988 989 860
f 861 860 989
f 989 990 861
f 862 861 990
f 990 991 862
f 863 862 991
f 991 992 863
f 864 863 992
f 992 993 864
f 865 864 993
f 993 994 865
f 866 865 994
f 994 995 866
f 867 866 995
f 995 996 867
f 868 867 996
f 996 997 868
f 869 868 997
f 997 998 869
f 870 869 998
f 998 999 870
f 871 870 999
f 999 1000 871
f 872 871 1000
f 1000 1001 872
f 873 872 1001
f 1001 1002 873
f 874 873 1002
f 1002 1003 874
f 875 874 1003
f 1003 1004 875
f 876 875 1004
f 1004 1005 876
f 877 876 1005
f 1005 1006 877
f 878 877 1006
f 1006 1007 878
f 879 878 1007
f 1007 1008 879
f 880 879 1008
f 1008 1009 880
f 881 880 1009
f 1009 1010 881
f 882 881 1010
f 1010 1011 882
f 883 882 1011
f 1011 1012 883
f 884 883 1012
f 1012 1013 884
f 885 884 1013
f 1013 1014 885
f 886 885 1014
f 1014 1015 886
f 887 886 1015
f 1015 1016 887
f 888 887 1016
f 1016 1017 888
f 889 888 1017
f 1017 1018 889
f 890 889 1018
f 1018 1019 890
f 891 890 1019
f 1019 1020 891
f 892 891 1020
f 1020 1021 892
f 893 892 1021
f 1021 1022 893
f 894 893 1022
f 1022 1023 894
f 895 894 1023
f 1023 1024 895
f 896 895 1024
f 1024 1025 896
f 897 896 1025
f 1025 1026 897
f 898 897 1026
f 1026 1027 898
f 899 898 1027
f 1027 1028 899
f 900 899 1028
f 1028 1029 900
f 901 900 1029
f 1029 1030 901
f 902 901 1030
f 1030 1031 902
f 903 902 1031
f 1031 1032 903
f 904 903 1032
f 1032 1033 904
f 905 904 1033
f 1033 1034 905
f 906 905 1034
f 1034 1035 906
f 907 906 1035
f 1035 1036 907
f 908 907 1036
f 1036 1037 908
f 909 908 1037
f 1037 1038 909
f 910 909 1038
f 1038 1039 910
f 911 910 1039
f 1039 1040 911
f 912 911 1040
f 1040 1041 912
f 913 912 1041
f 1041 1042 913
f 914 913 1042
f 1042 1043 914
f 915 914 1043
f 1043 1044 915
f 916 915 1044
f 1044 1045 916
f 917 916 1045
f 1045 1046 917
f 918 917 1046
f 1046 1047 918
f 919 918 1047
f 1047 1048 919
f 920 919 1048
f 1048 1049 920
f 921 920 1049
f 1049 1050 921
f 922 921 1050
f 1050 1051 922
f 923 922 1051
f 1051 1052 923
f 924 923 1052
f 1052 1053 924
f 925 924 1053
f 1053 1054 925
f 926 925 1054
f 1054 1055 926
f 927 926 1055
f 1055 1056 927
f 928 927 1056
f 1056 1057 928
f 929 928 1057
f 1057 1058 929
f 930 929 1058
f 1058 1059 930
f 931 930 1059
f 1059 1060 931
f 932 931 1060
f 1060 1061 932
f 933 932 1061
f 1061 1062 933
f 934 933 1062
f 1062 1063 934
f 935 934 1063
f 1063 1064 935
f 936 935 1064
f 1064 1065 936
f 937 936 1065
f 1065 1066 937
f 938 937 1066
f 1066 1067 938
f 939 938 1067
f 1067 1068 939
f 940 939 1068
f 1068 1069 940
f 941 940 1069
f 1069 1070 941
f 942 941 1070
f 1070 1071 942
f 943 942 1071
f 1071 1072 943
f 944 943 1072
f 1072 1073 944
f 945 944 1073
f 1073 1074 945
f 946 945 1074
f 1074 1075 946
f 947 946 1075
f 1075 1076 947
f 948 947 1076
f 1076 1077 948
f 949 948 1077
f 1077 1078 949
f 950 949 1078
f 1078 1079 950
f 951 950 1079
f 1079 1080 951
f 952 951 1080
f 1080 1081 952
f 953 952 1081
f 1081 1082 953
f 954 953 1082
f 1082 1083 954
f 955 954 1083
f 1083 1084 955
f 956 955 1084
f 1084 1085 956
f 958 957 1086
f 1086 1087 958
f 959 958 1087
f 1087 1088 959
f 960 959 1088
f 1088 1089 960
f 961 960 1089
f 1089 1090 961
f 962 961 1090
f 1090 1091 962
f 963 962 1091
f 1091 1092 963
f 964 963 1092
f 1092 1093 964
f 965 964 1093
f 1093 1094 965
f 966 965 1094
f 1094 1095 966
f 967 966 1095
f 1095 1096 967
f 968 967 1096
f 1096 1097 968
f 969 968 1097
f 1097 1098 969
f 970 969 1098
f 1098 1099 970
f 971 970 1099
f 1099 1100 971
f 972 971 1100
f 1100 1101 972
f 973 972 1101
f 1101 1102 973
f 974 973 1102
f 1102 1103 974
f 975 974 1103
f 1103 1104 975
f 976 975 1104
f 1104 1105 976
f 977 976 1105
f 1105 1106 977
f 978 977 1106
f 1106 1107 978
f 979 978 1107
f 1107 1108 979
f 980 979 1108
f 1108 1109 980
f 981 980 1109
f 1109 1110 981
f 982 981 1110
f 1110 1111 982
f 983 982 1111
f 1111 1112 983
f 984 983 1112
f 1112 1113 984
f 985 984 1113
f 1113 1114 985
f 986 985 1114
f 1114 1115 986
f 987 986 1115
f 1115 1116 987
f 988 987 1116
f 1116 1117 988
f 989 988 1117
f 1117 1118 989
f 990 989 1118
f 1118 1119 990
f 991 990 1119
f 1119 1120 991
f 992 991 1120
f 1120 1121 992
f 993 992 1121
f 1121 1122 993
f 994 993 1122
f 1122 1123 994
f 995 994 1123
f 1123 1124 995
f 996 995 1124
f 1124 1125 996
f 997 996 1125
f 1125 1126 997
f 998 997 1126
f 1126 1127 998
f 999 998 1127
f 1127 1128 999
f 1000 999 1128
f 1128 1129 1000
f 1001 1000 1129
f 1129 1130 1001
f 1002 1001 1130
f 1130 1131 1002
f 1003 1002 1131
f 1131 1132 1003
f 1004 1003 1132
f 1132 1133 1004
f 1005 1004 1133
f 1133 1134 1005
f 1006 1005 1134
f 1134 1135 1006
f 1007 1006 1135
f 1135 1136 1007
f 1008 1007 1136
f 1136 1137 1008
f 1009 1008 1137
f 1137 1138 1009
f 1010 1009 1138
f 1138 1139 1010
f 1011 1010 1139
f 1139 1140 1011
f 1012 1011 1140
f 1140 1141 1012
f 1013 1012 1141
f 1141 1142 1013
f 1014 1013 1142
f 1142 1143 1014
f 1015 1014 1143
f 1143 1144 1015
f 1016 1015 1144
f 1144 1145 1016
f 1017 1016 1145
f 1145 1146 1017
f 1018 1017 1146
f 1146 1147 1018
f 1019 1018 1147
f 1147 1148 1019
f 1020 1019 1148
f 1148 1149 1020
f 1021 1020 1149
f 1149 1150 1021
f 1022 1021 1150
f 1150 1151 1022
f 1023 1022 1151
f 1151 1152 1023
f 1024 1023 1152
f 1152 1153 1024
f 1025 1024 1153
f 1153 1154 1025
f 1026 1025 1154
f 1154 1155 1026
f 1027 1026 1155
f 1155 1156 1027
f 1028 1027 1156
f 1156 1157 1028
f 1029 1028 1157
f 1157 1158 1029
f 1030 1029 1158
f 1158 1159 1030
f 1031 1030 1159
f 1159 1160 1031
f 1032 1031 1160
f 1160 1161 1032
f 1033 1032 1161
f 1161 1162 1033
f 1034 1033 1162
f 1162 1163 1034
f 1035 1034 1163
f 1163 1164 1035
f 1036 1035 1164
f 1164 1165 1036
f 1037 1036 1165
f 1165 1166 1037
f 1038 1037 1166
f 1166 1167 1038
f 1039 1038 1167
f 1167 1168 1039
f 1040 1039 1168
f 1168 1169 1040
f 1041 1040 1169
f 1169 1170 1041
f 1042 1041 1170
f 1170 1171 1042
f 1043 1042 1171
f 1171 1172 1043
f 1044 1043 1172
f 1172 1173 1044
f 1045 1044 1173
f 1173 1174 1045
f 1046 1045 1174
f 1174 1175 1046
f 1047 1046 1175
f 1175 1176 1047
f 1048 1047 1176
f 1176 1177 1048
f 1049 1048 1177
f 1177 1178 1049
f 1050 1049 1178
f 1178 1179 1050
f 1051 1050 1179
f 1179 1180 1051
f 1052 1051 1180
f 1180 1181 1052
f 1053 1052 1181
f 1181 1182 1053
f 1054 1053 1182
f 1182 1183 1054
f 1055 1054 1183
f 1183 1184 1055
f 1056 1055 1184
f 1184 1185 1056
f 1057 1056 1185
f 1185 1186 1057
f 1058 1057 1186
f 1186 1187 1058
f 1059 1058 1187
f 1187 1188 1059
f 1060 1059 1188
f 1188 1189 1060
f 1061 1060 1189
f 1189 1190 1061
f 1062 1061 1190
f 1190 1191 1062
f 1063 1062 1191
f 1191 1192 1063
f 1064 1063 1192
f 1192 1193 1064
f 1065 1064 1193
f 1193 1194 1065
f 1066 1065 1194
f 1194 1195 1066
f 1067 1066 1195
f 1195 1196 1067
f 1068 1067 1196
f 1196 1197 1068
f 1069 1068 1197
f 1197 1198 1069
f 1070 1069 1198
f 1198 1199 1070
f 1071 1070 1199
f 1199 1200 1071
f 1072 1071 1200
f 1200 1201 1072
f 1073 1072 1201
f 1201 1202 1073
f 1074 1073 1202
f 1202 1203 1074
f 1075 1074 1203
f 1203 1204 1075
f 1076 1075 1204
f 1204 1205 1076
f 1077 1076 1205
f 1205 1206 1077
f 1078 1077 1206
f 1206 1207 1078
f 1079 1078 1207
f 1207 1208 1079
f 1080 1079 1208
f 1208 1209 1080
f 1081 1080 1209
f 1209 1210 1081
f 1082 1081 1210
f 1210 1211 1082
f 1083 1082 1211
f 1211 1212 1083
f 1084 1083 1212
f 1212 1213 1084
f 1085 1084 1213
f 1213 1214 1085
f 1087 1086 1215
f 1215 1216 1087
f 1088 1087 1216
f 1216 1217 1088
f 1089 1088 1217
f 1217 1218 1089
f 1090 1089 1218
f 1218 1219 1090
f 1091 1090 1219
f 1219 1220 1091
f 1092 1091 1220
f 1220 1221 1092
f 1093 1092 1221
f 1221 1222 1093
f 1094 1093 1222
f 1222 1223 1094
f 1095 1094 1223
f 1223 1224 1095
f 1096 1095 1224
f 1224 1225 1096
f 1097 1096 1225
f 1225 1226 1097
f 1098 1097 1226
f 1226 1227 1098
f 1099 1098 1227
f 1227 1228 1099
f 1100 1099 1228
f 1228 1229 1100
f 1101 1100 1229
f 1229 1230 1101
f 1102 1101 1230
f 1230 1231 1102
f 1103 1102 1231
f 1231 1232 1103
f 1104 1103 1232
f 1232 1233 1104
f 1105 1104 1233
f 1233 1234 1105
f 1106 1105 1234
f 1234 1235 1106
f 1107 1106 1235
f 1235 1236 1107
f 1108 1107 1236
f 1236 1237 1108
f 1109 1108 1237
f 1237 1238 1109
f 1110 1109 1238
f 1238 1239 1110
f 1111 1110 1239
f 1239 1240 1111
f 1112 1111 1240
f 1240 1241 1112
f 1113 1112 1241
f 1241 1242 1113
f 1114 1113 1242
f 1242 1243 1114
f 1115 1114 1243
f 1243 1244 1115
f 1116 1115 1244
f 1244 1245 1116
f 1117 1116 1245
f 1245 1246 1117
f 1118 1117 1246
f 1246 1247 1118
f 1119 1118 1247
f 1247 1248 1119
f 1120 1119 1248
f 1248 1249 1120
f 1121 1120 1249
f 1249 1250 1121
f 1122 1121 1250
f 1250 1251 1122
f 1123 1122 1251
f 1251 1252 1123
f 1124 1123 1252
f 1252 1253 1124
f 1125 1124 1253
f 1253 1254 1125
f 1126 1125 1254
f 1254 1255 1126
f 1127 1126 1255
f 1255 1256 1127
f 1128 1127 1256
f 1256 1257 1128
f 1129 1128 1257
f 1257 1258 1129
f 1130 1129 1258
f 1258 1259 1130
f 1131 1130 1259
f 1259 1260 1131
f 1132 1131 1260
f 1260 1261 1132
f 1133 1132 1261
f 1261 1262 1133
f 1134 1133 1262
f 1262 1263 1134
f 1135 1134 1263
f 1263 1264 1135
f 1136 1135 1264
f 1264 1265 1136
f 1137 1136 1265
f 1265 1266 1137
f 1138 1137 1266
f 1266 1267 1138
f 1139 1138 1267
f 1267 1268 1139
f 1140 1139 1268
f 1268 1269 1140
f 1141 1140 1269
f 1269 1270 1141
f 1142 1141 1270
f 1270 1271 1142
f 1143 1142 1271
f 1271 1272 1143
f 1144 1143 1272
f 1272 1273 1144
f 1145 1144 1273
f 1273 1274 1145
f 1146 1145 1274
f 1274 1275 1146
f 1147 1146 1275
f 1275 1276 1147
f 1148 1147 1276
f 1276 1277 1148
f 1149 1148 1277
f 1277 1278 1149
f 1150 1149 1278
f 1278 1279 1150
f 1151 1150 1279
f 1279 1280 1151
f 1152 1151 1280
f 1280 1281 1152
f 1153 1152 1281
f 1281 1282 1153
f 1154 1153 1282
f 1282 1283 1154
f 1155 1154 1283
f 1283 1284 1155
f 1156 1155 1284
f 1284 1285 1156
f 1157 1156 1285
f 1285 1286 1157
f 1158 1157 1286
f 1286 1287 1158
f 1159 1158 1287
f 1287 1288 1159
f 1160 1159 1288
f 1288 1289 1160
f 1161 1160 1289
f 1289 1290 1161
f 1162 1161 1290
f 1290 1291 1162
f 1163 1162 1291
f 1291 1292 1163
f 1164 1163 1292
f 1292 1293 1164
f 1165 1164 1293
f 1293 1294 1165
f 1166 1165 1294
f 1294 1295 1166
f 1167 1166 1295
f 1295 1296 1167
f 1168 1167 1296
f 1296 1297 1168
f 1169 1168 1297
f 1297 1298 1169
f 1170 1169 1298
f 1298 1299 1170
f 1171 1170 1299
f 1299 1300 1171
f 1172 1171 1300
f 1300 1301 1172
f 1173 1172 1301
f 1301 1302 1173
f 1174 1173 1302
f 1302 1303 1174
f 1175 1174 1303
f 1303 1304 1175
f 1176 1175 1304
f 1304 1305 1176
f 1177 1176 1305
f 1305 1306 1177
f 1178 1177 1306
f 1306 1307 1178
f 1179 1178 1307
f 1307 1308 1179
f 1180 1179 1308
f 1308 1309 1180
f 1181 1180 1309
f 1309 1310 1181
f 1182 1181 1310
f 1310 1311 1182
f 1183 1182 1311
f 1311 1312 1183
f 1184 1183 1312
f 1312 1313 1184
f 1185 1184 1313
f 1313 1314 1185
f 1186 1185 1314
f 1314 1315 1186
f 1187 1186 1315
f 1315 1316 1187
f 1188 1187 1316
f 1316 1317 1188
f 1189 1188 1317
f 1317 1318 1189
f 1190 1189 1318
f 1318 1319 1190
f 1191 1190 1319
f 1319 1320 1191
f 1192 1191 1320
f 1320 1321 1192
f 1193 1192 1321
f 1321 1322 1193
f 1194 1193 1322
f 1322 1323 1194
f 1195 1194 1323
f 1323 1324 1195
f 1196 1195 1324
f 1324 1325 1196
f 1197 1196 1325
f 1325 1326 1197
f 1198 1197 1326
f 1326 1327 1198
f 1199 1198 1327
f 1327 1328 1199
f 1200 1199 1328
f 1328 1329 1200
f 1201 1200 1329
f 1329 1330 1201
f 1202 1201 1330
f 1330 1331 1202
f 1203 1202 1331
f 1331 1332 1203
f 1204 1203 1332
f 1332 1333 1204
f 1205 1204 1333
f 1333 1334 1205
f 1206 1205 1334
f 1334 1335 1206
f 1207 1206 1335
f 1335 1336 1207
f 1208 1207 1336
f 1336 1337 1208
f 1209 1208 1337
f 1337 1338 1209
f 1210 1209 1338
f 1338 1339 1210
f 1211 1210 1339
f 1339 1340 1211
f 1212 1211 1340
f 1340 1341 1212
f 1213 1212 1341
f 1341 1342 1213
f 1214 1213 1342
f 1342 1343 1214
f 1216 1215 1344
f 1344 1345 1216
f 1217 1216 1345
f 1345 1346 1217
f 1218 1217 1346
f 1346 1347 1218
f 1219 1218 1347
f 1347 1348 1219
f 1220 1219 1348
f 1348 1349 1220
f 1221 1220 1349
f 1349 1350 1221
f 1222 1221 1350
f 1350 1351 1222
f 1223 1222 1351
f 1351 1352 1223
f 1224 1223 1352
f 1352 1353 1224
f 1225 1224 1353
f 1353 1354 1225
f 1226 1225 1354
f 1354 1355 1226
f 1227 1226 1355
f 1355 1356 1227
f 1228 1227 1356
f 1356 1357 1228
f 1229 1228 1357
f 1357 1358 1229
f 1230 1229 1358
f 1358 1359 1230
f 1231 1230 1359
f 1359 1360 1231
f 1232 1231 1360
f 1360 1361 1232
f 1233 1232 1361
f 1361 1362 1233
f 1234 1233 1362
f 1362 1363 1234
f 1235 1234 1363
f 1363 1364 1235
f 1236 1235 1364
f 1364 1365 1236
f 1237 1236 1365
f 1365 1366 1237
f 1238 1237 1366
f 1366 1367 1238
f 1239 1238 1367
f 1367 1368 1239
f 1240 1239 1368
f 1368 1369 1240
f 1241 1240 1369
f 1369 1370 1241
f 1242 1241 1370
f 1370 1371 1242
f 1243 1242 1371
f 1371 1372 1243
f 1244 1243 1372
f 1372 1373 1244
f 1245 1244 1373
f 1373 1374 1245
f 1246 1245 1374
f 1374 1375 1246
f 1247 1246 1375
f 1375 1376 1247
f 1248 1247 1376
f 1376 1377 1248
f 1249 1248 1377
f 1377 1378 1249
f 1250 1249 1378
f 1378 1379 1250
f 1251 1250 1379
f 1379 1380 1251
f 1252 1251 1380
f 1380 1381 1252
f 1253 1252 1381
f 1381 1382 1253
f 1254 1253 1382
f 1382 1383 1254
f 1255 1254 1383
f 1383 1384 1255
f 1256 1255 1384
f 1384 1385 1256
f 1257 1256 1385
f 1385 1386 1257
f 1258 1257 1386
f 1386 1387 1258
f 1259 1258 1387
f 1387 1388 1259
f 1260 1259 1388
f 1388 1389 1260
f 1261 1260 1389
f 1389 1390 1261
f 1262 1261 1390
f 1390 1391 1262
f 1263 1262 1391
f 1391 1392 1263
f 1264 1263 1392
f 1392 1393 1264
f 1265 1264 1393
f 1393 1394 1265
f 1266 1265 1394
f 1394 1395 1266
f 1267 1266 1395
f 1395 1396 1267
f 1268 1267 1396
f 1396 1397 1268
f 1269 1268 1397
f 1397 1398 1269
f 1270 1269 1398
f 1398 1399 1270
f 1271 1270 1399
f 1399 1400 1271
f 1272 1271 1400
f 1400 1401 1272
f 1273 1272 1401
f 1401 1402 1273
f 1274 1273 1402
f 1402 1403 1274
f 1275 1274 1403
f 1403 1404 1275
f 1276 1275 1404
f 1404 1405 1276
f 1277 1276 1405
f 1405 1406 1277
f 1278 1277 1406
f 1406 1407 1278
f 1279 1278 1407
f 1407 1408 1279
f 1280 1279 1408
f 1408 1409 1280
f 1281 1280 1409
f 1409 1410 1281
f 1282 1281 1410
f 1410 1411 1282
f 1283 1282 1411
f 1411 1412 1283
f 1284 1283 1412
f 1412 1413 1284
f 1285 1284 1413
f 1413 1414 1285
f 1286 1285 1414
f 1414 1415 1286
f 1287 1286 1415
f 1415 1416 1287
f 1288 1287 1416
f 1416 1417 1288
f 1289 1288 1417
f 1417 1418 1289
f 1290 1289 1418
f 1418 1419 1290
f 1291 1290 1419
f 1419 1420 1291
f 1292 1291 1420
f 1420 1421 1292
f 1293 1292 1421
f 1421 1422 1293
f 1294 1293 1422
f 1422 1423 1294
f 1295 1294 1423
f 1423 1424 1295
f 1296 1295 1424
f 1424 1425 1296
f 1297 1296 1425
f 1425 1426 1297
f 1298 1297 1426
f 1426 1427 1298
f 1299 1298 1427
f 1427 1428 1299
f 1300 1299 1428
f 1428 1429 1300
f 1301 1300 1429
f 1429 1430 1301
f 1302 1301 1430
f 1430 1431 1302
f 1303 1302 1431
f 1431 1432 1303
f 1304 1303 1432
f 1432 1433 1304
f 1305 1304 1433
f 1433 1434 1305
f 1306 1305 1434
f 1434 1435 1306
f 1307 1306 1435
f 1435 1436 1307
f 1308 1307 1436
f 1436 1437 1308
f 1309 1308 1437
f 1437 1438 1309
f 1310 1309 1438
f 1438 1439 1310
f 1311 1310 1439
f 1439 1440 1311
f 1312 1311 1440
f 1440 1441 1312
f 1313 1312 1441
f 1441 1442 1313
f 1314 1313 1442
f 1442 1443 1314
f 1315 1314 1443
f 1443 1444 1315
f 1316 1315 1444
f 1444 1445 1316
f 1317 1316 1445
f 1445 1446 1317
f 1318 1317 1446
f 1446 1447 1318
f 1319 1318 1447
f 1447 1448 1319
f 1320 1319 1448
f 1448 1449 1320
f 1321 1320 1449
f 1449 1450 1321
f 1322 1321 1450
f 1450 1451 1322
f 1323 1322 1451
f 1451 1452 1323
f 1324 1323 1452
f 1452 1453 1324
f 1325 1324 1453
f 1453 1454 1325
f 1326 1325 1454
f 1454 1455 1326
f 1327 1326 1455
f 1455 1456 1327
f 1328 1327 1456
f 1456 1457 1328
f 1329 1328 1457
f 1457 1458 1329
f 1330 1329 1458
f 1458 1459 1330
f 1331 1330 1459
f 1459 1460 1331
f 1332 1331 1460
f 1460 1461 1332
f 1333 1332 1461
f 1461 1462 1333
f 1334 1333 1462
f 1462 1463 1334
f 1335 1334 1463
f 1463 1464 1335
f 1336 1335 1464
f 1464 1465 1336
f 1337 1336 1465
f 1465 1466 1337
f 1338 1337 1466
f 1466 1467 1338
f 1339 1338 1467
f 1467 1468 1339
f 1340 1339 1468
f 1468 1469 1340
f 1341 1340 1469
f 1469 1470 1341
f 1342 1341 1470
f 1470 1471 1342
f 1343 1342 1471
f 1471 1472 1343
f 1345 1344 1473
f 1473 1474 1345
f 1346 1345 1474
f 1474 1475 1346
f 1347 1346 1475
f 1475 1476 1347
f 1348 1347 1476
f 1476 1477 1348
f 1349 1348 1477
f 1477 1478 1349
f 1350 1349 1478
f 1478 1479 1350
f 1351 1350 1479
f 1479 1480 1351
f 1352 1351 1480
f 1480 1481 1352
f 1353 1352 1481
f 1481 1482 1353
f 1354 1353 1482
f 1482 1483 1354
f 1355 1354 1483
f 1483 1484 1355
f 1356 1355 1484
f 1484 1485 1356
f 1357 1356 1485
f 1485 1486 1357
f 1358 1357 1486
f 1486 1487 1358
f 1359 1358 1487
f 1487 1488 1359
f 1360 1359 1488
f 1488 1489 1360
f 1361 1360 1489
f 1489 1490 1361
f 1362 1361 1490
f 1490 1491 1362
f 1363 1362 1491
f 1491 1492 1363
f 1364 1363 1492
f 1492 1493 1364
f 1365 1364 1493
f 1493 1494 1365
f 1366 1365 1494
f 1494 1495 1366
f 1367 1366 1495
f 1495 1496 1367
f 1368 1367 1496
f 1496 1497 1368
f 1369 1368 1497
f 1497 1498 1369
f 1370 1369 1498
f 1498 1499 1370
f 1371 1370 1499
f 1499 1500 1371
f 1372 1371 1500
f 1500 1501 1372
f 1373 1372 1501
f 1501 1502 1373
f 1374 1373 1502
f 1502 1503 1374
f 1375 1374 1503
f 1503 1504 1375
f 1376 1375 1504
f 1504 1505 1376
f 1377 1376 1505
f 1505 1506 1377
f 1378 1377 1506
f 1506 1507 1378
f 1379 1378 1507
f 1507 1508 1379
f 1380 1379 1508
f 1508 1509 1380
f 1381 1380 1509
f 1509 1510 1381
f 1382 1381 1510
f 1510 1511 1382
f 1383 1382 1511
f 1511 1512 1383
f 1384 1383 1512
f 1512 1513 1384
f 1385 1384 1513
f 1513 1514 1385
f 1386 1385 1514
f 1514 1515 1386
f 1387 1386 1515
f 1515 1516 1387
f 1388 1387 1516
f 1516 1517 1388
f 1389 1388 1517
f 1517 1518 1389
f 1390 1389 1518
f 1518 1519 1390
f 1391 1390 1519
f 1519 1520 1391
f 1392 1391 1520
f 1520 1521 1392
f 1393 1392 1521
f 1521 1522 1393
f 1394 1393 1522
f 1522 1523 1394
f 1395 1394 1523
f 1523 1524 1395
f 1396 1395 1524
f 1524 1525 1396
f 1397 1396 1525
f 1525 1526 1397
f 1398 1397 1526
f 1526 1527 1398
f 1399 1398 1527
f 1527 1528 1399
f 1400 1399 1528
f 1528 1529 1400
f 1401 1400 1529
f 1529 1530 1401
f 1402 1401 1530
f 1530 1531 1402
f 1403 1402 1531
f 1531 1532 1403
f 1404 1403 1532
f 1532 1533 1404
f 1405 1404 1533
f 1533 1534 1405
f 1406 1405 1534
f 1534 1535 1406
f 1407 1406 1535
f 1535 1536 1407
f 1408 1407 1536
f 1536 1537 1408
f 1409 1408 1537
f 1537 1538 1409
f 1410 1409 1538
f 1538 1539 1410
f 1411 1410 1539
f 1539 1540 1411
f 1412 1411 1540
f 1540 1541 1412
f 1413 1412 1541
f 1541 1542 1413
f 1414 1413 1542
f 1542 1543 1414
f 1415 1414 1543
f 1543 1544 1415
f 1416 1415 1544
f 1544 1545 1416
f 1417 1416 1545
f 1545 1546 1417
f 1418 1417 1546
f 1546 1547 1418
f 1419 1418 1547
f 1547 1548 1419
f 1420 1419 1548
f 1548 1549 1420
f 1421 1420 1549
f 1549 1550 1421
f 1422 1421 1550
f 1550 1551 1422
f 1423 1422 1551
f 1551 1552 1423
f 1424 1423 1552
f 1552 1553 1424
f 1425 1424 1553
f 1553 1554 1425
f 1426 1425 1554
f 1554 1555 1426
f 1427 1426 1555
f 1555 1556 1427
f 1428 1427 1556
f 1556 1557 1428
f 1429 1428 1557
f 1557 1558 1429
f 1430 1429 1558
f 1558 1559 1430
f 1431 1430 1559
f 1559 1560 1431
f 1432 1431 1560
f 1560 1561 1432
f 1433 1432 1561
f 1561 1562 1433
f 1434 1433 1562
f 1562 1563 1434
f 1435 1434 1563
f 1563 1564 1435
f 1436 1435 1564
f 1564 1565 1436
f 1437 1436 1565
f 1565 1566 1437
f 1438 1437 1566
f 1566 1567 1438
f 1439 1438 1567
f 1567 1568 1439
f 1440 1439 1568
f 1568 1569 1440
f 1441 1440 1569
f 1569 1570 1441
f 1442 1441 1570
f 1570 1571 1442
f 1443 1442 1571
f 1571 1572 1443
f 1444 1443 1572
f 1572 1573 1444
f 1445 1444 1573
f 1573 1574 1445
f 1446 1445 1574
f 1574 1575 1446
f 1447 1446 1575
f 1575 1576 1447
f 1448 1447 1576
f 1576 1577 1448
f 1449 1448 1577
f 1577 1578 1449
f 1450 1449 1578
f 1578 1579 1450
f 1451 1450 1579
f 1579 1580 1451
f 1452 1451 1580
f 1580 1581 1452
f 1453 1452 1581
f 1581 1582 1453
f 1454 1453 1582
f 1582 1583 1454
f 1455 1454 1583
f 1583 1584 1455
f 1456 1455 1584
f 1584 1585 1456
f 1457 1456 1585
f 1585 1586 1457
f 1458 1457 1586
f 1586 1587 1458
f 1459 1458 1587
f 1587 1588 1459
f 1460 1459 1588
f 1588 1589 1460
f 1461 1460 1589
f 1589 1590 1461
f 1462 1461 1590
f 1590 1591 1462
f 1463 1462 1591
f 1591 1592 1463
f 1464 1463 1592
f 1592 1593 1464
f 1465 1464 1593
f 1593 1594 1465
f 1466 1465 1594
f 1594 1595 1466
f 1467 1466 1595
f 1595 1596 1467
f 1468 1467 1596
f 1596 1597 1468
f 1469 1468 1597
f 1597 1598 1469
f 1470 1469 1598
f 1598 1599 1470
f 1471 1470 1599
f 1599 1600 1471
f 1472 1471 1600
f 1600 1601 1472
f 1474 1473 1602
f 1602 1603 1474
f 1475 1474 1603
f 1603 1604 1475
f 1476 1475 1604
f 1604 1605 1476
f 1477 1476 1605
f 1605 1606 1477
f 1478 1477 1606
f 1606 1607 1478
f 1479 1478 1607
f 1607 1608 1479
f 1480 1479 1608
f 1608 1609 1480
f 1481 1480 1609
f 1609 1610 1481
f 1482 1481 1610
f 1610 1611 1482
f 1483 1482 1611
f 1611 1612 1483
f 1484 1483 1612
f 1612 1613 1484
f 1485 1484 1613
f 1613 1614 1485
f 1486 1485 1614
f 1614 1615 1486
f 1487 1486 1615
f 1615 1616 1487
f 1488 1487 1616
f 1616 1617 1488
f 1489 1488 1617
f 1617 1618 1489
f 1490 1489 1618
f 1618 1619 1490
f 1491 1490 1619
f 1619 1620 1491
f 1492 1491 1620
f 1620 1621 1492
f 1493 1492 1621
f 1621 1622 1493
f 1494 1493 1622
f 1622 1623 1494
f 1495 1494 1623
f 1623 1624 1495
f 1496 1495 1624
f 1624 1625 1496
f 1497 1496 1625
f 1625 1626 1497
f 1498 1497 1626
f 1626 1627 1498
f 1499 1498 1627
f 1627 1628 1499
f 1500 1499 1628
f 1628 1629 1500
f 1501 1500 1629
f 1629 1630 1501
f 1502 1501 1630
f 1630 1631 1502
f 1503 1502 1631
f 1631 1632 1503
f 1504 1503 1632
f 1632 1633 1504
f 1505 1504 1633
f 1633 1634 1505
f 1506 1505 1634
f 1634 1635 1506
f 1507 1506 1635
f 1635 1636 1507
f 1508 1507 1636
f 1636 1637 1508
f 1509 1508 1637
f 1637 1638 1509
f 1510 1509 1638
f 1638 1639 1510
f 1511 1510 1639
f 1639 1640 1511
f 1512 1511 1640
f 1640 1641 1512
f 1513 1512 1641
f 1641 1642 1513
f 1514 1513 1642
f 1642 1643 1514
f 1515 1514 1643
f 1643 1644 1515
f 1516 1515 1644
f 1644 1645 1516
f 1517 1516 1645
f 1645 1646 1517
f 1518 1517 1646
f 1646 1647 1518
f 1519 1518 1647
f 1647 1648 1519
f 1520 1519 1648
f 1648 1649 1520
f 1521 1520 1649
f 1649 1650 1521
f 1522 1521 1650
f 1650 1651 1522
f 1523 1522 1651
f 1651 1652 1523
f 1524 1523 1652
f 1652 1653 1524
f 1525 1524 1653
f 1653 1654 1525
f 1526 1525 1654
f 1654 1655 1526
f 1527 1526 1655
f 1655 1656 1527
f 1528 1527 1656
f 1656 1657 1528
f 1529 1528 1657
f 1657 1658 1529
f 1530 1529 1658
f 1658 1659 1530
f 1531 1530 1659
f 1659 1660 1531
f 1532 1531 1660
f 1660 1661 1532
f 1533 1532 1661
f 1661 1662 1533
f 1534 1533 1662
f 1662 1663 1534
f 1535 1534 1663
f 1663 1664 1535
f 1536 1535 1664
f 1664 1665 1536
f 1537 1536 1665
f 1665 1666 1537
f 1538 1537 1666
f 1666 1667 1538
f 1539 1538 1667
f 1667 1668 1539
f 1540 1539 1668
f 1668 1669 1540
f 1541 1540 1669
f 1669 1670 1541
f 1542 1541 1670
f 1670 1671 1542
f 1543 1542 1671
f 1671 1672 1543
f 1544 1543 1672
f 1672 1673 1544
f 1545 1544 1673
f 1673 1674 1545
f 1546 1545 1674
f 1674 1675 1546
f 1547 1546 1675
f 1675 1676 1547
f 1548 1547 1676
f 1676 1677 1548
f 1549 1548 1677
f 1677 1678 1549
f 1550 1549 1678
f 1678 1679 1550
f 1551 1550 1679
f 1679 1680 1551
f 1552 1551 1680
f 1680 1681 1552
f 1553 1552 1681
f 1681 1682 1553
f 1554 1553 1682
f 1682 1683 1554
f 1555 1554 1683
f 1683 1684 1555
f 1556 1555 1684
f 1684 1685 1556
f 1557 1556 1685
f 1685 1686 1557
f 1558 1557 1686
f 1686 1687 1558
f 1559 1558 1687
f 1687 1688 1559
f 1560 1559 1688
f 1688 1689 1560
f 1561 1560 1689
f 1689 1690 1561
f 1562 1561 1690
f 1690 1691 1562
f 1563 1562 1691
f 1691 1692 1563
f 1564 1563 1692
f 1692 1693 1564
f 1565 1564 1693
f 1693 1694 1565
f 1566 1565 1694
f 1694 1695 1566
f 1567 1566 1695
f 1695 1696 1567
f 1568 1567 1696
f 1696 1697 1568
f 1569 1568 1697
f 1697 1698 1569
f 1570 1569 1698
f 1698 1699 1570
f 1571 1570 1699
f 1699 1700 1571
f 1572 1571 1700
f 1700 1701 1572
f 1573 1572 1701
f 1701 1702 1573
f 1574 1573 1702
f 1702 1703 1574
f 1575 1574 1703
f 1703 1704 1575
f 1576 1575 1704
f 1704 1705 1576
f 1577 1576 1705
f 1705 1706 1577
f 1578 1577 1706
f 1706 1707 1578
f 1579 1578 1707
f 1707 1708 1579
f 1580 1579 1708
f 1708 1709 1580
f 1581 1580 1709
f 1709 1710 1581
f 1582 1581 1710
f 1710 1711 1582
f 1583 1582 1711
f 1711 1712 1583
f 1584 1583 1712
f 1712 1713 1584
f 1585 1584 1713
f 1713 1714 1585
f 1586 1585 1714
f 1714 1715 1586
f 1587 1586 1715
f 1715 1716 1587
f 1588 1587 1716
f 1716 1717 1588
f 1589 1588 1717
f 1717 1718 1589
f 1590 1589 1718
f 1718 1719 1590
f 1591 1590 1719
f 1719 1720 1591
f 1592 1591 1720
f 1720 1721 1592
f 1593 1592 1721
f 1721 1722 1593
f 1594 1593 1722
f 1722 1723 1594
f 1595 1594 1723
f 1723 1724 1595
f 1596 1595 1724
f 1724 1725 1596
f 1597 1596 1725
f 1725 1726 1597
f 1598 1597 1726
f 1726 1727 1598
f 1599 1598 1727
f 1727 1728 1599
f 1600 1599 1728
f 1728 1729 1600
f 1601 1600 1729
f 1729 1730 1601
f 1603 1602 1731
f 1731 1732 1603
f 1604 1603 1732
f 1732 1733 1604
f 1605 1604 1733
f 1733 1734 1605
f 1606 1605 1734
f 1734 1735 1606
f 1607 1606 1735
f 1735 1736 1607
f 1608 1607 1736
f 1736 1737 1608
f 1609 1608 1737
f 1737 1738 1609
f 1610 1609 1738
f 1738 1739 1610
f 1611 1610 1739
f 1739 1740 1611
f 1612 1611 1740
f 1740 1741 1612
f 1613 1612 1741
f 1741 1742 1613
f 1614 1613 1742
f 1742 1743 1614
f 1615 1614 1743
f 1743 1744 1615
f 1616 1615 1744
f 1744 1745 1616
f 1617 1616 1745
f 1745 1746 1617
f 1618 1617 1746
f 1746 1747 1618
f 1619 1618 1747
f 1747 1748 1619
f 1620 1619 1748
f 1748 1749 1620
f 1621 1620 1749
f 1749 1750 1621
f 1622 1621 1750
f 1750 1751 1622
f 1623 1622 1751
f 1751 1752 1623
f 1624 1623 1752
f 1752 1753 1624
f 1625 1624 1753
f 1753 1754 1625
f 1626 1625 1754
f 1754 1755 1626
f 1627 1626 1755
f 1755 1756 1627
f 1628 1627 1756
f 1756 1757 1628
f 1629 1628 1757
f 1757 1758 1629
f 1630 1629 1758
f 1758 1759 1630
f 1631 1630 1759
f 1759 1760 1631
f 1632 1631 1760
f 1760 1761 1632
f 1633 1632 1761
f 1761 1762 1633
f 1634 1633 1762
f 1762 1763 1634
f 1635 1634 1763
f 1763 1764 1635
f 1636 1635 1764
f 1764 1765 1636
f 1637 1636 1765
f 1765 1766 1637
f 1638 1637 1766
f 1766 1767 1638
f 1639 1638 1767
f 1767 1768 1639
f 1640 1639 1768
f 1768 1769 1640
f 1641 1640 1769
f 1769 1770 1641
f 1642 1641 1770
f 1770 1771 1642
f 1643 1642 1771
f 1771 1772 1643
f 1644 1643 1772
f 1772 1773 1644
f 1645 1644 1773
f 1773 1774 1645
f 1646 1645 1774
f 1774 1775 1646
f 1647 1646 1775
f 1775 1776 1647
f 1648 1647 1776
f 1776 1777 1648
f 1649 1648 1777
f 1777 1778 1649
f 1650 1649 1778
f 1778 1779 1650
f 1651 1650 1779
f 1779 1780 1651
f 1652 1651 1780
f 1780 1781 1652
f 1653 1652 1781
f 1781 1782 1653
f 1654 1653 1782
f 1782 1783 1654
f 1655 1654 1783
f 1783 1784 1655
f 1656 1655 1784
f 1784 1785 1656
f 1657 1656 1785
f 1785 1786 1657
f 1658 1657 1786
f 1786 1787 1658
f 1659 1658 1787
f 1787 1788 1659
f 1660 1659 1788
f 1788 1789 1660
f 1661 1660 1789
f 1789 1790 1661
f 1662 1661 1790
f 1790 1791 1662
f 1663 1662 1791
f 1791 1792 1663
f 1664 1663 1792
f 1792 1793 1664
f 1665 1664 1793
f 1793 1794 1665
f 1666 1665 1794
f 1794 1795 1666
f 1667 1666 1795
f 1795 1796 1667
f 1668 1667 1796
f 1796 1797 1668
f 1669 1668 1797
f 1797 1798 1669
f 1670 1669 1798
f 1798 1799 1670
f 1671 1670 1799
f 1799 1800 1671
f 1672 1671 1800
f 1800 1801 1672
f 1673 1672 1801
f 1801 1802 1673
f 1674 1673 1802
f 1802 1803 1674
f 1675 1674 1803
f 1803 1804 1675
f 1676 1675 1804
f 1804 1805 1676
f 1677 1676 1805
f 1805 1806 1677
f 1678 1677 1806
f 1806 1807 1678
f 1679 1678 1807
f 1807 1808 1679
f 1680 1679 1808
f 1808 1809 1680
f 1681 1680 1809
f 1809 1810 1681
f 1682 1681 1810
f 1810 1811 1682
f 1683 1682 1811
f 1811 1812 1683
f 1684 1683 1812
f 1812 1813 1684
f 1685 1684 1813
f 1813 1814 1685
f 1686 1685 1814
f 1814 1815 1686
f 1687 1686 1815
f 1815 1816 1687
f 1688 1687 1816
f 1816 1817 1688
f 1689 1688 1817
f 1817 1818 1689
f 1690 1689 1818
f 1818 1819 1690
f 1691 1690 1819
f 1819 1820 1691
f 1692 1691 1820
f 1820 1821 1692
f 1693 1692 1821
f 1821 1822 1693
f 1694 1693 1822
f 1822 1823 1694
f 1695 1694 1823
f 1823 1824 1695
f 1696 1695 1824
f 1824 1825 1696
f 1697 1696 1825
f 1825 1826 1697
f 1698 1697 1826
f 1826 1827 1698
f 1699 1698 1827
f 1827 1828 1699
f 1700 1699 1828
f 1828 1829 1700
f 1701 1700 1829
f 1829 1830 1701
f 1702 1701 1830
f 1830 1831 1702
f 1703 1702 1831
f 1831 1832 1703
f 1704 1703 1832
f 1832 1833 1704
f 1705 1704 1833
f 1833 1834 1705
f 1706 1705 1834
f 1834 1835 1706
f 1707 1706 1835
f 1835 1836 1707
f 1708 1707 1836
f 1836 1837 1708
f 1709 1708 1837
f 1837 1838 1709
f 1710 1709 1838
f 1838 1839 1710
f 1711 1710 1839
f 1839 1840 1711
f 1712 1711 1840
f 1840 1841 1712
f 1713 1712 1841
f 1841 1842 1713
f 1714 1713 1842
f 1842 1843 1714
f 1715 1714 1843
f 1843 1844 1715
f 1716 1715 1844
f 1844 1845 1716
f 1717 1716 1845
f 1845 1846 1717
f 1718 1717 1846
f 1846 1847 1718
f 1719 1718 1847
f 1847 1848 1719
f 1720 1719 1848
f 1848 1849 1720
f 1721 1720 1849
f 1849 1850 1721
f 1722 1721 1850
f 1850 1851 1722
f 1723 1722 1851
f 1851 1852 1723
f 1724 1723 1852
f 1852 1853 1724
f 1725 1724 1853
f 1853 1854 1725
f 1726 1725 1854
f 1854 1855 1726
f 1727 1726 1855
f 1855 1856 1727
f 1728 1727 1856
f 1856 1857 1728
f 1729 1728 1857
f 1857 1858 1729
f 1730 1729 1858
f 1858 1859 1730
f 1732 1731 1860
f 1860 1861 1732
f 1733 1732 1861
f 1861 1862 1733
f 1734 1733 1862
f 1862 1863 1734
f 1735 1734 1863
f 1863 1864 1735
f 1736 1735 1864
f 1864 1865 1736
f 1737 1736 1865
f 1865 1866 1737
f 1738 1737 1866
f 1866 1867 1738
f 1739 1738 1867
f 1867 1868 1739
f 1740 1739 1868
f 1868 1869 1740
f 1741 1740 1869
f 1869 1870 1741
f 1742 1741 1870
f 1870 1871 1742
f 1743 1742 1871
f 1871 1872 1743
f 1744 1743 1872
f 1872 1873 1744
f 1745 1744 1873
f 1873 1874 1745
f 1746 1745 1874
f 1874 1875 1746
f 1747 1746 1875
f 1875 1876 1747
f 1748 1747 1876
f 1876 1877 1748
f 1749 1748 1877
f 1877 1878 1749
f 1750 1749 1878
f 1878 1879 1750
f 1751 1750 1879
f 1879 1880 1751
f 1752 1751 1880
f 1880 1881 1752
f 1753 1752 1881
f 1881 1882 1753
f 1754 1753 1882
f 1882 1883 1754
f 1755 1754 1883
f 1883 1884 1755
f 1756 1755 1884
f 1884 1885 1756
f 1757 1756 1885
f 1885 1886 1757
f 1758 1757 1886
f 1886 1887 1758
f 1759 1758 1887
f 1887 1888 1759
f 1760 1759 1888
f 1888 1889 1760
f 1761 1760 1889
f 1889 1890 1761
f 1762 1761 1890
f 1890 1891 1762
f 1763 1762 1891
f 1891 1892 1763
f 1764 1763 1892
f 1892 1893 1764
f 1765 1764 1893
f 1893 1894 1765
f 1766 1765 1894
f 1894 1895 1766
f 1767 1766 1895
f 1895 1896 1767
f 1768 1767 1896
f 1896 1897 1768
f 1769 1768 1897
f 1897 1898 1769
f 1770 1769 1898
f 1898 1899 1770
f 1771 1770 1899
f 1899 1900 1771
f 1772 1771 1900
f 1900 1901 1772
f 1773 1772 1901
f 1901 1902 1773
f 1774 1773 1902
f 1902 1903 1774
f 1775 1774 1903
f 1903 1904 1775
f 1776 1775 1904
f 1904 1905 1776
f 1777 1776 1905
f 1905 1906 1777
f 1778 1777 1906
f 1906 1907 1778
f 1779 1778 1907
f 1907 1908 1779
f 1780 1779 1908
f 1908 1909 1780
f 1781 1780 1909
f 1909 1910 1781
f 1782 1781 1910
f 1910 1911 1782
f 1783 1782 1911
f 1911 1912 1783
f 1784 1783 1912
f 1912 1913 1784
f 1785 1784 1913
f 1913 1914 1785
f 1786 1785 1914
f 1914 1915 1786
f 1787 1786 1915
f 1915 1916 1787
f 1788 1787 1916
f 1916 1917 1788
f 1789 1788 1917
f 1917 1918 1789
f 1790 1789 1918
f 1918 1919 1790
f 1791 1790 1919
f 1919 1920 1791
f 1792 1791 1920
f 1920 1921 1792
f 1793 1792 1921
f 1921 1922 1793
f 1794 1793 1922
f 1922 1923 1794
f 1795 1794 1923
f 1923 1924 1795
f 1796 1795 1924
f 1924 1925 1796
f 1797 1796 1925
f 1925 1926 1797
f 1798 1797 1926
f 1926 1927 1798
f 1799 1798 1927
f 1927 1928 1799
f 1800 1799 1928
f 1928 1929 1800
f 1801 1800 1929
f 1929 1930 1801
f 1802 1801 1930
f 1930 1931 1802
f 1803 1802 1931
f 1931 1932 1803
f 1804 1803 1932
f 1932 1933 1804
f 1805 1804 1933
f 1933 1934 1805
f 1806 1805 1934
f 1934 1935 1806
f 1807 1806 1935
f 1935 1936 1807
f 1808 1807 1936
f 1936 1937 1808
f 1809 1808 1937
f 1937 1938 1809
f 1810 1809 1938
f 1938 1939 1810
f 1811 1810 1939
f 1939 1940 1811
f 1812 1811 1940
f 1940 1941 1812
f 1813 1812 1941
f 1941 1942 1813
f 1814 1813 1942
f 1942 1943 1814
f 1815 1814 1943
f 1943 1944 1815
f 1816 1815 1944
f 1944 1945 1816
f 1817 1816 1945
f 1945 1946 1817
f 1818 1817 1946
f 1946 1947 1818
f 1819 1818 1947
f 1947 1948 1819
f 1820 1819 1948
f 1948 1949 1820
f 1821 1820 1949
f 1949 1950 1821
f 1822 1821 1950
f 1950 1951 1822
f 1823 1822 1951
f 1951 1952 1823
f 1824 1823 1952
f 1952 1953 1824
f 1825 1824 1953
f 1953 1954 1825
f 1826 1825 1954
f 1954 1955 1826
f 1827 1826 1955
f 1955 1956 1827
f 1828 1827 1956
f 1956 1957 1828
f 1829 1828 1957
f 1957 1958 1829
f 1830 1829 1958
f 1958 1959 1830
f 1831 1830 1959
f 1959 1960 1831
f 1832 1831 1960
f 1960 1961 1832
f 1833 1832 1961
f 1961 1962 1833
f 1834 1833 1962
f 1962 1963 1834
f 1835 1834 1963
f 1963 1964 1835
f 1836 1835 1964
f 1964 1965 1836
f 1837 1836 1965
f 1965 1966 1837
f 1838 1837 1966
f 1966 1967 1838
f 1839 1838 1967
f 1967 1968 1839
f 1840 1839 1968
f 1968 1969 1840
f 1841 1840 1969
f 1969 1970 1841
f 1842 1841 1970
f 1970 1971 1842
f 1843 1842 1971
f 1971 1972 1843
f 1844 1843 1972
f 1972 1973 1844
f 1845 1844 1973
f 1973 1974 1845
f 1846 1845 1974
f 1974 1975 1846
f 1847 1846 1975
f 1975 1976 1847
f 1848 1847 1976
f 1976 1977 1848
f 1849 1848 1977
f 1977 1978 1849
f 1850 1849 1978
f 1978 1979 1850
f 1851 1850 1979
f 1979 1980 1851
f 1852 1851 1980
f 1980 1981 1852
f 1853 1852 1981
f 1981 1982 1853
f 1854 1853 1982
f 1982 1983 1854
f 1855 1854 1983
f 1983 1984 1855
f 1856 1855 1984
f 1984 1985 1856
f 1857 1856 1985
f 1985 1986 1857
f 1858 1857 1986
f 1986 1987 1858
f 1859 1858 1987
f 1987 1988 1859
f 1861 1860 1989
f 1989 1990 1861
f 1862 1861 1990
f 1990 1991 1862
f 1863 1862 1991
f 1991 1992 1863
f 1864 1863 1992
f 1992 1993 1864
f 1865 1864 1993
f 1993 1994 1865
f 1866 1865 1994
f 1994 1995 1866
f 1867 1866 1995
f 1995 1996 1867
f 1868 1867 1996
f 1996 1997 1868
f 1869 1868 1997
f 1997 1998 1869
f 1870 1869 1998
f 1998 1999 1870
f 1871 1870 1999
f 1999 2000 1871
f 1872 1871 2000
f 2000 2001 1872
f 1873 1872 2001
f 2001 2002 1873
f 1874 1873 2002
f 2002 2003 1874
f 1875 1874 2003
f 2003 2004 1875
f 1876 1875 2004
f 2004 2005 1876
f 1877 1876 2005
f 2005 2006 1877
f 1878 1877 2006
f 2006 2007 1878
f 1879 1878 2007
f 2007 2008 1879
f 1880 1879 2008
f 2008 2009 1880
f 1881 1880 2009
f 2009 2010 1881
f 1882 1881 2010
f 2010 2011 1882
f 1883 1882 2011
f 2011 2012 1883
f 1884 1883 2012
f 2012 2013 1884
f 1885 1884 2013
f 2013 2014 1885
f 1886 1885 2014
f 2014 2015 1886
f 1887 1886 2015
f 2015 2016 1887
f 1888 1887 2016
f 2016 2017 1888
f 1889 1888 2017
f 2017 2018 1889
f 1890 1889 2018
f 2018 2019 1890
f 1891 1890 2019
f 2019 2020 1891
f 1892 1891 2020
f 2020 2021 1892
f 1893 1892 2021
f 2021 2022 1893
f 1894 1893 2022
f 2022 2023 1894
f 1895 1894 2023
f 2023 2024 1895
f 1896 1895 2024
f 2024 2025 1896
f 1897 1896 2025
f 2025 2026 1897
f 1898 1897 2026
f 2026 2027 1898
f 1899 1898 2027
f 2027 2028 1899
f 1900 1899 2028
f 2028 2029 1900
f 1901 1900 2029
f 2029 2030 1901
f 1902 1901 2030
f 2030 2031 1902
f 1903 1902 2031
f 2031 2032 1903
f 1904 1903 2032
f 2032 2033 1904
f 1905 1904 2033
f 2033 2034 1905
f 1906 1905 2034
f 2034 2035 1906
f 1907 1906 2035
f 2035 2036 1907
f 1908 1907 2036
f 2036 2037 1908
f 1909 1908 2037
f 2037 2038 1909
f 1910 1909 2038
f 2038 2039 1910
f 1911 1910 2039
f 2039 2040 1911
f 1912 1911 2040
f 2040 2041 1912
f 1913 1912 2041
f 2041 2042 1913
f 1914 1913 2042
f 2042 2043 1914
f 1915 1914 2043
f 2043 2044 1915
f 1916 1915 2044
f 2044 2045 1916
f 1917 1916 2045
f 2045 2046 1917
f 1918 1917 2046
f 2046 2047 1918
f 1919 1918 2047
f 2047 2048 1919
f 1920 1919 2048
f 2048 2049 1920
f 1921 1920 2049
f 2049 2050 1921
f 1922 1921 2050
f 2050 2051 1922
f 1923 1922 2051
f 2051 2052 1923
f 1924 1923 2052
f 2052 2053 1924
f 1925 1924 2053
f 2053 2054 1925
f 1926 1925 2054
f 2054 2055 1926
f 1927 1926 2055
f 2055 2056 1927
f 1928 1927 2056
f 2056 2057 1928
f 1929 1928 2057
f 2057 2058 1929
f 1930 1929 2058
f 2058 2059 1930
f 1931 1930 2059
f 2059 2060 1931
f 1932 1931 2060
f 2060 2061 1932
f 1933 1932 2061
f 2061 2062 1933
f 1934 1933 2062
f 2062 2063 1934
f 1935 1934 2063
f 2063 2064 1935
f 1936 1935 2064
f 2064 2065 1936
f 1937 1936 2065
f 2065 2066 1937
f 1938 1937 2066
f 2066 2067 1938
f 1939 1938 2067
f 2067 2068 1939
f 1940 1939 2068
f 2068 2069 1940
f 1941 1940 2069
f 2069 2070 1941
f 1942 1941 2070
f 2070 2071 1942
f 1943 1942 2071
f 2071 2072 1943
f 1944 1943 2072
f 2072 2073 1944
f 1945 1944 2073
f 2073 2074 1945
f 1946 1945 2074
f 2074 2075 1946
f 1947 1946 2075
f 2075 2076 1947
f 1948 1947 2076
f 2076 2077 1948
f 1949 1948 2077
f 2077 2078 1949
f 1950 1949 2078
f 2078 2079 1950
f 1951 1950 2079
f 2079 2080 1951
f 1952 1951 2080
f 2080 2081 1952
f 1953 1952 2081
f 2081 2082 1953
f 1954 1953 2082
f 2082 2083 1954
f 1955 1954 2083
f 2083 2084 1955
f 1956 1955 2084
f 2084 2085 1956
f 1957 1956 2085
f 2085 2086 1957
f 1958 1957 2086
f 2086 2087 1958
f 1959 1958 2087
f 2087 2088 1959
f 1960 1959 2088
f 2088 2089 1960
f 1961 1960 2089
f 2089 2090 1961
f 1962 1961 2090
f 2090 2091 1962
f 1963 1962 2091
f 2091 2092 1963
f 1964 1963 2092
f 2092 2093 1964
f 1965 1964 2093
f 2093 2094 1965
f 1966 1965 2094
f 2094 2095 1966
f 1967 1966 2095
f 2095 2096 1967
f 1968 1967 2096
f 2096 2097 1968
f 1969 1968 2097
f 2097 2098 1969
f 1970 1969 2098
f 2098 2099 1970
f 1971 1970 2099
f 2099 2100 1971
f 1972 1971 2100
f 2100 2101 1972
f 1973 1972 2101
f 2101 2102 1973
f 1974 1973 2102
f 2102 2103 1974
f 1975 1974 2103
f 2103 2104 1975
f 1976 1975 2104
f 2104 2105 1976
f 1977 1976 2105
f 2105 2106 1977
f 1978 1977 2106
f 2106 2107 1978
f 1979 1978 2107
f 2107 2108 1979
f 1980 1979 2108
f 2108 2109 1980
f 1981 1980 2109
f 2109 2110 1981
f 1982 1981 2110
f 2110 2111 1982
f 1983 1982 2111
f 2111 2112 1983
f 1984 1983 2112
f 2112 2113 1984
f 1985 1984 2113
f 2113 2114 1985
f 1986 1985 2114
f 2114 2115 1986
f 1987 1986 2115
f 2115 2116 1987
f 1988 1987 2116
f 2116 2117 1988
f 1990 1989 2118
f 2118 2119 1990
f 1991 1990 2119
f 2119 2120 1991
f 1992 1991 2120
f 2120 2121 1992
f 1993 1992 2121
f 2121 2122 1993
f 1994 1993 2122
f 2122 2123 1994
f 1995 1994 2123
f 2123 2124 1995
f 1996 1995 2124
f 2124 2125 1996
f 1997 1996 2125
f 2125 2126 1997
f 1998 1997 2126
f 2126 2127 1998
f 1999 1998 2127
f 2127 2128 1999
f 2000 1999 2128
f 2128 2129 2000
f 2001 2000 2129
f 2129 2130 2001
f 2002 2001 2130
f 2130 2131 2002
f 2003 2002 2131
f 2131 2132 2003
f 2004 2003 2132
f 2132 2133 2004
f 2005 2004 2133
f 2133 2134 2005
f 2006 2005 2134
f 2134 2135 2006
f 2007 2006 2135
f 2135 2136 2007
f 2008 2007 2136
f 2136 2137 2008
f 2009 2008 2137
f 2137 2138 2009
f 2010 2009 2138
f 2138 2139 2010
f 2011 2010 2139
f 2139 2140 2011
f 2012 2011 2140
f 2140 2141 2012
f 2013 2012 2141
f 2141 2142 2013
f 2014 2013 2142
f 2142 2143 2014
f 2015 2014 2143
f 2143 2144 2015
f 2016 2015 2144
f 2144 2145 2016
f 2017 2016 2145
f 2145 2146 2017
f 2018 2017 2146
f 2146 2147 2018
f 2019 2018 2147
f 2147 2148 2019
f 2020 2019 2148
f 2148 2149 2020
f 2021 2020 2149
f 2149 2150 2021
f 2022 2021 2150
f 2150 2151 2022
f 2023 2022 2151
f 2151 2152 2023
f 2024 2023 2152
f 2152 2153 2024
f 2025 2024 2153
f 2153 2154 2025
f 2026 2025 2154
f 2154 2155 2026
f 2027 2026 2155
f 2155 2156 2027
f 2028 2027 2156
f 2156 2157 2028
f 2029 2028 2157
f 2157 2158 2029
f 2030 2029 2158
f 2158 2159 2030
f 2031 2030 2159
f 2159 2160 2031
f 2032 2031 2160
f 2160 2161 2032
f 2033 2032 2161
f 2161 2162 2033
f 2034 2033 2162
f 2162 2163 2034
f 2035 2034 2163
f 2163 2164 2035
f 2036 2035 2164
f 2164 2165 2036
f 2037 2036 2165
f 2165 2166 2037
f 2038 2037 2166
f 2166 2167 2038
f 2039 2038 2167
f 2167 2168 2039
f 2040 2039 2168
f 2168 2169 2040
f 2041 2040 2169
f 2169 2170 2041
f 2042 2041 2170
f 2170 2171 2042
f 2043 2042 2171
f 2171 2172 2043
f 2044 2043 2172
f 2172 2173 2044
f 2045 2044 2173
f 2173 2174 2045
f 2046 2045 2174
f 2174 2175 2046
f 2047 2046 2175
f 2175 2176 2047
f 2048 2047 2176
f 2176 2177 2048
f 2049 2048 2177
f 2177 2178 2049
f 2050 2049 2178
f 2178 2179 2050
f 2051 2050 2179
f 2179 2180 2051
f 2052 2051 2180
f 2180 2181 2052
f 2053 2052 2181
f 2181 2182 2053
f 2054 2053 2182
f 2182 2183 2054
f 2055 2054 2183
f 2183 2184 2055
f 2056 2055 2184
f 2184 2185 2056
f 2057 2056 2185
f 2185 2186 2057
f 2058 2057 2186
f 2186 2187 2058
f 2059 2058 2187
f 2187 2188 2059
f 2060 2059 2188
f 2188 2189 2060
f 2061 2060 2189
f 2189 2190 2061
f 2062 2061 2190
f 2190 2191 2062
f 2063 2062 2191
f 2191 2192 2063
f 2064 2063 2192
f 2192 2193 2064
f 2065 2064 2193
f 2193 2194 2065
f 2066 2065 2194
f 2194 2195 2066
f 2067 2066 2195
f 2195 2196 2067
f 2068 2067 2196
f 2196 2197 2068
f 2069 2068 2197
f 2197 2198 2069
f 2070 2069 2198
f 2198 2199 2070
f 2071 2070 2199
f 2199 2200 2071
f 2072 2071 2200
f 2200 2201 2072
f 2073 2072 2201
f 2201 2202 2073
f 2074 2073 2202
f 2202 2203 2074
f 2075 2074 2203
f 2203 2204 2075
f 2076 2075 2204
f 2204 2205 2076
f 2077 2076 2205
f 2205 2206 2077
f 2078 2077 2206
f 2206 2207 2078
f 2079 2078 2207
f 2207 2208 2079
f 2080 2079 2208
f 2208 2209 2080
f 2081 2080 2209
f 2209 2210 2081
f 2082 2081 2210
f 2210 2211 2082
f 2083 2082 2211
f 2211 2212 2083
f 2084 2083 2212
f 2212 2213 2084
f 2085 2084 2213
f 2213 2214 2085
f 2086 2085 2214
f 2214 2215 2086
f 2087 2086 2215
f 2215 2216 2087
f 2088 2087 2216
f 2216 2217 2088
f 2089 2088 2217
f 2217 2218 2089
f 2090 2089 2218
f 2218 2219 2090
f 2091 2090 2219
f 2219 2220 2091
f 2092 2091 2220
f 2220 2221 2092
f 2093 2092 2221
f 2221 2222 2093
f 2094 2093 2222
f 2222 2223 2094
f 2095 2094 2223
f 2223 2224 2095
f 2096 2095 2224
f 2224 2225 2096
f 2097 2096 2225
f 2225 2226 2097
f 2098 2097 2226
f 2226 2227 2098
f 2099 2098 2227
f 2227 2228 2099
f 2100 2099 2228
f 2228 2229 2100
f 2101 2100 2229
f 2229 2230 2101
f 2102 2101 2230
f 2230 2231 2102
f 2103 2102 2231
f 2231 2232 2103
f 2104 2103 2232
f 2232 2233 2104
f 2105 2104 2233
f 2233 2234 2105
f 2106 2105 2234
f 2234 2235 2106
f 2107 2106 2235
f 2235 2236 2107
f 2108 2107 2236
f 2236 2237 2108
f 2109 2108 2237
f 2237 2238 2109
f 2110 2109 2238
f 2238 2239 2110
f 2111 2110 2239
f 2239 2240 2111
f 2112 2111 2240
f 2240 2241 2112
f 2113 2112 2241
f 2241 2242 2113
f 2114 2113 2242
f 2242 2243 2114
f 2115 2114 2243
f 2243 2244 2115
f 2116 2115 2244
f 2244 2245 2116
f 2117 2116 2245
f 2245 2246 2117
f 2119 2118 2247
f 2247 2248 2119
f 2120 2119 2248
f 2248 2249 2120
f 2121 2120 2249
f 2249 2250 2121
f 2122 2121 2250
f 2250 2251 2122
f 2123 2122 2251
f 2251 2252 2123
f 2124 2123 2252
f 2252 2253 2124
f 2125 2124 2253
f 2253 2254 2125
f 2126 2125 2254
f 2254 2255 2126
f 2127 2126 2255
f 2255 2256 2127
f 2128 2127 2256
f 2256 2257 2128
f 2129 2128 2257
f 2257 2258 2129
f 2130 2129 2258
f 2258 2259 2130
f 2131 2130 2259
f 2259 2260 2131
f 2132 2131 2260
f 2260 2261 2132
f 2133 2132 2261
f 2261 2262 2133
f 2134 2133 2262
f 2262 2263 2134
f 2135 2134 2263
f 2263 2264 2135
f 2136 2135 2264
f 2264 2265 2136
f 2137 2136 2265
f 2265 2266 2137
f 2138 2137 2266
f 2266 2267 2138
f 2139 2138 2267
f 2267 2268 2139
f 2140 2139 2268
f 2268 2269 2140
f 2141 2140 2269
f 2269 2270 2141
f 2142 2141 2270
f 2270 2271 2142
f 2143 2142 2271
f 2271 2272 2143
f 2144 2143 2272
f 2272 2273 2144
f 2145 2144 2273
f 2273 2274 2145
f 2146 2145 2274
f 2274 2275 2146
f 2147 2146 2275
f 2275 2276 2147
f 2148 2147 2276
f 2276 2277 2148
f 2149 2148 2277
f 2277 2278 2149
f 2150 2149 2278
f 2278 2279 2150
f 2151 2150 2279
f 2279 2280 2151
f 2152 2151 2280
f 2280 2281 2152
f 2153 2152 2281
f 2281 2282 2153
f 2154 2153 2282
f 2282 2283 2154
f 2155 2154 2283
f 2283 2284 2155
f 2156 2155 2284
f 2284 2285 2156
f 2157 2156 2285
f 2285 2286 2157
f 2158 2157 2286
f 2286 2287 2158
f 2159 2158 2287
f 2287 2288 2159
f 2160 2159 2288
f 2288 2289 2160
f 2161 2160 2289
f 2289 2290 2161
f 2162 2161 2290
f 2290 2291 2162
f 2163 2162 2291
f 2291 2292 2163
f 2164 2163 2292
f 2292 2293 2164
f 2165 2164 2293
f 2293 2294 2165
f 2166 2165 2294
f 2294 2295 2166
f 2167 2166 2295
f 2295 2296 2167
f 2168 2167 2296
f 2296 2297 2168
f 2169 2168 2297
f 2297 2298 2169
f 2170 2169 2298
f 2298 2299 2170
f 2171 2170 2299
f 2299 2300 2171
f 2172 2171 2300
f 2300 2301 2172
f 2173 2172 2301
f 2301 2302 2173
f 2174 2173 2302
f 2302 2303 2174
f 2175 2174 2303
f 2303 2304 2175
f 2176 2175 2304
f 2304 2305 2176
f 2177 2176 2305
f 2305 2306 2177
f 2178 2177 2306
f 2306 2307 2178
f 2179 2178 2307
f 2307 2308 2179
f 2180 2179 2308
f 2308 2309 2180
f 2181 2180 2309
f 2309 2310 2181
f 2182 2181 2310
f 2310 2311 2182
f 2183 2182 2311
f 2311 2312 2183
f 2184 2183 2312
f 2312 2313 2184
f 2185 2184 2313
f 2313 2314 2185
f 2186 2185 2314
f 2314 2315 2186
f 2187 2186 2315
f 2315 2316 2187
f 2188 2187 2316
f 2316 2317 2188
f 2189 2188 2317
f 2317 2318 2189
f 2190 2189 2318
f 2318 2319 2190
f 2191 2190 2319
f 2319 2320 2191
f 2192 2191 2320
f 2320 2321 2192
f 2193 2192 2321
f 2321 2322 2193
f 2194 2193 2322
f 2322 2323 2194
f 2195 2194 2323
f 2323 2324 2195
f 2196 2195 2324
f 2324 2325 2196
f 2197 2196 2325
f 2325 2326 2197
f 2198 2197 2326
f 2326 2327 2198
f 2199 2198 2327
f 2327 2328 2199
f 2200 2199 2328
f 2328 2329 2200
f 2201 2200 2329
f 2329 2330 2201
f 2202 2201 2330
f 2330 2331 2202
f 2203 2202 2331
f 2331 2332 2203
f 2204 2203 2332
f 2332 2333 2204
f 2205 2204 2333
f 2333 2334 2205
f 2206 2205 2334
f 2334 2335 2206
f 2207 2206 2335
f 2335 2336 2207
f 2208 2207 2336
f 2336 2337 2208
f 2209 2208 2337
f 2337 2338 2209
f 2210 2209 2338
f 2338 2339 2210
f 2211 2210 2339
f 2339 2340 2211
f 2212 2211 2340
f 2340 2341 2212
f 2213 2212 2341
f 2341 2342 2213
f 2214 2213 2342
f 2342 2343 2214
f 2215 2214 2343
f 2343 2344 2215
f 2216 2215 2344
f 2344 2345 2216
f 2217 2216 2345
f 2345 2346 2217
f 2218 2217 2346
f 2346 2347 2218
f 2219 2218 2347
f 2347 2348 2219
f 2220 2219 2348
f 2348 2349 2220
f 2221 2220 2349
f 2349 2350 2221
f 2222 2221 2350
f 2350 2351 2222
f 2223 2222 2351
f 2351 2352 2223
f 2224 2223 2352
f 2352 2353 2224
f 2225 2224 2353
f 2353 2354 2225
f 2226 2225 2354
f 2354 2355 2226
f 2227 2226 2355
f 2355 2356 2227
f 2228 2227 2356
f 2356 2357 2228
f 2229 2228 2357
f 2357 2358 2229
f 2230 2229 2358
f 2358 2359 2230
f 2231 2230 2359
f 2359 2360 2231
f 2232 2231 2360
f 2360 2361 2232
f 2233 2232 2361
f 2361 2362 2233
f 2234 2233 2362
f 2362 2363 2234
f 2235 2234 2363
f 2363 2364 2235
f 2236 2235 2364
f 2364 2365 2236
f 2237 2236 2365
f 2365 2366 2237
f 2238 2237 2366
f 2366 2367 2238
f 2239 2238 2367
f 2367 2368 2239
f 2240 2239 2368
f 2368 2369 2240
f 2241 2240 2369
f 2369 2370 2241
f 2242 2241 2370
f 2370 2371 2242
f 2243 2242 2371
f 2371 2372 2243
f 2244 2243 2372
f 2372 2373 2244
f 2245 2244 2373
f 2373 2374 2245
f 2246 2245 2374
f 2374 2375 2246
f 2248 2247 2376
f 2376 2377 2248
f 2249 2248 2377
f 2377 2378 2249
f 2250 2249 2378
f 2378 2379 2250
f 2251 2250 2379
f 2379 2380 2251
f 2252 2251 2380
f 2380 2381 2252
f 2253 2252 2381
f 2381 2382 2253
f 2254 2253 2382
f 2382 2383 2254
f 2255 2254 2383
f 2383 2384 2255
f 2256 2255 2384
f 2384 2385 2256
f 2257 2256 2385
f 2385 2386 2257
f 2258 2257 2386
f 2386 2387 2258
f 2259 2258 2387
f 2387 2388 2259
f 2260 2259 2388
f 2388 2389 2260
f 2261 2260 2389
f 2389 2390 2261
f 2262 2261 2390
f 2390 2391 2262
f 2263 2262 2391
f 2391 2392 2263
f 2264 2263 2392
f 2392 2393 2264
f 2265 2264 2393
f 2393 2394 2265
f 2266 2265 2394
f 2394 2395 2266
f 2267 2266 2395
f 2395 2396 2267
f 2268 2267 2396
f 2396 2397 2268
f 2269 2268 2397
f 2397 2398 2269
f 2270 2269 2398
f 2398 2399 2270
f 2271 2270 2399
f 2399 2400 2271
f 2272 2271 2400
f 2400 2401 2272
f 2273 2272 2401
f 2401 2402 2273
f 2274 2273 2402
f 2402 2403 2274
f 2275 2274 2403
f 2403 2404 2275
f 2276 2275 2404
f 2404 2405 2276
f 2277 2276 2405
f 2405 2406 2277
f 2278 2277 2406
f 2406 2407 2278
f 2279 2278 2407
f 2407 2408 2279
f 2280 2279 2408
f 2408 2409 2280
f 2281 2280 2409
f 2409 2410 2281
f 2282 2281 2410
f 2410 2411 2282
f 2283 2282 2411
f 2411 2412 2283
f 2284 2283 2412
f 2412 2413 2284
f 2285 2284 2413
f 2413 2414 2285
f 2286 2285 2414
f 2414 2415 2286
f 2287 2286 2415
f 2415 2416 2287
f 2288 2287 2416
f 2416 2417 2288
f 2289 2288 2417
f 2417 2418 2289
f 2290 2289 2418
f 2418 2419 2290
f 2291 2290 2419
f 2419 2420 2291
f 2292 2291 2420
f 2420 2421 2292
f 2293 2292 2421
f 2421 2422 2293
f 2294 2293 2422
f 2422 2423 2294
f 2295 2294 2423
f 2423 2424 2295
f 2296 2295 2424
f 2424 2425 2296
f 2297 2296 2425
f 2425 2426 2297
f 2298 2297 2426
f 2426 2427 2298
f 2299 2298 2427
f 2427 2428 2299
f 2300 2299 2428
f 2428 2429 2300
f 2301 2300 2429
f 2429 2430 2301
f 2302 2301 2430
f 2430 2431 2302
f 2303 2302 2431
f 2431 2432 2303
f 2304 2303 2432
f 2432 2433 2304
f 2305 2304 2433
f 2433 2434 2305
f 2306 2305 2434
f 2434 2435 2306
f 2307 2306 2435
f 2435 2436 2307
f 2308 2307 2436
f 2436 2437 2308
f 2309 2308 2437
f 2437 2438 2309
f 2310 2309 2438
f 2438 2439 2310
f 2311 2310 2439
f 2439 2440 2311
f 2312 2311 2440
f 2440 2441 2312
f 2313 2312 2441
f 2441 2442 2313
f 2314 2313 2442
f 2442 2443 2314
f 2315 2314 2443
f 2443 2444 2315
f 2316 2315 2444
f 2444 2445 2316
f 2317 2316 2445
f 2445 2446 2317
f 2318 2317 2446
f 2446 2447 2318
f 2319 2318 2447
f 2447 2448 2319
f 2320 2319 2448
f 2448 2449 2320
f 2321 2320 2449
f 2449 2450 2321
f 2322 2321 2450
f 2450 2451 2322
f 2323 2322 2451
f 2451 2452 2323
f 2324 2323 2452
f 2452 2453 2324
f 2325 2324 2453
f 2453 2454 2325
f 2326 2325 2454
f 2454 2455 2326
f 2327 2326 2455
f 2455 2456 2327
f 2328 2327 2456
f 2456 2457 2328
f 2329 2328 2457
f 2457 2458 2329
f 2330 2329 2458
f 2458 2459 2330
f 2331 2330 2459
f 2459 2460 2331
f 2332 2331 2460
f 2460 2461 2332
f 2333 2332 2461
f 2461 2462 2333
f 2334 2333 2462
f 2462 2463 2334
f 2335 2334 2463
f 2463 2464 2335
f 2336 2335 2464
f 2464 2465 2336
f 2337 2336 2465
f 2465 2466 2337
f 2338 2337 2466
f 2466 2467 2338
f 2339 2338 2467
f 2467 2468 2339
f 2340 2339 2468
f 2468 2469 2340
f 2341 2340 2469
f 2469 2470 2341
f 2342 2341 2470
f 2470 2471 2342
f 2343 2342 2471
f 2471 2472 2343
f 2344 2343 2472
f 2472 2473 2344
f 2345 2344 2473
f 2473 2474 2345
f 2346 2345 2474
f 2474 2475 2346
f 2347 2346 2475
f 2475 2476 2347
f 2348 2347 2476
f 2476 2477 2348
f 2349 2348 2477
f 2477 2478 2349
f 2350 2349 2478
f 2478 2479 2350
f 2351 2350 2479
f 2479 2480 2351
f 2352 2351 2480
f 2480 2481 2352
f 2353 2352 2481
f 2481 2482 2353
f 2354 2353 2482
f 2482 2483 2354
f 2355 2354 2483
f 2483 2484 2355
f 2356 2355 2484
f 2484 2485 2356
f 2357 2356 2485
f 2485 2486 2357
f 2358 2357 2486
f 2486 2487 2358
f 2359 2358 2487
f 2487 2488 2359
f 2360 2359 2488
f 2488 2489 2360
f 2361 2360 2489
f 2489 2490 2361
f 2362 2361 2490
f 2490 2491 2362
f 2363 2362 2491
f 2491 2492 2363
f 2364 2363 2492
f 2492 2493 2364
f 2365 2364 2493
f 2493 2494 2365
f 2366 2365 2494
f 2494 2495 2366
f 2367 2366 2495
f 2495 2496 2367
f 2368 2367 2496
f 2496 2497 2368
f 2369 2368 2497
f 2497 2498 2369
f 2370 2369 2498
f 2498 2499 2370
f 2371 2370 2499
f 2499 2500 2371
f 2372 2371 2500
f 2500 2501 2372
f 2373 2372 2501
f 2501 2502 2373
f 2374 2373 2502
f 2502 2503 2374
f 2375 2374 2503
f 2503 2504 2375
f 2377 2376 2505
f 2505 2506 2377
f 2378 2377 2506
f 2506 2507 2378
f 2379 2378 2507
f 2507 2508 2379
f 2380 2379 2508
f 2508 2509 2380
f 2381 2380 2509
f 2509 2510 2381
f 2382 2381 2510
f 2510 2511 2382
f 2383 2382 2511
f 2511 2512 2383
f 2384 2383 2512
f 2512 2513 2384
f 2385 2384 2513
f 2513 2514 2385
f 2386 2385 2514
f 2514 2515 2386
f 2387 2386 2515
f 2515 2516 2387
f 2388 2387 2516
f 2516 2517 2388
f 2389 2388 2517
f 2517 2518 2389
f 2390 2389 2518
f 2518 2519 2390
f 2391 2390 2519
f 2519 2520 2391
f 2392 2391 2520
f 2520 2521 2392
f 2393 2392 2521
f 2521 2522 2393
f 2394 2393 2522
f 2522 2523 2394
f 2395 2394 2523
f 2523 2524 2395
f 2396 2395 2524
f 2524 2525 2396
f 2397 2396 2525
f 2525 2526 2397
f 2398 2397 2526
f 2526 2527 2398
f 2399 2398 2527
f 2527 2528 2399
f 2400 2399 2528
f 2528 2529 2400
f 2401 2400 2529
f 2529 2530 2401
f 2402 2401 2530
f 2530 2531 2402
f 2403 2402 2531
f 2531 2532 2403
f 2404 2403 2532
f 2532 2533 2404
f 2405 2404 2533
f 2533 2534 2405
f 2406 2405 2534
f 2534 2535 2406
f 2407 2406 2535
f 2535 2536 2407
f 2408 2407 2536
f 2536 2537 2408
f 2409 2408 2537
f 2537 2538 2409
f 2410 2409 2538
f 2538 2539 2410
f 2411 2410 2539
f 2539 2540 2411
f 2412 2411 2540
f 2540 2541 2412
f 2413 2412 2541
f 2541 2542 2413
f 2414 2413 2542
f 2542 2543 2414
f 2415 2414 2543
f 2543 2544 2415
f 2416 2415 2544
f 2544 2545 2416
f 2417 2416 2545
f 2545 2546 2417
f 2418 2417 2546
f 2546 2547 2418
f 2419 2418 2547
f 2547 2548 2419
f 2420 2419 2548
f 2548 2549 2420
f 2421 2420 2549
f 2549 2550 2421
f 2422 2421 2550
f 2550 2551 2422
f 2423 2422 2551
f 2551 2552 2423
f 2424 2423 2552
f 2552 2553 2424
f 2425 2424 2553
f 2553 2554 2425
f 2426 2425 2554
f 2554 2555 2426
f 2427 2426 2555
f 2555 2556 2427
f 2428 2427 2556
f 2556 2557 2428
f 2429 2428 2557
f 2557 2558 2429
f 2430 2429 2558
f 2558 2559 2430
f 2431 2430 2559
f 2559 2560 2431
f 2432 2431 2560
f 2560 2561 2432
f 2433 2432 2561
f 2561 2562 2433
f 2434 2433 2562
f 2562 2563 2434
f 2435 2434 2563
f 2563 2564 2435
f 2436 2435 2564
f 2564 2565 2436
f 2437 2436 2565
f 2565 2566 2437
f 2438 2437 2566
f 2566 2567 2438
f 2439 2438 2567
f 2567 2568 2439
f 2440 2439 2568
f 2568 2569 2440
f 2441 2440 2569
f 2569 2570 2441
f 2442 2441 2570
f 2570 2571 2442
f 2443 2442 2571
f 2571 2572 2443
f 2444 2443 2572
f 2572 2573 2444
f 2445 2444 2573
f 2573 2574 2445
f 2446 2445 2574
f 2574 2575 2446
f 2447 2446 2575
f 2575 2576 2447
f 2448 2447 2576
f 2576 2577 2448
f 2449 2448 2577
f 2577 2578 2449
f 2450 2449 2578
f 2578 2579 2450
f 2451 2450 2579
f 2579 2580 2451
f 2452 2451 2580
f 2580 2581 2452
f 2453 2452 2581
f 2581 2582 2453
f 2454 2453 2582
f 2582 2583 2454
f 2455 2454 2583
f 2583 2584 2455
f 2456 2455 2584
f 2584 2585 2456
f 2457 2456 2585
f 2585 2586 2457
f 2458 2457 2586
f 2586 2587 2458
f 2459 2458 2587
f 2587 2588 2459
f 2460 2459 2588
f 2588 2589 2460
f 2461 2460 2589
f 2589 2590 2461
f 2462 2461 2590
f 2590 2591 2462
f 2463 2462 2591
f 2591 2592 2463
f 2464 2463 2592
f 2592 2593 2464
f 2465 2464 2593
f 2593 2594 2465
f 2466 2465 2594
f 2594 2595 2466
f 2467 2466 2595
f 2595 2596 2467
f 2468 2467 2596
f 2596 2597 2468
f 2469 2468 2597
f 2597 2598 2469
f 2470 2469 2598
f 2598 2599 2470
f 2471 2470 2599
f 2599 2600 2471
f 2472 2471 2600
f 2600 2601 2472
f 2473 2472 2601
f 2601 2602 2473
f 2474 2473 2602
f 2602 2603 2474
f 2475 2474 2603
f 2603 2604 2475
f 2476 2475 2604
f 2604 2605 2476
f 2477 2476 2605
f 2605 2606 2477
f 2478 2477 2606
f 2606 2607 2478
f 2479 2478 2607
f 2607 2608 2479
f 2480 2479 2608
f 2608 2609 2480
f 2481 2480 2609
f 2609 2610 2481
f 2482 2481 2610
f 2610 2611 2482
f 2483 2482 2611
f 2611 2612 2483
f 2484 2483 2612
f 2612 2613 2484
f 2485 2484 2613
f 2613 2614 2485
f 2486 2485 2614
f 2614 2615 2486
f 2487 2486 2615
f 2615 2616 2487
f 2488 2487 2616
f 2616 2617 2488
f 2489 2488 2617
f 2617 2618 2489
f 2490 2489 2618
f 2618 2619 2490
f 2491 2490 2619
f 2619 2620 2491
f 2492 2491 2620
f 2620 2621 2492
f 2493 2492 2621
f 2621 2622 2493
f 2494 2493 2622
f 2622 2623 2494
f 2495 2494 2623
f 2623 2624 2495
f 2496 2495 2624
f 2624 2625 2496
f 2497 2496 2625
f 2625 2626 2497
f 2498 2497 2626
f 2626 2627 2498
f 2499 2498 2627
f 2627 2628 2499
f 2500 2499 2628
f 2628 2629 2500
f 2501 2500 2629
f 2629 2630 2501
f 2502 2501 2630
f 2630 2631 2502
f 2503 2502 2631
f 2631 2632 2503
f 2504 2503 2632
f 2632 2633 2504
f 2506 2505 2634
f 2634 2635 2506
f 2507 2506 2635
f 2635 2636 2507
f 2508 2507 2636
f 2636 2637 2508
f 2509 2508 2637
f 2637 2638 2509
f 2510 2509 2638
f 2638 2639 2510
f 2511 2510 2639
f 2639 2640 2511
f 2512 2511 2640
f 2640 2641 2512
f 2513 2512 2641
f 2641 2642 2513
f 2514 2513 2642
f 2642 2643 2514
f 2515 2514 2643
f 2643 2644 2515
f 2516 2515 2644
f 2644 2645 2516
f 2517 2516 2645
f 2645 2646 2517
f 2518 2517 2646
f 2646 2647 2518
f 2519 2518 2647
f 2647 2648 2519
f 2520 2519 2648
f 2648 2649 2520
f 2521 2520 2649
f 2649 2650 2521
f 2522 2521 2650
f 2650 2651 2522
f 2523 2522 2651
f 2651 2652 2523
f 2524 2523 2652
f 2652 2653 2524
f 2525 2524 2653
f 2653 2654 2525
f 2526 2525 2654
f 2654 2655 2526
f 2527 2526 2655
f 2655 2656 2527
f 2528 2527 2656
f 2656 2657 2528
f 2529 2528 2657
f 2657 2658 2529
f 2530 2529 2658
f 2658 2659 2530
f 2531 2530 2659
f 2659 2660 2531
f 2532 2531 2660
f 2660 2661 2532
f 2533 2532 2661
f 2661 2662 2533
f 2534 2533 2662
f 2662 2663 2534
f 2535 2534 2663
f 2663 2664 2535
f 2536 2535 2664
f 2664 2665 2536
f 2537 2536 2665
f 2665 2666 2537
f 2538 2537 2666
f 2666 2667 2538
f 2539 2538 2667
f 2667 2668 2539
f 2540 2539 2668
f 2668 2669 2540
f 2541 2540 2669
f 2669 2670 2541
f 2542 2541 2670
f 2670 2671 2542
f 2543 2542 2671
f 2671 2672 2543
f 2544 2543 2672
f 2672 2673 2544
f 2545 2544 2673
f 2673 2674 2545
f 2546 2545 2674
f 2674 2675 2546
f 2547 2546 2675
f 2675 2676 2547
f 2548 2547 2676
f 2676 2677 2548
f 2549 2548 2677
f 2677 2678 2549
f 2550 2549 2678
f 2678 2679 2550
f 2551 2550 2679
f 2679 2680 2551
f 2552 2551 2680
f 2680 2681 2552
f 2553 2552 2681
f 2681 2682 2553
f 2554 2553 2682
f 2682 2683 2554
f 2555 2554 2683
f 2683 2684 2555
f 2556 2555 2684
f 2684 2685 2556
f 2557 2556 2685
f 2685 2686 2557
f 2558 2557 2686
f 2686 2687 2558
f 2559 2558 2687
f 2687 2688 2559
f 2560 2559 2688
f 2688 2689 2560
f 2561 2560 2689
f 2689 2690 2561
f 2562 2561 2690
f 2690 2691 2562
f 2563 2562 2691
f 2691 2692 2563
f 2564 2563 2692
f 2692 2693 2564
f 2565 2564 2693
f 2693 2694 2565
f 2566 2565 2694
f 2694 2695 2566
f 2567 2566 2695
f 2695 2696 2567
f 2568 2567 2696
f 2696 2697 2568
f 2569 2568 2697
f 2697 2698 2569
f 2570 2569 2698
f 2698 2699 2570
f 2571 2570 2699
f 2699 2700 2571
f 2572 2571 2700
f 2700 2701 2572
f 2573 2572 2701
f 2701 2702 2573
f 2574 2573 2702
f 2702 2703 2574
f 2575 2574 2703
f 2703 2704 2575
f 2576 2575 2704
f 2704 2705 2576
f 2577 2576 2705
f 2705 2706 2577
f 2578 2577 2706
f 2706 2707 2578
f 2579 2578 2707
f 2707 2708 2579
f 2580 2579 2708
f 2708 2709 2580
f 2581 2580 2709
f 2709 2710 2581
f 2582 2581 2710
f 2710 2711 2582
f 2583 2582 2711
f 2711 2712 2583
f 2584 2583 2712
f 2712 2713 2584
f 2585 2584 2713
f 2713 2714 2585
f 2586 2585 2714
f 2714 2715 2586
f 2587 2586 2715
f 2715 2716 2587
f 2588 2587 2716
f 2716 2717 2588
f 2589 2588 2717
f 2717 2718 2589
f 2590 2589 2718
f 2718 2719 2590
f 2591 2590 2719
f 2719 2720 2591
f 2592 2591 2720
f 2720 2721 2592
f 2593 2592 2721
f 2721 2722 2593
f 2594 2593 2722
f 2722 2723 2594
f 2595 2594 2723
f 2723 2724 2595
f 2596 2595 2724
f 2724 2725 2596
f 2597 2596 2725
f 2725 2726 2597
f 2598 2597 2726
f 2726 2727 2598
f 2599 2598 2727
f 2727 2728 2599
f 2600 2599 2728
f 2728 2729 2600
f 2601 2600 2729
f 2729 2730 2601
f 2602 2601 2730
f 2730 2731 2602
f 2603 2602 2731
f 2731 2732 2603
f 2604 2603 2732
f 2732 2733 2604
f 2605 2604 2733
f 2733 2734 2605
f 2606 2605 2734
f 2734 2735 2606
f 2607 2606 2735
f 2735 2736 2607
f 2608 2607 2736
f 2736 2737 2608
f 2609 2608 2737
f 2737 2738 2609
f 2610 2609 2738
f 2738 2739 2610
f 2611 2610 2739
f 2739 2740 2611
f 2612 2611 2740
f 2740 2741 2612
f 2613 2612 2741
f 2741 2742 2613
f 2614 2613 2742
f 2742 2743 2614
f 2615 2614 2743
f 2743 2744 2615
f 2616 2615 2744
f 2744 2745 2616
f 2617 2616 2745
f 2745 2746 2617
f 2618 2617 2746
f 2746 2747 2618
f 2619 2618 2747
f 2747 2748 2619
f 2620 2619 2748
f 2748 2749 2620
f 2621 2620 2749
f 2749 2750 2621
f 2622 2621 2750
f 2750 2751 2622
f 2623 2622 2751
f 2751 2752 2623
f 2624 2623 2752
f 2752 2753 2624
f 2625 2624 2753
f 2753 2754 2625
f 2626 2625 2754
f 2754 2755 2626
f 2627 2626 2755
f 2755 2756 2627
f 2628 2627 2756
f 2756 2757 2628
f 2629 2628 2757
f 2757 2758 2629
f 2630 2629 2758
f 2758 2759 2630
f 2631 2630 2759
f 2759 2760 2631
f 2632 2631 2760
f 2760 2761 2632
f 2633 2632 2761
f 2761 2762 2633
f 2635 2634 2763
f 2763 2764 2635
f 2636 2635 2764
f 2764 2765 2636
f 2637 2636 2765
f 2765 2766 2637
f 2638 2637 2766
f 2766 2767 2638
f 2639 2638 2767
f 2767 2768 2639
f 2640 2639 2768
f 2768 2769 2640
f 2641 2640 2769
f 2769 2770 2641
f 2642 2641 2770
f 2770 2771 2642
f 2643 2642 2771
f 2771 2772 2643
f 2644 2643 2772
f 2772 2773 2644
f 2645 2644 2773
f 2773 2774 2645
f 2646 2645 2774
f 2774 2775 2646
f 2647 2646 2775
f 2775 2776 2647
f 2648 2647 2776
f 2776 2777 2648
f 2649 2648 2777
f 2777 2778 2649
f 2650 2649 2778
f 2778 2779 2650
f 2651 2650 2779
f 2779 2780 2651
f 2652 2651 2780
f 2780 2781 2652
f 2653 2652 2781
f 2781 2782 2653
f 2654 2653 2782
f 2782 2783 2654
f 2655 2654 2783
f 2783 2784 2655
f 2656 2655 2784
f 2784 2785 2656
f 2657 2656 2785
f 2785 2786 2657
f 2658 2657 2786
f 2786 2787 2658
f 2659 2658 2787
f 2787 2788 2659
f 2660 2659 2788
f 2788 2789 2660
f 2661 2660 2789
f 2789 2790 2661
f 2662 2661 2790
f 2790 2791 2662
f 2663 2662 2791
f 2791 2792 2663
f 2664 2663 2792
f 2792 2793 2664
f 2665 2664 2793
f 2793 2794 2665
f 2666 2665 2794
f 2794 2795 2666
f 2667 2666 2795
f 2795 2796 2667
f 2668 2667 2796
f 2796 2797 2668
f 2669 2668 2797
f 2797 2798 2669
f 2670 2669 2798
f 2798 2799 2670
f 2671 2670 2799
f 2799 2800 2671
f 2672 2671 2800
f 2800 2801 2672
f 2673 2672 2801
f 2801 2802 2673
f 2674 2673 2802
f 2802 2803 2674
f 2675 2674 2803
f 2803 2804 2675
f 2676 2675 2804
f 2804 2805 2676
f 2677 2676 2805
f 2805 2806 2677
f 2678 2677 2806
f 2806 2807 2678
f 2679 2678 2807
f 2807 2808 2679
f 2680 2679 2808
f 2808 2809 2680
f 2681 2680 2809
f 2809 2810 2681
f 2682 2681 2810
f 2810 2811 2682
f 2683 2682 2811
f 2811 2812 2683
f 2684 2683 2812
f 2812 2813 2684
f 2685 2684 2813
f 2813 2814 2685
f 2686 2685 2814
f 2814 2815 2686
f 2687 2686 2815
f 2815 2816 2687
f 2688 2687 2816
f 2816 2817 2688
f 2689 2688 2817
f 2817 2818 2689
f 2690 2689 2818
f 2818 2819 2690
f 2691 2690 2819
f 2819 2820 2691
f 2692 2691 2820
f 2820 2821 2692
f 2693 2692 2821
f 2821 2822 2693
f 2694 2693 2822
f 2822 2823 2694
f 2695 2694 2823
f 2823 2824 2695
f 2696 2695 2824
f 2824 2825 2696
f 2697 2696 2825
f 2825 2826 2697
f 2698 2697 2826
f 2826 2827 2698
f 2699 2698 2827
f 2827 2828 2699
f 2700 2699 2828
f 2828 2829 2700
f 2701 2700 2829
f 2829 2830 2701
f 2702 2701 2830
f 2830 2831 2702
f 2703 2702 2831
f 2831 2832 2703
f 2704 2703 2832
f 2832 2833 2704
f 2705 2704 2833
f 2833 2834 2705
f 2706 2705 2834
f 2834 2835 2706
f 2707 2706 2835
f 2835 2836 2707
f 2708 2707 2836
f 2836 2837 2708
f 2709 2708 2837
f 2837 2838 2709
f 2710 2709 2838
f 2838 2839 2710
f 2711 2710 2839
f 2839 2840 2711
f 2712 2711 2840
f 2840 2841 2712
f 2713 2712 2841
f 2841 2842 2713
f 2714 2713 2842
f 2842 2843 2714
f 2715 2714 2843
f 2843 2844 2715
f 2716 2715 2844
f 2844 2845 2716
f 2717 2716 2845
f 2845 2846 2717
f 2718 2717 2846
f 2846 2847 2718
f 2719 2718 2847
f 2847 2848 2719
f 2720 2719 2848
f 2848 2849 2720
f 2721 2720 2849
f 2849 2850 2721
f 2722 2721 2850
f 2850 2851 2722
f 2723 2722 2851
f 2851 2852 2723
f 2724 2723 2852
f 2852 2853 2724
f 2725 2724 2853
f 2853 2854 2725
f 2726 2725 2854
f 2854 2855 2726
f 2727 2726 2855
f 2855 2856 2727
f 2728 2727 2856
f 2856 2857 2728
f 2729 2728 2857
f 2857 2858 2729
f 2730 2729 2858
f 2858 2859 2730
f 2731 2730 2859
f 2859 2860 2731
f 2732 2731 2860
f 2860 2861 2732
f 2733 2732 2861
f 2861 2862 2733
f 2734 2733 2862
f 2862 2863 2734
f 2735 2734 2863
f 2863 2864 2735
f 2736 2735 2864
f 2864 2865 2736
f 2737 2736 2865
f 2865 2866 2737
f 2738 2737 2866
f 2866 2867 2738
f 2739 2738 2867
f 2867 2868 2739
f 2740 2739 2868
f 2868 2869 2740
f 2741 2740 2869
f 2869 2870 2741
f 2742 2741 2870
f 2870 2871 2742
f 2743 2742 2871
f 2871 2872 2743
f 2744 2743 2872
f 2872 2873 2744
f 2745 2744 2873
f 2873 2874 2745
f 2746 2745 2874
f 2874 2875 2746
f 2747 2746 2875
f 2875 2876 2747
f 2748 2747 2876
f 2876 2877 2748
f 2749 2748 2877
f 2877 2878 2749
f 2750 2749 2878
f 2878 2879 2750
f 2751 2750 2879
f 2879 2880 2751
f 2752 2751 2880
f 2880 2881 2752
f 2753 2752 2881
f 2881 2882 2753
f 2754 2753 2882
f 2882 2883 2754
f 2755 2754 2883
f 2883 2884 2755
f 2756 2755 2884
f 2884 2885 2756
f 2757 2756 2885
f 2885 2886 2757
f 2758 2757 2886
f 2886 2887 2758
f 2759 2758 2887
f 2887 2888 2759
f 2760 2759 2888
f 2888 2889 2760
f 2761 2760 2889
f 2889 2890 2761
f 2762 2761 2890
f 2890 2891 2762
f 2764 2763 2892
f 2892 2893 2764
f 2765 2764 2893
f 2893 2894 2765
f 2766 2765 2894
f 2894 2895 2766
f 2767 2766 2895
f 2895 2896 2767
f 2768 2767 2896
f 2896 2897 2768
f 2769 2768 2897
f 2897 2898 2769
f 2770 2769 2898
f 2898 2899 2770
f 2771 2770 2899
f 2899 2900 2771
f 2772 2771 2900
f 2900 2901 2772
f 2773 2772 2901
f 2901 2902 2773
f 2774 2773 2902
f 2902 2903 2774
f 2775 2774 2903
f 2903 2904 2775
f 2776 2775 2904
f 2904 2905 2776
f 2777 2776 2905
f 2905 2906 2777
f 2778 2777 2906
f 2906 2907 2778
f 2779 2778 2907
f 2907 2908 2779
f 2780 2779 2908
f 2908 2909 2780
f 2781 2780 2909
f 2909 2910 2781
f 2782 2781 2910
f 2910 2911 2782
f 2783 2782 2911
f 2911 2912 2783
f 2784 2783 2912
f 2912 2913 2784
f 2785 2784 2913
f 2913 2914 2785
f 2786 2785 2914
f 2914 2915 2786
f 2787 2786 2915
f 2915 2916 2787
f 2788 2787 2916
f 2916 2917 2788
f 2789 2788 2917
f 2917 2918 2789
f 2790 2789 2918
f 2918 2919 2790
f 2791 2790 2919
f 2919 2920 2791
f 2792 2791 2920
f 2920 2921 2792
f 2793 2792 2921
f 2921 2922 2793
f 2794 2793 2922
f 2922 2923 2794
f 2795 2794 2923
f 2923 2924 2795
f 2796 2795 2924
f 2924 2925 2796
f 2797 2796 2925
f 2925 2926 2797
f 2798 2797 2926
f 2926 2927 2798
f 2799 2798 2927
f 2927 2928 2799
f 2800 2799 2928
f 2928 2929 2800
f 2801 2800 2929
f 2929 2930 2801
f 2802 2801 2930
f 2930 2931 2802
f 2803 2802 2931
f 2931 2932 2803
f 2804 2803 2932
f 2932 2933 2804
f 2805 2804 2933
f 2933 2934 2805
f 2806 2805 2934
f 2934 2935 2806
f 2807 2806 2935
f 2935 2936 2807
f 2808 2807 2936
f 2936 2937 2808
f 2809 2808 2937
f 2937 2938 2809
f 2810 2809 2938
f 2938 2939 2810
f 2811 2810 2939
f 2939 2940 2811
f 2812 2811 2940
f 2940 2941 2812
f 2813 2812 2941
f 2941 2942 2813
f 2814 2813 2942
f 2942 2943 2814
f 2815 2814 2943
f 2943 2944 2815
f 2816 2815 2944
f 2944 2945 2816
f 2817 2816 2945
f 2945 2946 2817
f 2818 2817 2946
f 2946 2947 2818
f 2819 2818 2947
f 2947 2948 2819
f 2820 2819 2948
f 2948 2949 2820
f 2821 2820 2949
f 2949 2950 2821
f 2822 2821 2950
f 2950 2951 2822
f 2823 2822 2951
f 2951 2952 2823
f 2824 2823 2952
f 2952 2953 2824
f 2825 2824 2953
f 2953 2954 2825
f 2826 2825 2954
f 2954 2955 2826
f 2827 2826 2955
f 2955 2956 2827
f 2828 2827 2956
f 2956 2957 2828
f 2829 2828 2957
f 2957 2958 2829
f 2830 2829 2958
f 2958 2959 2830
f 2831 2830 2959
f 2959 2960 2831
f 2832 2831 2960
f 2960 2961 2832
f 2833 2832 2961
f 2961 2962 2833
f 2834 2833 2962
f 2962 2963 2834
f 2835 2834 2963
f 2963 2964 2835
f 2836 2835 2964
f 2964 2965 2836
f 2837 2836 2965
f 2965 2966 2837
f 2838 2837 2966
f 2966 2967 2838
f 2839 2838 2967
f 2967 2968 2839
f 2840 2839 2968
f 2968 2969 2840
f 2841 2840 2969
f 2969 2970 2841
f 2842 2841 2970
f 2970 2971 2842
f 2843 2842 2971
f 2971 2972 2843
f 2844 2843 2972
f 2972 2973 2844
f 2845 2844 2973
f 2973 2974 2845
f 2846 2845 2974
f 2974 2975 2846
f 2847 2846 2975
f 2975 2976 2847
f 2848 2847 2976
f 2976 2977 2848
f 2849 2848 2977
f 2977 2978 2849
f 2850 2849 2978
f 2978 2979 2850
f 2851 2850 2979
f 2979 2980 2851
f 2852 2851 2980
f 2980 2981 2852
f 2853 2852 2981
f 2981 2982 2853
f 2854 2853 2982
f 2982 2983 2854
f 2855 2854 2983
f 2983 2984 2855
f 2856 2855 2984
f 2984 2985 2856
f 2857 2856 2985
f 2985 2986 2857
f 2858 2857 2986
f 2986 2987 2858
f 2859 2858 2987
f 2987 2988 2859
f 2860 2859 2988
f 2988 2989 2860
f 2861 2860 2989
f 2989 2990 2861
f 2862 2861 2990
f 2990 2991 2862
f 2863 2862 2991
f 2991 2992 2863
f 2864 2863 2992
f 2992 2993 2864
f 2865 2864 2993
f 2993 2994 2865
f 2866 2865 2994
f 2994 2995 2866
f 2867 2866 2995
f 2995 2996 2867
f 2868 2867 2996
f 2996 2997 2868
f 2869 2868 2997
f 2997 2998 2869
f 2870 2869 2998
f 2998 2999 2870
f 2871 2870 2999
f 2999 3000 2871
f 2872 2871 3000
f 3000 3001 2872
f 2873 2872 3001
f 3001 3002 2873
f 2874 2873 3002
f 3002 3003 2874
f 2875 2874 3003
f 3003 3004 2875
f 2876 2875 3004
f 3004 3005 2876
f 2877 2876 3005
f 3005 3006 2877
f 2878 2877 3006
f 3006 3007 2878
f 2879 2878 3007
f 3007 3008 2879
f 2880 2879 3008
f 3008 3009 2880
f 2881 2880 3009
f 3009 3010 2881
f 2882 2881 3010
f 3010 3011 2882
f 2883 2882 3011
f 3011 3012 2883
f 2884 2883 3012
f 3012 3013 2884
f 2885 2884 3013
f 3013 3014 2885
f 2886 2885 3014
f 3014 3015 2886
f 2887 2886 3015
f 3015 3016 2887
f 2888 2887 3016
f 3016 3017 2888
f 2889 2888 3017
f 3017 3018 2889
f 2890 2889 3018
f 3018 3019 2890
f 2891 2890 3019
f 3019 3020 2891
f 2893 2892 3021
f 3021 3022 2893
f 2894 2893 3022
f 3022 3023 2894
f 2895 2894 3023
f 3023 3024 2895
f 2896 2895 3024
f 3024 3025 2896
f 2897 2896 3025
f 3025 3026 2897
f 2898 2897 3026
f 3026 3027 2898
f 2899 2898 3027
f 3027 3028 2899
f 2900 2899 3028
f 3028 3029 2900
f 2901 2900 3029
f 3029 3030 2901
f 2902 2901 3030
f 3030 3031 2902
f 2903 2902 3031
f 3031 3032 2903
f 2904 2903 3032
f 3032 3033 2904
f 2905 2904 3033
f 3033 3034 2905
f 2906 2905 3034
f 3034 3035 2906
f 2907 2906 3035
f 3035 3036 2907
f 2908 2907 3036
f 3036 3037 2908
f 2909 2908 3037
f 3037 3038 2909
f 2910 2909 3038
f 3038 3039 2910
f 2911 2910 3039
f 3039 3040 2911
f 2912 2911 3040
f 3040 3041 2912
f 2913 2912 3041
f 3041 3042 2913
f 2914 2913 3042
f 3042 3043 2914
f 2915 2914 3043
f 3043 3044 2915
f 2916 2915 3044
f 3044 3045 2916
f 2917 2916 3045
f 3045 3046 2917
f 2918 2917 3046
f 3046 3047 2918
f 2919 2918 3047
f 3047 3048 2919
f 2920 2919 3048
f 3048 3049 2920
f 2921 2920 3049
f 3049 3050 2921
f 2922 2921 3050
f 3050 3051 2922
f 2923 2922 3051
f 3051 3052 2923
f 2924 2923 3052
f 3052 3053 2924
f 2925 2924 3053
f 3053 3054 2925
f 2926 2925 3054
f 3054 3055 2926
f 2927 2926 3055
f 3055 3056 2927
f 2928 2927 3056
f 3056 3057 2928
f 2929 2928 3057
f 3057 3058 2929
f 2930 2929 3058
f 3058 3059 2930
f 2931 2930 3059
f 3059 3060 2931
f 2932 2931 3060
f 3060 3061 2932
f 2933 2932 3061
f 3061 3062 2933
f 2934 2933 3062
f 3062 3063 2934
f 2935 2934 3063
f 3063 3064 2935
f 2936 2935 3064
f 3064 3065 2936
f 2937 2936 3065
f 3065 3066 2937
f 2938 2937 3066
f 3066 3067 2938
f 2939 2938 3067
f 3067 3068 2939
f 2940 2939 3068
f 3068 3069 2940
f 2941 2940 3069
f 3069 3070 2941
f 2942 2941 3070
f 3070 3071 2942
f 2943 2942 3071
f 3071 3072 2943
f 2944 2943 3072
f 3072 3073 2944
f 2945 2944 3073
f 3073 3074 2945
f 2946 2945 3074
f 3074 3075 2946
f 2947 2946 3075
f 3075 3076 2947
f 2948 2947 3076
f 3076 3077 2948
f 2949 2948 3077
f 3077 3078 2949
f 2950 2949 3078
f 3078 3079 2950
f 2951 2950 3079
f 3079 3080 2951
f 2952 2951 3080
f 3080 3081 2952
f 2953 2952 3081
f 3081 3082 2953
f 2954 2953 3082
f 3082 3083 2954
f 2955 2954 3083
f 3083 3084 2955
f 2956 2955 3084
f 3084 3085 2956
f 2957 2956 3085
f 3085 3086 2957
f 2958 2957 3086
f 3086 3087 2958
f 2959 2958 3087
f 3087 3088 2959
f 2960 2959 3088
f 3088 3089 2960
f 2961 2960 3089
f 3089 3090 2961
f 2962 2961 3090
f 3090 3091 2962
f 2963 2962 3091
f 3091 3092 2963
f 2964 2963 3092
f 3092 3093 2964
f 2965 2964 3093
f 3093 3094 2965
f 2966 2965 3094
f 3094 3095 2966
f 2967 2966 3095
f 3095 3096 2967
f 2968 2967 3096
f 3096 3097 2968
f 2969 2968 3097
f 3097 3098 2969
f 2970 2969 3098
f 3098 3099 2970
f 2971 2970 3099
f 3099 3100 2971
f 2972 2971 3100
f 3100 3101 2972
f 2973 2972 3101
f 3101 3102 2973
f 2974 2973 3102
f 3102 3103 2974
f 2975 2974 3103
f 3103 3104 2975
f 2976 2975 3104
f 3104 3105 2976
f 2977 2976 3105
f 3105 3106 2977
f 2978 2977 3106
f 3106 3107 2978
f 2979 2978 3107
f 3107 3108 2979
f 2980 2979 3108
f 3108 3109 2980
f 2981 2980 3109
f 3109 3110 2981
f 2982 2981 3110
f 3110 3111 2982
f 2983 2982 3111
f 3111 3112 2983
f 2984 2983 3112
f 3112 3113 2984
f 2985 2984 3113
f 3113 3114 2985
f 2986 2985 3114
f 3114 3115 2986
f 2987 2986 3115
f 3115 3116 2987
f 2988 2987 3116
f 3116 3117 2988
f 2989 2988 3117
f 3117 3118 2989
f 2990 2989 3118
f 3118 3119 2990
f 2991 2990 3119
f 3119 3120 2991
f 2992 2991 3120
f 3120 3121 2992
f 2993 2992 3121
f 3121 3122 2993
f 2994 2993 3122
f 3122 3123 2994
f 2995 2994 3123
f 3123 3124 2995
f 2996 2995 3124
f 3124 3125 2996
f 2997 2996 3125
f 3125 3126 2997
f 2998 2997 3126
f 3126 3127 2998
f 2999 2998 3127
f 3127 3128 2999
f 3000 2999 3128
f 3128 3129 3000
f 3001 3000 3129
f 3129 3130 3001
f 3002 3001 3130
f 3130 3131 3002
f 3003 3002 3131
f 3131 3132 3003
f 3004 3003 3132
f 3132 3133 3004
f 3005 3004 3133
f 3133 3134 3005
f 3006 3005 3134
f 3134 3135 3006
f 3007 3006 3135
f 3135 3136 3007
f 3008 3007 3136
f 3136 3137 3008
f 3009 3008 3137
f 3137 3138 3009
f 3010 3009 3138
f 3138 3139 3010
f 3011 3010 3139
f 3139 3140 3011
f 3012 3011 3140
f 3140 3141 3012
f 3013 3012 3141
f 3141 3142 3013
f 3014 3013 3142
f 3142 3143 3014
f 3015 3014 3143
f 3143 3144 3015
f 3016 3015 3144
f 3144 3145 3016
f 3017 3016 3145
f 3145 3146 3017
f 3018 3017 3146
f 3146 3147 3018
f 3019 3018 3147
f 3147 3148 3019
f 3020 3019 3148
f 3148 3149 3020
f 3022 3021 3150
f 3150 3151 3022
f 3023 3022 3151
f 3151 3152 3023
f 3024 3023 3152
f 3152 3153 3024
f 3025 3024 3153
f 3153 3154 3025
f 3026 3025 3154
f 3154 3155 3026
f 3027 3026 3155
f 3155 3156 3027
f 3028 3027 3156
f 3156 3157 3028
f 3029 3028 3157
f 3157 3158 3029
f 3030 3029 3158
f 3158 3159 3030
f 3031 3030 3159
f 3159 3160 3031
f 3032 3031 3160
f 3160 3161 3032
f 3033 3032 3161
f 3161 3162 3033
f 3034 3033 3162
f 3162 3163 3034
f 3035 3034 3163
f 3163 3164 3035
f 3036 3035 3164
f 3164 3165 3036
f 3037 3036 3165
f 3165 3166 3037
f 3038 3037 3166
f 3166 3167 3038
f 3039 3038 3167
f 3167 3168 3039
f 3040 3039 3168
f 3168 3169 3040
f 3041 3040 3169
f 3169 3170 3041
f 3042 3041 3170
f 3170 3171 3042
f 3043 3042 3171
f 3171 3172 3043
f 3044 3043 3172
f 3172 3173 3044
f 3045 3044 3173
f 3173 3174 3045
f 3046 3045 3174
f 3174 3175 3046
f 3047 3046 3175
f 3175 3176 3047
f 3048 3047 3176
f 3176 3177 3048
f 3049 3048 3177
f 3177 3178 3049
f 3050 3049 3178
f 3178 3179 3050
f 3051 3050 3179
f 3179 3180 3051
f 3052 3051 3180
f 3180 3181 3052
f 3053 3052 3181
f 3181 3182 3053
f 3054 3053 3182
f 3182 3183 3054
f 3055 3054 3183
f 3183 3184 3055
f 3056 3055 3184
f 3184 3185 3056
f 3057 3056 3185
f 3185 3186 3057
f 3058 3057 3186
f 3186 3187 3058
f 3059 3058 3187
f 3187 3188 3059
f 3060 3059 3188
f 3188 3189 3060
f 3061 3060 3189
f 3189 3190 3061
f 3062 3061 3190
f 3190 3191 3062
f 3063 3062 3191
f 3191 3192 3063
f 3064 3063 3192
f 3192 3193 3064
f 3065 3064 3193
f 3193 3194 3065
f 3066 3065 3194
f 3194 3195 3066
f 3067 3066 3195
f 3195 3196 3067
f 3068 3067 3196
f 3196 3197 3068
f 3069 3068 3197
f 3197 3198 3069
f 3070 3069 3198
f 3198 3199 3070
f 3071 3070 3199
f 3199 3200 3071
f 3072 3071 3200
f 3200 3201 3072
f 3073 3072 3201
f 3201 3202 3073
f 3074 3073 3202
f 3202 3203 3074
f 3075 3074 3203
f 3203 3204 3075
f 3076 3075 3204
f 3204 3205 3076
f 3077 3076 3205
f 3205 3206 3077
f 3078 3077 3206
f 3206 3207 3078
f 3079 3078 3207
f 3207 3208 3079
f 3080 3079 3208
f 3208 3209 3080
f 3081 3080 3209
f 3209 3210 3081
f 3082 3081 3210
f 3210 3211 3082
f 3083 3082 3211
f 3211 3212 3083
f 3084 3083 3212
f 3212 3213 3084
f 3085 3084 3213
f 3213 3214 3085
f 3086 3085 3214
f 3214 3215 3086
f 3087 3086 3215
f 3215 3216 3087
f 3088 3087 3216
f 3216 3217 3088
f 3089 3088 3217
f 3217 3218 3089
f 3090 3089 3218
f 3218 3219 3090
f 3091 3090 3219
f 3219 3220 3091
f 3092 3091 3220
f 3220 3221 3092
f 3093 3092 3221
f 3221 3222 3093
f 3094 3093 3222
f 3222 3223 3094
f 3095 3094 3223
f 3223 3224 3095
f 3096 3095 3224
f 3224 3225 3096
f 3097 3096 3225
f 3225 3226 3097
f 3098 3097 3226
f 3226 3227 3098
f 3099 3098 3227
f 3227 3228 3099
f 3100 3099 3228
f 3228 3229 3100
f 3101 3100 3229
f 3229 3230 3101
f 3102 3101 3230
f 3230 3231 3102
f 3103 3102 3231
f 3231 3232 3103
f 3104 3103 3232
f 3232 3233 3104
f 3105 3104 3233
f 3233 3234 3105
f 3106 3105 3234
f 3234 3235 3106
f 3107 3106 3235
f 3235 3236 3107
f 3108 3107 3236
f 3236 3237 3108
f 3109 3108 3237
f 3237 3238 3109
f 3110 3109 3238
f 3238 3239 3110
f 3111 3110 3239
f 3239 3240 3111
f 3112 3111 3240
f 3240 3241 3112
f 3113 3112 3241
f 3241 3242 3113
f 3114 3113 3242
f 3242 3243 3114
f 3115 3114 3243
f 3243 3244 3115
f 3116 3115 3244
f 3244 3245 3116
f 3117 3116 3245
f 3245 3246 3117
f 3118 3117 3246
f 3246 3247 3118
f 3119 3118 3247
f 3247 3248 3119
f 3120 3119 3248
f 3248 3249 3120
f 3121 3120 3249
f 3249 3250 3121
f 3122 3121 3250
f 3250 3251 3122
f 3123 3122 3251
f 3251 3252 3123
f 3124 3123 3252
f 3252 3253 3124
f 3125 3124 3253
f 3253 3254 3125
f 3126 3125 3254
f 3254 3255 3126
f 3127 3126 3255
f 3255 3256 3127
f 3128 3127 3256
f 3256 3257 3128
f 3129 3128 3257
f 3257 3258 3129
f 3130 3129 3258
f 3258 3259 3130
f 3131 3130 3259
f 3259 3260 3131
f 3132 3131 3260
f 3260 3261 3132
f 3133 3132 3261
f 3261 3262 3133
f 3134 3133 3262
f 3262 3263 3134
f 3135 3134 3263
f 3263 3264 3135
f 3136 3135 3264
f 3264 3265 3136
f 3137 3136 3265
f 3265 3266 3137
f 3138 3137 3266
f 3266 3267 3138
f 3139 3138 3267
f 3267 3268 3139
f 3140 3139 3268
f 3268 3269 3140
f 3141 3140 3269
f 3269 3270 3141
f 3142 3141 3270
f 3270 3271 3142
f 3143 3142 3271
f 3271 3272 3143
f 3144 3143 3272
f 3272 3273 3144
f 3145 3144 3273
f 3273 3274 3145
f 3146 3145 3274
f 3274 3275 3146
f 3147 3146 3275
f 3275 3276 3147
f 3148 3147 3276
f 3276 3277 3148
f 3149 3148 3277
f 3277 3278 3149
f 3151 3150 3279
f 3279 3280 3151
f 3152 3151 3280
f 3280 3281 3152
f 3153 3152 3281
f 3281 3282 3153
f 3154 3153 3282
f 3282 3283 3154
f 3155 3154 3283
f 3283 3284 3155
f 3156 3155 3284
f 3284 3285 3156
f 3157 3156 3285
f 3285 3286 3157
f 3158 3157 3286
f 3286 3287 3158
f 3159 3158 3287
f 3287 3288 3159
f 3160 3159 3288
f 3288 3289 3160
f 3161 3160 3289
f 3289 3290 3161
f 3162 3161 3290
f 3290 3291 3162
f 3163 3162 3291
f 3291 3292 3163
f 3164 3163 3292
f 3292 3293 3164
f 3165 3164 3293
f 3293 3294 3165
f 3166 3165 3294
f 3294 3295 3166
f 3167 3166 3295
f 3295 3296 3167
f 3168 3167 3296
f 3296 3297 3168
f 3169 3168 3297
f 3297 3298 3169
f 3170 3169 3298
f 3298 3299 3170
f 3171 3170 3299
f 3299 3300 3171
f 3172 3171 3300
f 3300 3301 3172
f 3173 3172 3301
f 3301 3302 3173
f 3174 3173 3302
f 3302 3303 3174
f 3175 3174 3303
f 3303 3304 3175
f 3176 3175 3304
f 3304 3305 3176
f 3177 3176 3305
f 3305 3306 3177
f 3178 3177 3306
f 3306 3307 3178
f 3179 3178 3307
f 3307 3308 3179
f 3180 3179 3308
f 3308 3309 3180
f 3181 3180 3309
f 3309 3310 3181
f 3182 3181 3310
f 3310 3311 3182
f 3183 3182 3311
f 3311 3312 3183
f 3184 3183 3312
f 3312 3313 3184
f 3185 3184 3313
f 3313 3314 3185
f 3186 3185 3314
f 3314 3315 3186
f 3187 3186 3315
f 3315 3316 3187
f 3188 3187 3316
f 3316 3317 3188
f 3189 3188 3317
f 3317 3318 3189
f 3190 3189 3318
f 3318 3319 3190
f 3191 3190 3319
f 3319 3320 3191
f 3192 3191 3320
f 3320 3321 3192
f 3193 3192 3321
f 3321 3322 3193
f 3194 3193 3322
f 3322 3323 3194
f 3195 3194 3323
f 3323 3324 3195
f 3196 3195 3324
f 3324 3325 3196
f 3197 3196 3325
f 3325 3326 3197
f 3198 3197 3326
f 3326 3327 3198
f 3199 3198 3327
f 3327 3328 3199
f 3200 3199 3328
f 3328 3329 3200
f 3201 3200 3329
f 3329 3330 3201
f 3202 3201 3330
f 3330 3331 3202
f 3203 3202 3331
f 3331 3332 3203
f 3204 3203 3332
f 3332 3333 3204
f 3205 3204 3333
f 3333 3334 3205
f 3206 3205 3334
f 3334 3335 3206
f 3207 3206 3335
f 3335 3336 3207
f 3208 3207 3336
f 3336 3337 3208
f 3209 3208 3337
f 3337 3338 3209
f 3210 3209 3338
f 3338 3339 3210
f 3211 3210 3339
f 3339 3340 3211
f 3212 3211 3340
f 3340 3341 3212
f 3213 3212 3341
f 3341 3342 3213
f 3214 3213 3342
f 3342 3343 3214
f 3215 3214 3343
f 3343 3344 3215
f 3216 3215 3344
f 3344 3345 3216
f 3217 3216 3345
f 3345 3346 3217
f 3218 3217 3346
f 3346 3347 3218
f 3219 3218 3347
f 3347 3348 3219
f 3220 3219 3348
f 3348 3349 3220
f 3221 3220 3349
f 3349 3350 3221
f 3222 3221 3350
f 3350 3351 3222
f 3223 3222 3351
f 3351 3352 3223
f 3224 3223 3352
f 3352 3353 3224
f 3225 3224 3353
f 3353 3354 3225
f 3226 3225 3354
f 3354 3355 3226
f 3227 3226 3355
f 3355 3356 3227
f 3228 3227 3356
f 3356 3357 3228
f 3229 3228 3357
f 3357 3358 3229
f 3230 3229 3358
f 3358 3359 3230
f 3231 3230 3359
f 3359 3360 3231
f 3232 3231 3360
f 3360 3361 3232
f 3233 3232 3361
f 3361 3362 3233
f 3234 3233 3362
f 3362 3363 3234
f 3235 3234 3363
f 3363 3364 3235
f 3236 3235 3364
f 3364 3365 3236
f 3237 3236 3365
f 3365 3366 3237
f 3238 3237 3366
f 3366 3367 3238
f 3239 3238 3367
f 3367 3368 3239
f 3240 3239 3368
f 3368 3369 3240
f 3241 3240 3369
f 3369 3370 3241
f 3242 3241 3370
f 3370 3371 3242
f 3243 3242 3371
f 3371 3372 3243
f 3244 3243 3372
f 3372 3373 3244
f 3245 3244 3373
f 3373 3374 3245
f 3246 3245 3374
f 3374 3375 3246
f 3247 3246 3375
f 3375 3376 3247
f 3248 3247 3376
f 3376 3377 3248
f 3249 3248 3377
f 3377 3378 3249
f 3250 3249 3378
f 3378 3379 3250
f 3251 3250 3379
f 3379 3380 3251
f 3252 3251 3380
f 3380 3381 3252
f 3253 3252 3381
f 3381 3382 3253
f 3254 3253 3382
f 3382 3383 3254
f 3255 3254 3383
f 3383 3384 3255
f 3256 3255 3384
f 3384 3385 3256
f 3257 3256 3385
f 3385 3386 3257
f 3258 3257 3386
f 3386 3387 3258
f 3259 3258 3387
f 3387 3388 3259
f 3260 3259 3388
f 3388 3389 3260
f 3261 3260 3389
f 3389 3390 3261
f 3262 3261 3390
f 3390 3391 3262
f 3263 3262 3391
f 3391 3392 3263
f 3264 3263 3392
f 3392 3393 3264
f 3265 3264 3393
f 3393 3394 3265
f 3266 3265 3394
f 3394 3395 3266
f 3267 3266 3395
f 3395 3396 3267
f 3268 3267 3396
f 3396 3397 3268
f 3269 3268 3397
f 3397 3398 3269
f 3270 3269 3398
f 3398 3399 3270
f 3271 3270 3399
f 3399 3400 3271
f 3272 3271 3400
f 3400 3401 3272
f 3273 3272 3401
f 3401 3402 3273
f 3274 3273 3402
f 3402 3403 3274
f 3275 3274 3403
f 3403 3404 3275
f 3276 3275 3404
f 3404 3405 3276
f 3277 3276 3405
f 3405 3406 3277
f 3278 3277 3406
f 3406 3407 3278
f 3280 3279 3408
f 3408 3409 3280
f 3281 3280 3409
f 3409 3410 3281
f 3282 3281 3410
f 3410 3411 3282
f 3283 3282 3411
f 3411 3412 3283
f 3284 3283 3412
f 3412 3413 3284
f 3285 3284 3413
f 3413 3414 3285
f 3286 3285 3414
f 3414 3415 3286
f 3287 3286 3415
f 3415 3416 3287
f 3288 3287 3416
f 3416 3417 3288
f 3289 3288 3417
f 3417 3418 3289
f 3290 3289 3418
f 3418 3419 3290
f 3291 3290 3419
f 3419 3420 3291
f 3292 3291 3420
f 3420 3421 3292
f 3293 3292 3421
f 3421 3422 3293
f 3294 3293 3422
f 3422 3423 3294
f 3295 3294 3423
f 3423 3424 3295
f 3296 3295 3424
f 3424 3425 3296
f 3297 3296 3425
f 3425 3426 3297
f 3298 3297 3426
f 3426 3427 3298
f 3299 3298 3427
f 3427 3428 3299
f 3300 3299 3428
f 3428 3429 3300
f 3301 3300 3429
f 3429 3430 3301
f 3302 3301 3430
f 3430 3431 3302
f 3303 3302 3431
f 3431 3432 3303
f 3304 3303 3432
f 3432 3433 3304
f 3305 3304 3433
f 3433 3434 3305
f 3306 3305 3434
f 3434 3435 3306
f 3307 3306 3435
f 3435 3436 3307
f 3308 3307 3436
f 3436 3437 3308
f 3309 3308 3437
f 3437 3438 3309
f 3310 3309 3438
f 3438 3439 3310
f 3311 3310 3439
f 3439 3440 3311
f 3312 3311 3440
f 3440 3441 3312
f 3313 3312 3441
f 3441 3442 3313
f 3314 3313 3442
f 3442 3443 3314
f 3315 3314 3443
f 3443 3444 3315
f 3316 3315 3444
f 3444 3445 3316
f 3317 3316 3445
f 3445 3446 3317
f 3318 3317 3446
f 3446 3447 3318
f 3319 3318 3447
f 3447 3448 3319
f 3320 3319 3448
f 3448 3449 3320
f 3321 3320 3449
f 3449 3450 3321
f 3322 3321 3450
f 3450 3451 3322
f 3323 3322 3451
f 3451 3452 3323
f 3324 3323 3452
f 3452 3453 3324
f 3325 3324 3453
f 3453 3454 3325
f 3326 3325 3454
f 3454 3455 3326
f 3327 3326 3455
f 3455 3456 3327
f 3328 3327 3456
f 3456 3457 3328
f 3329 3328 3457
f 3457 3458 3329
f 3330 3329 3458
f 3458 3459 3330
f 3331 3330 3459
f 3459 3460 3331
f 3332 3331 3460
f 3460 3461 3332
f 3333 3332 3461
f 3461 3462 3333
f 3334 3333 3462
f 3462 3463 3334
f 3335 3334 3463
f 3463 3464 3335
f 3336 3335 3464
f 3464 3465 3336
f 3337 3336 3465
f 3465 3466 3337
f 3338 3337 3466
f 3466 3467 3338
f 3339 3338 3467
f 3467 3468 3339
f 3340 3339 3468
f 3468 3469 3340
f 3341 3340 3469
f 3469 3470 3341
f 3342 3341 3470
f 3470 3471 3342
f 3343 3342 3471
f 3471 3472 3343
f 3344 3343 3472
f 3472 3473 3344
f 3345 3344 3473
f 3473 3474 3345
f 3346 3345 3474
f 3474 3475 3346
f 3347 3346 3475
f 3475 3476 3347
f 3348 3347 3476
f 3476 3477 3348
f 3349 3348 3477
f 3477 3478 3349
f 3350 3349 3478
f 3478 3479 3350
f 3351 3350 3479
f 3479 3480 3351
f 3352 3351 3480
f 3480 3481 3352
f 3353 3352 3481
f 3481 3482 3353
f 3354 3353 3482
f 3482 3483 3354
f 3355 3354 3483
f 3483 3484 3355
f 3356 3355 3484
f 3484 3485 3356
f 3357 3356 3485
f 3485 3486 3357
f 3358 3357 3486
f 3486 3487 3358
f 3359 3358 3487
f 3487 3488 3359
f 3360 3359 3488
f 3488 3489 3360
f 3361 3360 3489
f 3489 3490 3361
f 3362 3361 3490
f 3490 3491 3362
f 3363 3362 3491
f 3491 3492 3363
f 3364 3363 3492
f 3492 3493 3364
f 3365 3364 3493
f 3493 3494 3365
f 3366 3365 3494
f 3494 3495 3366
f 3367 3366 3495
f 3495 3496 3367
f 3368 3367 3496
f 3496 3497 3368
f 3369 3368 3497
f 3497 3498 3369
f 3370 3369 3498
f 3498 3499 3370
f 3371 3370 3499
f 3499 3500 3371
f 3372 3371 3500
f 3500 3501 3372
f 3373 3372 3501
f 3501 3502 3373
f 3374 3373 3502
f 3502 3503 3374
f 3375 3374 3503
f 3503 3504 3375
f 3376 3375 3504
f 3504 3505 3376
f 3377 3376 3505
f 3505 3506 3377
f 3378 3377 3506
f 3506 3507 3378
f 3379 3378 3507
f 3507 3508 3379
f 3380 3379 3508
f 3508 3509 3380
f 3381 3380 3509
f 3509 3510 3381
f 3382 3381 3510
f 3510 3511 3382
f 3383 3382 3511
f 3511 3512 3383
f 3384 3383 3512
f 3512 3513 3384
f 3385 3384 3513
f 3513 3514 3385
f 3386 3385 3514
f 3514 3515 3386
f 3387 3386 3515
f 3515 3516 3387
f 3388 3387 3516
f 3516 3517 3388
f 3389 3388 3517
f 3517 3518 3389
f 3390 3389 3518
f 3518 3519 3390
f 3391 3390 3519
f 3519 3520 3391
f 3392 3391 3520
f 3520 3521 3392
f 3393 3392 3521
f 3521 3522 3393
f 3394 3393 3522
f 3522 3523 3394
f 3395 3394 3523
f 3523 3524 3395
f 3396 3395 3524
f 3524 3525 3396
f 3397 3396 3525
f 3525 3526 3397
f 3398 3397 3526
f 3526 3527 3398
f 3399 3398 3527
f 3527 3528 3399
f 3400 3399 3528
f 3528 3529 3400
f 3401 3400 3529
f 3529 3530 3401
f 3402 3401 3530
f 3530 3531 3402
f 3403 3402 3531
f 3531 3532 3403
f 3404 3403 3532
f 3532 3533 3404
f 3405 3404 3533
f 3533 3534 3405
f 3406 3405 3534
f 3534 3535 3406
f 3407 3406 3535
f 3535 3536 3407
f 3409 3408 3537
f 3537 3538 3409
f 3410 3409 3538
f 3538 3539 3410
f 3411 3410 3539
f 3539 3540 3411
f 3412 3411 3540
f 3540 3541 3412
f 3413 3412 3541
f 3541 3542 3413
f 3414 3413 3542
f 3542 3543 3414
f 3415 3414 3543
f 3543 3544 3415
f 3416 3415 3544
f 3544 3545 3416
f 3417 3416 3545
f 3545 3546 3417
f 3418 3417 3546
f 3546 3547 3418
f 3419 3418 3547
f 3547 3548 3419
f 3420 3419 3548
f 3548 3549 3420
f 3421 3420 3549
f 3549 3550 3421
f 3422 3421 3550
f 3550 3551 3422
f 3423 3422 3551
f 3551 3552 3423
f 3424 3423 3552
f 3552 3553 3424
f 3425 3424 3553
f 3553 3554 3425
f 3426 3425 3554
f 3554 3555 3426
f 3427 3426 3555
f 3555 3556 3427
f 3428 3427 3556
f 3556 3557 3428
f 3429 3428 3557
f 3557 3558 3429
f 3430 3429 3558
f 3558 3559 3430
f 3431 3430 3559
f 3559 3560 3431
f 3432 3431 3560
f 3560 3561 3432
f 3433 3432 3561
f 3561 3562 3433
f 3434 3433 3562
f 3562 3563 3434
f 3435 3434 3563
f 3563 3564 3435
f 3436 3435 3564
f 3564 3565 3436
f 3437 3436 3565
f 3565 3566 3437
f 3438 3437 3566
f 3566 3567 3438
f 3439 3438 3567
f 3567 3568 3439
f 3440 3439 3568
f 3568 3569 3440
f 3441 3440 3569
f 3569 3570 3441
f 3442 3441 3570
f 3570 3571 3442
f 3443 3442 3571
f 3571 3572 3443
f 3444 3443 3572
f 3572 3573 3444
f 3445 3444 3573
f 3573 3574 3445
f 3446 3445 3574
f 3574 3575 3446
f 3447 3446 3575
f 3575 3576 3447
f 3448 3447 3576
f 3576 3577 3448
f 3449 3448 3577
f 3577 3578 3449
f 3450 3449 3578
f 3578 3579 3450
f 3451 3450 3579
f 3579 3580 3451
f 3452 3451 3580
f 3580 3581 3452
f 3453 3452 3581
f 3581 3582 3453
f 3454 3453 3582
f 3582 3583 3454
f 3455 3454 3583
f 3583 3584 3455
f 3456 3455 3584
f 3584 3585 3456
f 3457 3456 3585
f 3585 3586 3457
f 3458 3457 3586
f 3586 3587 3458
f 3459 3458 3587
f 3587 3588 3459
f 3460 3459 3588
f 3588 3589 3460
f 3461 3460 3589
f 3589 3590 3461
f 3462 3461 3590
f 3590 3591 3462
f 3463 3462 3591
f 3591 3592 3463
f 3464 3463 3592
f 3592 3593 3464
f 3465 3464 3593
f 3593 3594 3465
f 3466 3465 3594
f 3594 3595 3466
f 3467 3466 3595
f 3595 3596 3467
f 3468 3467 3596
f 3596 3597 3468
f 3469 3468 3597
f 3597 3598 3469
f 3470 3469 3598
f 3598 3599 3470
f 3471 3470 3599
f 3599 3600 3471
f 3472 3471 3600
f 3600 3601 3472
f 3473 3472 3601
f 3601 3602 3473
f 3474 3473 3602
f 3602 3603 3474
f 3475 3474 3603
f 3603 3604 3475
f 3476 3475 3604
f 3604 3605 3476
f 3477 3476 3605
f 3605 3606 3477
f 3478 3477 3606
f 3606 3607 3478
f 3479 3478 3607
f 3607 3608 3479
f 3480 3479 3608
f 3608 3609 3480
f 3481 3480 3609
f 3609 3610 3481
f 3482 3481 3610
f 3610 3611 3482
f 3483 3482 3611
f 3611 3612 3483
f 3484 3483 3612
f 3612 3613 3484
f 3485 3484 3613
f 3613 3614 3485
f 3486 3485 3614
f 3614 3615 3486
f 3487 3486 3615
f 3615 3616 3487
f 3488 3487 3616
f 3616 3617 3488
f 3489 3488 3617
f 3617 3618 3489
f 3490 3489 3618
f 3618 3619 3490
f 3491 3490 3619
f 3619 3620 3491
f 3492 3491 3620
f 3620 3621 3492
f 3493 3492 3621
f 3621 3622 3493
f 3494 3493 3622
f 3622 3623 3494
f 3495 3494 3623
f 3623 3624 3495
f 3496 3495 3624
f 3624 3625 3496
f 3497 3496 3625
f 3625 3626 3497
f 3498 3497 3626
f 3626 3627 3498
f 3499 3498 3627
f 3627 3628 3499
f 3500 3499 3628
f 3628 3629 3500
f 3501 3500 3629
f 3629 3630 3501
f 3502 3501 3630
f 3630 3631 3502
f 3503 3502 3631
f 3631 3632 3503
f 3504 3503 3632
f 3632 3633 3504
f 3505 3504 3633
f 3633 3634 3505
f 3506 3505 3634
f 3634 3635 3506
f 3507 3506 3635
f 3635 3636 3507
f 3508 3507 3636
f 3636 3637 3508
f 3509 3508 3637
f 3637 3638 3509
f 3510 3509 3638
f 3638 3639 3510
f 3511 3510 3639
f 3639 3640 3511
f 3512 3511 3640
f 3640 3641 3512
f 3513 3512 3641
f 3641 3642 3513
f 3514 3513 3642
f 3642 3643 3514
f 3515 3514 3643
f 3643 3644 3515
f 3516 3515 3644
f 3644 3645 3516
f 3517 3516 3645
f 3645 3646 3517
f 3518 3517 3646
f 3646 3647 3518
f 3519 3518 3647
f 3647 3648 3519
f 3520 3519 3648
f 3648 3649 3520
f 3521 3520 3649
f 3649 3650 3521
f 3522 3521 3650
f 3650 3651 3522
f 3523 3522 3651
f 3651 3652 3523
f 3524 3523 3652
f 3652 3653 3524
f 3525 3524 3653
f 3653 3654 3525
f 3526 3525 3654
f 3654 3655 3526
f 3527 3526 3655
f 3655 3656 3527
f 3528 3527 3656
f 3656 3657 3528
f 3529 3528 3657
f 3657 3658 3529
f 3530 3529 3658
f 3658 3659 3530
f 3531 3530 3659
f 3659 3660 3531
f 3532 3531 3660
f 3660 3661 3532
f 3533 3532 3661
f 3661 3662 3533
f 3534 3533 3662
f 3662 3663 3534
f 3535 3534 3663
f 3663 3664 3535
f 3536 3535 3664
f 3664 3665 3536
f 3538 3537 3666
f 3666 3667 3538
f 3539 3538 3667
f 3667 3668 3539
f 3540 3539 3668
f 3668 3669 3540
f 3541 3540 3669
f 3669 3670 3541
f 3542 3541 3670
f 3670 3671 3542
f 3543 3542 3671
f 3671 3672 3543
f 3544 3543 3672
f 3672 3673 3544
f 3545 3544 3673
f 3673 3674 3545
f 3546 3545 3674
f 3674 3675 3546
f 3547 3546 3675
f 3675 3676 3547
f 3548 3547 3676
f 3676 3677 3548
f 3549 3548 3677
f 3677 3678 3549
f 3550 3549 3678
f 3678 3679 3550
f 3551 3550 3679
f 3679 3680 3551
f 3552 3551 3680
f 3680 3681 3552
f 3553 3552 3681
f 3681 3682 3553
f 3554 3553 3682
f 3682 3683 3554
f 3555 3554 3683
f 3683 3684 3555
f 3556 3555 3684
f 3684 3685 3556
f 3557 3556 3685
f 3685 3686 3557
f 3558 3557 3686
f 3686 3687 3558
f 3559 3558 3687
f 3687 3688 3559
f 3560 3559 3688
f 3688 3689 3560
f 3561 3560 3689
f 3689 3690 3561
f 3562 3561 3690
f 3690 3691 3562
f 3563 3562 3691
f 3691 3692 3563
f 3564 3563 3692
f 3692 3693 3564
f 3565 3564 3693
f 3693 3694 3565
f 3566 3565 3694
f 3694 3695 3566
f 3567 3566 3695
f 3695 3696 3567
f 3568 3567 3696
f 3696 3697 3568
f 3569 3568 3697
f 3697 3698 3569
f 3570 3569 3698
f 3698 3699 3570
f 3571 3570 3699
f 3699 3700 3571
f 3572 3571 3700
f 3700 3701 3572
f 3573 3572 3701
f 3701 3702 3573
f 3574 3573 3702
f 3702 3703 3574
f 3575 3574 3703
f 3703 3704 3575
f 3576 3575 3704
f 3704 3705 3576
f 3577 3576 3705
f 3705 3706 3577
f 3578 3577 3706
f 3706 3707 3578
f 3579 3578 3707
f 3707 3708 3579
f 3580 3579 3708
f 3708 3709 3580
f 3581 3580 3709
f 3709 3710 3581
f 3582 3581 3710
f 3710 3711 3582
f 3583 3582 3711
f 3711 3712 3583
f 3584 3583 3712
f 3712 3713 3584
f 3585 3584 3713
f 3713 3714 3585
f 3586 3585 3714
f 3714 3715 3586
f 3587 3586 3715
f 3715 3716 3587
f 3588 3587 3716
f 3716 3717 3588
f 3589 3588 3717
f 3717 3718 3589
f 3590 3589 3718
f 3718 3719 3590
f 3591 3590 3719
f 3719 3720 3591
f 3592 3591 3720
f 3720 3721 3592
f 3593 3592 3721
f 3721 3722 3593
f 3594 3593 3722
f 3722 3723 3594
f 3595 3594 3723
f 3723 3724 3595
f 3596 3595 3724
f 3724 3725 3596
f 3597 3596 3725
f 3725 3726 3597
f 3598 3597 3726
f 3726 3727 3598
f 3599 3598 3727
f 3727 3728 3599
f 3600 3599 3728
f 3728 3729 3600
f 3601 3600 3729
f 3729 3730 3601
f 3602 3601 3730
f 3730 3731 3602
f 3603 3602 3731
f 3731 3732 3603
f 3604 3603 3732
f 3732 3733 3604
f 3605 3604 3733
f 3733 3734 3605
f 3606 3605 3734
f 3734 3735 3606
f 3607 3606 3735
f 3735 3736 3607
f 3608 3607 3736
f 3736 3737 3608
f 3609 3608 3737
f 3737 3738 3609
f 3610 3609 3738
f 3738 3739 3610
f 3611 3610 3739
f 3739 3740 3611
f 3612 3611 3740
f 3740 3741 3612
f 3613 3612 3741
f 3741 3742 3613
f 3614 3613 3742
f 3742 3743 3614
f 3615 3614 3743
f 3743 3744 3615
f 3616 3615 3744
f 3744 3745 3616
f 3617 3616 3745
f 3745 3746 3617
f 3618 3617 3746
f 3746 3747 3618
f 3619 3618 3747
f 3747 3748 3619
f 3620 3619 3748
f 3748 3749 3620
f 3621 3620 3749
f 3749 3750 3621
f 3622 3621 3750
f 3750 3751 3622
f 3623 3622 3751
f 3751 3752 3623
f 3624 3623 3752
f 3752 3753 3624
f 3625 3624 3753
f 3753 3754 3625
f 3626 3625 3754
f 3754 3755 3626
f 3627 3626 3755
f 3755 3756 3627
f 3628 3627 3756
f 3756 3757 3628
f 3629 3628 3757
f 3757 3758 3629
f 3630 3629 3758
f 3758 3759 3630
f 3631 3630 3759
f 3759 3760 3631
f 3632 3631 3760
f 3760 3761 3632
f 3633 3632 3761
f 3761 3762 3633
f 3634 3633 3762
f 3762 3763 3634
f 3635 3634 3763
f 3763 3764 3635
f 3636 3635 3764
f 3764 3765 3636
f 3637 3636 3765
f 3765 3766 3637
f 3638 3637 3766
f 3766 3767 3638
f 3639 3638 3767
f 3767 3768 3639
f 3640 3639 3768
f 3768 3769 3640
f 3641 3640 3769
f 3769 3770 3641
f 3642 3641 3770
f 3770 3771 3642
f 3643 3642 3771
f 3771 3772 3643
f 3644 3643 3772
f 3772 3773 3644
f 3645 3644 3773
f 3773 3774 3645
f 3646 3645 3774
f 3774 3775 3646
f 3647 3646 3775
f 3775 3776 3647
f 3648 3647 3776
f 3776 3777 3648
f 3649 3648 3777
f 3777 3778 3649
f 3650 3649 3778
f 3778 3779 3650
f 3651 3650 3779
f 3779 3780 3651
f 3652 3651 3780
f 3780 3781 3652
f 3653 3652 3781
f 3781 3782 3653
f 3654 3653 3782
f 3782 3783 3654
f 3655 3654 3783
f 3783 3784 3655
f 3656 3655 3784
f 3784 3785 3656
f 3657 3656 3785
f 3785 3786 3657
f 3658 3657 3786
f 3786 3787 3658
f 3659 3658 3787
f 3787 3788 3659
f 3660 3659 3788
f 3788 3789 3660
f 3661 3660 3789
f 3789 3790 3661
f 3662 3661 3790
f 3790 3791 3662
f 3663 3662 3791
f 3791 3792 3663
f 3664 3663 3792
f 3792 3793 3664
f 3665 3664 3793
f 3793 3794 3665
f 3667 3666 3795
f 3795 3796 3667
f 3668 3667 3796
f 3796 3797 3668
f 3669 3668 3797
f 3797 3798 3669
f 3670 3669 3798
f 3798 3799 3670
f 3671 3670 3799
f 3799 3800 3671
f 3672 3671 3800
f 3800 3801 3672
f 3673 3672 3801
f 3801 3802 3673
f 3674 3673 3802
f 3802 3803 3674
f 3675 3674 3803
f 3803 3804 3675
f 3676 3675 3804
f 3804 3805 3676
f 3677 3676 3805
f 3805 3806 3677
f 3678 3677 3806
f 3806 3807 3678
f 3679 3678 3807
f 3807 3808 3679
f 3680 3679 3808
f 3808 3809 3680
f 3681 3680 3809
f 3809 3810 3681
f 3682 3681 3810
f 3810 3811 3682
f 3683 3682 3811
f 3811 3812 3683
f 3684 3683 3812
f 3812 3813 3684
f 3685 3684 3813
f 3813 3814 3685
f 3686 3685 3814
f 3814 3815 3686
f 3687 3686 3815
f 3815 3816 3687
f 3688 3687 3816
f 3816 3817 3688
f 3689 3688 3817
f 3817 3818 3689
f 3690 3689 3818
f 3818 3819 3690
f 3691 3690 3819
f 3819 3820 3691
f 3692 3691 3820
f 3820 3821 3692
f 3693 3692 3821
f 3821 3822 3693
f 3694 3693 3822
f 3822 3823 3694
f 3695 3694 3823
f 3823 3824 3695
f 3696 3695 3824
f 3824 3825 3696
f 3697 3696 3825
f 3825 3826 3697
f 3698 3697 3826
f 3826 3827 3698
f 3699 3698 3827
f 3827 3828 3699
f 3700 3699 3828
f 3828 3829 3700
f 3701 3700 3829
f 3829 3830 3701
f 3702 3701 3830
f 3830 3831 3702
f 3703 3702 3831
f 3831 3832 3703
f 3704 3703 3832
f 3832 3833 3704
f 3705 3704 3833
f 3833 3834 3705
f 3706 3705 3834
f 3834 3835 3706
f 3707 3706 3835
f 3835 3836 3707
f 3708 3707 3836
f 3836 3837 3708
f 3709 3708 3837
f 3837 3838 3709
f 3710 3709 3838
f 3838 3839 3710
f 3711 3710 3839
f 3839 3840 3711
f 3712 3711 3840
f 3840 3841 3712
f 3713 3712 3841
f 3841 3842 3713
f 3714 3713 3842
f 3842 3843 3714
f 3715 3714 3843
f 3843 3844 3715
f 3716 3715 3844
f 3844 3845 3716
f 3717 3716 3845
f 3845 3846 3717
f 3718 3717 3846
f 3846 3847 3718
f 3719 3718 3847
f 3847 3848 3719
f 3720 3719 3848
f 3848 3849 3720
f 3721 3720 3849
f 3849 3850 3721
f 3722 3721 3850
f 3850 3851 3722
f 3723 3722 3851
f 3851 3852 3723
f 3724 3723 3852
f 3852 3853 3724
f 3725 3724 3853
f 3853 3854 3725
f 3726 3725 3854
f 3854 3855 3726
f 3727 3726 3855
f 3855 3856 3727
f 3728 3727 3856
f 3856 3857 3728
f 3729 3728 3857
f 3857 3858 3729
f 3730 3729 3858
f 3858 3859 3730
f 3731 3730 3859
f 3859 3860 3731
f 3732 3731 3860
f 3860 3861 3732
f 3733 3732 3861
f 3861 3862 3733
f 3734 3733 3862
f 3862 3863 3734
f 3735 3734 3863
f 3863 3864 3735
f 3736 3735 3864
f 3864 3865 3736
f 3737 3736 3865
f 3865 3866 3737
f 3738 3737 3866
f 3866 3867 3738
f 3739 3738 3867
f 3867 3868 3739
f 3740 3739 3868
f 3868 3869 3740
f 3741 3740 3869
f 3869 3870 3741
f 3742 3741 3870
f 3870 3871 3742
f 3743 3742 3871
f 3871 3872 3743
f 3744 3743 3872
f 3872 3873 3744
f 3745 3744 3873
f 3873 3874 3745
f 3746 3745 3874
f 3874 3875 3746
f 3747 3746 3875
f 3875 3876 3747
f 3748 3747 3876
f 3876 3877 3748
f 3749 3748 3877
f 3877 3878 3749
f 3750 3749 3878
f 3878 3879 3750
f 3751 3750 3879
f 3879 3880 3751
f 3752 3751 3880
f 3880 3881 3752
f 3753 3752 3881
f 3881 3882 3753
f 3754 3753 3882
f 3882 3883 3754
f 3755 3754 3883
f 3883 3884 3755
f 3756 3755 3884
f 3884 3885 3756
f 3757 3756 3885
f 3885 3886 3757
f 3758 3757 3886
f 3886 3887 3758
f 3759 3758 3887
f 3887 3888 3759
f 3760 3759 3888
f 3888 3889 3760
f 3761 3760 3889
f 3889 3890 3761
f 3762 3761 3890
f 3890 3891 3762
f 3763 3762 3891
f 3891 3892 3763
f 3764 3763 3892
f 3892 3893 3764
f 3765 3764 3893
f 3893 3894 3765
f 3766 3765 3894
f 3894 3895 3766
f 3767 3766 3895
f 3895 3896 3767
f 3768 3767 3896
f 3896 3897 3768
f 3769 3768 3897
f 3897 3898 3769
f 3770 3769 3898
f 3898 3899 3770
f 3771 3770 3899
f 3899 3900 3771
f 3772 3771 3900
f 3900 3901 3772
f 3773 3772 3901
f 3901 3902 3773
f 3774 3773 3902
f 3902 3903 3774
f 3775 3774 3903
f 3903 3904 3775
f 3776 3775 3904
f 3904 3905 3776
f 3777 3776 3905
f 3905 3906 3777
f 3778 3777 3906
f 3906 3907 3778
f 3779 3778 3907
f 3907 3908 3779
f 3780 3779 3908
f 3908 3909 3780
f 3781 3780 3909
f 3909 3910 3781
f 3782 3781 3910
f 3910 3911 3782
f 3783 3782 3911
f 3911 3912 3783
f 3784 3783 3912
f 3912 3913 3784
f 3785 3784 3913
f 3913 3914 3785
f 3786 3785 3914
f 3914 3915 3786
f 3787 3786 3915
f 3915 3916 3787
f 3788 3787 3916
f 3916 3917 3788
f 3789 3788 3917
f 3917 3918 3789
f 3790 3789 3918
f 3918 3919 3790
f 3791 3790 3919
f 3919 3920 3791
f 3792 3791 3920
f 3920 3921 3792
f 3793 3792 3921
f 3921 3922 3793
f 3794 3793 3922
f 3922 3923 3794
f 3796 3795 3924
f 3924 3925 3796
f 3797 3796 3925
f 3925 3926 3797
f 3798 3797 3926
f 3926 3927 3798
f 3799 3798 3927
f 3927 3928 3799
f 3800 3799 3928
f 3928 3929 3800
f 3801 3800 3929
f 3929 3930 3801
f 3802 3801 3930
f 3930 3931 3802
f 3803 3802 3931
f 3931 3932 3803
f 3804 3803 3932
f 3932 3933 3804
f 3805 3804 3933
f 3933 3934 3805
f 3806 3805 3934
f 3934 3935 3806
f 3807 3806 3935
f 3935 3936 3807
f 3808 3807 3936
f 3936 3937 3808
f 3809 3808 3937
f 3937 3938 3809
f 3810 3809 3938
f 3938 3939 3810
f 3811 3810 3939
f 3939 3940 3811
f 3812 3811 3940
f 3940 3941 3812
f 3813 3812 3941
f 3941 3942 3813
f 3814 3813 3942
f 3942 3943 3814
f 3815 3814 3943
f 3943 3944 3815
f 3816 3815 3944
f 3944 3945 3816
f 3817 3816 3945
f 3945 3946 3817
f 3818 3817 3946
f 3946 3947 3818
f 3819 3818 3947
f 3947 3948 3819
f 3820 3819 3948
f 3948 3949 3820
f 3821 3820 3949
f 3949 3950 3821
f 3822 3821 3950
f 3950 3951 3822
f 3823 3822 3951
f 3951 3952 3823
f 3824 3823 3952
f 3952 3953 3824
f 3825 3824 3953
f 3953 3954 3825
f 3826 3825 3954
f 3954 3955 3826
f 3827 3826 3955
f 3955 3956 3827
f 3828 3827 3956
f 3956 3957 3828
f 3829 3828 3957
f 3957 3958 3829
f 3830 3829 3958
f 3958 3959 3830
f 3831 3830 3959
f 3959 3960 3831
f 3832 3831 3960
f 3960 3961 3832
f 3833 3832 3961
f 3961 3962 3833
f 3834 3833 3962
f 3962 3963 3834
f 3835 3834 3963
f 3963 3964 3835
f 3836 3835 3964
f 3964 3965 3836
f 3837 3836 3965
f 3965 3966 3837
f 3838 3837 3966
f 3966 3967 3838
f 3839 3838 3967
f 3967 3968 3839
f 3840 3839 3968
f 3968 3969 3840
f 3841 3840 3969
f 3969 3970 3841
f 3842 3841 3970
f 3970 3971 3842
f 3843 3842 3971
f 3971 3972 3843
f 3844 3843 3972
f 3972 3973 3844
f 3845 3844 3973
f 3973 3974 3845
f 3846 3845 3974
f 3974 3975 3846
f 3847 3846 3975
f 3975 3976 3847
f 3848 3847 3976
f 3976 3977 3848
f 3849 3848 3977
f 3977 3978 3849
f 3850 3849 3978
f 3978 3979 3850
f 3851 3850 3979
f 3979 3980 3851
f 3852 3851 3980
f 3980 3981 3852
f 3853 3852 3981
f 3981 3982 3853
f 3854 3853 3982
f 3982 3983 3854
f 3855 3854 3983
f 3983 3984 3855
f 3856 3855 3984
f 3984 3985 3856
f 3857 3856 3985
f 3985 3986 3857
f 3858 3857 3986
f 3986 3987 3858
f 3859 3858 3987
f 3987 3988 3859
f 3860 3859 3988
f 3988 3989 3860
f 3861 3860 3989
f 3989 3990 3861
f 3862 3861 3990
f 3990 3991 3862
f 3863 3862 3991
f 3991 3992 3863
f 3864 3863 3992
f 3992 3993 3864
f 3865 3864 3993
f 3993 3994 3865
f 3866 3865 3994
f 3994 3995 3866
f 3867 3866 3995
f 3995 3996 3867
f 3868 3867 3996
f 3996 3997 3868
f 3869 3868 3997
f 3997 3998 3869
f 3870 3869 3998
f 3998 3999 3870
f 3871 3870 3999
f 3999 4000 3871
f 3872 3871 4000
f 4000 4001 3872
f 3873 3872 4001
f 4001 4002 3873
f 3874 3873 4002
f 4002 4003 3874
f 3875 3874 4003
f 4003 4004 3875
f 3876 3875 4004
f 4004 4005 3876
f 3877 3876 4005
f 4005 4006 3877
f 3878 3877 4006
f 4006 4007 3878
f 3879 3878 4007
f 4007 4008 3879
f 3880 3879 4008
f 4008 4009 3880
f 3881 3880 4009
f 4009 4010 3881
f 3882 3881 4010
f 4010 4011 3882
f 3883 3882 4011
f 4011 4012 3883
f 3884 3883 4012
f 4012 4013 3884
f 3885 3884 4013
f 4013 4014 3885
f 3886 3885 4014
f 4014 4015 3886
f 3887 3886 4015
f 4015 4016 3887
f 3888 3887 4016
f 4016 4017 3888
f 3889 3888 4017
f 4017 4018 3889
f 3890 3889 4018
f 4018 4019 3890
f 3891 3890 4019
f 4019 4020 3891
f 3892 3891 4020
f 4020 4021 3892
f 3893 3892 4021
f 4021 4022 3893
f 3894 3893 4022
f 4022 4023 3894
f 3895 3894 4023
f 4023 4024 3895
f 3896 3895 4024
f 4024 4025 3896
f 3897 3896 4025
f 4025 4026 3897
f 3898 3897 4026
f 4026 4027 3898
f 3899 3898 4027
f 4027 4028 3899
f 3900 3899 4028
f 4028 4029 3900
f 3901 3900 4029
f 4029 4030 3901
f 3902 3901 4030
f 4030 4031 3902
f 3903 3902 4031
f 4031 4032 3903
f 3904 3903 4032
f 4032 4033 3904
f 3905 3904 4033
f 4033 4034 3905
f 3906 3905 4034
f 4034 4035 3906
f 3907 3906 4035
f 4035 4036 3907
f 3908 3907 4036
f 4036 4037 3908
f 3909 3908 4037
f 4037 4038 3909
f 3910 3909 4038
f 4038 4039 3910
f 3911 3910 4039
f 4039 4040 3911
f 3912 3911 4040
f 4040 4041 3912
f 3913 3912 4041
f 4041 4042 3913
f 3914 3913 4042
f 4042 4043 3914
f 3915 3914 4043
f 4043 4044 3915
f 3916 3915 4044
f 4044 4045 3916
f 3917 3916 4045
f 4045 4046 3917
f 3918 3917 4046
f 4046 4047 3918
f 3919 3918 4047
f 4047 4048 3919
f 3920 3919 4048
f 4048 4049 3920
f 3921 3920 4049
f 4049 4050 3921
f 3922 3921 4050
f 4050 4051 3922
f 3923 3922 4051
f 4051 4052 3923
f 3925 3924 4053
f 4053 4054 3925
f 3926 3925 4054
f 4054 4055 3926
f 3927 3926 4055
f 4055 4056 3927
f 3928 3927 4056
f 4056 4057 3928
f 3929 3928 4057
f 4057 4058 3929
f 3930 3929 4058
f 4058 4059 3930
f 3931 3930 4059
f 4059 4060 3931
f 3932 3931 4060
f 4060 4061 3932
f 3933 3932 4061
f 4061 4062 3933
f 3934 3933 4062
f 4062 4063 3934
f 3935 3934 4063
f 4063 4064 3935
f 3936 3935 4064
f 4064 4065 3936
f 3937 3936 4065
f 4065 4066 3937
f 3938 3937 4066
f 4066 4067 3938
f 3939 3938 4067
f 4067 4068 3939
f 3940 3939 4068
f 4068 4069 3940
f 3941 3940 4069
f 4069 4070 3941
f 3942 3941 4070
f 4070 4071 3942
f 3943 3942 4071
f 4071 4072 3943
f 3944 3943 4072
f 4072 4073 3944
f 3945 3944 4073
f 4073 4074 3945
f 3946 3945 4074
f 4074 4075 3946
f 3947 3946 4075
f 4075 4076 3947
f 3948 3947 4076
f 4076 4077 3948
f 3949 3948 4077
f 4077 4078 3949
f 3950 3949 4078
f 4078 4079 3950
f 3951 3950 4079
f 4079 4080 3951
f 3952 3951 4080
f 4080 4081 3952
f 3953 3952 4081
f 4081 4082 3953
f 3954 3953 4082
f 4082 4083 3954
f 3955 3954 4083
f 4083 4084 3955
f 3956 3955 4084
f 4084 4085 3956
f 3957 3956 4085
f 4085 4086 3957
f 3958 3957 4086
f 4086 4087 3958
f 3959 3958 4087
f 4087 4088 3959
f 3960 3959 4088
f 4088 4089 3960
f 3961 3960 4089
f 4089 4090 3961
f 3962 3961 4090
f 4090 4091 3962
f 3963 3962 4091
f 4091 4092 3963
f 3964 3963 4092
f 4092 4093 3964
f 3965 3964 4093
f 4093 4094 3965
f 3966 3965 4094
f 4094 4095 3966
f 3967 3966 4095
f 4095 4096 3967
f 3968 3967 4096
f 4096 4097 3968
f 3969 3968 4097
f 4097 4098 3969
f 3970 3969 4098
f 4098 4099 3970
f 3971 3970 4099
f 4099 4100 3971
f 3972 3971 4100
f 4100 4101 3972
f 3973 3972 4101
f 4101 4102 3973
f 3974 3973 4102
f 4102 4103 3974
f 3975 3974 4103
f 4103 4104 3975
f 3976 3975 4104
f 4104 4105 3976
f 3977 3976 4105
f 4105 4106 3977
f 3978 3977 4106
f 4106 4107 3978
f 3979 3978 4107
f 4107 4108 3979
f 3980 3979 4108
f 4108 4109 3980
f 3981 3980 4109
f 4109 4110 3981
f 3982 3981 4110
f 4110 4111 3982
f 3983 3982 4111
f 4111 4112 3983
f 3984 3983 4112
f 4112 4113 3984
f 3985 3984 4113
f 4113 4114 3985
f 3986 3985 4114
f 4114 4115 3986
f 3987 3986 4115
f 4115 4116 3987
f 3988 3987 4116
f 4116 4117 3988
f 3989 3988 4117
f 4117 4118 3989
f 3990 3989 4118
f 4118 4119 3990
f 3991 3990 4119
f 4119 4120 3991
f 3992 3991 4120
f 4120 4121 3992
f 3993 3992 4121
f 4121 4122 3993
f 3994 3993 4122
f 4122 4123 3994
f 3995 3994 4123
f 4123 4124 3995
f 3996 3995 4124
f 4124 4125 3996
f 3997 3996 4125
f 4125 4126 3997
f 3998 3997 4126
f 4126 4127 3998
f 3999 3998 4127
f 4127 4128 3999
f 4000 3999 4128
f 4128 4129 4000
f 4001 4000 4129
f 4129 4130 4001
f 4002 4001 4130
f 4130 4131 4002
f 4003 4002 4131
f 4131 4132 4003
f 4004 4003 4132
f 4132 4133 4004
f 4005 4004 4133
f 4133 4134 4005
f 4006 4005 4134
f 4134 4135 4006
f 4007 4006 4135
f 4135 4136 4007
f 4008 4007 4136
f 4136 4137 4008
f 4009 4008 4137
f 4137 4138 4009
f 4010 4009 4138
f 4138 4139 4010
f 4011 4010 4139
f 4139 4140 4011
f 4012 4011 4140
f 4140 4141 4012
f 4013 4012 4141
f 4141 4142 4013
f 4014 4013 4142
f 4142 4143 4014
f 4015 4014 4143
f 4143 4144 4015
f 4016 4015 4144
f 4144 4145 4016
f 4017 4016 4145
f 4145 4146 4017
f 4018 4017 4146
f 4146 4147 4018
f 4019 4018 4147
f 4147 4148 4019
f 4020 4019 4148
f 4148 4149 4020
f 4021 4020 4149
f 4149 4150 4021
f 4022 4021 4150
f 4150 4151 4022
f 4023 4022 4151
f 4151 4152 4023
f 4024 4023 4152
f 4152 4153 4024
f 4025 4024 4153
f 4153 4154 4025
f 4026 4025 4154
f 4154 4155 4026
f 4027 4026 4155
f 4155 4156 4027
f 4028 4027 4156
f 4156 4157 4028
f 4029 4028 4157
f 4157 4158 4029
f 4030 4029 4158
f 4158 4159 4030
f 4031 4030 4159
f 4159 4160 4031
f 4032 4031 4160
f 4160 4161 4032
f 4033 4032 4161
f 4161 4162 4033
f 4034 4033 4162
f 4162 4163 4034
f 4035 4034 4163
f 4163 4164 4035
f 4036 4035 4164
f 4164 4165 4036
f 4037 4036 4165
f 4165 4166 4037
f 4038 4037 4166
f 4166 4167 4038
f 4039 4038 4167
f 4167 4168 4039
f 4040 4039 4168
f 4168 4169 4040
f 4041 4040 4169
f 4169 4170 4041
f 4042 4041 4170
f 4170 4171 4042
f 4043 4042 4171
f 4171 4172 4043
f 4044 4043 4172
f 4172 4173 4044
f 4045 4044 4173
f 4173 4174 4045
f 4046 4045 4174
f 4174 4175 4046
f 4047 4046 4175
f 4175 4176 4047
f 4048 4047 4176
f 4176 4177 4048
f 4049 4048 4177
f 4177 4178 4049
f 4050 4049 4178
f 4178 4179 4050
f 4051 4050 4179
f 4179 4180 4051
f 4052 4051 4180
f 4180 4181 4052
f 4054 4053 4182
f 4182 4183 4054
f 4055 4054 4183
f 4183 4184 4055
f 4056 4055 4184
f 4184 4185 4056
f 4057 4056 4185
f 4185 4186 4057
f 4058 4057 4186
f 4186 4187 4058
f 4059 4058 4187
f 4187 4188 4059
f 4060 4059 4188
f 4188 4189 4060
f 4061 4060 4189
f 4189 4190 4061
f 4062 4061 4190
f 4190 4191 4062
f 4063 4062 4191
f 4191 4192 4063
f 4064 4063 4192
f 4192 4193 4064
f 4065 4064 4193
f 4193 4194 4065
f 4066 4065 4194
f 4194 4195 4066
f 4067 4066 4195
f 4195 4196 4067
f 4068 4067 4196
f 4196 4197 4068
f 4069 4068 4197
f 4197 4198 4069
f 4070 4069 4198
f 4198 4199 4070
f 4071 4070 4199
f 4199 4200 4071
f 4072 4071 4200
f 4200 4201 4072
f 4073 4072 4201
f 4201 4202 4073
f 4074 4073 4202
f 4202 4203 4074
f 4075 4074 4203
f 4203 4204 4075
f 4076 4075 4204
f 4204 4205 4076
f 4077 4076 4205
f 4205 4206 4077
f 4078 4077 4206
f 4206 4207 4078
f 4079 4078 4207
f 4207 4208 4079
f 4080 4079 4208
f 4208 4209 4080
f 4081 4080 4209
f 4209 4210 4081
f 4082 4081 4210
f 4210 4211 4082
f 4083 4082 4211
f 4211 4212 4083
f 4084 4083 4212
f 4212 4213 4084
f 4085 4084 4213
f 4213 4214 4085
f 4086 4085 4214
f 4214 4215 4086
f 4087 4086 4215
f 4215 4216 4087
f 4088 4087 4216
f 4216 4217 4088
f 4089 4088 4217
f 4217 4218 4089
f 4090 4089 4218
f 4218 4219 4090
f 4091 4090 4219
f 4219 4220 4091
f 4092 4091 4220
f 4220 4221 4092
f 4093 4092 4221
f 4221 4222 4093
f 4094 4093 4222
f 4222 4223 4094
f 4095 4094 4223
f 4223 4224 4095
f 4096 4095 4224
f 4224 4225 4096
f 4097 4096 4225
f 4225 4226 4097
f 4098 4097 4226
f 4226 4227 4098
f 4099 4098 4227
f 4227 4228 4099
f 4100 4099 4228
f 4228 4229 4100
f 4101 4100 4229
f 4229 4230 4101
f 4102 4101 4230
f 4230 4231 4102
f 4103 4102 4231
f 4231 4232 4103
f 4104 4103 4232
f 4232 4233 4104
f 4105 4104 4233
f 4233 4234 4105
f 4106 4105 4234
f 4234 4235 4106
f 4107 4106 4235
f 4235 4236 4107
f 4108 4107 4236
f 4236 4237 4108
f 4109 4108 4237
f 4237 4238 4109
f 4110 4109 4238
f 4238 4239 4110
f 4111 4110 4239
f 4239 4240 4111
f 4112 4111 4240
f 4240 4241 4112
f 4113 4112 4241
f 4241 4242 4113
f 4114 4113 4242
f 4242 4243 4114
f 4115 4114 4243
f 4243 4244 4115
f 4116 4115 4244
f 4244 4245 4116
f 4117 4116 4245
f 4245 4246 4117
f 4118 4117 4246
f 4246 4247 4118
f 4119 4118 4247
f 4247 4248 4119
f 4120 4119 4248
f 4248 4249 4120
f 4121 4120 4249
f 4249 4250 4121
f 4122 4121 4250
f 4250 4251 4122
f 4123 4122 4251
f 4251 4252 4123
f 4124 4123 4252
f 4252 4253 4124
f 4125 4124 4253
f 4253 4254 4125
f 4126 4125 4254
f 4254 4255 4126
f 4127 4126 4255
f 4255 4256 4127
f 4128 4127 4256
f 4256 4257 4128
f 4129 4128 4257
f 4257 4258 4129
f 4130 4129 4258
f 4258 4259 4130
f 4131 4130 4259
f 4259 4260 4131
f 4132 4131 4260
f 4260 4261 4132
f 4133 4132 4261
f 4261 4262 4133
f 4134 4133 4262
f 4262 4263 4134
f 4135 4134 4263
f 4263 4264 4135
f 4136 4135 4264
f 4264 4265 4136
f 4137 4136 4265
f 4265 4266 4137
f 4138 4137 4266
f 4266 4267 4138
f 4139 4138 4267
f 4267 4268 4139
f 4140 4139 4268
f 4268 4269 4140
f 4141 4140 4269
f 4269 4270 4141
f 4142 4141 4270
f 4270 4271 4142
f 4143 4142 4271
f 4271 4272 4143
f 4144 4143 4272
f 4272 4273 4144
f 4145 4144 4273
f 4273 4274 4145
f 4146 4145 4274
f 4274 4275 4146
f 4147 4146 4275
f 4275 4276 4147
f 4148 4147 4276
f 4276 4277 4148
f 4149 4148 4277
f 4277 4278 4149
f 4150 4149 4278
f 4278 4279 4150
f 4151 4150 4279
f 4279 4280 4151
f 4152 4151 4280
f 4280 4281 4152
f 4153 4152 4281
f 4281 4282 4153
f 4154 4153 4282
f 4282 4283 4154
f 4155 4154 4283
f 4283 4284 4155
f 4156 4155 4284
f 4284 4285 4156
f 4157 4156 4285
f 4285 4286 4157
f 4158 4157 4286
f 4286 4287 4158
f 4159 4158 4287
f 4287 4288 4159
f 4160 4159 4288
f 4288 4289 4160
f 4161 4160 4289
f 4289 4290 4161
f 4162 4161 4290
f 4290 4291 4162
f 4163 4162 4291
f 4291 4292 4163
f 4164 4163 4292
f 4292 4293 4164
f 4165 4164 4293
f 4293 4294 4165
f 4166 4165 4294
f 4294 4295 4166
f 4167 4166 4295
f 4295 4296 4167
f 4168 4167 4296
f 4296 4297 4168
f 4169 4168 4297
f 4297 4298 4169
f 4170 4169 4298
f 4298 4299 4170
f 4171 4170 4299
f 4299 4300 4171
f 4172 4171 4300
f 4300 4301 4172
f 4173 4172 4301
f 4301 4302 4173
f 4174 4173 4302
f 4302 4303 4174
f 4175 4174 4303
f 4303 4304 4175
f 4176 4175 4304
f 4304 4305 4176
f 4177 4176 4305
f 4305 4306 4177
f 4178 4177 4306
f 4306 4307 4178
f 4179 4178 4307
f 4307 4308 4179
f 4180 4179 4308
f 4308 4309 4180
f 4181 4180 4309
f 4309 4310 4181
f 4183 4182 4311
f 4311 4312 4183
f 4184 4183 4312
f 4312 4313 4184
f 4185 4184 4313
f 4313 4314 4185
f 4186 4185 4314
f 4314 4315 4186
f 4187 4186 4315
f 4315 4316 4187
f 4188 4187 4316
f 4316 4317 4188
f 4189 4188 4317
f 4317 4318 4189
f 4190 4189 4318
f 4318 4319 4190
f 4191 4190 4319
f 4319 4320 4191
f 4192 4191 4320
f 4320 4321 4192
f 4193 4192 4321
f 4321 4322 4193
f 4194 4193 4322
f 4322 4323 4194
f 4195 4194 4323
f 4323 4324 4195
f 4196 4195 4324
f 4324 4325 4196
f 4197 4196 4325
f 4325 4326 4197
f 4198 4197 4326
f 4326 4327 4198
f 4199 4198 4327
f 4327 4328 4199
f 4200 4199 4328
f 4328 4329 4200
f 4201 4200 4329
f 4329 4330 4201
f 4202 4201 4330
f 4330 4331 4202
f 4203 4202 4331
f 4331 4332 4203
f 4204 4203 4332
f 4332 4333 4204
f 4205 4204 4333
f 4333 4334 4205
f 4206 4205 4334
f 4334 4335 4206
f 4207 4206 4335
f 4335 4336 4207
f 4208 4207 4336
f 4336 4337 4208
f 4209 4208 4337
f 4337 4338 4209
f 4210 4209 4338
f 4338 4339 4210
f 4211 4210 4339
f 4339 4340 4211
f 4212 4211 4340
f 4340 4341 4212
f 4213 4212 4341
f 4341 4342 4213
f 4214 4213 4342
f 4342 4343 4214
f 4215 4214 4343
f 4343 4344 4215
f 4216 4215 4344
f 4344 4345 4216
f 4217 4216 4345
f 4345 4346 4217
f 4218 4217 4346
f 4346 4347 4218
f 4219 4218 4347
f 4347 4348 4219
f 4220 4219 4348
f 4348 4349 4220
f 4221 4220 4349
f 4349 4350 4221
f 4222 4221 4350
f 4350 4351 4222
f 4223 4222 4351
f 4351 4352 4223
f 4224 4223 4352
f 4352 4353 4224
f 4225 4224 4353
f 4353 4354 4225
f 4226 4225 4354
f 4354 4355 4226
f 4227 4226 4355
f 4355 4356 4227
f 4228 4227 4356
f 4356 4357 4228
f 4229 4228 4357
f 4357 4358 4229
f 4230 4229 4358
f 4358 4359 4230
f 4231 4230 4359
f 4359 4360 4231
f 4232 4231 4360
f 4360 4361 4232
f 4233 4232 4361
f 4361 4362 4233
f 4234 4233 4362
f 4362 4363 4234
f 4235 4234 4363
f 4363 4364 4235
f 4236 4235 4364
f 4364 4365 4236
f 4237 4236 4365
f 4365 4366 4237
f 4238 4237 4366
f 4366 4367 4238
f 4239 4238 4367
f 4367 4368 4239
f 4240 4239 4368
f 4368 4369 4240
f 4241 4240 4369
f 4369 4370 4241
f 4242 4241 4370
f 4370 4371 4242
f 4243 4242 4371
f 4371 4372 4243
f 4244 4243 4372
f 4372 4373 4244
f 4245 4244 4373
f 4373 4374 4245
f 4246 4245 4374
f 4374 4375 4246
f 4247 4246 4375
f 4375 4376 4247
f 4248 4247 4376
f 4376 4377 4248
f 4249 4248 4377
f 4377 4378 4249
f 4250 4249 4378
f 4378 4379 4250
f 4251 4250 4379
f 4379 4380 4251
f 4252 4251 4380
f 4380 4381 4252
f 4253 4252 4381
f 4381 4382 4253
f 4254 4253 4382
f 4382 4383 4254
f 4255 4254 4383
f 4383 4384 4255
f 4256 4255 4384
f 4384 4385 4256
f 4257 4256 4385
f 4385 4386 4257
f 4258 4257 4386
f 4386 4387 4258
f 4259 4258 4387
f 4387 4388 4259
f 4260 4259 4388
f 4388 4389 4260
f 4261 4260 4389
f 4389 4390 4261
f 4262 4261 4390
f 4390 4391 4262
f 4263 4262 4391
f 4391 4392 4263
f 4264 4263 4392
f 4392 4393 4264
f 4265 4264 4393
f 4393 4394 4265
f 4266 4265 4394
f 4394 4395 4266
f 4267 4266 4395
f 4395 4396 4267
f 4268 4267 4396
f 4396 4397 4268
f 4269 4268 4397
f 4397 4398 4269
f 4270 4269 4398
f 4398 4399 4270
f 4271 4270 4399
f 4399 4400 4271
f 4272 4271 4400
f 4400 4401 4272
f 4273 4272 4401
f 4401 4402 4273
f 4274 4273 4402
f 4402 4403 4274
f 4275 4274 4403
f 4403 4404 4275
f 4276 4275 4404
f 4404 4405 4276
f 4277 4276 4405
f 4405 4406 4277
f 4278 4277 4406
f 4406 4407 4278
f 4279 4278 4407
f 4407 4408 4279
f 4280 4279 4408
f 4408 4409 4280
f 4281 4280 4409
f 4409 4410 4281
f 4282 4281 4410
f 4410 4411 4282
f 4283 4282 4411
f 4411 4412 4283
f 4284 4283 4412
f 4412 4413 4284
f 4285 4284 4413
f 4413 4414 4285
f 4286 4285 4414
f 4414 4415 4286
f 4287 4286 4415
f 4415 4416 4287
f 4288 4287 4416
f 4416 4417 4288
f 4289 4288 4417
f 4417 4418 4289
f 4290 4289 4418
f 4418 4419 4290
f 4291 4290 4419
f 4419 4420 4291
f 4292 4291 4420
f 4420 4421 4292
f 4293 4292 4421
f 4421 4422 4293
f 4294 4293 4422
f 4422 4423 4294
f 4295 4294 4423
f 4423 4424 4295
f 4296 4295 4424
f 4424 4425 4296
f 4297 4296 4425
f 4425 4426 4297
f 4298 4297 4426
f 4426 4427 4298
f 4299 4298 4427
f 4427 4428 4299
f 4300 4299 4428
f 4428 4429 4300
f 4301 4300 4429
f 4429 4430 4301
f 4302 4301 4430
f 4430 4431 4302
f 4303 4302 4431
f 4431 4432 4303
f 4304 4303 4432
f 4432 4433 4304
f 4305 4304 4433
f 4433 4434 4305
f 4306 4305 4434
f 4434 4435 4306
f 4307 4306 4435
f 4435 4436 4307
f 4308 4307 4436
f 4436 4437 4308
f 4309 4308 4437
f 4437 4438 4309
f 4310 4309 4438
f 4438 4439 4310
f 4312 4311 4440
f 4440 4441 4312
f 4313 4312 4441
f 4441 4442 4313
f 4314 4313 4442
f 4442 4443 4314
f 4315 4314 4443
f 4443 4444 4315
f 4316 4315 4444
f 4444 4445 4316
f 4317 4316 4445
f 4445 4446 4317
f 4318 4317 4446
f 4446 4447 4318
f 4319 4318 4447
f 4447 4448 4319
f 4320 4319 4448
f 4448 4449 4320
f 4321 4320 4449
f 4449 4450 4321
f 4322 4321 4450
f 4450 4451 4322
f 4323 4322 4451
f 4451 4452 4323
f 4324 4323 4452
f 4452 4453 4324
f 4325 4324 4453
f 4453 4454 4325
f 4326 4325 4454
f 4454 4455 4326
f 4327 4326 4455
f 4455 4456 4327
f 4328 4327 4456
f 4456 4457 4328
f 4329 4328 4457
f 4457 4458 4329
f 4330 4329 4458
f 4458 4459 4330
f 4331 4330 4459
f 4459 4460 4331
f 4332 4331 4460
f 4460 4461 4332
f 4333 4332 4461
f 4461 4462 4333
f 4334 4333 4462
f 4462 4463 4334
f 4335 4334 4463
f 4463 4464 4335
f 4336 4335 4464
f 4464 4465 4336
f 4337 4336 4465
f 4465 4466 4337
f 4338 4337 4466
f 4466 4467 4338
f 4339 4338 4467
f 4467 4468 4339
f 4340 4339 4468
f 4468 4469 4340
f 4341 4340 4469
f 4469 4470 4341
f 4342 4341 4470
f 4470 4471 4342
f 4343 4342 4471
f 4471 4472 4343
f 4344 4343 4472
f 4472 4473 4344
f 4345 4344 4473
f 4473 4474 4345
f 4346 4345 4474
f 4474 4475 4346
f 4347 4346 4475
f 4475 4476 4347
f 4348 4347 4476
f 4476 4477 4348
f 4349 4348 4477
f 4477 4478 4349
f 4350 4349 4478
f 4478 4479 4350
f 4351 4350 4479
f 4479 4480 4351
f 4352 4351 4480
f 4480 4481 4352
f 4353 4352 4481
f 4481 4482 4353
f 4354 4353 4482
f 4482 4483 4354
f 4355 4354 4483
f 4483 4484 4355
f 4356 4355 4484
f 4484 4485 4356
f 4357 4356 4485
f 4485 4486 4357
f 4358 4357 4486
f 4486 4487 4358
f 4359 4358 4487
f 4487 4488 4359
f 4360 4359 4488
f 4488 4489 4360
f 4361 4360 4489
f 4489 4490 4361
f 4362 4361 4490
f 4490 4491 4362
f 4363 4362 4491
f 4491 4492 4363
f 4364 4363 4492
f 4492 4493 4364
f 4365 4364 4493
f 4493 4494 4365
f 4366 4365 4494
f 4494 4495 4366
f 4367 4366 4495
f 4495 4496 4367
f 4368 4367 4496
f 4496 4497 4368
f 4369 4368 4497
f 4497 4498 4369
f 4370 4369 4498
f 4498 4499 4370
f 4371 4370 4499
f 4499 4500 4371
f 4372 4371 4500
f 4500 4501 4372
f 4373 4372 4501
f 4501 4502 4373
f 4374 4373 4502
f 4502 4503 4374
f 4375 4374 4503
f 4503 4504 4375
f 4376 4375 4504
f 4504 4505 4376
f 4377 4376 4505
f 4505 4506 4377
f 4378 4377 4506
f 4506 4507 4378
f 4379 4378 4507
f 4507 4508 4379
f 4380 4379 4508
f 4508 4509 4380
f 4381 4380 4509
f 4509 4510 4381
f 4382 4381 4510
f 4510 4511 4382
f 4383 4382 4511
f 4511 4512 4383
f 4384 4383 4512
f 4512 4513 4384
f 4385 4384 4513
f 4513 4514 4385
f 4386 4385 4514
f 4514 4515 4386
f 4387 4386 4515
f 4515 4516 4387
f 4388 4387 4516
f 4516 4517 4388
f 4389 4388 4517
f 4517 4518 4389
f 4390 4389 4518
f 4518 4519 4390
f 4391 4390 4519
f 4519 4520 4391
f 4392 4391 4520
f 4520 4521 4392
f 4393 4392 4521
f 4521 4522 4393
f 4394 4393 4522
f 4522 4523 4394
f 4395 4394 4523
f 4523 4524 4395
f 4396 4395 4524
f 4524 4525 4396
f 4397 4396 4525
f 4525 4526 4397
f 4398 4397 4526
f 4526 4527 4398
f 4399 4398 4527
f 4527 4528 4399
f 4400 4399 4528
f 4528 4529 4400
f 4401 4400 4529
f 4529 4530 4401
f 4402 4401 4530
f 4530 4531 4402
f 4403 4402 4531
f 4531 4532 4403
f 4404 4403 4532
f 4532 4533 4404
f 4405 4404 4533
f 4533 4534 4405
f 4406 4405 4534
f 4534 4535 4406
f 4407 4406 4535
f 4535 4536 4407
f 4408 4407 4536
f 4536 4537 4408
f 4409 4408 4537
f 4537 4538 4409
f 4410 4409 4538
f 4538 4539 4410
f 4411 4410 4539
f 4539 4540 4411
f 4412 4411 4540
f 4540 4541 4412
f 4413 4412 4541
f 4541 4542 4413
f 4414 4413 4542
f 4542 4543 4414
f 4415 4414 4543
f 4543 4544 4415
f 4416 4415 4544
f 4544 4545 4416
f 4417 4416 4545
f 4545 4546 4417
f 4418 4417 4546
f 4546 4547 4418
f 4419 4418 4547
f 4547 4548 4419
f 4420 4419 4548
f 4548 4549 4420
f 4421 4420 4549
f 4549 4550 4421
f 4422 4421 4550
f 4550 4551 4422
f 4423 4422 4551
f 4551 4552 4423
f 4424 4423 4552
f 4552 4553 4424
f 4425 4424 4553
f 4553 4554 4425
f 4426 4425 4554
f 4554 4555 4426
f 4427 4426 4555
f 4555 4556 4427
f 4428 4427 4556
f 4556 4557 4428
f 4429 4428 4557
f 4557 4558 4429
f 4430 4429 4558
f 4558 4559 4430
f 4431 4430 4559
f 4559 4560 4431
f 4432 4431 4560
f 4560 4561 4432
f 4433 4432 4561
f 4561 4562 4433
f 4434 4433 4562
f 4562 4563 4434
f 4435 4434 4563
f 4563 4564 4435
f 4436 4435 4564
f 4564 4565 4436
f 4437 4436 4565
f 4565 4566 4437
f 4438 4437 4566
f 4566 4567 4438
f 4439 4438 4567
f 4567 4568 4439
f 4441 4440 4569
f 4569 4570 4441
f 4442 4441 4570
f 4570 4571 4442
f 4443 4442 4571
f 4571 4572 4443
f 4444 4443 4572
f 4572 4573 4444
f 4445 4444 4573
f 4573 4574 4445
f 4446 4445 4574
f 4574 4575 4446
f 4447 4446 4575
f 4575 4576 4447
f 4448 4447 4576
f 4576 4577 4448
f 4449 4448 4577
f 4577 4578 4449
f 4450 4449 4578
f 4578 4579 4450
f 4451 4450 4579
f 4579 4580 4451
f 4452 4451 4580
f 4580 4581 4452
f 4453 4452 4581
f 4581 4582 4453
f 4454 4453 4582
f 4582 4583 4454
f 4455 4454 4583
f 4583 4584 4455
f 4456 4455 4584
f 4584 4585 4456
f 4457 4456 4585
f 4585 4586 4457
f 4458 4457 4586
f 4586 4587 4458
f 4459 4458 4587
f 4587 4588 4459
f 4460 4459 4588
f 4588 4589 4460
f 4461 4460 4589
f 4589 4590 4461
f 4462 4461 4590
f 4590 4591 4462
f 4463 4462 4591
f 4591 4592 4463
f 4464 4463 4592
f 4592 4593 4464
f 4465 4464 4593
f 4593 4594 4465
f 4466 4465 4594
f 4594 4595 4466
f 4467 4466 4595
f 4595 4596 4467
f 4468 4467 4596
f 4596 4597 4468
f 4469 4468 4597
f 4597 4598 4469
f 4470 4469 4598
f 4598 4599 4470
f 4471 4470 4599
f 4599 4600 4471
f 4472 4471 4600
f 4600 4601 4472
f 4473 4472 4601
f 4601 4602 4473
f 4474 4473 4602
f 4602 4603 4474
f 4475 4474 4603
f 4603 4604 4475
f 4476 4475 4604
f 4604 4605 4476
f 4477 4476 4605
f 4605 4606 4477
f 4478 4477 4606
f 4606 4607 4478
f 4479 4478 4607
f 4607 4608 4479
f 4480 4479 4608
f 4608 4609 4480
f 4481 4480 4609
f 4609 4610 4481
f 4482 4481 4610
f 4610 4611 4482
f 4483 4482 4611
f 4611 4612 4483
f 4484 4483 4612
f 4612 4613 4484
f 4485 4484 4613
f 4613 4614 4485
f 4486 4485 4614
f 4614 4615 4486
f 4487 4486 4615
f 4615 4616 4487
f 4488 4487 4616
f 4616 4617 4488
f 4489 4488 4617
f 4617 4618 4489
f 4490 4489 4618
f 4618 4619 4490
f 4491 4490 4619
f 4619 4620 4491
f 4492 4491 4620
f 4620 4621 4492
f 4493 4492 4621
f 4621 4622 4493
f 4494 4493 4622
f 4622 4623 4494
f 4495 4494 4623
f 4623 4624 4495
f 4496 4495 4624
f 4624 4625 4496
f 4497 4496 4625
f 4625 4626 4497
f 4498 4497 4626
f 4626 4627 4498
f 4499 4498 4627
f 4627 4628 4499
f 4500 4499 4628
f 4628 4629 4500
f 4501 4500 4629
f 4629 4630 4501
f 4502 4501 4630
f 4630 4631 4502
f 4503 4502 4631
f 4631 4632 4503
f 4504 4503 4632
f 4632 4633 4504
f 4505 4504 4633
f 4633 4634 4505
f 4506 4505 4634
f 4634 4635 4506
f 4507 4506 4635
f 4635 4636 4507
f 4508 4507 4636
f 4636 4637 4508
f 4509 4508 4637
f 4637 4638 4509
f 4510 4509 4638
f 4638 4639 4510
f 4511 4510 4639
f 4639 4640 4511
f 4512 4511 4640
f 4640 4641 4512
f 4513 4512 4641
f 4641 4642 4513
f 4514 4513 4642
f 4642 4643 4514
f 4515 4514 4643
f 4643 4644 4515
f 4516 4515 4644
f 4644 4645 4516
f 4517 4516 4645
f 4645 4646 4517
f 4518 4517 4646
f 4646 4647 4518
f 4519 4518 4647
f 4647 4648 4519
f 4520 4519 4648
f 4648 4649 4520
f 4521 4520 4649
f 4649 4650 4521
f 4522 4521 4650
f 4650 4651 4522
f 4523 4522 4651
f 4651 4652 4523
f 4524 4523 4652
f 4652 4653 4524
f 4525 4524 4653
f 4653 4654 4525
f 4526 4525 4654
f 4654 4655 4526
f 4527 4526 4655
f 4655 4656 4527
f 4528 4527 4656
f 4656 4657 4528
f 4529 4528 4657
f 4657 4658 4529
f 4530 4529 4658
f 4658 4659 4530
f 4531 4530 4659
f 4659 4660 4531
f 4532 4531 4660
f 4660 4661 4532
f 4533 4532 4661
f 4661 4662 4533
f 4534 4533 4662
f 4662 4663 4534
f 4535 4534 4663
f 4663 4664 4535
f 4536 4535 4664
f 4664 4665 4536
f 4537 4536 4665
f 4665 4666 4537
f 4538 4537 4666
f 4666 4667 4538
f 4539 4538 4667
f 4667 4668 4539
f 4540 4539 4668
f 4668 4669 4540
f 4541 4540 4669
f 4669 4670 4541
f 4542 4541 4670
f 4670 4671 4542
f 4543 4542 4671
f 4671 4672 4543
f 4544 4543 4672
f 4672 4673 4544
f 4545 4544 4673
f 4673 4674 4545
f 4546 4545 4674
f 4674 4675 4546
f 4547 4546 4675
f 4675 4676 4547
f 4548 4547 4676
f 4676 4677 4548
f 4549 4548 4677
f 4677 4678 4549
f 4550 4549 4678
f 4678 4679 4550
f 4551 4550 4679
f 4679 4680 4551
f 4552 4551 4680
f 4680 4681 4552
f 4553 4552 4681
f 4681 4682 4553
f 4554 4553 4682
f 4682 4683 4554
f 4555 4554 4683
f 4683 4684 4555
f 4556 4555 4684
f 4684 4685 4556
f 4557 4556 4685
f 4685 4686 4557
f 4558 4557 4686
f 4686 4687 4558
f 4559 4558 4687
f 4687 4688 4559
f 4560 4559 4688
f 4688 4689 4560
f 4561 4560 4689
f 4689 4690 4561
f 4562 4561 4690
f 4690 4691 4562
f 4563 4562 4691
f 4691 4692 4563
f 4564 4563 4692
f 4692 4693 4564
f 4565 4564 4693
f 4693 4694 4565
f 4566 4565 4694
f 4694 4695 4566
f 4567 4566 4695
f 4695 4696 4567
f 4568 4567 4696
f 4696 4697 4568
f 4570 4569 4698
f 4698 4699 4570
f 4571 4570 4699
f 4699 4700 4571
f 4572 4571 4700
f 4700 4701 4572
f 4573 4572 4701
f 4701 4702 4573
f 4574 4573 4702
f 4702 4703 4574
f 4575 4574 4703
f 4703 4704 4575
f 4576 4575 4704
f 4704 4705 4576
f 4577 4576 4705
f 4705 4706 4577
f 4578 4577 4706
f 4706 4707 4578
f 4579 4578 4707
f 4707 4708 4579
f 4580 4579 4708
f 4708 4709 4580
f 4581 4580 4709
f 4709 4710 4581
f 4582 4581 4710
f 4710 4711 4582
f 4583 4582 4711
f 4711 4712 4583
f 4584 4583 4712
f 4712 4713 4584
f 4585 4584 4713
f 4713 4714 4585
f 4586 4585 4714
f 4714 4715 4586
f 4587 4586 4715
f 4715 4716 4587
f 4588 4587 4716
f 4716 4717 4588
f 4589 4588 4717
f 4717 4718 4589
f 4590 4589 4718
f 4718 4719 4590
f 4591 4590 4719
f 4719 4720 4591
f 4592 4591 4720
f 4720 4721 4592
f 4593 4592 4721
f 4721 4722 4593
f 4594 4593 4722
f 4722 4723 4594
f 4595 4594 4723
f 4723 4724 4595
f 4596 4595 4724
f 4724 4725 4596
f 4597 4596 4725
f 4725 4726 4597
f 4598 4597 4726
f 4726 4727 4598
f 4599 4598 4727
f 4727 4728 4599
f 4600 4599 4728
f 4728 4729 4600
f 4601 4600 4729
f 4729 4730 4601
f 4602 4601 4730
f 4730 4731 4602
f 4603 4602 4731
f 4731 4732 4603
f 4604 4603 4732
f 4732 4733 4604
f 4605 4604 4733
f 4733 4734 4605
f 4606 4605 4734
f 4734 4735 4606
f 4607 4606 4735
f 4735 4736 4607
f 4608 4607 4736
f 4736 4737 4608
f 4609 4608 4737
f 4737 4738 4609
f 4610 4609 4738
f 4738 4739 4610
f 4611 4610 4739
f 4739 4740 4611
f 4612 4611 4740
f 4740 4741 4612
f 4613 4612 4741
f 4741 4742 4613
f 4614 4613 4742
f 4742 4743 4614
f 4615 4614 4743
f 4743 4744 4615
f 4616 4615 4744
f 4744 4745 4616
f 4617 4616 4745
f 4745 4746 4617
f 4618 4617 4746
f 4746 4747 4618
f 4619 4618 4747
f 4747 4748 4619
f 4620 4619 4748
f 4748 4749 4620
f 4621 4620 4749
f 4749 4750 4621
f 4622 4621 4750
f 4750 4751 4622
f 4623 4622 4751
f 4751 4752 4623
f 4624 4623 4752
f 4752 4753 4624
f 4625 4624 4753
f 4753 4754 4625
f 4626 4625 4754
f 4754 4755 4626
f 4627 4626 4755
f 4755 4756 4627
f 4628 4627 4756
f 4756 4757 4628
f 4629 4628 4757
f 4757 4758 4629
f 4630 4629 4758
f 4758 4759 4630
f 4631 4630 4759
f 4759 4760 4631
f 4632 4631 4760
f 4760 4761 4632
f 4633 4632 4761
f 4761 4762 4633
f 4634 4633 4762
f 4762 4763 4634
f 4635 4634 4763
f 4763 4764 4635
f 4636 4635 4764
f 4764 4765 4636
f 4637 4636 4765
f 4765 4766 4637
f 4638 4637 4766
f 4766 4767 4638
f 4639 4638 4767
f 4767 4768 4639
f 4640 4639 4768
f 4768 4769 4640
f 4641 4640 4769
f 4769 4770 4641
f 4642 4641 4770
f 4770 4771 4642
f 4643 4642 4771
f 4771 4772 4643
f 4644 4643 4772
f 4772 4773 4644
f 4645 4644 4773
f 4773 4774 4645
f 4646 4645 4774
f 4774 4775 4646
f 4647 4646 4775
f 4775 4776 4647
f 4648 4647 4776
f 4776 4777 4648
f 4649 4648 4777
f 4777 4778 4649
f 4650 4649 4778
f 4778 4779 4650
f 4651 4650 4779
f 4779 4780 4651
f 4652 4651 4780
f 4780 4781 4652
f 4653 4652 4781
f 4781 4782 4653
f 4654 4653 4782
f 4782 4783 4654
f 4655 4654 4783
f 4783 4784 4655
f 4656 4655 4784
f 4784 4785 4656
f 4657 4656 4785
f 4785 4786 4657
f 4658 4657 4786
f 4786 4787 4658
f 4659 4658 4787
f 4787 4788 4659
f 4660 4659 4788
f 4788 4789 4660
f 4661 4660 4789
f 4789 4790 4661
f 4662 4661 4790
f 4790 4791 4662
f 4663 4662 4791
f 4791 4792 4663
f 4664 4663 4792
f 4792 4793 4664
f 4665 4664 4793
f 4793 4794 4665
f 4666 4665 4794
f 4794 4795 4666
f 4667 4666 4795
f 4795 4796 4667
f 4668 4667 4796
f 4796 4797 4668
f 4669 4668 4797
f 4797 4798 4669
f 4670 4669 4798
f 4798 4799 4670
f 4671 4670 4799
f 4799 4800 4671
f 4672 4671 4800
f 4800 4801 4672
f 4673 4672 4801
f 4801 4802 4673
f 4674 4673 4802
f 4802 4803 4674
f 4675 4674 4803
f 4803 4804 4675
f 4676 4675 4804
f 4804 4805 4676
f 4677 4676 4805
f 4805 4806 4677
f 4678 4677 4806
f 4806 4807 4678
f 4679 4678 4807
f 4807 4808 4679
f 4680 4679 4808
f 4808 4809 4680
f 4681 4680 4809
f 4809 4810 4681
f 4682 4681 4810
f 4810 4811 4682
f 4683 4682 4811
f 4811 4812 4683
f 4684 4683 4812
f 4812 4813 4684
f 4685 4684 4813
f 4813 4814 4685
f 4686 4685 4814
f 4814 4815 4686
f 4687 4686 4815
f 4815 4816 4687
f 4688 4687 4816
f 4816 4817 4688
f 4689 4688 4817
f 4817 4818 4689
f 4690 4689 4818
f 4818 4819 4690
f 4691 4690 4819
f 4819 4820 4691
f 4692 4691 4820
f 4820 4821 4692
f 4693 4692 4821
f 4821 4822 4693
f 4694 4693 4822
f 4822 4823 4694
f 4695 4694 4823
f 4823 4824 4695
f 4696 4695 4824
f 4824 4825 4696
f 4697 4696 4825
f 4825 4826 4697
f 4699 4698 4827
f 4827 4828 4699
f 4700 4699 4828
f 4828 4829 4700
f 4701 4700 4829
f 4829 4830 4701
f 4702 4701 4830
f 4830 4831 4702
f 4703 4702 4831
f 4831 4832 4703
f 4704 4703 4832
f 4832 4833 4704
f 4705 4704 4833
f 4833 4834 4705
f 4706 4705 4834
f 4834 4835 4706
f 4707 4706 4835
f 4835 4836 4707
f 4708 4707 4836
f 4836 4837 4708
f 4709 4708 4837
f 4837 4838 4709
f 4710 4709 4838
f 4838 4839 4710
f 4711 4710 4839
f 4839 4840 4711
f 4712 4711 4840
f 4840 4841 4712
f 4713 4712 4841
f 4841 4842 4713
f 4714 4713 4842
f 4842 4843 4714
f 4715 4714 4843
f 4843 4844 4715
f 4716 4715 4844
f 4844 4845 4716
f 4717 4716 4845
f 4845 4846 4717
f 4718 4717 4846
f 4846 4847 4718
f 4719 4718 4847
f 4847 4848 4719
f 4720 4719 4848
f 4848 4849 4720
f 4721 4720 4849
f 4849 4850 4721
f 4722 4721 4850
f 4850 4851 4722
f 4723 4722 4851
f 4851 4852 4723
f 4724 4723 4852
f 4852 4853 4724
f 4725 4724 4853
f 4853 4854 4725
f 4726 4725 4854
f 4854 4855 4726
f 4727 4726 4855
f 4855 4856 4727
f 4728 4727 4856
f 4856 4857 4728
f 4729 4728 4857
f 4857 4858 4729
f 4730 4729 4858
f 4858 4859 4730
f 4731 4730 4859
f 4859 4860 4731
f 4732 4731 4860
f 4860 4861 4732
f 4733 4732 4861
f 4861 4862 4733
f 4734 4733 4862
f 4862 4863 4734
f 4735 4734 4863
f 4863 4864 4735
f 4736 4735 4864
f 4864 4865 4736
f 4737 4736 4865
f 4865 4866 4737
f 4738 4737 4866
f 4866 4867 4738
f 4739 4738 4867
f 4867 4868 4739
f 4740 4739 4868
f 4868 4869 4740
f 4741 4740 4869
f 4869 4870 4741
f 4742 4741 4870
f 4870 4871 4742
f 4743 4742 4871
f 4871 4872 4743
f 4744 4743 4872
f 4872 4873 4744
f 4745 4744 4873
f 4873 4874 4745
f 4746 4745 4874
f 4874 4875 4746
f 4747 4746 4875
f 4875 4876 4747
f 4748 4747 4876
f 4876 4877 4748
f 4749 4748 4877
f 4877 4878 4749
f 4750 4749 4878
f 4878 4879 4750
f 4751 4750 4879
f 4879 4880 4751
f 4752 4751 4880
f 4880 4881 4752
f 4753 4752 4881
f 4881 4882 4753
f 4754 4753 4882
f 4882 4883 4754
f 4755 4754 4883
f 4883 4884 4755
f 4756 4755 4884
f 4884 4885 4756
f 4757 4756 4885
f 4885 4886 4757
f 4758 4757 4886
f 4886 4887 4758
f 4759 4758 4887
f 4887 4888 4759
f 4760 4759 4888
f 4888 4889 4760
f 4761 4760 4889
f 4889 4890 4761
f 4762 4761 4890
f 4890 4891 4762
f 4763 4762 4891
f 4891 4892 4763
f 4764 4763 4892
f 4892 4893 4764
f 4765 4764 4893
f 4893 4894 4765
f 4766 4765 4894
f 4894 4895 4766
f 4767 4766 4895
f 4895 4896 4767
f 4768 4767 4896
f 4896 4897 4768
f 4769 4768 4897
f 4897 4898 4769
f 4770 4769 4898
f 4898 4899 4770
f 4771 4770 4899
f 4899 4900 4771
f 4772 4771 4900
f 4900 4901 4772
f 4773 4772 4901
f 4901 4902 4773
f 4774 4773 4902
f 4902 4903 4774
f 4775 4774 4903
f 4903 4904 4775
f 4776 4775 4904
f 4904 4905 4776
f 4777 4776 4905
f 4905 4906 4777
f 4778 4777 4906
f 4906 4907 4778
f 4779 4778 4907
f 4907 4908 4779
f 4780 4779 4908
f 4908 4909 4780
f 4781 4780 4909
f 4909 4910 4781
f 4782 4781 4910
f 4910 4911 4782
f 4783 4782 4911
f 4911 4912 4783
f 4784 4783 4912
f 4912 4913 4784
f 4785 4784 4913
f 4913 4914 4785
f 4786 4785 4914
f 4914 4915 4786
f 4787 4786 4915
f 4915 4916 4787
f 4788 4787 4916
f 4916 4917 4788
f 4789 4788 4917
f 4917 4918 4789
f 4790 4789 4918
f 4918 4919 4790
f 4791 4790 4919
f 4919 4920 4791
f 4792 4791 4920
f 4920 4921 4792
f 4793 4792 4921
f 4921 4922 4793
f 4794 4793 4922
f 4922 4923 4794
f 4795 4794 4923
f 4923 4924 4795
f 4796 4795 4924
f 4924 4925 4796
f 4797 4796 4925
f 4925 4926 4797
f 4798 4797 4926
f 4926 4927 4798
f 4799 4798 4927
f 4927 4928 4799
f 4800 4799 4928
f 4928 4929 4800
f 4801 4800 4929
f 4929 4930 4801
f 4802 4801 4930
f 4930 4931 4802
f 4803 4802 4931
f 4931 4932 4803
f 4804 4803 4932
f 4932 4933 4804
f 4805 4804 4933
f 4933 4934 4805
f 4806 4805 4934
f 4934 4935 4806
f 4807 4806 4935
f 4935 4936 4807
f 4808 4807 4936
f 4936 4937 4808
f 4809 4808 4937
f 4937 4938 4809
f 4810 4809 4938
f 4938 4939 4810
f 4811 4810 4939
f 4939 4940 4811
f 4812 4811 4940
f 4940 4941 4812
f 4813 4812 4941
f 4941 4942 4813
f 4814 4813 4942
f 4942 4943 4814
f 4815 4814 4943
f 4943 4944 4815
f 4816 4815 4944
f 4944 4945 4816
f 4817 4816 4945
f 4945 4946 4817
f 4818 4817 4946
f 4946 4947 4818
f 4819 4818 4947
f 4947 4948 4819
f 4820 4819 4948
f 4948 4949 4820
f 4821 4820 4949
f 4949 4950 4821
f 4822 4821 4950
f 4950 4951 4822
f 4823 4822 4951
f 4951 4952 4823
f 4824 4823 4952
f 4952 4953 4824
f 4825 4824 4953
f 4953 4954 4825
f 4826 4825 4954
f 4954 4955 4826
f 4828 4827 4956
f 4956 4957 4828
f 4829 4828 4957
f 4957 4958 4829
f 4830 4829 4958
f 4958 4959 4830
f 4831 4830 4959
f 4959 4960 4831
f 4832 4831 4960
f 4960 4961 4832
f 4833 4832 4961
f 4961 4962 4833
f 4834 4833 4962
f 4962 4963 4834
f 4835 4834 4963
f 4963 4964 4835
f 4836 4835 4964
f 4964 4965 4836
f 4837 4836 4965
f 4965 4966 4837
f 4838 4837 4966
f 4966 4967 4838
f 4839 4838 4967
f 4967 4968 4839
f 4840 4839 4968
f 4968 4969 4840
f 4841 4840 4969
f 4969 4970 4841
f 4842 4841 4970
f 4970 4971 4842
f 4843 4842 4971
f 4971 4972 4843
f 4844 4843 4972
f 4972 4973 4844
f 4845 4844 4973
f 4973 4974 4845
f 4846 4845 4974
f 4974 4975 4846
f 4847 4846 4975
f 4975 4976 4847
f 4848 4847 4976
f 4976 4977 4848
f 4849 4848 4977
f 4977 4978 4849
f 4850 4849 4978
f 4978 4979 4850
f 4851 4850 4979
f 4979 4980 4851
f 4852 4851 4980
f 4980 4981 4852
f 4853 4852 4981
f 4981 4982 4853
f 4854 4853 4982
f 4982 4983 4854
f 4855 4854 4983
f 4983 4984 4855
f 4856 4855 4984
f 4984 4985 4856
f 4857 4856 4985
f 4985 4986 4857
f 4858 4857 4986
f 4986 4987 4858
f 4859 4858 4987
f 4987 4988 4859
f 4860 4859 4988
f 4988 4989 4860
f 4861 4860 4989
f 4989 4990 4861
f 4862 4861 4990
f 4990 4991 4862
f 4863 4862 4991
f 4991 4992 4863
f 4864 4863 4992
f 4992 4993 4864
f 4865 4864 4993
f 4993 4994 4865
f 4866 4865 4994
f 4994 4995 4866
f 4867 4866 4995
f 4995 4996 4867
f 4868 4867 4996
f 4996 4997 4868
f 4869 4868 4997
f 4997 4998 4869
f 4870 4869 4998
f 4998 4999 4870
f 4871 4870 4999
f 4999 5000 4871
f 4872 4871 5000
f 5000 5001 4872
f 4873 4872 5001
f 5001 5002 4873
f 4874 4873 5002
f 5002 5003 4874
f 4875 4874 5003
f 5003 5004 4875
f 4876 4875 5004
f 5004 5005 4876
f 4877 4876 5005
f 5005 5006 4877
f 4878 4877 5006
f 5006 5007 4878
f 4879 4878 5007
f 5007 5008 4879
f 4880 4879 5008
f 5008 5009 4880
f 4881 4880 5009
f 5009 5010 4881
f 4882 4881 5010
f 5010 5011 4882
f 4883 4882 5011
f 5011 5012 4883
f 4884 4883 5012
f 5012 5013 4884
f 4885 4884 5013
f 5013 5014 4885
f 4886 4885 5014
f 5014 5015 4886
f 4887 4886 5015
f 5015 5016 4887
f 4888 4887 5016
f 5016 5017 4888
f 4889 4888 5017
f 5017 5018 4889
f 4890 4889 5018
f 5018 5019 4890
f 4891 4890 5019
f 5019 5020 4891
f 4892 4891 5020
f 5020 5021 4892
f 4893 4892 5021
f 5021 5022 4893
f 4894 4893 5022
f 5022 5023 4894
f 4895 4894 5023
f 5023 5024 4895
f 4896 4895 5024
f 5024 5025 4896
f 4897 4896 5025
f 5025 5026 4897
f 4898 4897 5026
f 5026 5027 4898
f 4899 4898 5027
f 5027 5028 4899
f 4900 4899 5028
f 5028 5029 4900
f 4901 4900 5029
f 5029 5030 4901
f 4902 4901 5030
f 5030 5031 4902
f 4903 4902 5031
f 5031 5032 4903
f 4904 4903 5032
f 5032 5033 4904
f 4905 4904 5033
f 5033 5034 4905
f 4906 4905 5034
f 5034 5035 4906
f 4907 4906 5035
f 5035 5036 4907
f 4908 4907 5036
f 5036 5037 4908
f 4909 4908 5037
f 5037 5038 4909
f 4910 4909 5038
f 5038 5039 4910
f 4911 4910 5039
f 5039 5040 4911
f 4912 4911 5040
f 5040 5041 4912
f 4913 4912 5041
f 5041 5042 4913
f 4914 4913 5042
f 5042 5043 4914
f 4915 4914 5043
f 5043 5044 4915
f 4916 4915 5044
f 5044 5045 4916
f 4917 4916 5045
f 5045 5046 4917
f 4918 4917 5046
f 5046 5047 4918
f 4919 4918 5047
f 5047 5048 4919
f 4920 4919 5048
f 5048 5049 4920
f 4921 4920 5049
f 5049 5050 4921
f 4922 4921 5050
f 5050 5051 4922
f 4923 4922 5051
f 5051 5052 4923
f 4924 4923 5052
f 5052 5053 4924
f 4925 4924 5053
f 5053 5054 4925
f 4926 4925 5054
f 5054 5055 4926
f 4927 4926 5055
f 5055 5056 4927
f 4928 4927 5056
f 5056 5057 4928
f 4929 4928 5057
f 5057 5058 4929
f 4930 4929 5058
f 5058 5059 4930
f 4931 4930 5059
f 5059 5060 4931
f 4932 4931 5060
f 5060 5061 4932
f 4933 4932 5061
f 5061 5062 4933
f 4934 4933 5062
f 5062 5063 4934
f 4935 4934 5063
f 5063 5064 4935
f 4936 4935 5064
f 5064 5065 4936
f 4937 4936 5065
f 5065 5066 4937
f 4938 4937 5066
f 5066 5067 4938
f 4939 4938 5067
f 5067 5068 4939
f 4940 4939 5068
f 5068 5069 4940
f 4941 4940 5069
f 5069 5070 4941
f 4942 4941 5070
f 5070 5071 4942
f 4943 4942 5071
f 5071 5072 4943
f 4944 4943 5072
f 5072 5073 4944
f 4945 4944 5073
f 5073 5074 4945
f 4946 4945 5074
f 5074 5075 4946
f 4947 4946 5075
f 5075 5076 4947
f 4948 4947 5076
f 5076 5077 4948
f 4949 4948 5077
f 5077 5078 4949
f 4950 4949 5078
f 5078 5079 4950
f 4951 4950 5079
f 5079 5080 4951
f 4952 4951 5080
f 5080 5081 4952
f 4953 4952 5081
f 5081 5082 4953
f 4954 4953 5082
f 5082 5083 4954
f 4955 4954 5083
f 5083 5084 4955
f 4957 4956 5085
f 5085 5086 4957
f 4958 4957 5086
f 5086 5087 4958
f 4959 4958 5087
f 5087 5088 4959
f 4960 4959 5088
f 5088 5089 4960
f 4961 4960 5089
f 5089 5090 4961
f 4962 4961 5090
f 5090 5091 4962
f 4963 4962 5091
f 5091 5092 4963
f 4964 4963 5092
f 5092 5093 4964
f 4965 4964 5093
f 5093 5094 4965
f 4966 4965 5094
f 5094 5095 4966
f 4967 4966 5095
f 5095 5096 4967
f 4968 4967 5096
f 5096 5097 4968
f 4969 4968 5097
f 5097 5098 4969
f 4970 4969 5098
f 5098 5099 4970
f 4971 4970 5099
f 5099 5100 4971
f 4972 4971 5100
f 5100 5101 4972
f 4973 4972 5101
f 5101 5102 4973
f 4974 4973 5102
f 5102 5103 4974
f 4975 4974 5103
f 5103 5104 4975
f 4976 4975 5104
f 5104 5105 4976
f 4977 4976 5105
f 5105 5106 4977
f 4978 4977 5106
f 5106 5107 4978
f 4979 4978 5107
f 5107 5108 4979
f 4980 4979 5108
f 5108 5109 4980
f 4981 4980 5109
f 5109 5110 4981
f 4982 4981 5110
f 5110 5111 4982
f 4983 4982 5111
f 5111 5112 4983
f 4984 4983 5112
f 5112 5113 4984
f 4985 4984 5113
f 5113 5114 4985
f 4986 4985 5114
f 5114 5115 4986
f 4987 4986 5115
f 5115 5116 4987
f 4988 4987 5116
f 5116 5117 4988
f 4989 4988 5117
f 5117 5118 4989
f 4990 4989 5118
f 5118 5119 4990
f 4991 4990 5119
f 5119 5120 4991
f 4992 4991 5120
f 5120 5121 4992
f 4993 4992 5121
f 5121 5122 4993
f 4994 4993 5122
f 5122 5123 4994
f 4995 4994 5123
f 5123 5124 4995
f 4996 4995 5124
f 5124 5125 4996
f 4997 4996 5125
f 5125 5126 4997
f 4998 4997 5126
f 5126 5127 4998
f 4999 4998 5127
f 5127 5128 4999
f 5000 4999 5128
f 5128 5129 5000
f 5001 5000 5129
f 5129 5130 5001
f 5002 5001 5130
f 5130 5131 5002
f 5003 5002 5131
f 5131 5132 5003
f 5004 5003 5132
f 5132 5133 5004
f 5005 5004 5133
f 5133 5134 5005
f 5006 5005 5134
f 5134 5135 5006
f 5007 5006 5135
f 5135 5136 5007
f 5008 5007 5136
f 5136 5137 5008
f 5009 5008 5137
f 5137 5138 5009
f 5010 5009 5138
f 5138 5139 5010
f 5011 5010 5139
f 5139 5140 5011
f 5012 5011 5140
f 5140 5141 5012
f 5013 5012 5141
f 5141 5142 5013
f 5014 5013 5142
f 5142 5143 5014
f 5015 5014 5143
f 5143 5144 5015
f 5016 5015 5144
f 5144 5145 5016
f 5017 5016 5145
f 5145 5146 5017
f 5018 5017 5146
f 5146 5147 5018
f 5019 5018 5147
f 5147 5148 5019
f 5020 5019 5148
f 5148 5149 5020
f 5021 5020 5149
f 5149 5150 5021
f 5022 5021 5150
f 5150 5151 5022
f 5023 5022 5151
f 5151 5152 5023
f 5024 5023 5152
f 5152 5153 5024
f 5025 5024 5153
f 5153 5154 5025
f 5026 5025 5154
f 5154 5155 5026
f 5027 5026 5155
f 5155 5156 5027
f 5028 5027 5156
f 5156 5157 5028
f 5029 5028 5157
f 5157 5158 5029
f 5030 5029 5158
f 5158 5159 5030
f 5031 5030 5159
f 5159 5160 5031
f 5032 5031 5160
f 5160 5161 5032
f 5033 5032 5161
f 5161 5162 5033
f 5034 5033 5162
f 5162 5163 5034
f 5035 5034 5163
f 5163 5164 5035
f 5036 5035 5164
f 5164 5165 5036
f 5037 5036 5165
f 5165 5166 5037
f 5038 5037 5166
f 5166 5167 5038
f 5039 5038 5167
f 5167 5168 5039
f 5040 5039 5168
f 5168 5169 5040
f 5041 5040 5169
f 5169 5170 5041
f 5042 5041 5170
f 5170 5171 5042
f 5043 5042 5171
f 5171 5172 5043
f 5044 5043 5172
f 5172 5173 5044
f 5045 5044 5173
f 5173 5174 5045
f 5046 5045 5174
f 5174 5175 5046
f 5047 5046 5175
f 5175 5176 5047
f 5048 5047 5176
f 5176 5177 5048
f 5049 5048 5177
f 5177 5178 5049
f 5050 5049 5178
f 5178 5179 5050
f 5051 5050 5179
f 5179 5180 5051
f 5052 5051 5180
f 5180 5181 5052
f 5053 5052 5181
f 5181 5182 5053
f 5054 5053 5182
f 5182 5183 5054
f 5055 5054 5183
f 5183 5184 5055
f 5056 5055 5184
f 5184 5185 5056
f 5057 5056 5185
f 5185 5186 5057
f 5058 5057 5186
f 5186 5187 5058
f 5059 5058 5187
f 5187 5188 5059
f 5060 5059 5188
f 5188 5189 5060
f 5061 5060 5189
f 5189 5190 5061
f 5062 5061 5190
f 5190 5191 5062
f 5063 5062 5191
f 5191 5192 5063
f 5064 5063 5192
f 5192 5193 5064
f 5065 5064 5193
f 5193 5194 5065
f 5066 5065 5194
f 5194 5195 5066
f 5067 5066 5195
f 5195 5196 5067
f 5068 5067 5196
f 5196 5197 5068
f 5069 5068 5197
f 5197 5198 5069
f 5070 5069 5198
f 5198 5199 5070
f 5071 5070 5199
f 5199 5200 5071
f 5072 5071 5200
f 5200 5201 5072
f 5073 5072 5201
f 5201 5202 5073
f 5074 5073 5202
f 5202 5203 5074
f 5075 5074 5203
f 5203 5204 5075
f 5076 5075 5204
f 5204 5205 5076
f 5077 5076 5205
f 5205 5206 5077
f 5078 5077 5206
f 5206 5207 5078
f 5079 5078 5207
f 5207 5208 5079
f 5080 5079 5208
f 5208 5209 5080
f 5081 5080 5209
f 5209 5210 5081
f 5082 5081 5210
f 5210 5211 5082
f 5083 5082 5211
f 5211 5212 5083
f 5084 5083 5212
f 5212 5213 5084
f 5086 5085 5214
f 5214 5215 5086
f 5087 5086 5215
f 5215 5216 5087
f 5088 5087 5216
f 5216 5217 5088
f 5089 5088 5217
f 5217 5218 5089
f 5090 5089 5218
f 5218 5219 5090
f 5091 5090 5219
f 5219 5220 5091
f 5092 5091 5220
f 5220 5221 5092
f 5093 5092 5221
f 5221 5222 5093
f 5094 5093 5222
f 5222 5223 5094
f 5095 5094 5223
f 5223 5224 5095
f 5096 5095 5224
f 5224 5225 5096
f 5097 5096 5225
f 5225 5226 5097
f 5098 5097 5226
f 5226 5227 5098
f 5099 5098 5227
f 5227 5228 5099
f 5100 5099 5228
f 5228 5229 5100
f 5101 5100 5229
f 5229 5230 5101
f 5102 5101 5230
f 5230 5231 5102
f 5103 5102 5231
f 5231 5232 5103
f 5104 5103 5232
f 5232 5233 5104
f 5105 5104 5233
f 5233 5234 5105
f 5106 5105 5234
f 5234 5235 5106
f 5107 5106 5235
f 5235 5236 5107
f 5108 5107 5236
f 5236 5237 5108
f 5109 5108 5237
f 5237 5238 5109
f 5110 5109 5238
f 5238 5239 5110
f 5111 5110 5239
f 5239 5240 5111
f 5112 5111 5240
f 5240 5241 5112
f 5113 5112 5241
f 5241 5242 5113
f 5114 5113 5242
f 5242 5243 5114
f 5115 5114 5243
f 5243 5244 5115
f 5116 5115 5244
f 5244 5245 5116
f 5117 5116 5245
f 5245 5246 5117
f 5118 5117 5246
f 5246 5247 5118
f 5119 5118 5247
f 5247 5248 5119
f 5120 5119 5248
f 5248 5249 5120
f 5121 5120 5249
f 5249 5250 5121
f 5122 5121 5250
f 5250 5251 5122
f 5123 5122 5251
f 5251 5252 5123
f 5124 5123 5252
f 5252 5253 5124
f 5125 5124 5253
f 5253 5254 5125
f 5126 5125 5254
f 5254 5255 5126
f 5127 5126 5255
f 5255 5256 5127
f 5128 5127 5256
f 5256 5257 5128
f 5129 5128 5257
f 5257 5258 5129
f 5130 5129 5258
f 5258 5259 5130
f 5131 5130 5259
f 5259 5260 5131
f 5132 5131 5260
f 5260 5261 5132
f 5133 5132 5261
f 5261 5262 5133
f 5134 5133 5262
f 5262 5263 5134
f 5135 5134 5263
f 5263 5264 5135
f 5136 5135 5264
f 5264 5265 5136
f 5137 5136 5265
f 5265 5266 5137
f 5138 5137 5266
f 5266 5267 5138
f 5139 5138 5267
f 5267 5268 5139
f 5140 5139 5268
f 5268 5269 5140
f 5141 5140 5269
f 5269 5270 5141
f 5142 5141 5270
f 5270 5271 5142
f 5143 5142 5271
f 5271 5272 5143
f 5144 5143 5272
f 5272 5273 5144
f 5145 5144 5273
f 5273 5274 5145
f 5146 5145 5274
f 5274 5275 5146
f 5147 5146 5275
f 5275 5276 5147
f 5148 5147 5276
f 5276 5277 5148
f 5149 5148 5277
f 5277 5278 5149
f 5150 5149 5278
f 5278 5279 5150
f 5151 5150 5279
f 5279 5280 5151
f 5152 5151 5280
f 5280 5281 5152
f 5153 5152 5281
f 5281 5282 5153
f 5154 5153 5282
f 5282 5283 5154
f 5155 5154 5283
f 5283 5284 5155
f 5156 5155 5284
f 5284 5285 5156
f 5157 5156 5285
f 5285 5286 5157
f 5158 5157 5286
f 5286 5287 5158
f 5159 5158 5287
f 5287 5288 5159
f 5160 5159 5288
f 5288 5289 5160
f 5161 5160 5289
f 5289 5290 5161
f 5162 5161 5290
f 5290 5291 5162
f 5163 5162 5291
f 5291 5292 5163
f 5164 5163 5292
f 5292 5293 5164
f 5165 5164 5293
f 5293 5294 5165
f 5166 5165 5294
f 5294 5295 5166
f 5167 5166 5295
f 5295 5296 5167
f 5168 5167 5296
f 5296 5297 5168
f 5169 5168 5297
f 5297 5298 5169
f 5170 5169 5298
f 5298 5299 5170
f 5171 5170 5299
f 5299 5300 5171
f 5172 5171 5300
f 5300 5301 5172
f 5173 5172 5301
f 5301 5302 5173
f 5174 5173 5302
f 5302 5303 5174
f 5175 5174 5303
f 5303 5304 5175
f 5176 5175 5304
f 5304 5305 5176
f 5177 5176 5305
f 5305 5306 5177
f 5178 5177 5306
f 5306 5307 5178
f 5179 5178 5307
f 5307 5308 5179
f 5180 5179 5308
f 5308 5309 5180
f 5181 5180 5309
f 5309 5310 5181
f 5182 5181 5310
f 5310 5311 5182
f 5183 5182 5311
f 5311 5312 5183
f 5184 5183 5312
f 5312 5313 5184
f 5185 5184 5313
f 5313 5314 5185
f 5186 5185 5314
f 5314 5315 5186
f 5187 5186 5315
f 5315 5316 5187
f 5188 5187 5316
f 5316 5317 5188
f 5189 5188 5317
f 5317 5318 5189
f 5190 5189 5318
f 5318 5319 5190
f 5191 5190 5319
f 5319 5320 5191
f 5192 5191 5320
f 5320 5321 5192
f 5193 5192 5321
f 5321 5322 5193
f 5194 5193 5322
f 5322 5323 5194
f 5195 5194 5323
f 5323 5324 5195
f 5196 5195 5324
f 5324 5325 5196
f 5197 5196 5325
f 5325 5326 5197
f 5198 5197 5326
f 5326 5327 5198
f 5199 5198 5327
f 5327 5328 5199
f 5200 5199 5328
f 5328 5329 5200
f 5201 5200 5329
f 5329 5330 5201
f 5202 5201 5330
f 5330 5331 5202
f 5203 5202 5331
f 5331 5332 5203
f 5204 5203 5332
f 5332 5333 5204
f 5205 5204 5333
f 5333 5334 5205
f 5206 5205 5334
f 5334 5335 5206
f 5207 5206 5335
f 5335 5336 5207
f 5208 5207 5336
f 5336 5337 5208
f 5209 5208 5337
f 5337 5338 5209
f 5210 5209 5338
f 5338 5339 5210
f 5211 5210 5339
f 5339 5340 5211
f 5212 5211 5340
f 5340 5341 5212
f 5213 5212 5341
f 5341 5342 5213
f 5215 5214 5343
f 5343 5344 5215
f 5216 5215 5344
f 5344 5345 5216
f 5217 5216 5345
f 5345 5346 5217
f 5218 5217 5346
f 5346 5347 5218
f 5219 5218 5347
f 5347 5348 5219
f 5220 5219 5348
f 5348 5349 5220
f 5221 5220 5349
f 5349 5350 5221
f 5222 5221 5350
f 5350 5351 5222
f 5223 5222 5351
f 5351 5352 5223
f 5224 5223 5352
f 5352 5353 5224
f 5225 5224 5353
f 5353 5354 5225
f 5226 5225 5354
f 5354 5355 5226
f 5227 5226 5355
f 5355 5356 5227
f 5228 5227 5356
f 5356 5357 5228
f 5229 5228 5357
f 5357 5358 5229
f 5230 5229 5358
f 5358 5359 5230
f 5231 5230 5359
f 5359 5360 5231
f 5232 5231 5360
f 5360 5361 5232
f 5233 5232 5361
f 5361 5362 5233
f 5234 5233 5362
f 5362 5363 5234
f 5235 5234 5363
f 5363 5364 5235
f 5236 5235 5364
f 5364 5365 5236
f 5237 5236 5365
f 5365 5366 5237
f 5238 5237 5366
f 5366 5367 5238
f 5239 5238 5367
f 5367 5368 5239
f 5240 5239 5368
f 5368 5369 5240
f 5241 5240 5369
f 5369 5370 5241
f 5242 5241 5370
f 5370 5371 5242
f 5243 5242 5371
f 5371 5372 5243
f 5244 5243 5372
f 5372 5373 5244
f 5245 5244 5373
f 5373 5374 5245
f 5246 5245 5374
f 5374 5375 5246
f 5247 5246 5375
f 5375 5376 5247
f 5248 5247 5376
f 5376 5377 5248
f 5249 5248 5377
f 5377 5378 5249
f 5250 5249 5378
f 5378 5379 5250
f 5251 5250 5379
f 5379 5380 5251
f 5252 5251 5380
f 5380 5381 5252
f 5253 5252 5381
f 5381 5382 5253
f 5254 5253 5382
f 5382 5383 5254
f 5255 5254 5383
f 5383 5384 5255
f 5256 5255 5384
f 5384 5385 5256
f 5257 5256 5385
f 5385 5386 5257
f 5258 5257 5386
f 5386 5387 5258
f 5259 5258 5387
f 5387 5388 5259
f 5260 5259 5388
f 5388 5389 5260
f 5261 5260 5389
f 5389 5390 5261
f 5262 5261 5390
f 5390 5391 5262
f 5263 5262 5391
f 5391 5392 5263
f 5264 5263 5392
f 5392 5393 5264
f 5265 5264 5393
f 5393 5394 5265
f 5266 5265 5394
f 5394 5395 5266
f 5267 5266 5395
f 5395 5396 5267
f 5268 5267 5396
f 5396 5397 5268
f 5269 5268 5397
f 5397 5398 5269
f 5270 5269 5398
f 5398 5399 5270
f 5271 5270 5399
f 5399 5400 5271
f 5272 5271 5400
f 5400 5401 5272
f 5273 5272 5401
f 5401 5402 5273
f 5274 5273 5402
f 5402 5403 5274
f 5275 5274 5403
f 5403 5404 5275
f 5276 5275 5404
f 5404 5405 5276
f 5277 5276 5405
f 5405 5406 5277
f 5278 5277 5406
f 5406 5407 5278
f 5279 5278 5407
f 5407 5408 5279
f 5280 5279 5408
f 5408 5409 5280
f 5281 5280 5409
f 5409 5410 5281
f 5282 5281 5410
f 5410 5411 5282
f 5283 5282 5411
f 5411 5412 5283
f 5284 5283 5412
f 5412 5413 5284
f 5285 5284 5413
f 5413 5414 5285
f 5286 5285 5414
f 5414 5415 5286
f 5287 5286 5415
f 5415 5416 5287
f 5288 5287 5416
f 5416 5417 5288
f 5289 5288 5417
f 5417 5418 5289
f 5290 5289 5418
f 5418 5419 5290
f 5291 5290 5419
f 5419 5420 5291
f 5292 5291 5420
f 5420 5421 5292
f 5293 5292 5421
f 5421 5422 5293
f 5294 5293 5422
f 5422 5423 5294
f 5295 5294 5423
f 5423 5424 5295
f 5296 5295 5424
f 5424 5425 5296
f 5297 5296 5425
f 5425 5426 5297
f 5298 5297 5426
f 5426 5427 5298
f 5299 5298 5427
f 5427 5428 5299
f 5300 5299 5428
f 5428 5429 5300
f 5301 5300 5429
f 5429 5430 5301
f 5302 5301 5430
f 5430 5431 5302
f 5303 5302 5431
f 5431 5432 5303
f 5304 5303 5432
f 5432 5433 5304
f 5305 5304 5433
f 5433 5434 5305
f 5306 5305 5434
f 5434 5435 5306
f 5307 5306 5435
f 5435 5436 5307
f 5308 5307 5436
f 5436 5437 5308
f 5309 5308 5437
f 5437 5438 5309
f 5310 5309 5438
f 5438 5439 5310
f 5311 5310 5439
f 5439 5440 5311
f 5312 5311 5440
f 5440 5441 5312
f 5313 5312 5441
f 5441 5442 5313
f 5314 5313 5442
f 5442 5443 5314
f 5315 5314 5443
f 5443 5444 5315
f 5316 5315 5444
f 5444 5445 5316
f 5317 5316 5445
f 5445 5446 5317
f 5318 5317 5446
f 5446 5447 5318
f 5319 5318 5447
f 5447 5448 5319
f 5320 5319 5448
f 5448 5449 5320
f 5321 5320 5449
f 5449 5450 5321
f 5322 5321 5450
f 5450 5451 5322
f 5323 5322 5451
f 5451 5452 5323
f 5324 5323 5452
f 5452 5453 5324
f 5325 5324 5453
f 5453 5454 5325
f 5326 5325 5454
f 5454 5455 5326
f 5327 5326 5455
f 5455 5456 5327
f 5328 5327 5456
f 5456 5457 5328
f 5329 5328 5457
f 5457 5458 5329
f 5330 5329 5458
f 5458 5459 5330
f 5331 5330 5459
f 5459 5460 5331
f 5332 5331 5460
f 5460 5461 5332
f 5333 5332 5461
f 5461 5462 5333
f 5334 5333 5462
f 5462 5463 5334
f 5335 5334 5463
f 5463 5464 5335
f 5336 5335 5464
f 5464 5465 5336
f 5337 5336 5465
f 5465 5466 5337
f 5338 5337 5466
f 5466 5467 5338
f 5339 5338 5467
f 5467 5468 5339
f 5340 5339 5468
f 5468 5469 5340
f 5341 5340 5469
f 5469 5470 5341
f 5342 5341 5470
f 5470 5471 5342
f 5344 5343 5472
f 5472 5473 5344
f 5345 5344 5473
f 5473 5474 5345
f 5346 5345 5474
f 5474 5475 5346
f 5347 5346 5475
f 5475 5476 5347
f 5348 5347 5476
f 5476 5477 5348
f 5349 5348 5477
f 5477 5478 5349
f 5350 5349 5478
f 5478 5479 5350
f 5351 5350 5479
f 5479 5480 5351
f 5352 5351 5480
f 5480 5481 5352
f 5353 5352 5481
f 5481 5482 5353
f 5354 5353 5482
f 5482 5483 5354
f 5355 5354 5483
f 5483 5484 5355
f 5356 5355 5484
f 5484 5485 5356
f 5357 5356 5485
f 5485 5486 5357
f 5358 5357 5486
f 5486 5487 5358
f 5359 5358 5487
f 5487 5488 5359
f 5360 5359 5488
f 5488 5489 5360
f 5361 5360 5489
f 5489 5490 5361
f 5362 5361 5490
f 5490 5491 5362
f 5363 5362 5491
f 5491 5492 5363
f 5364 5363 5492
f 5492 5493 5364
f 5365 5364 5493
f 5493 5494 5365
f 5366 5365 5494
f 5494 5495 5366
f 5367 5366 5495
f 5495 5496 5367
f 5368 5367 5496
f 5496 5497 5368
f 5369 5368 5497
f 5497 5498 5369
f 5370 5369 5498
f 5498 5499 5370
f 5371 5370 5499
f 5499 5500 5371
f 5372 5371 5500
f 5500 5501 5372
f 5373 5372 5501
f 5501 5502 5373
f 5374 5373 5502
f 5502 5503 5374
f 5375 5374 5503
f 5503 5504 5375
f 5376 5375 5504
f 5504 5505 5376
f 5377 5376 5505
f 5505 5506 5377
f 5378 5377 5506
f 5506 5507 5378
f 5379 5378 5507
f 5507 5508 5379
f 5380 5379 5508
f 5508 5509 5380
f 5381 5380 5509
f 5509 5510 5381
f 5382 5381 5510
f 5510 5511 5382
f 5383 5382 5511
f 5511 5512 5383
f 5384 5383 5512
f 5512 5513 5384
f 5385 5384 5513
f 5513 5514 5385
f 5386 5385 5514
f 5514 5515 5386
f 5387 5386 5515
f 5515 5516 5387
f 5388 5387 5516
f 5516 5517 5388
f 5389 5388 5517
f 5517 5518 5389
f 5390 5389 5518
f 5518 5519 5390
f 5391 5390 5519
f 5519 5520 5391
f 5392 5391 5520
f 5520 5521 5392
f 5393 5392 5521
f 5521 5522 5393
f 5394 5393 5522
f 5522 5523 5394
f 5395 5394 5523
f 5523 5524 5395
f 5396 5395 5524
f 5524 5525 5396
f 5397 5396 5525
f 5525 5526 5397
f 5398 5397 5526
f 5526 5527 5398
f 5399 5398 5527
f 5527 5528 5399
f 5400 5399 5528
f 5528 5529 5400
f 5401 5400 5529
f 5529 5530 5401
f 5402 5401 5530
f 5530 5531 5402
f 5403 5402 5531
f 5531 5532 5403
f 5404 5403 5532
f 5532 5533 5404
f 5405 5404 5533
f 5533 5534 5405
f 5406 5405 5534
f 5534 5535 5406
f 5407 5406 5535
f 5535 5536 5407
f 5408 5407 5536
f 5536 5537 5408
f 5409 5408 5537
f 5537 5538 5409
f 5410 5409 5538
f 5538 5539 5410
f 5411 5410 5539
f 5539 5540 5411
f 5412 5411 5540
f 5540 5541 5412
f 5413 5412 5541
f 5541 5542 5413
f 5414 5413 5542
f 5542 5543 5414
f 5415 5414 5543
f 5543 5544 5415
f 5416 5415 5544
f 5544 5545 5416
f 5417 5416 5545
f 5545 5546 5417
f 5418 5417 5546
f 5546 5547 5418
f 5419 5418 5547
f 5547 5548 5419
f 5420 5419 5548
f 5548 5549 5420
f 5421 5420 5549
f 5549 5550 5421
f 5422 5421 5550
f 5550 5551 5422
f 5423 5422 5551
f 5551 5552 5423
f 5424 5423 5552
f 5552 5553 5424
f 5425 5424 5553
f 5553 5554 5425
f 5426 5425 5554
f 5554 5555 5426
f 5427 5426 5555
f 5555 5556 5427
f 5428 5427 5556
f 5556 5557 5428
f 5429 5428 5557
f 5557 5558 5429
f 5430 5429 5558
f 5558 5559 5430
f 5431 5430 5559
f 5559 5560 5431
f 5432 5431 5560
f 5560 5561 5432
f 5433 5432 5561
f 5561 5562 5433
f 5434 5433 5562
f 5562 5563 5434
f 5435 5434 5563
f 5563 5564 5435
f 5436 5435 5564
f 5564 5565 5436
f 5437 5436 5565
f 5565 5566 5437
f 5438 5437 5566
f 5566 5567 5438
f 5439 5438 5567
f 5567 5568 5439
f 5440 5439 5568
f 5568 5569 5440
f 5441 5440 5569
f 5569 5570 5441
f 5442 5441 5570
f 5570 5571 5442
f 5443 5442 5571
f 5571 5572 5443
f 5444 5443 5572
f 5572 5573 5444
f 5445 5444 5573
f 5573 5574 5445
f 5446 5445 5574
f 5574 5575 5446
f 5447 5446 5575
f 5575 5576 5447
f 5448 5447 5576
f 5576 5577 5448
f 5449 5448 5577
f 5577 5578 5449
f 5450 5449 5578
f 5578 5579 5450
f 5451 5450 5579
f 5579 5580 5451
f 5452 5451 5580
f 5580 5581 5452
f 5453 5452 5581
f 5581 5582 5453
f 5454 5453 5582
f 5582 5583 5454
f 5455 5454 5583
f 5583 5584 5455
f 5456 5455 5584
f 5584 5585 5456
f 5457 5456 5585
f 5585 5586 5457
f 5458 5457 5586
f 5586 5587 5458
f 5459 5458 5587
f 5587 5588 5459
f 5460 5459 5588
f 5588 5589 5460
f 5461 5460 5589
f 5589 5590 5461
f 5462 5461 5590
f 5590 5591 5462
f 5463 5462 5591
f 5591 5592 5463
f 5464 5463 5592
f 5592 5593 5464
f 5465 5464 5593
f 5593 5594 5465
f 5466 5465 5594
f 5594 5595 5466
f 5467 5466 5595
f 5595 5596 5467
f 5468 5467 5596
f 5596 5597 5468
f 5469 5468 5597
f 5597 5598 5469
f 5470 5469 5598
f 5598 5599 5470
f 5471 5470 5599
f 5599 5600 5471
f 5473 5472 5601
f 5601 5602 5473
f 5474 5473 5602
f 5602 5603 5474
f 5475 5474 5603
f 5603 5604 5475
f 5476 5475 5604
f 5604 5605 5476
f 5477 5476 5605
f 5605 5606 5477
f 5478 5477 5606
f 5606 5607 5478
f 5479 5478 5607
f 5607 5608 5479
f 5480 5479 5608
f 5608 5609 5480
f 5481 5480 5609
f 5609 5610 5481
f 5482 5481 5610
f 5610 5611 5482
f 5483 5482 5611
f 5611 5612 5483
f 5484 5483 5612
f 5612 5613 5484
f 5485 5484 5613
f 5613 5614 5485
f 5486 5485 5614
f 5614 5615 5486
f 5487 5486 5615
f 5615 5616 5487
f 5488 5487 5616
f 5616 5617 5488
f 5489 5488 5617
f 5617 5618 5489
f 5490 5489 5618
f 5618 5619 5490
f 5491 5490 5619
f 5619 5620 5491
f 5492 5491 5620
f 5620 5621 5492
f 5493 5492 5621
f 5621 5622 5493
f 5494 5493 5622
f 5622 5623 5494
f 5495 5494 5623
f 5623 5624 5495
f 5496 5495 5624
f 5624 5625 5496
f 5497 5496 5625
f 5625 5626 5497
f 5498 5497 5626
f 5626 5627 5498
f 5499 5498 5627
f 5627 5628 5499
f 5500 5499 5628
f 5628 5629 5500
f 5501 5500 5629
f 5629 5630 5501
f 5502 5501 5630
f 5630 5631 5502
f 5503 5502 5631
f 5631 5632 5503
f 5504 5503 5632
f 5632 5633 5504
f 5505 5504 5633
f 5633 5634 5505
f 5506 5505 5634
f 5634 5635 5506
f 5507 5506 5635
f 5635 5636 5507
f 5508 5507 5636
f 5636 5637 5508
f 5509 5508 5637
f 5637 5638 5509
f 5510 5509 5638
f 5638 5639 5510
f 5511 5510 5639
f 5639 5640 5511
f 5512 5511 5640
f 5640 5641 5512
f 5513 5512 5641
f 5641 5642 5513
f 5514 5513 5642
f 5642 5643 5514
f 5515 5514 5643
f 5643 5644 5515
f 5516 5515 5644
f 5644 5645 5516
f 5517 5516 5645
f 5645 5646 5517
f 5518 5517 5646
f 5646 5647 5518
f 5519 5518 5647
f 5647 5648 5519
f 5520 5519 5648
f 5648 5649 5520
f 5521 5520 5649
f 5649 5650 5521
f 5522 5521 5650
f 5650 5651 5522
f 5523 5522 5651
f 5651 5652 5523
f 5524 5523 5652
f 5652 5653 5524
f 5525 5524 5653
f 5653 5654 5525
f 5526 5525 5654
f 5654 5655 5526
f 5527 5526 5655
f 5655 5656 5527
f 5528 5527 5656
f 5656 5657 5528
f 5529 5528 5657
f 5657 5658 5529
f 5530 5529 5658
f 5658 5659 5530
f 5531 5530 5659
f 5659 5660 5531
f 5532 5531 5660
f 5660 5661 5532
f 5533 5532 5661
f 5661 5662 5533
f 5534 5533 5662
f 5662 5663 5534
f 5535 5534 5663
f 5663 5664 5535
f 5536 5535 5664
f 5664 5665 5536
f 5537 5536 5665
f 5665 5666 5537
f 5538 5537 5666
f 5666 5667 5538
f 5539 5538 5667
f 5667 5668 5539
f 5540 5539 5668
f 5668 5669 5540
f 5541 5540 5669
f 5669 5670 5541
f 5542 5541 5670
f 5670 5671 5542
f 5543 5542 5671
f 5671 5672 5543
f 5544 5543 5672
f 5672 5673 5544
f 5545 5544 5673
f 5673 5674 5545
f 5546 5545 5674
f 5674 5675 5546
f 5547 5546 5675
f 5675 5676 5547
f 5548 5547 5676
f 5676 5677 5548
f 5549 5548 5677
f 5677 5678 5549
f 5550 5549 5678
f 5678 5679 5550
f 5551 5550 5679
f 5679 5680 5551
f 5552 5551 5680
f 5680 5681 5552
f 5553 5552 5681
f 5681 5682 5553
f 5554 5553 5682
f 5682 5683 5554
f 5555 5554 5683
f 5683 5684 5555
f 5556 5555 5684
f 5684 5685 5556
f 5557 5556 5685
f 5685 5686 5557
f 5558 5557 5686
f 5686 5687 5558
f 5559 5558 5687
f 5687 5688 5559
f 5560 5559 5688
f 5688 5689 5560
f 5561 5560 5689
f 5689 5690 5561
f 5562 5561 5690
f 5690 5691 5562
f 5563 5562 5691
f 5691 5692 5563
f 5564 5563 5692
f 5692 5693 5564
f 5565 5564 5693
f 5693 5694 5565
f 5566 5565 5694
f 5694 5695 5566
f 5567 5566 5695
f 5695 5696 5567
f 5568 5567 5696
f 5696 5697 5568
f 5569 5568 5697
f 5697 5698 5569
f 5570 5569 5698
f 5698 5699 5570
f 5571 5570 5699
f 5699 5700 5571
f 5572 5571 5700
f 5700 5701 5572
f 5573 5572 5701
f 5701 5702 5573
f 5574 5573 5702
f 5702 5703 5574
f 5575 5574 5703
f 5703 5704 5575
f 5576 5575 5704
f 5704 5705 5576
f 5577 5576 5705
f 5705 5706 5577
f 5578 5577 5706
f 5706 5707 5578
f 5579 5578 5707
f 5707 5708 5579
f 5580 5579 5708
f 5708 5709 5580
f 5581 5580 5709
f 5709 5710 5581
f 5582 5581 5710
f 5710 5711 5582
f 5583 5582 5711
f 5711 5712 5583
f 5584 5583 5712
f 5712 5713 5584
f 5585 5584 5713
f 5713 5714 5585
f 5586 5585 5714
f 5714 5715 5586
f 5587 5586 5715
f 5715 5716 5587
f 5588 5587 5716
f 5716 5717 5588
f 5589 5588 5717
f 5717 5718 5589
f 5590 5589 5718
f 5718 5719 5590
f 5591 5590 5719
f 5719 5720 5591
f 5592 5591 5720
f 5720 5721 5592
f 5593 5592 5721
f 5721 5722 5593
f 5594 5593 5722
f 5722 5723 5594
f 5595 5594 5723
f 5723 5724 5595
f 5596 5595 5724
f 5724 5725 5596
f 5597 5596 5725
f 5725 5726 5597
f 5598 5597 5726
f 5726 5727 5598
f 5599 5598 5727
f 5727 5728 5599
f 5600 5599 5728
f 5728 5729 5600
f 5602 5601 5730
f 5730 5731 5602
f 5603 5602 5731
f 5731 5732 5603
f 5604 5603 5732
f 5732 5733 5604
f 5605 5604 5733
f 5733 5734 5605
f 5606 5605 5734
f 5734 5735 5606
f 5607 5606 5735
f 5735 5736 5607
f 5608 5607 5736
f 5736 5737 5608
f 5609 5608 5737
f 5737 5738 5609
f 5610 5609 5738
f 5738 5739 5610
f 5611 5610 5739
f 5739 5740 5611
f 5612 5611 5740
f 5740 5741 5612
f 5613 5612 5741
f 5741 5742 5613
f 5614 5613 5742
f 5742 5743 5614
f 5615 5614 5743
f 5743 5744 5615
f 5616 5615 5744
f 5744 5745 5616
f 5617 5616 5745
f 5745 5746 5617
f 5618 5617 5746
f 5746 5747 5618
f 5619 5618 5747
f 5747 5748 5619
f 5620 5619 5748
f 5748 5749 5620
f 5621 5620 5749
f 5749 5750 5621
f 5622 5621 5750
f 5750 5751 5622
f 5623 5622 5751
f 5751 5752 5623
f 5624 5623 5752
f 5752 5753 5624
f 5625 5624 5753
f 5753 5754 5625
f 5626 5625 5754
f 5754 5755 5626
f 5627 5626 5755
f 5755 5756 5627
f 5628 5627 5756
f 5756 5757 5628
f 5629 5628 5757
f 5757 5758 5629
f 5630 5629 5758
f 5758 5759 5630
f 5631 5630 5759
f 5759 5760 5631
f 5632 5631 5760
f 5760 5761 5632
f 5633 5632 5761
f 5761 5762 5633
f 5634 5633 5762
f 5762 5763 5634
f 5635 5634 5763
f 5763 5764 5635
f 5636 5635 5764
f 5764 5765 5636
f 5637 5636 5765
f 5765 5766 5637
f 5638 5637 5766
f 5766 5767 5638
f 5639 5638 5767
f 5767 5768 5639
f 5640 5639 5768
f 5768 5769 5640
f 5641 5640 5769
f 5769 5770 5641
f 5642 5641 5770
f 5770 5771 5642
f 5643 5642 5771
f 5771 5772 5643
f 5644 5643 5772
f 5772 5773 5644
f 5645 5644 5773
f 5773 5774 5645
f 5646 5645 5774
f 5774 5775 5646
f 5647 5646 5775
f 5775 5776 5647
f 5648 5647 5776
f 5776 5777 5648
f 5649 5648 5777
f 5777 5778 5649
f 5650 5649 5778
f 5778 5779 5650
f 5651 5650 5779
f 5779 5780 5651
f 5652 5651 5780
f 5780 5781 5652
f 5653 5652 5781
f 5781 5782 5653
f 5654 5653 5782
f 5782 5783 5654
f 5655 5654 5783
f 5783 5784 5655
f 5656 5655 5784
f 5784 5785 5656
f 5657 5656 5785
f 5785 5786 5657
f 5658 5657 5786
f 5786 5787 5658
f 5659 5658 5787
f 5787 5788 5659
f 5660 5659 5788
f 5788 5789 5660
f 5661 5660 5789
f 5789 5790 5661
f 5662 5661 5790
f 5790 5791 5662
f 5663 5662 5791
f 5791 5792 5663
f 5664 5663 5792
f 5792 5793 5664
f 5665 5664 5793
f 5793 5794 5665
f 5666 5665 5794
f 5794 5795 5666
f 5667 5666 5795
f 5795 5796 5667
f 5668 5667 5796
f 5796 5797 5668
f 5669 5668 5797
f 5797 5798 5669
f 5670 5669 5798
f 5798 5799 5670
f 5671 5670 5799
f 5799 5800 5671
f 5672 5671 5800
f 5800 5801 5672
f 5673 5672 5801
f 5801 5802 5673
f 5674 5673 5802
f 5802 5803 5674
f 5675 5674 5803
f 5803 5804 5675
f 5676 5675 5804
f 5804 5805 5676
f 5677 5676 5805
f 5805 5806 5677
f 5678 5677 5806
f 5806 5807 5678
f 5679 5678 5807
f 5807 5808 5679
f 5680 5679 5808
f 5808 5809 5680
f 5681 5680 5809
f 5809 5810 5681
f 5682 5681 5810
f 5810 5811 5682
f 5683 5682 5811
f 5811 5812 5683
f 5684 5683 5812
f 5812 5813 5684
f 5685 5684 5813
f 5813 5814 5685
f 5686 5685 5814
f 5814 5815 5686
f 5687 5686 5815
f 5815 5816 5687
f 5688 5687 5816
f 5816 5817 5688
f 5689 5688 5817
f 5817 5818 5689
f 5690 5689 5818
f 5818 5819 5690
f 5691 5690 5819
f 5819 5820 5691
f 5692 5691 5820
f 5820 5821 5692
f 5693 5692 5821
f 5821 5822 5693
f 5694 5693 5822
f 5822 5823 5694
f 5695 5694 5823
f 5823 5824 5695
f 5696 5695 5824
f 5824 5825 5696
f 5697 5696 5825
f 5825 5826 5697
f 5698 5697 5826
f 5826 5827 5698
f 5699 5698 5827
f 5827 5828 5699
f 5700 5699 5828
f 5828 5829 5700
f 5701 5700 5829
f 5829 5830 5701
f 5702 5701 5830
f 5830 5831 5702
f 5703 5702 5831
f 5831 5832 5703
f 5704 5703 5832
f 5832 5833 5704
f 5705 5704 5833
f 5833 5834 5705
f 5706 5705 5834
f 5834 5835 5706
f 5707 5706 5835
f 5835 5836 5707
f 5708 5707 5836
f 5836 5837 5708
f 5709 5708 5837
f 5837 5838 5709
f 5710 5709 5838
f 5838 5839 5710
f 5711 5710 5839
f 5839 5840 5711
f 5712 5711 5840
f 5840 5841 5712
f 5713 5712 5841
f 5841 5842 5713
f 5714 5713 5842
f 5842 5843 5714
f 5715 5714 5843
f 5843 5844 5715
f 5716 5715 5844
f 5844 5845 5716
f 5717 5716 5845
f 5845 5846 5717
f 5718 5717 5846
f 5846 5847 5718
f 5719 5718 5847
f 5847 5848 5719
f 5720 5719 5848
f 5848 5849 5720
f 5721 5720 5849
f 5849 5850 5721
f 5722 5721 5850
f 5850 5851 5722
f 5723 5722 5851
f 5851 5852 5723
f 5724 5723 5852
f 5852 5853 5724
f 5725 5724 5853
f 5853 5854 5725
f 5726 5725 5854
f 5854 5855 5726
f 5727 5726 5855
f 5855 5856 5727
f 5728 5727 5856
f 5856 5857 5728
f 5729 5728 5857
f 5857 5858 5729
f 5731 5730 5859
f 5859 5860 5731
f 5732 5731 5860
f 5860 5861 5732
f 5733 5732 5861
f 5861 5862 5733
f 5734 5733 5862
f 5862 5863 5734
f 5735 5734 5863
f 5863 5864 5735
f 5736 5735 5864
f 5864 5865 5736
f 5737 5736 5865
f 5865 5866 5737
f 5738 5737 5866
f 5866 5867 5738
f 5739 5738 5867
f 5867 5868 5739
f 5740 5739 5868
f 5868 5869 5740
f 5741 5740 5869
f 5869 5870 5741
f 5742 5741 5870
f 5870 5871 5742
f 5743 5742 5871
f 5871 5872 5743
f 5744 5743 5872
f 5872 5873 5744
f 5745 5744 5873
f 5873 5874 5745
f 5746 5745 5874
f 5874 5875 5746
f 5747 5746 5875
f 5875 5876 5747
f 5748 5747 5876
f 5876 5877 5748
f 5749 5748 5877
f 5877 5878 5749
f 5750 5749 5878
f 5878 5879 5750
f 5751 5750 5879
f 5879 5880 5751
f 5752 5751 5880
f 5880 5881 5752
f 5753 5752 5881
f 5881 5882 5753
f 5754 5753 5882
f 5882 5883 5754
f 5755 5754 5883
f 5883 5884 5755
f 5756 5755 5884
f 5884 5885 5756
f 5757 5756 5885
f 5885 5886 5757
f 5758 5757 5886
f 5886 5887 5758
f 5759 5758 5887
f 5887 5888 5759
f 5760 5759 5888
f 5888 5889 5760
f 5761 5760 5889
f 5889 5890 5761
f 5762 5761 5890
f 5890 5891 5762
f 5763 5762 5891
f 5891 5892 5763
f 5764 5763 5892
f 5892 5893 5764
f 5765 5764 5893
f 5893 5894 5765
f 5766 5765 5894
f 5894 5895 5766
f 5767 5766 5895
f 5895 5896 5767
f 5768 5767 5896
f 5896 5897 5768
f 5769 5768 5897
f 5897 5898 5769
f 5770 5769 5898
f 5898 5899 5770
f 5771 5770 5899
f 5899 5900 5771
f 5772 5771 5900
f 5900 5901 5772
f 5773 5772 5901
f 5901 5902 5773
f 5774 5773 5902
f 5902 5903 5774
f 5775 5774 5903
f 5903 5904 5775
f 5776 5775 5904
f 5904 5905 5776
f 5777 5776 5905
f 5905 5906 5777
f 5778 5777 5906
f 5906 5907 5778
f 5779 5778 5907
f 5907 5908 5779
f 5780 5779 5908
f 5908 5909 5780
f 5781 5780 5909
f 5909 5910 5781
f 5782 5781 5910
f 5910 5911 5782
f 5783 5782 5911
f 5911 5912 5783
f 5784 5783 5912
f 5912 5913 5784
f 5785 5784 5913
f 5913 5914 5785
f 5786 5785 5914
f 5914 5915 5786
f 5787 5786 5915
f 5915 5916 5787
f 5788 5787 5916
f 5916 5917 5788
f 5789 5788 5917
f 5917 5918 5789
f 5790 5789 5918
f 5918 5919 5790
f 5791 5790 5919
f 5919 5920 5791
f 5792 5791 5920
f 5920 5921 5792
f 5793 5792 5921
f 5921 5922 5793
f 5794 5793 5922
f 5922 5923 5794
f 5795 5794 5923
f 5923 5924 5795
f 5796 5795 5924
f 5924 5925 5796
f 5797 5796 5925
f 5925 5926 5797
f 5798 5797 5926
f 5926 5927 5798
f 5799 5798 5927
f 5927 5928 5799
f 5800 5799 5928
f 5928 5929 5800
f 5801 5800 5929
f 5929 5930 5801
f 5802 5801 5930
f 5930 5931 5802
f 5803 5802 5931
f 5931 5932 5803
f 5804 5803 5932
f 5932 5933 5804
f 5805 5804 5933
f 5933 5934 5805
f 5806 5805 5934
f 5934 5935 5806
f 5807 5806 5935
f 5935 5936 5807
f 5808 5807 5936
f 5936 5937 5808
f 5809 5808 5937
f 5937 5938 5809
f 5810 5809 5938
f 5938 5939 5810
f 5811 5810 5939
f 5939 5940 5811
f 5812 5811 5940
f 5940 5941 5812
f 5813 5812 5941
f 5941 5942 5813
f 5814 5813 5942
f 5942 5943 5814
f 5815 5814 5943
f 5943 5944 5815
f 5816 5815 5944
f 5944 5945 5816
f 5817 5816 5945
f 5945 5946 5817
f 5818 5817 5946
f 5946 5947 5818
f 5819 5818 5947
f 5947 5948 5819
f 5820 5819 5948
f 5948 5949 5820
f 5821 5820 5949
f 5949 5950 5821
f 5822 5821 5950
f 5950 5951 5822
f 5823 5822 5951
f 5951 5952 5823
f 5824 5823 5952
f 5952 5953 5824
f 5825 5824 5953
f 5953 5954 5825
f 5826 5825 5954
f 5954 5955 5826
f 5827 5826 5955
f 5955 5956 5827
f 5828 5827 5956
f 5956 5957 5828
f 5829 5828 5957
f 5957 5958 5829
f 5830 5829 5958
f 5958 5959 5830
f 5831 5830 5959
f 5959 5960 5831
f 5832 5831 5960
f 5960 5961 5832
f 5833 5832 5961
f 5961 5962 5833
f 5834 5833 5962
f 5962 5963 5834
f 5835 5834 5963
f 5963 5964 5835
f 5836 5835 5964
f 5964 5965 5836
f 5837 5836 5965
f 5965 5966 5837
f 5838 5837 5966
f 5966 5967 5838
f 5839 5838 5967
f 5967 5968 5839
f 5840 5839 5968
f 5968 5969 5840
f 5841 5840 5969
f 5969 5970 5841
f 5842 5841 5970
f 5970 5971 5842
f 5843 5842 5971
f 5971 5972 5843
f 5844 5843 5972
f 5972 5973 5844
f 5845 5844 5973
f 5973 5974 5845
f 5846 5845 5974
f 5974 5975 5846
f 5847 5846 5975
f 5975 5976 5847
f 5848 5847 5976
f 5976 5977 5848
f 5849 5848 5977
f 5977 5978 5849
f 5850 5849 5978
f 5978 5979 5850
f 5851 5850 5979
f 5979 5980 5851
f 5852 5851 5980
f 5980 5981 5852
f 5853 5852 5981
f 5981 5982 5853
f 5854 5853 5982
f 5982 5983 5854
f 5855 5854 5983
f 5983 5984 5855
f 5856 5855 5984
f 5984 5985 5856
f 5857 5856 5985
f 5985 5986 5857
f 5858 5857 5986
f 5986 5987 5858
f 5860 5859 5988
f 5988 5989 5860
f 5861 5860 5989
f 5989 5990 5861
f 5862 5861 5990
f 5990 5991 5862
f 5863 5862 5991
f 5991 5992 5863
f 5864 5863 5992
f 5992 5993 5864
f 5865 5864 5993
f 5993 5994 5865
f 5866 5865 5994
f 5994 5995 5866
f 5867 5866 5995
f 5995 5996 5867
f 5868 5867 5996
f 5996 5997 5868
f 5869 5868 5997
f 5997 5998 5869
f 5870 5869 5998
f 5998 5999 5870
f 5871 5870 5999
f 5999 6000 5871
f 5872 5871 6000
f 6000 6001 5872
f 5873 5872 6001
f 6001 6002 5873
f 5874 5873 6002
f 6002 6003 5874
f 5875 5874 6003
f 6003 6004 5875
f 5876 5875 6004
f 6004 6005 5876
f 5877 5876 6005
f 6005 6006 5877
f 5878 5877 6006
f 6006 6007 5878
f 5879 5878 6007
f 6007 6008 5879
f 5880 5879 6008
f 6008 6009 5880
f 5881 5880 6009
f 6009 6010 5881
f 5882 5881 6010
f 6010 6011 5882
f 5883 5882 6011
f 6011 6012 5883
f 5884 5883 6012
f 6012 6013 5884
f 5885 5884 6013
f 6013 6014 5885
f 5886 5885 6014
f 6014 6015 5886
f 5887 5886 6015
f 6015 6016 5887
f 5888 5887 6016
f 6016 6017 5888
f 5889 5888 6017
f 6017 6018 5889
f 5890 5889 6018
f 6018 6019 5890
f 5891 5890 6019
f 6019 6020 5891
f 5892 5891 6020
f 6020 6021 5892
f 5893 5892 6021
f 6021 6022 5893
f 5894 5893 6022
f 6022 6023 5894
f 5895 5894 6023
f 6023 6024 5895
f 5896 5895 6024
f 6024 6025 5896
f 5897 5896 6025
f 6025 6026 5897
f 5898 5897 6026
f 6026 6027 5898
f 5899 5898 6027
f 6027 6028 5899
f 5900 5899 6028
f 6028 6029 5900
f 5901 5900 6029
f 6029 6030 5901
f 5902 5901 6030
f 6030 6031 5902
f 5903 5902 6031
f 6031 6032 5903
f 5904 5903 6032
f 6032 6033 5904
f 5905 5904 6033
f 6033 6034 5905
f 5906 5905 6034
f 6034 6035 5906
f 5907 5906 6035
f 6035 6036 5907
f 5908 5907 6036
f 6036 6037 5908
f 5909 5908 6037
f 6037 6038 5909
f 5910 5909 6038
f 6038 6039 5910
f 5911 5910 6039
f 6039 6040 5911
f 5912 5911 6040
f 6040 6041 5912
f 5913 5912 6041
f 6041 6042 5913
f 5914 5913 6042
f 6042 6043 5914
f 5915 5914 6043
f 6043 6044 5915
f 5916 5915 6044
f 6044 6045 5916
f 5917 5916 6045
f 6045 6046 5917
f 5918 5917 6046
f 6046 6047 5918
f 5919 5918 6047
f 6047 6048 5919
f 5920 5919 6048
f 6048 6049 5920
f 5921 5920 6049
f 6049 6050 5921
f 5922 5921 6050
f 6050 6051 5922
f 5923 5922 6051
f 6051 6052 5923
f 5924 5923 6052
f 6052 6053 5924
f 5925 5924 6053
f 6053 6054 5925
f 5926 5925 6054
f 6054 6055 5926
f 5927 5926 6055
f 6055 6056 5927
f 5928 5927 6056
f 6056 6057 5928
f 5929 5928 6057
f 6057 6058 5929
f 5930 5929 6058
f 6058 6059 5930
f 5931 5930 6059
f 6059 6060 5931
f 5932 5931 6060
f 6060 6061 5932
f 5933 5932 6061
f 6061 6062 5933
f 5934 5933 6062
f 6062 6063 5934
f 5935 5934 6063
f 6063 6064 5935
f 5936 5935 6064
f 6064 6065 5936
f 5937 5936 6065
f 6065 6066 5937
f 5938 5937 6066
f 6066 6067 5938
f 5939 5938 6067
f 6067 6068 5939
f 5940 5939 6068
f 6068 6069 5940
f 5941 5940 6069
f 6069 6070 5941
f 5942 5941 6070
f 6070 6071 5942
f 5943 5942 6071
f 6071 6072 5943
f 5944 5943 6072
f 6072 6073 5944
f 5945 5944 6073
f 6073 6074 5945
f 5946 5945 6074
f 6074 6075 5946
f 5947 5946 6075
f 6075 6076 5947
f 5948 5947 6076
f 6076 6077 5948
f 5949 5948 6077
f 6077 6078 5949
f 5950 5949 6078
f 6078 6079 5950
f 5951 5950 6079
f 6079 6080 5951
f 5952 5951 6080
f 6080 6081 5952
f 5953 5952 6081
f 6081 6082 5953
f 5954 5953 6082
f 6082 6083 5954
f 5955 5954 6083
f 6083 6084 5955
f 5956 5955 6084
f 6084 6085 5956
f 5957 5956 6085
f 6085 6086 5957
f 5958 5957 6086
f 6086 6087 5958
f 5959 5958 6087
f 6087 6088 5959
f 5960 5959 6088
f 6088 6089 5960
f 5961 5960 6089
f 6089 6090 5961
f 5962 5961 6090
f 6090 6091 5962
f 5963 5962 6091
f 6091 6092 5963
f 5964 5963 6092
f 6092 6093 5964
f 5965 5964 6093
f 6093 6094 5965
f 5966 5965 6094
f 6094 6095 5966
f 5967 5966 6095
f 6095 6096 5967
f 5968 5967 6096
f 6096 6097 5968
f 5969 5968 6097
f 6097 6098 5969
f 5970 5969 6098
f 6098 6099 5970
f 5971 5970 6099
f 6099 6100 5971
f 5972 5971 6100
f 6100 6101 5972
f 5973 5972 6101
f 6101 6102 5973
f 5974 5973 6102
f 6102 6103 5974
f 5975 5974 6103
f 6103 6104 5975
f 5976 5975 6104
f 6104 6105 5976
f 5977 5976 6105
f 6105 6106 5977
f 5978 5977 6106
f 6106 6107 5978
f 5979 5978 6107
f 6107 6108 5979
f 5980 5979 6108
f 6108 6109 5980
f 5981 5980 6109
f 6109 6110 5981
f 5982 5981 6110
f 6110 6111 5982
f 5983 5982 6111
f 6111 6112 5983
f 5984 5983 6112
f 6112 6113 5984
f 5985 5984 6113
f 6113 6114 5985
f 5986 5985 6114
f 6114 6115 5986
f 5987 5986 6115
f 6115 6116 5987
f 5989 5988 6117
f 6117 6118 5989
f 5990 5989 6118
f 6118 6119 5990
f 5991 5990 6119
f 6119 6120 5991
f 5992 5991 6120
f 6120 6121 5992
f 5993 5992 6121
f 6121 6122 5993
f 5994 5993 6122
f 6122 6123 5994
f 5995 5994 6123
f 6123 6124 5995
f 5996 5995 6124
f 6124 6125 5996
f 5997 5996 6125
f 6125 6126 5997
f 5998 5997 6126
f 6126 6127 5998
f 5999 5998 6127
f 6127 6128 5999
f 6000 5999 6128
f 6128 6129 6000
f 6001 6000 6129
f 6129 6130 6001
f 6002 6001 6130
f 6130 6131 6002
f 6003 6002 6131
f 6131 6132 6003
f 6004 6003 6132
f 6132 6133 6004
f 6005 6004 6133
f 6133 6134 6005
f 6006 6005 6134
f 6134 6135 6006
f 6007 6006 6135
f 6135 6136 6007
f 6008 6007 6136
f 6136 6137 6008
f 6009 6008 6137
f 6137 6138 6009
f 6010 6009 6138
f 6138 6139 6010
f 6011 6010 6139
f 6139 6140 6011
f 6012 6011 6140
f 6140 6141 6012
f 6013 6012 6141
f 6141 6142 6013
f 6014 6013 6142
f 6142 6143 6014
f 6015 6014 6143
f 6143 6144 6015
f 6016 6015 6144
f 6144 6145 6016
f 6017 6016 6145
f 6145 6146 6017
f 6018 6017 6146
f 6146 6147 6018
f 6019 6018 6147
f 6147 6148 6019
f 6020 6019 6148
f 6148 6149 6020
f 6021 6020 6149
f 6149 6150 6021
f 6022 6021 6150
f 6150 6151 6022
f 6023 6022 6151
f 6151 6152 6023
f 6024 6023 6152
f 6152 6153 6024
f 6025 6024 6153
f 6153 6154 6025
f 6026 6025 6154
f 6154 6155 6026
f 6027 6026 6155
f 6155 6156 6027
f 6028 6027 6156
f 6156 6157 6028
f 6029 6028 6157
f 6157 6158 6029
f 6030 6029 6158
f 6158 6159 6030
f 6031 6030 6159
f 6159 6160 6031
f 6032 6031 6160
f 6160 6161 6032
f 6033 6032 6161
f 6161 6162 6033
f 6034 6033 6162
f 6162 6163 6034
f 6035 6034 6163
f 6163 6164 6035
f 6036 6035 6164
f 6164 6165 6036
f 6037 6036 6165
f 6165 6166 6037
f 6038 6037 6166
f 6166 6167 6038
f 6039 6038 6167
f 6167 6168 6039
f 6040 6039 6168
f 6168 6169 6040
f 6041 6040 6169
f 6169 6170 6041
f 6042 6041 6170
f 6170 6171 6042
f 6043 6042 6171
f 6171 6172 6043
f 6044 6043 6172
f 6172 6173 6044
f 6045 6044 6173
f 6173 6174 6045
f 6046 6045 6174
f 6174 6175 6046
f 6047 6046 6175
f 6175 6176 6047
f 6048 6047 6176
f 6176 6177 6048
f 6049 6048 6177
f 6177 6178 6049
f 6050 6049 6178
f 6178 6179 6050
f 6051 6050 6179
f 6179 6180 6051
f 6052 6051 6180
f 6180 6181 6052
f 6053 6052 6181
f 6181 6182 6053
f 6054 6053 6182
f 6182 6183 6054
f 6055 6054 6183
f 6183 6184 6055
f 6056 6055 6184
f 6184 6185 6056
f 6057 6056 6185
f 6185 6186 6057
f 6058 6057 6186
f 6186 6187 6058
f 6059 6058 6187
f 6187 6188 6059
f 6060 6059 6188
f 6188 6189 6060
f 6061 6060 6189
f 6189 6190 6061
f 6062 6061 6190
f 6190 6191 6062
f 6063 6062 6191
f 6191 6192 6063
f 6064 6063 6192
f 6192 6193 6064
f 6065 6064 6193
f 6193 6194 6065
f 6066 6065 6194
f 6194 6195 6066
f 6067 6066 6195
f 6195 6196 6067
f 6068 6067 6196
f 6196 6197 6068
f 6069 6068 6197
f 6197 6198 6069
f 6070 6069 6198
f 6198 6199 6070
f 6071 6070 6199
f 6199 6200 6071
f 6072 6071 6200
f 6200 6201 6072
f 6073 6072 6201
f 6201 6202 6073
f 6074 6073 6202
f 6202 6203 6074
f 6075 6074 6203
f 6203 6204 6075
f 6076 6075 6204
f 6204 6205 6076
f 6077 6076 6205
f 6205 6206 6077
f 6078 6077 6206
f 6206 6207 6078
f 6079 6078 6207
f 6207 6208 6079
f 6080 6079 6208
f 6208 6209 6080
f 6081 6080 6209
f 6209 6210 6081
f 6082 6081 6210
f 6210 6211 6082
f 6083 6082 6211
f 6211 6212 6083
f 6084 6083 6212
f 6212 6213 6084
f 6085 6084 6213
f 6213 6214 6085
f 6086 6085 6214
f 6214 6215 6086
f 6087 6086 6215
f 6215 6216 6087
f 6088 6087 6216
f 6216 6217 6088
f 6089 6088 6217
f 6217 6218 6089
f 6090 6089 6218
f 6218 6219 6090
f 6091 6090 6219
f 6219 6220 6091
f 6092 6091 6220
f 6220 6221 6092
f 6093 6092 6221
f 6221 6222 6093
f 6094 6093 6222
f 6222 6223 6094
f 6095 6094 6223
f 6223 6224 6095
f 6096 6095 6224
f 6224 6225 6096
f 6097 6096 6225
f 6225 6226 6097
f 6098 6097 6226
f 6226 6227 6098
f 6099 6098 6227
f 6227 6228 6099
f 6100 6099 6228
f 6228 6229 6100
f 6101 6100 6229
f 6229 6230 6101
f 6102 6101 6230
f 6230 6231 6102
f 6103 6102 6231
f 6231 6232 6103
f 6104 6103 6232
f 6232 6233 6104
f 6105 6104 6233
f 6233 6234 6105
f 6106 6105 6234
f 6234 6235 6106
f 6107 6106 6235
f 6235 6236 6107
f 6108 6107 6236
f 6236 6237 6108
f 6109 6108 6237
f 6237 6238 6109
f 6110 6109 6238
f 6238 6239 6110
f 6111 6110 6239
f 6239 6240 6111
f 6112 6111 6240
f 6240 6241 6112
f 6113 6112 6241
f 6241 6242 6113
f 6114 6113 6242
f 6242 6243 6114
f 6115 6114 6243
f 6243 6244 6115
f 6116 6115 6244
f 6244 6245 6116
f 6118 6117 6246
f 6246 6247 6118
f 6119 6118 6247
f 6247 6248 6119
f 6120 6119 6248
f 6248 6249 6120
f 6121 6120 6249
f 6249 6250 6121
f 6122 6121 6250
f 6250 6251 6122
f 6123 6122 6251
f 6251 6252 6123
f 6124 6123 6252
f 6252 6253 6124
f 6125 6124 6253
f 6253 6254 6125
f 6126 6125 6254
f 6254 6255 6126
f 6127 6126 6255
f 6255 6256 6127
f 6128 6127 6256
f 6256 6257 6128
f 6129 6128 6257
f 6257 6258 6129
f 6130 6129 6258
f 6258 6259 6130
f 6131 6130 6259
f 6259 6260 6131
f 6132 6131 6260
f 6260 6261 6132
f 6133 6132 6261
f 6261 6262 6133
f 6134 6133 6262
f 6262 6263 6134
f 6135 6134 6263
f 6263 6264 6135
f 6136 6135 6264
f 6264 6265 6136
f 6137 6136 6265
f 6265 6266 6137
f 6138 6137 6266
f 6266 6267 6138
f 6139 6138 6267
f 6267 6268 6139
f 6140 6139 6268
f 6268 6269 6140
f 6141 6140 6269
f 6269 6270 6141
f 6142 6141 6270
f 6270 6271 6142
f 6143 6142 6271
f 6271 6272 6143
f 6144 6143 6272
f 6272 6273 6144
f 6145 6144 6273
f 6273 6274 6145
f 6146 6145 6274
f 6274 6275 6146
f 6147 6146 6275
f 6275 6276 6147
f 6148 6147 6276
f 6276 6277 6148
f 6149 6148 6277
f 6277 6278 6149
f 6150 6149 6278
f 6278 6279 6150
f 6151 6150 6279
f 6279 6280 6151
f 6152 6151 6280
f 6280 6281 6152
f 6153 6152 6281
f 6281 6282 6153
f 6154 6153 6282
f 6282 6283 6154
f 6155 6154 6283
f 6283 6284 6155
f 6156 6155 6284
f 6284 6285 6156
f 6157 6156 6285
f 6285 6286 6157
f 6158 6157 6286
f 6286 6287 6158
f 6159 6158 6287
f 6287 6288 6159
f 6160 6159 6288
f 6288 6289 6160
f 6161 6160 6289
f 6289 6290 6161
f 6162 6161 6290
f 6290 6291 6162
f 6163 6162 6291
f 6291 6292 6163
f 6164 6163 6292
f 6292 6293 6164
f 6165 6164 6293
f 6293 6294 6165
f 6166 6165 6294
f 6294 6295 6166
f 6167 6166 6295
f 6295 6296 6167
f 6168 6167 6296
f 6296 6297 6168
f 6169 6168 6297
f 6297 6298 6169
f 6170 6169 6298
f 6298 6299 6170
f 6171 6170 6299
f 6299 6300 6171
f 6172 6171 6300
f 6300 6301 6172
f 6173 6172 6301
f 6301 6302 6173
f 6174 6173 6302
f 6302 6303 6174
f 6175 6174 6303
f 6303 6304 6175
f 6176 6175 6304
f 6304 6305 6176
f 6177 6176 6305
f 6305 6306 6177
f 6178 6177 6306
f 6306 6307 6178
f 6179 6178 6307
f 6307 6308 6179
f 6180 6179 6308
f 6308 6309 6180
f 6181 6180 6309
f 6309 6310 6181
f 6182 6181 6310
f 6310 6311 6182
f 6183 6182 6311
f 6311 6312 6183
f 6184 6183 6312
f 6312 6313 6184
f 6185 6184 6313
f 6313 6314 6185
f 6186 6185 6314
f 6314 6315 6186
f 6187 6186 6315
f 6315 6316 6187
f 6188 6187 6316
f 6316 6317 6188
f 6189 6188 6317
f 6317 6318 6189
f 6190 6189 6318
f 6318 6319 6190
f 6191 6190 6319
f 6319 6320 6191
f 6192 6191 6320
f 6320 6321 6192
f 6193 6192 6321
f 6321 6322 6193
f 6194 6193 6322
f 6322 6323 6194
f 6195 6194 6323
f 6323 6324 6195
f 6196 6195 6324
f 6324 6325 6196
f 6197 6196 6325
f 6325 6326 6197
f 6198 6197 6326
f 6326 6327 6198
f 6199 6198 6327
f 6327 6328 6199
f 6200 6199 6328
f 6328 6329 6200
f 6201 6200 6329
f 6329 6330 6201
f 6202 6201 6330
f 6330 6331 6202
f 6203 6202 6331
f 6331 6332 6203
f 6204 6203 6332
f 6332 6333 6204
f 6205 6204 6333
f 6333 6334 6205
f 6206 6205 6334
f 6334 6335 6206
f 6207 6206 6335
f 6335 6336 6207
f 6208 6207 6336
f 6336 6337 6208
f 6209 6208 6337
f 6337 6338 6209
f 6210 6209 6338
f 6338 6339 6210
f 6211 6210 6339
f 6339 6340 6211
f 6212 6211 6340
f 6340 6341 6212
f 6213 6212 6341
f 6341 6342 6213
f 6214 6213 6342
f 6342 6343 6214
f 6215 6214 6343
f 6343 6344 6215
f 6216 6215 6344
f 6344 6345 6216
f 6217 6216 6345
f 6345 6346 6217
f 6218 6217 6346
f 6346 6347 6218
f 6219 6218 6347
f 6347 6348 6219
f 6220 6219 6348
f 6348 6349 6220
f 6221 6220 6349
f 6349 6350 6221
f 6222 6221 6350
f 6350 6351 6222
f 6223 6222 6351
f 6351 6352 6223
f 6224 6223 6352
f 6352 6353 6224
f 6225 6224 6353
f 6353 6354 6225
f 6226 6225 6354
f 6354 6355 6226
f 6227 6226 6355
f 6355 6356 6227
f 6228 6227 6356
f 6356 6357 6228
f 6229 6228 6357
f 6357 6358 6229
f 6230 6229 6358
f 6358 6359 6230
f 6231 6230 6359
f 6359 6360 6231
f 6232 6231 6360
f 6360 6361 6232
f 6233 6232 6361
f 6361 6362 6233
f 6234 6233 6362
f 6362 6363 6234
f 6235 6234 6363
f 6363 6364 6235
f 6236 6235 6364
f 6364 6365 6236
f 6237 6236 6365
f 6365 6366 6237
f 6238 6237 6366
f 6366 6367 6238
f 6239 6238 6367
f 6367 6368 6239
f 6240 6239 6368
f 6368 6369 6240
f 6241 6240 6369
f 6369 6370 6241
f 6242 6241 6370
f 6370 6371 6242
f 6243 6242 6371
f 6371 6372 6243
f 6244 6243 6372
f 6372 6373 6244
f 6245 6244 6373
f 6373 6374 6245
f 6247 6246 6375
f 6375 6376 6247
f 6248 6247 6376
f 6376 6377 6248
f 6249 6248 6377
f 6377 6378 6249
f 6250 6249 6378
f 6378 6379 6250
f 6251 6250 6379
f 6379 6380 6251
f 6252 6251 6380
f 6380 6381 6252
f 6253 6252 6381
f 6381 6382 6253
f 6254 6253 6382
f 6382 6383 6254
f 6255 6254 6383
f 6383 6384 6255
f 6256 6255 6384
f 6384 6385 6256
f 6257 6256 6385
f 6385 6386 6257
f 6258 6257 6386
f 6386 6387 6258
f 6259 6258 6387
f 6387 6388 6259
f 6260 6259 6388
f 6388 6389 6260
f 6261 6260 6389
f 6389 6390 6261
f 6262 6261 6390
f 6390 6391 6262
f 6263 6262 6391
f 6391 6392 6263
f 6264 6263 6392
f 6392 6393 6264
f 6265 6264 6393
f 6393 6394 6265
f 6266 6265 6394
f 6394 6395 6266
f 6267 6266 6395
f 6395 6396 6267
f 6268 6267 6396
f 6396 6397 6268
f 6269 6268 6397
f 6397 6398 6269
f 6270 6269 6398
f 6398 6399 6270
f 6271 6270 6399
f 6399 6400 6271
f 6272 6271 6400
f 6400 6401 6272
f 6273 6272 6401
f 6401 6402 6273
f 6274 6273 6402
f 6402 6403 6274
f 6275 6274 6403
f 6403 6404 6275
f 6276 6275 6404
f 6404 6405 6276
f 6277 6276 6405
f 6405 6406 6277
f 6278 6277 6406
f 6406 6407 6278
f 6279 6278 6407
f 6407 6408 6279
f 6280 6279 6408
f 6408 6409 6280
f 6281 6280 6409
f 6409 6410 6281
f 6282 6281 6410
f 6410 6411 6282
f 6283 6282 6411
f 6411 6412 6283
f 6284 6283 6412
f 6412 6413 6284
f 6285 6284 6413
f 6413 6414 6285
f 6286 6285 6414
f 6414 6415 6286
f 6287 6286 6415
f 6415 6416 6287
f 6288 6287 6416
f 6416 6417 6288
f 6289 6288 6417
f 6417 6418 6289
f 6290 6289 6418
f 6418 6419 6290
f 6291 6290 6419
f 6419 6420 6291
f 6292 6291 6420
f 6420 6421 6292
f 6293 6292 6421
f 6421 6422 6293
f 6294 6293 6422
f 6422 6423 6294
f 6295 6294 6423
f 6423 6424 6295
f 6296 6295 6424
f 6424 6425 6296
f 6297 6296 6425
f 6425 6426 6297
f 6298 6297 6426
f 6426 6427 6298
f 6299 6298 6427
f 6427 6428 6299
f 6300 6299 6428
f 6428 6429 6300
f 6301 6300 6429
f 6429 6430 6301
f 6302 6301 6430
f 6430 6431 6302
f 6303 6302 6431
f 6431 6432 6303
f 6304 6303 6432
f 6432 6433 6304
f 6305 6304 6433
f 6433 6434 6305
f 6306 6305 6434
f 6434 6435 6306
f 6307 6306 6435
f 6435 6436 6307
f 6308 6307 6436
f 6436 6437 6308
f 6309 6308 6437
f 6437 6438 6309
f 6310 6309 6438
f 6438 6439 6310
f 6311 6310 6439
f 6439 6440 6311
f 6312 6311 6440
f 6440 6441 6312
f 6313 6312 6441
f 6441 6442 6313
f 6314 6313 6442
f 6442 6443 6314
f 6315 6314 6443
f 6443 6444 6315
f 6316 6315 6444
f 6444 6445 6316
f 6317 6316 6445
f 6445 6446 6317
f 6318 6317 6446
f 6446 6447 6318
f 6319 6318 6447
f 6447 6448 6319
f 6320 6319 6448
f 6448 6449 6320
f 6321 6320 6449
f 6449 6450 6321
f 6322 6321 6450
f 6450 6451 6322
f 6323 6322 6451
f 6451 6452 6323
f 6324 6323 6452
f 6452 6453 6324
f 6325 6324 6453
f 6453 6454 6325
f 6326 6325 6454
f 6454 6455 6326
f 6327 6326 6455
f 6455 6456 6327
f 6328 6327 6456
f 6456 6457 6328
f 6329 6328 6457
f 6457 6458 6329
f 6330 6329 6458
f 6458 6459 6330
f 6331 6330 6459
f 6459 6460 6331
f 6332 6331 6460
f 6460 6461 6332
f 6333 6332 6461
f 6461 6462 6333
f 6334 6333 6462
f 6462 6463 6334
f 6335 6334 6463
f 6463 6464 6335
f 6336 6335 6464
f 6464 6465 6336
f 6337 6336 6465
f 6465 6466 6337
f 6338 6337 6466
f 6466 6467 6338
f 6339 6338 6467
f 6467 6468 6339
f 6340 6339 6468
f 6468 6469 6340
f 6341 6340 6469
f 6469 6470 6341
f 6342 6341 6470
f 6470 6471 6342
f 6343 6342 6471
f 6471 6472 6343
f 6344 6343 6472
f 6472 6473 6344
f 6345 6344 6473
f 6473 6474 6345
f 6346 6345 6474
f 6474 6475 6346
f 6347 6346 6475
f 6475 6476 6347
f 6348 6347 6476
f 6476 6477 6348
f 6349 6348 6477
f 6477 6478 6349
f 6350 6349 6478
f 6478 6479 6350
f 6351 6350 6479
f 6479 6480 6351
f 6352 6351 6480
f 6480 6481 6352
f 6353 6352 6481
f 6481 6482 6353
f 6354 6353 6482
f 6482 6483 6354
f 6355 6354 6483
f 6483 6484 6355
f 6356 6355 6484
f 6484 6485 6356
f 6357 6356 6485
f 6485 6486 6357
f 6358 6357 6486
f 6486 6487 6358
f 6359 6358 6487
f 6487 6488 6359
f 6360 6359 6488
f 6488 6489 6360
f 6361 6360 6489
f 6489 6490 6361
f 6362 6361 6490
f 6490 6491 6362
f 6363 6362 6491
f 6491 6492 6363
f 6364 6363 6492
f 6492 6493 6364
f 6365 6364 6493
f 6493 6494 6365
f 6366 6365 6494
f 6494 6495 6366
f 6367 6366 6495
f 6495 6496 6367
f 6368 6367 6496
f 6496 6497 6368
f 6369 6368 6497
f 6497 6498 6369
f 6370 6369 6498
f 6498 6499 6370
f 6371 6370 6499
f 6499 6500 6371
f 6372 6371 6500
f 6500 6501 6372
f 6373 6372 6501
f 6501 6502 6373
f 6374 6373 6502
f 6502 6503 6374
f 6376 6375 6504
f 6504 6505 6376
f 6377 6376 6505
f 6505 6506 6377
f 6378 6377 6506
f 6506 6507 6378
f 6379 6378 6507
f 6507 6508 6379
f 6380 6379 6508
f 6508 6509 6380
f 6381 6380 6509
f 6509 6510 6381
f 6382 6381 6510
f 6510 6511 6382
f 6383 6382 6511
f 6511 6512 6383
f 6384 6383 6512
f 6512 6513 6384
f 6385 6384 6513
f 6513 6514 6385
f 6386 6385 6514
f 6514 6515 6386
f 6387 6386 6515
f 6515 6516 6387
f 6388 6387 6516
f 6516 6517 6388
f 6389 6388 6517
f 6517 6518 6389
f 6390 6389 6518
f 6518 6519 6390
f 6391 6390 6519
f 6519 6520 6391
f 6392 6391 6520
f 6520 6521 6392
f 6393 6392 6521
f 6521 6522 6393
f 6394 6393 6522
f 6522 6523 6394
f 6395 6394 6523
f 6523 6524 6395
f 6396 6395 6524
f 6524 6525 6396
f 6397 6396 6525
f 6525 6526 6397
f 6398 6397 6526
f 6526 6527 6398
f 6399 6398 6527
f 6527 6528 6399
f 6400 6399 6528
f 6528 6529 6400
f 6401 6400 6529
f 6529 6530 6401
f 6402 6401 6530
f 6530 6531 6402
f 6403 6402 6531
f 6531 6532 6403
f 6404 6403 6532
f 6532 6533 6404
f 6405 6404 6533
f 6533 6534 6405
f 6406 6405 6534
f 6534 6535 6406
f 6407 6406 6535
f 6535 6536 6407
f 6408 6407 6536
f 6536 6537 6408
f 6409 6408 6537
f 6537 6538 6409
f 6410 6409 6538
f 6538 6539 6410
f 6411 6410 6539
f 6539 6540 6411
f 6412 6411 6540
f 6540 6541 6412
f 6413 6412 6541
f 6541 6542 6413
f 6414 6413 6542
f 6542 6543 6414
f 6415 6414 6543
f 6543 6544 6415
f 6416 6415 6544
f 6544 6545 6416
f 6417 6416 6545
f 6545 6546 6417
f 6418 6417 6546
f 6546 6547 6418
f 6419 6418 6547
f 6547 6548 6419
f 6420 6419 6548
f 6548 6549 6420
f 6421 6420 6549
f 6549 6550 6421
f 6422 6421 6550
f 6550 6551 6422
f 6423 6422 6551
f 6551 6552 6423
f 6424 6423 6552
f 6552 6553 6424
f 6425 6424 6553
f 6553 6554 6425
f 6426 6425 6554
f 6554 6555 6426
f 6427 6426 6555
f 6555 6556 6427
f 6428 6427 6556
f 6556 6557 6428
f 6429 6428 6557
f 6557 6558 6429
f 6430 6429 6558
f 6558 6559 6430
f 6431 6430 6559
f 6559 6560 6431
f 6432 6431 6560
f 6560 6561 6432
f 6433 6432 6561
f 6561 6562 6433
f 6434 6433 6562
f 6562 6563 6434
f 6435 6434 6563
f 6563 6564 6435
f 6436 6435 6564
f 6564 6565 6436
f 6437 6436 6565
f 6565 6566 6437
f 6438 6437 6566
f 6566 6567 6438
f 6439 6438 6567
f 6567 6568 6439
f 6440 6439 6568
f 6568 6569 6440
f 6441 6440 6569
f 6569 6570 6441
f 6442 6441 6570
f 6570 6571 6442
f 6443 6442 6571
f 6571 6572 6443
f 6444 6443 6572
f 6572 6573 6444
f 6445 6444 6573
f 6573 6574 6445
f 6446 6445 6574
f 6574 6575 6446
f 6447 6446 6575
f 6575 6576 6447
f 6448 6447 6576
f 6576 6577 6448
f 6449 6448 6577
f 6577 6578 6449
f 6450 6449 6578
f 6578 6579 6450
f 6451 6450 6579
f 6579 6580 6451
f 6452 6451 6580
f 6580 6581 6452
f 6453 6452 6581
f 6581 6582 6453
f 6454 6453 6582
f 6582 6583 6454
f 6455 6454 6583
f 6583 6584 6455
f 6456 6455 6584
f 6584 6585 6456
f 6457 6456 6585
f 6585 6586 6457
f 6458 6457 6586
f 6586 6587 6458
f 6459 6458 6587
f 6587 6588 6459
f 6460 6459 6588
f 6588 6589 6460
f 6461 6460 6589
f 6589 6590 6461
f 6462 6461 6590
f 6590 6591 6462
f 6463 6462 6591
f 6591 6592 6463
f 6464 6463 6592
f 6592 6593 6464
f 6465 6464 6593
f 6593 6594 6465
f 6466 6465 6594
f 6594 6595 6466
f 6467 6466 6595
f 6595 6596 6467
f 6468 6467 6596
f 6596 6597 6468
f 6469 6468 6597
f 6597 6598 6469
f 6470 6469 6598
f 6598 6599 6470
f 6471 6470 6599
f 6599 6600 6471
f 6472 6471 6600
f 6600 6601 6472
f 6473 6472 6601
f 6601 6602 6473
f 6474 6473 6602
f 6602 6603 6474
f 6475 6474 6603
f 6603 6604 6475
f 6476 6475 6604
f 6604 6605 6476
f 6477 6476 6605
f 6605 6606 6477
f 6478 6477 6606
f 6606 6607 6478
f 6479 6478 6607
f 6607 6608 6479
f 6480 6479 6608
f 6608 6609 6480
f 6481 6480 6609
f 6609 6610 6481
f 6482 6481 6610
f 6610 6611 6482
f 6483 6482 6611
f 6611 6612 6483
f 6484 6483 6612
f 6612 6613 6484
f 6485 6484 6613
f 6613 6614 6485
f 6486 6485 6614
f 6614 6615 6486
f 6487 6486 6615
f 6615 6616 6487
f 6488 6487 6616
f 6616 6617 6488
f 6489 6488 6617
f 6617 6618 6489
f 6490 6489 6618
f 6618 6619 6490
f 6491 6490 6619
f 6619 6620 6491
f 6492 6491 6620
f 6620 6621 6492
f 6493 6492 6621
f 6621 6622 6493
f 6494 6493 6622
f 6622 6623 6494
f 6495 6494 6623
f 6623 6624 6495
f 6496 6495 6624
f 6624 6625 6496
f 6497 6496 6625
f 6625 6626 6497
f 6498 6497 6626
f 6626 6627 6498
f 6499 6498 6627
f 6627 6628 6499
f 6500 6499 6628
f 6628 6629 6500
f 6501 6500 6629
f 6629 6630 6501
f 6502 6501 6630
f 6630 6631 6502
f 6503 6502 6631
f 6631 6632 6503
f 6505 6504 6633
f 6633 6634 6505
f 6506 6505 6634
f 6634 6635 6506
f 6507 6506 6635
f 6635 6636 6507
f 6508 6507 6636
f 6636 6637 6508
f 6509 6508 6637
f 6637 6638 6509
f 6510 6509 6638
f 6638 6639 6510
f 6511 6510 6639
f 6639 6640 6511
f 6512 6511 6640
f 6640 6641 6512
f 6513 6512 6641
f 6641 6642 6513
f 6514 6513 6642
f 6642 6643 6514
f 6515 6514 6643
f 6643 6644 6515
f 6516 6515 6644
f 6644 6645 6516
f 6517 6516 6645
f 6645 6646 6517
f 6518 6517 6646
f 6646 6647 6518
f 6519 6518 6647
f 6647 6648 6519
f 6520 6519 6648
f 6648 6649 6520
f 6521 6520 6649
f 6649 6650 6521
f 6522 6521 6650
f 6650 6651 6522
f 6523 6522 6651
f 6651 6652 6523
f 6524 6523 6652
f 6652 6653 6524
f 6525 6524 6653
f 6653 6654 6525
f 6526 6525 6654
f 6654 6655 6526
f 6527 6526 6655
f 6655 6656 6527
f 6528 6527 6656
f 6656 6657 6528
f 6529 6528 6657
f 6657 6658 6529
f 6530 6529 6658
f 6658 6659 6530
f 6531 6530 6659
f 6659 6660 6531
f 6532 6531 6660
f 6660 6661 6532
f 6533 6532 6661
f 6661 6662 6533
f 6534 6533 6662
f 6662 6663 6534
f 6535 6534 6663
f 6663 6664 6535
f 6536 6535 6664
f 6664 6665 6536
f 6537 6536 6665
f 6665 6666 6537
f 6538 6537 6666
f 6666 6667 6538
f 6539 6538 6667
f 6667 6668 6539
f 6540 6539 6668
f 6668 6669 6540
f 6541 6540 6669
f 6669 6670 6541
f 6542 6541 6670
f 6670 6671 6542
f 6543 6542 6671
f 6671 6672 6543
f 6544 6543 6672
f 6672 6673 6544
f 6545 6544 6673
f 6673 6674 6545
f 6546 6545 6674
f 6674 6675 6546
f 6547 6546 6675
f 6675 6676 6547
f 6548 6547 6676
f 6676 6677 6548
f 6549 6548 6677
f 6677 6678 6549
f 6550 6549 6678
f 6678 6679 6550
f 6551 6550 6679
f 6679 6680 6551
f 6552 6551 6680
f 6680 6681 6552
f 6553 6552 6681
f 6681 6682 6553
f 6554 6553 6682
f 6682 6683 6554
f 6555 6554 6683
f 6683 6684 6555
f 6556 6555 6684
f 6684 6685 6556
f 6557 6556 6685
f 6685 6686 6557
f 6558 6557 6686
f 6686 6687 6558
f 6559 6558 6687
f 6687 6688 6559
f 6560 6559 6688
f 6688 6689 6560
f 6561 6560 6689
f 6689 6690 6561
f 6562 6561 6690
f 6690 6691 6562
f 6563 6562 6691
f 6691 6692 6563
f 6564 6563 6692
f 6692 6693 6564
f 6565 6564 6693
f 6693 6694 6565
f 6566 6565 6694
f 6694 6695 6566
f 6567 6566 6695
f 6695 6696 6567
f 6568 6567 6696
f 6696 6697 6568
f 6569 6568 6697
f 6697 6698 6569
f 6570 6569 6698
f 6698 6699 6570
f 6571 6570 6699
f 6699 6700 6571
f 6572 6571 6700
f 6700 6701 6572
f 6573 6572 6701
f 6701 6702 6573
f 6574 6573 6702
f 6702 6703 6574
f 6575 6574 6703
f 6703 6704 6575
f 6576 6575 6704
f 6704 6705 6576
f 6577 6576 6705
f 6705 6706 6577
f 6578 6577 6706
f 6706 6707 6578
f 6579 6578 6707
f 6707 6708 6579
f 6580 6579 6708
f 6708 6709 6580
f 6581 6580 6709
f 6709 6710 6581
f 6582 6581 6710
f 6710 6711 6582
f 6583 6582 6711
f 6711 6712 6583
f 6584 6583 6712
f 6712 6713 6584
f 6585 6584 6713
f 6713 6714 6585
f 6586 6585 6714
f 6714 6715 6586
f 6587 6586 6715
f 6715 6716 6587
f 6588 6587 6716
f 6716 6717 6588
f 6589 6588 6717
f 6717 6718 6589
f 6590 6589 6718
f 6718 6719 6590
f 6591 6590 6719
f 6719 6720 6591
f 6592 6591 6720
f 6720 6721 6592
f 6593 6592 6721
f 6721 6722 6593
f 6594 6593 6722
f 6722 6723 6594
f 6595 6594 6723
f 6723 6724 6595
f 6596 6595 6724
f 6724 6725 6596
f 6597 6596 6725
f 6725 6726 6597
f 6598 6597 6726
f 6726 6727 6598
f 6599 6598 6727
f 6727 6728 6599
f 6600 6599 6728
f 6728 6729 6600
f 6601 6600 6729
f 6729 6730 6601
f 6602 6601 6730
f 6730 6731 6602
f 6603 6602 6731
f 6731 6732 6603
f 6604 6603 6732
f 6732 6733 6604
f 6605 6604 6733
f 6733 6734 6605
f 6606 6605 6734
f 6734 6735 6606
f 6607 6606 6735
f 6735 6736 6607
f 6608 6607 6736
f 6736 6737 6608
f 6609 6608 6737
f 6737 6738 6609
f 6610 6609 6738
f 6738 6739 6610
f 6611 6610 6739
f 6739 6740 6611
f 6612 6611 6740
f 6740 6741 6612
f 6613 6612 6741
f 6741 6742 6613
f 6614 6613 6742
f 6742 6743 6614
f 6615 6614 6743
f 6743 6744 6615
f 6616 6615 6744
f 6744 6745 6616
f 6617 6616 6745
f 6745 6746 6617
f 6618 6617 6746
f 6746 6747 6618
f 6619 6618 6747
f 6747 6748 6619
f 6620 6619 6748
f 6748 6749 6620
f 6621 6620 6749
f 6749 6750 6621
f 6622 6621 6750
f 6750 6751 6622
f 6623 6622 6751
f 6751 6752 6623
f 6624 6623 6752
f 6752 6753 6624
f 6625 6624 6753
f 6753 6754 6625
f 6626 6625 6754
f 6754 6755 6626
f 6627 6626 6755
f 6755 6756 6627
f 6628 6627 6756
f 6756 6757 6628
f 6629 6628 6757
f 6757 6758 6629
f 6630 6629 6758
f 6758 6759 6630
f 6631 6630 6759
f 6759 6760 6631
f 6632 6631 6760
f 6760 6761 6632
f 6634 6633 6762
f 6762 6763 6634
f 6635 6634 6763
f 6763 6764 6635
f 6636 6635 6764
f 6764 6765 6636
f 6637 6636 6765
f 6765 6766 6637
f 6638 6637 6766
f 6766 6767 6638
f 6639 6638 6767
f 6767 6768 6639
f 6640 6639 6768
f 6768 6769 6640
f 6641 6640 6769
f 6769 6770 6641
f 6642 6641 6770
f 6770 6771 6642
f 6643 6642 6771
f 6771 6772 6643
f 6644 6643 6772
f 6772 6773 6644
f 6645 6644 6773
f 6773 6774 6645
f 6646 6645 6774
f 6774 6775 6646
f 6647 6646 6775
f 6775 6776 6647
f 6648 6647 6776
f 6776 6777 6648
f 6649 6648 6777
f 6777 6778 6649
f 6650 6649 6778
f 6778 6779 6650
f 6651 6650 6779
f 6779 6780 6651
f 6652 6651 6780
f 6780 6781 6652
f 6653 6652 6781
f 6781 6782 6653
f 6654 6653 6782
f 6782 6783 6654
f 6655 6654 6783
f 6783 6784 6655
f 6656 6655 6784
f 6784 6785 6656
f 6657 6656 6785
f 6785 6786 6657
f 6658 6657 6786
f 6786 6787 6658
f 6659 6658 6787
f 6787 6788 6659
f 6660 6659 6788
f 6788 6789 6660
f 6661 6660 6789
f 6789 6790 6661
f 6662 6661 6790
f 6790 6791 6662
f 6663 6662 6791
f 6791 6792 6663
f 6664 6663 6792
f 6792 6793 6664
f 6665 6664 6793
f 6793 6794 6665
f 6666 6665 6794
f 6794 6795 6666
f 6667 6666 6795
f 6795 6796 6667
f 6668 6667 6796
f 6796 6797 6668
f 6669 6668 6797
f 6797 6798 6669
f 6670 6669 6798
f 6798 6799 6670
f 6671 6670 6799
f 6799 6800 6671
f 6672 6671 6800
f 6800 6801 6672
f 6673 6672 6801
f 6801 6802 6673
f 6674 6673 6802
f 6802 6803 6674
f 6675 6674 6803
f 6803 6804 6675
f 6676 6675 6804
f 6804 6805 6676
f 6677 6676 6805
f 6805 6806 6677
f 6678 6677 6806
f 6806 6807 6678
f 6679 6678 6807
f 6807 6808 6679
f 6680 6679 6808
f 6808 6809 6680
f 6681 6680 6809
f 6809 6810 6681
f 6682 6681 6810
f 6810 6811 6682
f 6683 6682 6811
f 6811 6812 6683
f 6684 6683 6812
f 6812 6813 6684
f 6685 6684 6813
f 6813 6814 6685
f 6686 6685 6814
f 6814 6815 6686
f 6687 6686 6815
f 6815 6816 6687
f 6688 6687 6816
f 6816 6817 6688
f 6689 6688 6817
f 6817 6818 6689
f 6690 6689 6818
f 6818 6819 6690
f 6691 6690 6819
f 6819 6820 6691
f 6692 6691 6820
f 6820 6821 6692
f 6693 6692 6821
f 6821 6822 6693
f 6694 6693 6822
f 6822 6823 6694
f 6695 6694 6823
f 6823 6824 6695
f 6696 6695 6824
f 6824 6825 6696
f 6697 6696 6825
f 6825 6826 6697
f 6698 6697 6826
f 6826 6827 6698
f 6699 6698 6827
f 6827 6828 6699
f 6700 6699 6828
f 6828 6829 6700
f 6701 6700 6829
f 6829 6830 6701
f 6702 6701 6830
f 6830 6831 6702
f 6703 6702 6831
f 6831 6832 6703
f 6704 6703 6832
f 6832 6833 6704
f 6705 6704 6833
f 6833 6834 6705
f 6706 6705 6834
f 6834 6835 6706
f 6707 6706 6835
f 6835 6836 6707
f 6708 6707 6836
f 6836 6837 6708
f 6709 6708 6837
f 6837 6838 6709
f 6710 6709 6838
f 6838 6839 6710
f 6711 6710 6839
f 6839 6840 6711
f 6712 6711 6840
f 6840 6841 6712
f 6713 6712 6841
f 6841 6842 6713
f 6714 6713 6842
f 6842 6843 6714
f 6715 6714 6843
f 6843 6844 6715
f 6716 6715 6844
f 6844 6845 6716
f 6717 6716 6845
f 6845 6846 6717
f 6718 6717 6846
f 6846 6847 6718
f 6719 6718 6847
f 6847 6848 6719
f 6720 6719 6848
f 6848 6849 6720
f 6721 6720 6849
f 6849 6850 6721
f 6722 6721 6850
f 6850 6851 6722
f 6723 6722 6851
f 6851 6852 6723
f 6724 6723 6852
f 6852 6853 6724
f 6725 6724 6853
f 6853 6854 6725
f 6726 6725 6854
f 6854 6855 6726
f 6727 6726 6855
f 6855 6856 6727
f 6728 6727 6856
f 6856 6857 6728
f 6729 6728 6857
f 6857 6858 6729
f 6730 6729 6858
f 6858 6859 6730
f 6731 6730 6859
f 6859 6860 6731
f 6732 6731 6860
f 6860 6861 6732
f 6733 6732 6861
f 6861 6862 6733
f 6734 6733 6862
f 6862 6863 6734
f 6735 6734 6863
f 6863 6864 6735
f 6736 6735 6864
f 6864 6865 6736
f 6737 6736 6865
f 6865 6866 6737
f 6738 6737 6866
f 6866 6867 6738
f 6739 6738 6867
f 6867 6868 6739
f 6740 6739 6868
f 6868 6869 6740
f 6741 6740 6869
f 6869 6870 6741
f 6742 6741 6870
f 6870 6871 6742
f 6743 6742 6871
f 6871 6872 6743
f 6744 6743 6872
f 6872 6873 6744
f 6745 6744 6873
f 6873 6874 6745
f 6746 6745 6874
f 6874 6875 6746
f 6747 6746 6875
f 6875 6876 6747
f 6748 6747 6876
f 6876 6877 6748
f 6749 6748 6877
f 6877 6878 6749
f 6750 6749 6878
f 6878 6879 6750
f 6751 6750 6879
f 6879 6880 6751
f 6752 6751 6880
f 6880 6881 6752
f 6753 6752 6881
f 6881 6882 6753
f 6754 6753 6882
f 6882 6883 6754
f 6755 6754 6883
f 6883 6884 6755
f 6756 6755 6884
f 6884 6885 6756
f 6757 6756 6885
f 6885 6886 6757
f 6758 6757 6886
f 6886 6887 6758
f 6759 6758 6887
f 6887 6888 6759
f 6760 6759 6888
f 6888 6889 6760
f 6761 6760 6889
f 6889 6890 6761
f 6763 6762 6891
f 6891 6892 6763
f 6764 6763 6892
f 6892 6893 6764
f 6765 6764 6893
f 6893 6894 6765
f 6766 6765 6894
f 6894 6895 6766
f 6767 6766 6895
f 6895 6896 6767
f 6768 6767 6896
f 6896 6897 6768
f 6769 6768 6897
f 6897 6898 6769
f 6770 6769 6898
f 6898 6899 6770
f 6771 6770 6899
f 6899 6900 6771
f 6772 6771 6900
f 6900 6901 6772
f 6773 6772 6901
f 6901 6902 6773
f 6774 6773 6902
f 6902 6903 6774
f 6775 6774 6903
f 6903 6904 6775
f 6776 6775 6904
f 6904 6905 6776
f 6777 6776 6905
f 6905 6906 6777
f 6778 6777 6906
f 6906 6907 6778
f 6779 6778 6907
f 6907 6908 6779
f 6780 6779 6908
f 6908 6909 6780
f 6781 6780 6909
f 6909 6910 6781
f 6782 6781 6910
f 6910 6911 6782
f 6783 6782 6911
f 6911 6912 6783
f 6784 6783 6912
f 6912 6913 6784
f 6785 6784 6913
f 6913 6914 6785
f 6786 6785 6914
f 6914 6915 6786
f 6787 6786 6915
f 6915 6916 6787
f 6788 6787 6916
f 6916 6917 6788
f 6789 6788 6917
f 6917 6918 6789
f 6790 6789 6918
f 6918 6919 6790
f 6791 6790 6919
f 6919 6920 6791
f 6792 6791 6920
f 6920 6921 6792
f 6793 6792 6921
f 6921 6922 6793
f 6794 6793 6922
f 6922 6923 6794
f 6795 6794 6923
f 6923 6924 6795
f 6796 6795 6924
f 6924 6925 6796
f 6797 6796 6925
f 6925 6926 6797
f 6798 6797 6926
f 6926 6927 6798
f 6799 6798 6927
f 6927 6928 6799
f 6800 6799 6928
f 6928 6929 6800
f 6801 6800 6929
f 6929 6930 6801
f 6802 6801 6930
f 6930 6931 6802
f 6803 6802 6931
f 6931 6932 6803
f 6804 6803 6932
f 6932 6933 6804
f 6805 6804 6933
f 6933 6934 6805
f 6806 6805 6934
f 6934 6935 6806
f 6807 6806 6935
f 6935 6936 6807
f 6808 6807 6936
f 6936 6937 6808
f 6809 6808 6937
f 6937 6938 6809
f 6810 6809 6938
f 6938 6939 6810
f 6811 6810 6939
f 6939 6940 6811
f 6812 6811 6940
f 6940 6941 6812
f 6813 6812 6941
f 6941 6942 6813
f 6814 6813 6942
f 6942 6943 6814
f 6815 6814 6943
f 6943 6944 6815
f 6816 6815 6944
f 6944 6945 6816
f 6817 6816 6945
f 6945 6946 6817
f 6818 6817 6946
f 6946 6947 6818
f 6819 6818 6947
f 6947 6948 6819
f 6820 6819 6948
f 6948 6949 6820
f 6821 6820 6949
f 6949 6950 6821
f 6822 6821 6950
f 6950 6951 6822
f 6823 6822 6951
f 6951 6952 6823
f 6824 6823 6952
f 6952 6953 6824
f 6825 6824 6953
f 6953 6954 6825
f 6826 6825 6954
f 6954 6955 6826
f 6827 6826 6955
f 6955 6956 6827
f 6828 6827 6956
f 6956 6957 6828
f 6829 6828 6957
f 6957 6958 6829
f 6830 6829 6958
f 6958 6959 6830
f 6831 6830 6959
f 6959 6960 6831
f 6832 6831 6960
f 6960 6961 6832
f 6833 6832 6961
f 6961 6962 6833
f 6834 6833 6962
f 6962 6963 6834
f 6835 6834 6963
f 6963 6964 6835
f 6836 6835 6964
f 6964 6965 6836
f 6837 6836 6965
f 6965 6966 6837
f 6838 6837 6966
f 6966 6967 6838
f 6839 6838 6967
f 6967 6968 6839
f 6840 6839 6968
f 6968 6969 6840
f 6841 6840 6969
f 6969 6970 6841
f 6842 6841 6970
f 6970 6971 6842
f 6843 6842 6971
f 6971 6972 6843
f 6844 6843 6972
f 6972 6973 6844
f 6845 6844 6973
f 6973 6974 6845
f 6846 6845 6974
f 6974 6975 6846
f 6847 6846 6975
f 6975 6976 6847
f 6848 6847 6976
f 6976 6977 6848
f 6849 6848 6977
f 6977 6978 6849
f 6850 6849 6978
f 6978 6979 6850
f 6851 6850 6979
f 6979 6980 6851
f 6852 6851 6980
f 6980 6981 6852
f 6853 6852 6981
f 6981 6982 6853
f 6854 6853 6982
f 6982 6983 6854
f 6855 6854 6983
f 6983 6984 6855
f 6856 6855 6984
f 6984 6985 6856
f 6857 6856 6985
f 6985 6986 6857
f 6858 6857 6986
f 6986 6987 6858
f 6859 6858 6987
f 6987 6988 6859
f 6860 6859 6988
f 6988 6989 6860
f 6861 6860 6989
f 6989 6990 6861
f 6862 6861 6990
f 6990 6991 6862
f 6863 6862 6991
f 6991 6992 6863
f 6864 6863 6992
f 6992 6993 6864
f 6865 6864 6993
f 6993 6994 6865
f 6866 6865 6994
f 6994 6995 6866
f 6867 6866 6995
f 6995 6996 6867
f 6868 6867 6996
f 6996 6997 6868
f 6869 6868 6997
f 6997 6998 6869
f 6870 6869 6998
f 6998 6999 6870
f 6871 6870 6999
f 6999 7000 6871
f 6872 6871 7000
f 7000 7001 6872
f 6873 6872 7001
f 7001 7002 6873
f 6874 6873 7002
f 7002 7003 6874
f 6875 6874 7003
f 7003 7004 6875
f 6876 6875 7004
f 7004 7005 6876
f 6877 6876 7005
f 7005 7006 6877
f 6878 6877 7006
f 7006 7007 6878
f 6879 6878 7007
f 7007 7008 6879
f 6880 6879 7008
f 7008 7009 6880
f 6881 6880 7009
f 7009 7010 6881
f 6882 6881 7010
f 7010 7011 6882
f 6883 6882 7011
f 7011 7012 6883
f 6884 6883 7012
f 7012 7013 6884
f 6885 6884 7013
f 7013 7014 6885
f 6886 6885 7014
f 7014 7015 6886
f 6887 6886 7015
f 7015 7016 6887
f 6888 6887 7016
f 7016 7017 6888
f 6889 6888 7017
f 7017 7018 6889
f 6890 6889 7018
f 7018 7019 6890
f 6892 6891 7020
f 7020 7021 6892
f 6893 6892 7021
f 7021 7022 6893
f 6894 6893 7022
f 7022 7023 6894
f 6895 6894 7023
f 7023 7024 6895
f 6896 6895 7024
f 7024 7025 6896
f 6897 6896 7025
f 7025 7026 6897
f 6898 6897 7026
f 7026 7027 6898
f 6899 6898 7027
f 7027 7028 6899
f 6900 6899 7028
f 7028 7029 6900
f 6901 6900 7029
f 7029 7030 6901
f 6902 6901 7030
f 7030 7031 6902
f 6903 6902 7031
f 7031 7032 6903
f 6904 6903 7032
f 7032 7033 6904
f 6905 6904 7033
f 7033 7034 6905
f 6906 6905 7034
f 7034 7035 6906
f 6907 6906 7035
f 7035 7036 6907
f 6908 6907 7036
f 7036 7037 6908
f 6909 6908 7037
f 7037 7038 6909
f 6910 6909 7038
f 7038 7039 6910
f 6911 6910 7039
f 7039 7040 6911
f 6912 6911 7040
f 7040 7041 6912
f 6913 6912 7041
f 7041 7042 6913
f 6914 6913 7042
f 7042 7043 6914
f 6915 6914 7043
f 7043 7044 6915
f 6916 6915 7044
f 7044 7045 6916
f 6917 6916 7045
f 7045 7046 6917
f 6918 6917 7046
f 7046 7047 6918
f 6919 6918 7047
f 7047 7048 6919
f 6920 6919 7048
f 7048 7049 6920
f 6921 6920 7049
f 7049 7050 6921
f 6922 6921 7050
f 7050 7051 6922
f 6923 6922 7051
f 7051 7052 6923
f 6924 6923 7052
f 7052 7053 6924
f 6925 6924 7053
f 7053 7054 6925
f 6926 6925 7054
f 7054 7055 6926
f 6927 6926 7055
f 7055 7056 6927
f 6928 6927 7056
f 7056 7057 6928
f 6929 6928 7057
f 7057 7058 6929
f 6930 6929 7058
f 7058 7059 6930
f 6931 6930 7059
f 7059 7060 6931
f 6932 6931 7060
f 7060 7061 6932
f 6933 6932 7061
f 7061 7062 6933
f 6934 6933 7062
f 7062 7063 6934
f 6935 6934 7063
f 7063 7064 6935
f 6936 6935 7064
f 7064 7065 6936
f 6937 6936 7065
f 7065 7066 6937
f 6938 6937 7066
f 7066 7067 6938
f 6939 6938 7067
f 7067 7068 6939
f 6940 6939 7068
f 7068 7069 6940
f 6941 6940 7069
f 7069 7070 6941
f 6942 6941 7070
f 7070 7071 6942
f 6943 6942 7071
f 7071 7072 6943
f 6944 6943 7072
f 7072 7073 6944
f 6945 6944 7073
f 7073 7074 6945
f 6946 6945 7074
f 7074 7075 6946
f 6947 6946 7075
f 7075 7076 6947
f 6948 6947 7076
f 7076 7077 6948
f 6949 6948 7077
f 7077 7078 6949
f 6950 6949 7078
f 7078 7079 6950
f 6951 6950 7079
f 7079 7080 6951
f 6952 6951 7080
f 7080 7081 6952
f 6953 6952 7081
f 7081 7082 6953
f 6954 6953 7082
f 7082 7083 6954
f 6955 6954 7083
f 7083 7084 6955
f 6956 6955 7084
f 7084 7085 6956
f 6957 6956 7085
f 7085 7086 6957
f 6958 6957 7086
f 7086 7087 6958
f 6959 6958 7087
f 7087 7088 6959
f 6960 6959 7088
f 7088 7089 6960
f 6961 6960 7089
f 7089 7090 6961
f 6962 6961 7090
f 7090 7091 6962
f 6963 6962 7091
f 7091 7092 6963
f 6964 6963 7092
f 7092 7093 6964
f 6965 6964 7093
f 7093 7094 6965
f 6966 6965 7094
f 7094 7095 6966
f 6967 6966 7095
f 7095 7096 6967
f 6968 6967 7096
f 7096 7097 6968
f 6969 6968 7097
f 7097 7098 6969
f 6970 6969 7098
f 7098 7099 6970
f 6971 6970 7099
f 7099 7100 6971
f 6972 6971 7100
f 7100 7101 6972
f 6973 6972 7101
f 7101 7102 6973
f 6974 6973 7102
f 7102 7103 6974
f 6975 6974 7103
f 7103 7104 6975
f 6976 6975 7104
f 7104 7105 6976
f 6977 6976 7105
f 7105 7106 6977
f 6978 6977 7106
f 7106 7107 6978
f 6979 6978 7107
f 7107 7108 6979
f 6980 6979 7108
f 7108 7109 6980
f 6981 6980 7109
f 7109 7110 6981
f 6982 6981 7110
f 7110 7111 6982
f 6983 6982 7111
f 7111 7112 6983
f 6984 6983 7112
f 7112 7113 6984
f 6985 6984 7113
f 7113 7114 6985
f 6986 6985 7114
f 7114 7115 6986
f 6987 6986 7115
f 7115 7116 6987
f 6988 6987 7116
f 7116 7117 6988
f 6989 6988 7117
f 7117 7118 6989
f 6990 6989 7118
f 7118 7119 6990
f 6991 6990 7119
f 7119 7120 6991
f 6992 6991 7120
f 7120 7121 6992
f 6993 6992 7121
f 7121 7122 6993
f 6994 6993 7122
f 7122 7123 6994
f 6995 6994 7123
f 7123 7124 6995
f 6996 6995 7124
f 7124 7125 6996
f 6997 6996 7125
f 7125 7126 6997
f 6998 6997 7126
f 7126 7127 6998
f 6999 6998 7127
f 7127 7128 6999
f 7000 6999 7128
f 7128 7129 7000
f 7001 7000 7129
f 7129 7130 7001
f 7002 7001 7130
f 7130 7131 7002
f 7003 7002 7131
f 7131 7132 7003
f 7004 7003 7132
f 7132 7133 7004
f 7005 7004 7133
f 7133 7134 7005
f 7006 7005 7134
f 7134 7135 7006
f 7007 7006 7135
f 7135 7136 7007
f 7008 7007 7136
f 7136 7137 7008
f 7009 7008 7137
f 7137 7138 7009
f 7010 7009 7138
f 7138 7139 7010
f 7011 7010 7139
f 7139 7140 7011
f 7012 7011 7140
f 7140 7141 7012
f 7013 7012 7141
f 7141 7142 7013
f 7014 7013 7142
f 7142 7143 7014
f 7015 7014 7143
f 7143 7144 7015
f 7016 7015 7144
f 7144 7145 7016
f 7017 7016 7145
f 7145 7146 7017
f 7018 7017 7146
f 7146 7147 7018
f 7019 7018 7147
f 7147 7148 7019
f 7021 7020 7149
f 7149 7150 7021
f 7022 7021 7150
f 7150 7151 7022
f 7023 7022 7151
f 7151 7152 7023
f 7024 7023 7152
f 7152 7153 7024
f 7025 7024 7153
f 7153 7154 7025
f 7026 7025 7154
f 7154 7155 7026
f 7027 7026 7155
f 7155 7156 7027
f 7028 7027 7156
f 7156 7157 7028
f 7029 7028 7157
f 7157 7158 7029
f 7030 7029 7158
f 7158 7159 7030
f 7031 7030 7159
f 7159 7160 7031
f 7032 7031 7160
f 7160 7161 7032
f 7033 7032 7161
f 7161 7162 7033
f 7034 7033 7162
f 7162 7163 7034
f 7035 7034 7163
f 7163 7164 7035
f 7036 7035 7164
f 7164 7165 7036
f 7037 7036 7165
f 7165 7166 7037
f 7038 7037 7166
f 7166 7167 7038
f 7039 7038 7167
f 7167 7168 7039
f 7040 7039 7168
f 7168 7169 7040
f 7041 7040 7169
f 7169 7170 7041
f 7042 7041 7170
f 7170 7171 7042
f 7043 7042 7171
f 7171 7172 7043
f 7044 7043 7172
f 7172 7173 7044
f 7045 7044 7173
f 7173 7174 7045
f 7046 7045 7174
f 7174 7175 7046
f 7047 7046 7175
f 7175 7176 7047
f 7048 7047 7176
f 7176 7177 7048
f 7049 7048 7177
f 7177 7178 7049
f 7050 7049 7178
f 7178 7179 7050
f 7051 7050 7179
f 7179 7180 7051
f 7052 7051 7180
f 7180 7181 7052
f 7053 7052 7181
f 7181 7182 7053
f 7054 7053 7182
f 7182 7183 7054
f 7055 7054 7183
f 7183 7184 7055
f 7056 7055 7184
f 7184 7185 7056
f 7057 7056 7185
f 7185 7186 7057
f 7058 7057 7186
f 7186 7187 7058
f 7059 7058 7187
f 7187 7188 7059
f 7060 7059 7188
f 7188 7189 7060
f 7061 7060 7189
f 7189 7190 7061
f 7062 7061 7190
f 7190 7191 7062
f 7063 7062 7191
f 7191 7192 7063
f 7064 7063 7192
f 7192 7193 7064
f 7065 7064 7193
f 7193 7194 7065
f 7066 7065 7194
f 7194 7195 7066
f 7067 7066 7195
f 7195 7196 7067
f 7068 7067 7196
f 7196 7197 7068
f 7069 7068 7197
f 7197 7198 7069
f 7070 7069 7198
f 7198 7199 7070
f 7071 7070 7199
f 7199 7200 7071
f 7072 7071 7200
f 7200 7201 7072
f 7073 7072 7201
f 7201 7202 7073
f 7074 7073 7202
f 7202 7203 7074
f 7075 7074 7203
f 7203 7204 7075
f 7076 7075 7204
f 7204 7205 7076
f 7077 7076 7205
f 7205 7206 7077
f 7078 7077 7206
f 7206 7207 7078
f 7079 7078 7207
f 7207 7208 7079
f 7080 7079 7208
f 7208 7209 7080
f 7081 7080 7209
f 7209 7210 7081
f 7082 7081 7210
f 7210 7211 7082
f 7083 7082 7211
f 7211 7212 7083
f 7084 7083 7212
f 7212 7213 7084
f 7085 7084 7213
f 7213 7214 7085
f 7086 7085 7214
f 7214 7215 7086
f 7087 7086 7215
f 7215 7216 7087
f 7088 7087 7216
f 7216 7217 7088
f 7089 7088 7217
f 7217 7218 7089
f 7090 7089 7218
f 7218 7219 7090
f 7091 7090 7219
f 7219 7220 7091
f 7092 7091 7220
f 7220 7221 7092
f 7093 7092 7221
f 7221 7222 7093
f 7094 7093 7222
f 7222 7223 7094
f 7095 7094 7223
f 7223 7224 7095
f 7096 7095 7224
f 7224 7225 7096
f 7097 7096 7225
f 7225 7226 7097
f 7098 7097 7226
f 7226 7227 7098
f 7099 7098 7227
f 7227 7228 7099
f 7100 7099 7228
f 7228 7229 7100
f 7101 7100 7229
f 7229 7230 7101
f 7102 7101 7230
f 7230 7231 7102
f 7103 7102 7231
f 7231 7232 7103
f 7104 7103 7232
f 7232 7233 7104
f 7105 7104 7233
f 7233 7234 7105
f 7106 7105 7234
f 7234 7235 7106
f 7107 7106 7235
f 7235 7236 7107
f 7108 7107 7236
f 7236 7237 7108
f 7109 7108 7237
f 7237 7238 7109
f 7110 7109 7238
f 7238 7239 7110
f 7111 7110 7239
f 7239 7240 7111
f 7112 7111 7240
f 7240 7241 7112
f 7113 7112 7241
f 7241 7242 7113
f 7114 7113 7242
f 7242 7243 7114
f 7115 7114 7243
f 7243 7244 7115
f 7116 7115 7244
f 7244 7245 7116
f 7117 7116 7245
f 7245 7246 7117
f 7118 7117 7246
f 7246 7247 7118
f 7119 7118 7247
f 7247 7248 7119
f 7120 7119 7248
f 7248 7249 7120
f 7121 7120 7249
f 7249 7250 7121
f 7122 7121 7250
f 7250 7251 7122
f 7123 7122 7251
f 7251 7252 7123
f 7124 7123 7252
f 7252 7253 7124
f 7125 7124 7253
f 7253 7254 7125
f 7126 7125 7254
f 7254 7255 7126
f 7127 7126 7255
f 7255 7256 7127
f 7128 7127 7256
f 7256 7257 7128
f 7129 7128 7257
f 7257 7258 7129
f 7130 7129 7258
f 7258 7259 7130
f 7131 7130 7259
f 7259 7260 7131
f 7132 7131 7260
f 7260 7261 7132
f 7133 7132 7261
f 7261 7262 7133
f 7134 7133 7262
f 7262 7263 7134
f 7135 7134 7263
f 7263 7264 7135
f 7136 7135 7264
f 7264 7265 7136
f 7137 7136 7265
f 7265 7266 7137
f 7138 7137 7266
f 7266 7267 7138
f 7139 7138 7267
f 7267 7268 7139
f 7140 7139 7268
f 7268 7269 7140
f 7141 7140 7269
f 7269 7270 7141
f 7142 7141 7270
f 7270 7271 7142
f 7143 7142 7271
f 7271 7272 7143
f 7144 7143 7272
f 7272 7273 7144
f 7145 7144 7273
f 7273 7274 7145
f 7146 7145 7274
f 7274 7275 7146
f 7147 7146 7275
f 7275 7276 7147
f 7148 7147 7276
f 7276 7277 7148
f 7150 7149 7278
f 7278 7279 7150
f 7151 7150 7279
f 7279 7280 7151
f 7152 7151 7280
f 7280 7281 7152
f 7153 7152 7281
f 7281 7282 7153
f 7154 7153 7282
f 7282 7283 7154
f 7155 7154 7283
f 7283 7284 7155
f 7156 7155 7284
f 7284 7285 7156
f 7157 7156 7285
f 7285 7286 7157
f 7158 7157 7286
f 7286 7287 7158
f 7159 7158 7287
f 7287 7288 7159
f 7160 7159 7288
f 7288 7289 7160
f 7161 7160 7289
f 7289 7290 7161
f 7162 7161 7290
f 7290 7291 7162
f 7163 7162 7291
f 7291 7292 7163
f 7164 7163 7292
f 7292 7293 7164
f 7165 7164 7293
f 7293 7294 7165
f 7166 7165 7294
f 7294 7295 7166
f 7167 7166 7295
f 7295 7296 7167
f 7168 7167 7296
f 7296 7297 7168
f 7169 7168 7297
f 7297 7298 7169
f 7170 7169 7298
f 7298 7299 7170
f 7171 7170 7299
f 7299 7300 7171
f 7172 7171 7300
f 7300 7301 7172
f 7173 7172 7301
f 7301 7302 7173
f 7174 7173 7302
f 7302 7303 7174
f 7175 7174 7303
f 7303 7304 7175
f 7176 7175 7304
f 7304 7305 7176
f 7177 7176 7305
f 7305 7306 7177
f 7178 7177 7306
f 7306 7307 7178
f 7179 7178 7307
f 7307 7308 7179
f 7180 7179 7308
f 7308 7309 7180
f 7181 7180 7309
f 7309 7310 7181
f 7182 7181 7310
f 7310 7311 7182
f 7183 7182 7311
f 7311 7312 7183
f 7184 7183 7312
f 7312 7313 7184
f 7185 7184 7313
f 7313 7314 7185
f 7186 7185 7314
f 7314 7315 7186
f 7187 7186 7315
f 7315 7316 7187
f 7188 7187 7316
f 7316 7317 7188
f 7189 7188 7317
f 7317 7318 7189
f 7190 7189 7318
f 7318 7319 7190
f 7191 7190 7319
f 7319 7320 7191
f 7192 7191 7320
f 7320 7321 7192
f 7193 7192 7321
f 7321 7322 7193
f 7194 7193 7322
f 7322 7323 7194
f 7195 7194 7323
f 7323 7324 7195
f 7196 7195 7324
f 7324 7325 7196
f 7197 7196 7325
f 7325 7326 7197
f 7198 7197 7326
f 7326 7327 7198
f 7199 7198 7327
f 7327 7328 7199
f 7200 7199 7328
f 7328 7329 7200
f 7201 7200 7329
f 7329 7330 7201
f 7202 7201 7330
f 7330 7331 7202
f 7203 7202 7331
f 7331 7332 7203
f 7204 7203 7332
f 7332 7333 7204
f 7205 7204 7333
f 7333 7334 7205
f 7206 7205 7334
f 7334 7335 7206
f 7207 7206 7335
f 7335 7336 7207
f 7208 7207 7336
f 7336 7337 7208
f 7209 7208 7337
f 7337 7338 7209
f 7210 7209 7338
f 7338 7339 7210
f 7211 7210 7339
f 7339 7340 7211
f 7212 7211 7340
f 7340 7341 7212
f 7213 7212 7341
f 7341 7342 7213
f 7214 7213 7342
f 7342 7343 7214
f 7215 7214 7343
f 7343 7344 7215
f 7216 7215 7344
f 7344 7345 7216
f 7217 7216 7345
f 7345 7346 7217
f 7218 7217 7346
f 7346 7347 7218
f 7219 7218 7347
f 7347 7348 7219
f 7220 7219 7348
f 7348 7349 7220
f 7221 7220 7349
f 7349 7350 7221
f 7222 7221 7350
f 7350 7351 7222
f 7223 7222 7351
f 7351 7352 7223
f 7224 7223 7352
f 7352 7353 7224
f 7225 7224 7353
f 7353 7354 7225
f 7226 7225 7354
f 7354 7355 7226
f 7227 7226 7355
f 7355 7356 7227
f 7228 7227 7356
f 7356 7357 7228
f 7229 7228 7357
f 7357 7358 7229
f 7230 7229 7358
f 7358 7359 7230
f 7231 7230 7359
f 7359 7360 7231
f 7232 7231 7360
f 7360 7361 7232
f 7233 7232 7361
f 7361 7362 7233
f 7234 7233 7362
f 7362 7363 7234
f 7235 7234 7363
f 7363 7364 7235
f 7236 7235 7364
f 7364 7365 7236
f 7237 7236 7365
f 7365 7366 7237
f 7238 7237 7366
f 7366 7367 7238
f 7239 7238 7367
f 7367 7368 7239
f 7240 7239 7368
f 7368 7369 7240
f 7241 7240 7369
f 7369 7370 7241
f 7242 7241 7370
f 7370 7371 7242
f 7243 7242 7371
f 7371 7372 7243
f 7244 7243 7372
f 7372 7373 7244
f 7245 7244 7373
f 7373 7374 7245
f 7246 7245 7374
f 7374 7375 7246
f 7247 7246 7375
f 7375 7376 7247
f 7248 7247 7376
f 7376 7377 7248
f 7249 7248 7377
f 7377 7378 7249
f 7250 7249 7378
f 7378 7379 7250
f 7251 7250 7379
f 7379 7380 7251
f 7252 7251 7380
f 7380 7381 7252
f 7253 7252 7381
f 7381 7382 7253
f 7254 7253 7382
f 7382 7383 7254
f 7255 7254 7383
f 7383 7384 7255
f 7256 7255 7384
f 7384 7385 7256
f 7257 7256 7385
f 7385 7386 7257
f 7258 7257 7386
f 7386 7387 7258
f 7259 7258 7387
f 7387 7388 7259
f 7260 7259 7388
f 7388 7389 7260
f 7261 7260 7389
f 7389 7390 7261
f 7262 7261 7390
f 7390 7391 7262
f 7263 7262 7391
f 7391 7392 7263
f 7264 7263 7392
f 7392 7393 7264
f 7265 7264 7393
f 7393 7394 7265
f 7266 7265 7394
f 7394 7395 7266
f 7267 7266 7395
f 7395 7396 7267
f 7268 7267 7396
f 7396 7397 7268
f 7269 7268 7397
f 7397 7398 7269
f 7270 7269 7398
f 7398 7399 7270
f 7271 7270 7399
f 7399 7400 7271
f 7272 7271 7400
f 7400 7401 7272
f 7273 7272 7401
f 7401 7402 7273
f 7274 7273 7402
f 7402 7403 7274
f 7275 7274 7403
f 7403 7404 7275
f 7276 7275 7404
f 7404 7405 7276
f 7277 7276 7405
f 7405 7406 7277
f 7279 7278 7407
f 7407 7408 7279
f 7280 7279 7408
f 7408 7409 7280
f 7281 7280 7409
f 7409 7410 7281
f 7282 7281 7410
f 7410 7411 7282
f 7283 7282 7411
f 7411 7412 7283
f 7284 7283 7412
f 7412 7413 7284
f 7285 7284 7413
f 7413 7414 7285
f 7286 7285 7414
f 7414 7415 7286
f 7287 7286 7415
f 7415 7416 7287
f 7288 7287 7416
f 7416 7417 7288
f 7289 7288 7417
f 7417 7418 7289
f 7290 7289 7418
f 7418 7419 7290
f 7291 7290 7419
f 7419 7420 7291
f 7292 7291 7420
f 7420 7421 7292
f 7293 7292 7421
f 7421 7422 7293
f 7294 7293 7422
f 7422 7423 7294
f 7295 7294 7423
f 7423 7424 7295
f 7296 7295 7424
f 7424 7425 7296
f 7297 7296 7425
f 7425 7426 7297
f 7298 7297 7426
f 7426 7427 7298
f 7299 7298 7427
f 7427 7428 7299
f 7300 7299 7428
f 7428 7429 7300
f 7301 7300 7429
f 7429 7430 7301
f 7302 7301 7430
f 7430 7431 7302
f 7303 7302 7431
f 7431 7432 7303
f 7304 7303 7432
f 7432 7433 7304
f 7305 7304 7433
f 7433 7434 7305
f 7306 7305 7434
f 7434 7435 7306
f 7307 7306 7435
f 7435 7436 7307
f 7308 7307 7436
f 7436 7437 7308
f 7309 7308 7437
f 7437 7438 7309
f 7310 7309 7438
f 7438 7439 7310
f 7311 7310 7439
f 7439 7440 7311
f 7312 7311 7440
f 7440 7441 7312
f 7313 7312 7441
f 7441 7442 7313
f 7314 7313 7442
f 7442 7443 7314
f 7315 7314 7443
f 7443 7444 7315
f 7316 7315 7444
f 7444 7445 7316
f 7317 7316 7445
f 7445 7446 7317
f 7318 7317 7446
f 7446 7447 7318
f 7319 7318 7447
f 7447 7448 7319
f 7320 7319 7448
f 7448 7449 7320
f 7321 7320 7449
f 7449 7450 7321
f 7322 7321 7450
f 7450 7451 7322
f 7323 7322 7451
f 7451 7452 7323
f 7324 7323 7452
f 7452 7453 7324
f 7325 7324 7453
f 7453 7454 7325
f 7326 7325 7454
f 7454 7455 7326
f 7327 7326 7455
f 7455 7456 7327
f 7328 7327 7456
f 7456 7457 7328
f 7329 7328 7457
f 7457 7458 7329
f 7330 7329 7458
f 7458 7459 7330
f 7331 7330 7459
f 7459 7460 7331
f 7332 7331 7460
f 7460 7461 7332
f 7333 7332 7461
f 7461 7462 7333
f 7334 7333 7462
f 7462 7463 7334
f 7335 7334 7463
f 7463 7464 7335
f 7336 7335 7464
f 7464 7465 7336
f 7337 7336 7465
f 7465 7466 7337
f 7338 7337 7466
f 7466 7467 7338
f 7339 7338 7467
f 7467 7468 7339
f 7340 7339 7468
f 7468 7469 7340
f 7341 7340 7469
f 7469 7470 7341
f 7342 7341 7470
f 7470 7471 7342
f 7343 7342 7471
f 7471 7472 7343
f 7344 7343 7472
f 7472 7473 7344
f 7345 7344 7473
f 7473 7474 7345
f 7346 7345 7474
f 7474 7475 7346
f 7347 7346 7475
f 7475 7476 7347
f 7348 7347 7476
f 7476 7477 7348
f 7349 7348 7477
f 7477 7478 7349
f 7350 7349 7478
f 7478 7479 7350
f 7351 7350 7479
f 7479 7480 7351
f 7352 7351 7480
f 7480 7481 7352
f 7353 7352 7481
f 7481 7482 7353
f 7354 7353 7482
f 7482 7483 7354
f 7355 7354 7483
f 7483 7484 7355
f 7356 7355 7484
f 7484 7485 7356
f 7357 7356 7485
f 7485 7486 7357
f 7358 7357 7486
f 7486 7487 7358
f 7359 7358 7487
f 7487 7488 7359
f 7360 7359 7488
f 7488 7489 7360
f 7361 7360 7489
f 7489 7490 7361
f 7362 7361 7490
f 7490 7491 7362
f 7363 7362 7491
f 7491 7492 7363
f 7364 7363 7492
f 7492 7493 7364
f 7365 7364 7493
f 7493 7494 7365
f 7366 7365 7494
f 7494 7495 7366
f 7367 7366 7495
f 7495 7496 7367
f 7368 7367 7496
f 7496 7497 7368
f 7369 7368 7497
f 7497 7498 7369
f 7370 7369 7498
f 7498 7499 7370
f 7371 7370 7499
f 7499 7500 7371
f 7372 7371 7500
f 7500 7501 7372
f 7373 7372 7501
f 7501 7502 7373
f 7374 7373 7502
f 7502 7503 7374
f 7375 7374 7503
f 7503 7504 7375
f 7376 7375 7504
f 7504 7505 7376
f 7377 7376 7505
f 7505 7506 7377
f 7378 7377 7506
f 7506 7507 7378
f 7379 7378 7507
f 7507 7508 7379
f 7380 7379 7508
f 7508 7509 7380
f 7381 7380 7509
f 7509 7510 7381
f 7382 7381 7510
f 7510 7511 7382
f 7383 7382 7511
f 7511 7512 7383
f 7384 7383 7512
f 7512 7513 7384
f 7385 7384 7513
f 7513 7514 7385
f 7386 7385 7514
f 7514 7515 7386
f 7387 7386 7515
f 7515 7516 7387
f 7388 7387 7516
f 7516 7517 7388
f 7389 7388 7517
f 7517 7518 7389
f 7390 7389 7518
f 7518 7519 7390
f 7391 7390 7519
f 7519 7520 7391
f 7392 7391 7520
f 7520 7521 7392
f 7393 7392 7521
f 7521 7522 7393
f 7394 7393 7522
f 7522 7523 7394
f 7395 7394 7523
f 7523 7524 7395
f 7396 7395 7524
f 7524 7525 7396
f 7397 7396 7525
f 7525 7526 7397
f 7398 7397 7526
f 7526 7527 7398
f 7399 7398 7527
f 7527 7528 7399
f 7400 7399 7528
f 7528 7529 7400
f 7401 7400 7529
f 7529 7530 7401
f 7402 7401 7530
f 7530 7531 7402
f 7403 7402 7531
f 7531 7532 7403
f 7404 7403 7532
f 7532 7533 7404
f 7405 7404 7533
f 7533 7534 7405
f 7406 7405 7534
f 7534 7535 7406
f 7408 7407 7536
f 7536 7537 7408
f 7409 7408 7537
f 7537 7538 7409
f 7410 7409 7538
f 7538 7539 7410
f 7411 7410 7539
f 7539 7540 7411
f 7412 7411 7540
f 7540 7541 7412
f 7413 7412 7541
f 7541 7542 7413
f 7414 7413 7542
f 7542 7543 7414
f 7415 7414 7543
f 7543 7544 7415
f 7416 7415 7544
f 7544 7545 7416
f 7417 7416 7545
f 7545 7546 7417
f 7418 7417 7546
f 7546 7547 7418
f 7419 7418 7547
f 7547 7548 7419
f 7420 7419 7548
f 7548 7549 7420
f 7421 7420 7549
f 7549 7550 7421
f 7422 7421 7550
f 7550 7551 7422
f 7423 7422 7551
f 7551 7552 7423
f 7424 7423 7552
f 7552 7553 7424
f 7425 7424 7553
f 7553 7554 7425
f 7426 7425 7554
f 7554 7555 7426
f 7427 7426 7555
f 7555 7556 7427
f 7428 7427 7556
f 7556 7557 7428
f 7429 7428 7557
f 7557 7558 7429
f 7430 7429 7558
f 7558 7559 7430
f 7431 7430 7559
f 7559 7560 7431
f 7432 7431 7560
f 7560 7561 7432
f 7433 7432 7561
f 7561 7562 7433
f 7434 7433 7562
f 7562 7563 7434
f 7435 7434 7563
f 7563 7564 7435
f 7436 7435 7564
f 7564 7565 7436
f 7437 7436 7565
f 7565 7566 7437
f 7438 7437 7566
f 7566 7567 7438
f 7439 7438 7567
f 7567 7568 7439
f 7440 7439 7568
f 7568 7569 7440
f 7441 7440 7569
f 7569 7570 7441
f 7442 7441 7570
f 7570 7571 7442
f 7443 7442 7571
f 7571 7572 7443
f 7444 7443 7572
f 7572 7573 7444
f 7445 7444 7573
f 7573 7574 7445
f 7446 7445 7574
f 7574 7575 7446
f 7447 7446 7575
f 7575 7576 7447
f 7448 7447 7576
f 7576 7577 7448
f 7449 7448 7577
f 7577 7578 7449
f 7450 7449 7578
f 7578 7579 7450
f 7451 7450 7579
f 7579 7580 7451
f 7452 7451 7580
f 7580 7581 7452
f 7453 7452 7581
f 7581 7582 7453
f 7454 7453 7582
f 7582 7583 7454
f 7455 7454 7583
f 7583 7584 7455
f 7456 7455 7584
f 7584 7585 7456
f 7457 7456 7585
f 7585 7586 7457
f 7458 7457 7586
f 7586 7587 7458
f 7459 7458 7587
f 7587 7588 7459
f 7460 7459 7588
f 7588 7589 7460
f 7461 7460 7589
f 7589 7590 7461
f 7462 7461 7590
f 7590 7591 7462
f 7463 7462 7591
f 7591 7592 7463
f 7464 7463 7592
f 7592 7593 7464
f 7465 7464 7593
f 7593 7594 7465
f 7466 7465 7594
f 7594 7595 7466
f 7467 7466 7595
f 7595 7596 7467
f 7468 7467 7596
f 7596 7597 7468
f 7469 7468 7597
f 7597 7598 7469
f 7470 7469 7598
f 7598 7599 7470
f 7471 7470 7599
f 7599 7600 7471
f 7472 7471 7600
f 7600 7601 7472
f 7473 7472 7601
f 7601 7602 7473
f 7474 7473 7602
f 7602 7603 7474
f 7475 7474 7603
f 7603 7604 7475
f 7476 7475 7604
f 7604 7605 7476
f 7477 7476 7605
f 7605 7606 7477
f 7478 7477 7606
f 7606 7607 7478
f 7479 7478 7607
f 7607 7608 7479
f 7480 7479 7608
f 7608 7609 7480
f 7481 7480 7609
f 7609 7610 7481
f 7482 7481 7610
f 7610 7611 7482
f 7483 7482 7611
f 7611 7612 7483
f 7484 7483 7612
f 7612 7613 7484
f 7485 7484 7613
f 7613 7614 7485
f 7486 7485 7614
f 7614 7615 7486
f 7487 7486 7615
f 7615 7616 7487
f 7488 7487 7616
f 7616 7617 7488
f 7489 7488 7617
f 7617 7618 7489
f 7490 7489 7618
f 7618 7619 7490
f 7491 7490 7619
f 7619 7620 7491
f 7492 7491 7620
f 7620 7621 7492
f 7493 7492 7621
f 7621 7622 7493
f 7494 7493 7622
f 7622 7623 7494
f 7495 7494 7623
f 7623 7624 7495
f 7496 7495 7624
f 7624 7625 7496
f 7497 7496 7625
f 7625 7626 7497
f 7498 7497 7626
f 7626 7627 7498
f 7499 7498 7627
f 7627 7628 7499
f 7500 7499 7628
f 7628 7629 7500
f 7501 7500 7629
f 7629 7630 7501
f 7502 7501 7630
f 7630 7631 7502
f 7503 7502 7631
f 7631 7632 7503
f 7504 7503 7632
f 7632 7633 7504
f 7505 7504 7633
f 7633 7634 7505
f 7506 7505 7634
f 7634 7635 7506
f 7507 7506 7635
f 7635 7636 7507
f 7508 7507 7636
f 7636 7637 7508
f 7509 7508 7637
f 7637 7638 7509
f 7510 7509 7638
f 7638 7639 7510
f 7511 7510 7639
f 7639 7640 7511
f 7512 7511 7640
f 7640 7641 7512
f 7513 7512 7641
f 7641 7642 7513
f 7514 7513 7642
f 7642 7643 7514
f 7515 7514 7643
f 7643 7644 7515
f 7516 7515 7644
f 7644 7645 7516
f 7517 7516 7645
f 7645 7646 7517
f 7518 7517 7646
f 7646 7647 7518
f 7519 7518 7647
f 7647 7648 7519
f 7520 7519 7648
f 7648 7649 7520
f 7521 7520 7649
f 7649 7650 7521
f 7522 7521 7650
f 7650 7651 7522
f 7523 7522 7651
f 7651 7652 7523
f 7524 7523 7652
f 7652 7653 7524
f 7525 7524 7653
f 7653 7654 7525
f 7526 7525 7654
f 7654 7655 7526
f 7527 7526 7655
f 7655 7656 7527
f 7528 7527 7656
f 7656 7657 7528
f 7529 7528 7657
f 7657 7658 7529
f 7530 7529 7658
f 7658 7659 7530
f 7531 7530 7659
f 7659 7660 7531
f 7532 7531 7660
f 7660 7661 7532
f 7533 7532 7661
f 7661 7662 7533
f 7534 7533 7662
f 7662 7663 7534
f 7535 7534 7663
f 7663 7664 7535
f 7537 7536 7665
f 7665 7666 7537
f 7538 7537 7666
f 7666 7667 7538
f 7539 7538 7667
f 7667 7668 7539
f 7540 7539 7668
f 7668 7669 7540
f 7541 7540 7669
f 7669 7670 7541
f 7542 7541 7670
f 7670 7671 7542
f 7543 7542 7671
f 7671 7672 7543
f 7544 7543 7672
f 7672 7673 7544
f 7545 7544 7673
f 7673 7674 7545
f 7546 7545 7674
f 7674 7675 7546
f 7547 7546 7675
f 7675 7676 7547
f 7548 7547 7676
f 7676 7677 7548
f 7549 7548 7677
f 7677 7678 7549
f 7550 7549 7678
f 7678 7679 7550
f 7551 7550 7679
f 7679 7680 7551
f 7552 7551 7680
f 7680 7681 7552
f 7553 7552 7681
f 7681 7682 7553
f 7554 7553 7682
f 7682 7683 7554
f 7555 7554 7683
f 7683 7684 7555
f 7556 7555 7684
f 7684 7685 7556
f 7557 7556 7685
f 7685 7686 7557
f 7558 7557 7686
f 7686 7687 7558
f 7559 7558 7687
f 7687 7688 7559
f 7560 7559 7688
f 7688 7689 7560
f 7561 7560 7689
f 7689 7690 7561
f 7562 7561 7690
f 7690 7691 7562
f 7563 7562 7691
f 7691 7692 7563
f 7564 7563 7692
f 7692 7693 7564
f 7565 7564 7693
f 7693 7694 7565
f 7566 7565 7694
f 7694 7695 7566
f 7567 7566 7695
f 7695 7696 7567
f 7568 7567 7696
f 7696 7697 7568
f 7569 7568 7697
f 7697 7698 7569
f 7570 7569 7698
f 7698 7699 7570
f 7571 7570 7699
f 7699 7700 7571
f 7572 7571 7700
f 7700 7701 7572
f 7573 7572 7701
f 7701 7702 7573
f 7574 7573 7702
f 7702 7703 7574
f 7575 7574 7703
f 7703 7704 7575
f 7576 7575 7704
f 7704 7705 7576
f 7577 7576 7705
f 7705 7706 7577
f 7578 7577 7706
f 7706 7707 7578
f 7579 7578 7707
f 7707 7708 7579
f 7580 7579 7708
f 7708 7709 7580
f 7581 7580 7709
f 7709 7710 7581
f 7582 7581 7710
f 7710 7711 7582
f 7583 7582 7711
f 7711 7712 7583
f 7584 7583 7712
f 7712 7713 7584
f 7585 7584 7713
f 7713 7714 7585
f 7586 7585 7714
f 7714 7715 7586
f 7587 7586 7715
f 7715 7716 7587
f 7588 7587 7716
f 7716 7717 7588
f 7589 7588 7717
f 7717 7718 7589
f 7590 7589 7718
f 7718 7719 7590
f 7591 7590 7719
f 7719 7720 7591
f 7592 7591 7720
f 7720 7721 7592
f 7593 7592 7721
f 7721 7722 7593
f 7594 7593 7722
f 7722 7723 7594
f 7595 7594 7723
f 7723 7724 7595
f 7596 7595 7724
f 7724 7725 7596
f 7597 7596 7725
f 7725 7726 7597
f 7598 7597 7726
f 7726 7727 7598
f 7599 7598 7727
f 7727 7728 7599
f 7600 7599 7728
f 7728 7729 7600
f 7601 7600 7729
f 7729 7730 7601
f 7602 7601 7730
f 7730 7731 7602
f 7603 7602 7731
f 7731 7732 7603
f 7604 7603 7732
f 7732 7733 7604
f 7605 7604 7733
f 7733 7734 7605
f 7606 7605 7734
f 7734 7735 7606
f 7607 7606 7735
f 7735 7736 7607
f 7608 7607 7736
f 7736 7737 7608
f 7609 7608 7737
f 7737 7738 7609
f 7610 7609 7738
f 7738 7739 7610
f 7611 7610 7739
f 7739 7740 7611
f 7612 7611 7740
f 7740 7741 7612
f 7613 7612 7741
f 7741 7742 7613
f 7614 7613 7742
f 7742 7743 7614
f 7615 7614 7743
f 7743 7744 7615
f 7616 7615 7744
f 7744 7745 7616
f 7617 7616 7745
f 7745 7746 7617
f 7618 7617 7746
f 7746 7747 7618
f 7619 7618 7747
f 7747 7748 7619
f 7620 7619 7748
f 7748 7749 7620
f 7621 7620 7749
f 7749 7750 7621
f 7622 7621 7750
f 7750 7751 7622
f 7623 7622 7751
f 7751 7752 7623
f 7624 7623 7752
f 7752 7753 7624
f 7625 7624 7753
f 7753 7754 7625
f 7626 7625 7754
f 7754 7755 7626
f 7627 7626 7755
f 7755 7756 7627
f 7628 7627 7756
f 7756 7757 7628
f 7629 7628 7757
f 7757 7758 7629
f 7630 7629 7758
f 7758 7759 7630
f 7631 7630 7759
f 7759 7760 7631
f 7632 7631 7760
f 7760 7761 7632
f 7633 7632 7761
f 7761 7762 7633
f 7634 7633 7762
f 7762 7763 7634
f 7635 7634 7763
f 7763 7764 7635
f 7636 7635 7764
f 7764 7765 7636
f 7637 7636 7765
f 7765 7766 7637
f 7638 7637 7766
f 7766 7767 7638
f 7639 7638 7767
f 7767 7768 7639
f 7640 7639 7768
f 7768 7769 7640
f 7641 7640 7769
f 7769 7770 7641
f 7642 7641 7770
f 7770 7771 7642
f 7643 7642 7771
f 7771 7772 7643
f 7644 7643 7772
f 7772 7773 7644
f 7645 7644 7773
f 7773 7774 7645
f 7646 7645 7774
f 7774 7775 7646
f 7647 7646 7775
f 7775 7776 7647
f 7648 7647 7776
f 7776 7777 7648
f 7649 7648 7777
f 7777 7778 7649
f 7650 7649 7778
f 7778 7779 7650
f 7651 7650 7779
f 7779 7780 7651
f 7652 7651 7780
f 7780 7781 7652
f 7653 7652 7781
f 7781 7782 7653
f 7654 7653 7782
f 7782 7783 7654
f 7655 7654 7783
f 7783 7784 7655
f 7656 7655 7784
f 7784 7785 7656
f 7657 7656 7785
f 7785 7786 7657
f 7658 7657 7786
f 7786 7787 7658
f 7659 7658 7787
f 7787 7788 7659
f 7660 7659 7788
f 7788 7789 7660
f 7661 7660 7789
f 7789 7790 7661
f 7662 7661 7790
f 7790 7791 7662
f 7663 7662 7791
f 7791 7792 7663
f 7664 7663 7792
f 7792 7793 7664
f 7666 7665 7794
f 7794 7795 7666
f 7667 7666 7795
f 7795 7796 7667
f 7668 7667 7796
f 7796 7797 7668
f 7669 7668 7797
f 7797 7798 7669
f 7670 7669 7798
f 7798 7799 7670
f 7671 7670 7799
f 7799 7800 7671
f 7672 7671 7800
f 7800 7801 7672
f 7673 7672 7801
f 7801 7802 7673
f 7674 7673 7802
f 7802 7803 7674
f 7675 7674 7803
f 7803 7804 7675
f 7676 7675 7804
f 7804 7805 7676
f 7677 7676 7805
f 7805 7806 7677
f 7678 7677 7806
f 7806 7807 7678
f 7679 7678 7807
f 7807 7808 7679
f 7680 7679 7808
f 7808 7809 7680
f 7681 7680 7809
f 7809 7810 7681
f 7682 7681 7810
f 7810 7811 7682
f 7683 7682 7811
f 7811 7812 7683
f 7684 7683 7812
f 7812 7813 7684
f 7685 7684 7813
f 7813 7814 7685
f 7686 7685 7814
f 7814 7815 7686
f 7687 7686 7815
f 7815 7816 7687
f 7688 7687 7816
f 7816 7817 7688
f 7689 7688 7817
f 7817 7818 7689
f 7690 7689 7818
f 7818 7819 7690
f 7691 7690 7819
f 7819 7820 7691
f 7692 7691 7820
f 7820 7821 7692
f 7693 7692 7821
f 7821 7822 7693
f 7694 7693 7822
f 7822 7823 7694
f 7695 7694 7823
f 7823 7824 7695
f 7696 7695 7824
f 7824 7825 7696
f 7697 7696 7825
f 7825 7826 7697
f 7698 7697 7826
f 7826 7827 7698
f 7699 7698 7827
f 7827 7828 7699
f 7700 7699 7828
f 7828 7829 7700
f 7701 7700 7829
f 7829 7830 7701
f 7702 7701 7830
f 7830 7831 7702
f 7703 7702 7831
f 7831 7832 7703
f 7704 7703 7832
f 7832 7833 7704
f 7705 7704 7833
f 7833 7834 7705
f 7706 7705 7834
f 7834 7835 7706
f 7707 7706 7835
f 7835 7836 7707
f 7708 7707 7836
f 7836 7837 7708
f 7709 7708 7837
f 7837 7838 7709
f 7710 7709 7838
f 7838 7839 7710
f 7711 7710 7839
f 7839 7840 7711
f 7712 7711 7840
f 7840 7841 7712
f 7713 7712 7841
f 7841 7842 7713
f 7714 7713 7842
f 7842 7843 7714
f 7715 7714 7843
f 7843 7844 7715
f 7716 7715 7844
f 7844 7845 7716
f 7717 7716 7845
f 7845 7846 7717
f 7718 7717 7846
f 7846 7847 7718
f 7719 7718 7847
f 7847 7848 7719
f 7720 7719 7848
f 7848 7849 7720
f 7721 7720 7849
f 7849 7850 7721
f 7722 7721 7850
f 7850 7851 7722
f 7723 7722 7851
f 7851 7852 7723
f 7724 7723 7852
f 7852 7853 7724
f 7725 7724 7853
f 7853 7854 7725
f 7726 7725 7854
f 7854 7855 7726
f 7727 7726 7855
f 7855 7856 7727
f 7728 7727 7856
f 7856 7857 7728
f 7729 7728 7857
f 7857 7858 7729
f 7730 7729 7858
f 7858 7859 7730
f 7731 7730 7859
f 7859 7860 7731
f 7732 7731 7860
f 7860 7861 7732
f 7733 7732 7861
f 7861 7862 7733
f 7734 7733 7862
f 7862 7863 7734
f 7735 7734 7863
f 7863 7864 7735
f 7736 7735 7864
f 7864 7865 7736
f 7737 7736 7865
f 7865 7866 7737
f 7738 7737 7866
f 7866 7867 7738
f 7739 7738 7867
f 7867 7868 7739
f 7740 7739 7868
f 7868 7869 7740
f 7741 7740 7869
f 7869 7870 7741
f 7742 7741 7870
f 7870 7871 7742
f 7743 7742 7871
f 7871 7872 7743
f 7744 7743 7872
f 7872 7873 7744
f 7745 7744 7873
f 7873 7874 7745
f 7746 7745 7874
f 7874 7875 7746
f 7747 7746 7875
f 7875 7876 7747
f 7748 7747 7876
f 7876 7877 7748
f 7749 7748 7877
f 7877 7878 7749
f 7750 7749 7878
f 7878 7879 7750
f 7751 7750 7879
f 7879 7880 7751
f 7752 7751 7880
f 7880 7881 7752
f 7753 7752 7881
f 7881 7882 7753
f 7754 7753 7882
f 7882 7883 7754
f 7755 7754 7883
f 7883 7884 7755
f 7756 7755 7884
f 7884 7885 7756
f 7757 7756 7885
f 7885 7886 7757
f 7758 7757 7886
f 7886 7887 7758
f 7759 7758 7887
f 7887 7888 7759
f 7760 7759 7888
f 7888 7889 7760
f 7761 7760 7889
f 7889 7890 7761
f 7762 7761 7890
f 7890 7891 7762
f 7763 7762 7891
f 7891 7892 7763
f 7764 7763 7892
f 7892 7893 7764
f 7765 7764 7893
f 7893 7894 7765
f 7766 7765 7894
f 7894 7895 7766
f 7767 7766 7895
f 7895 7896 7767
f 7768 7767 7896
f 7896 7897 7768
f 7769 7768 7897
f 7897 7898 7769
f 7770 7769 7898
f 7898 7899 7770
f 7771 7770 7899
f 7899 7900 7771
f 7772 7771 7900
f 7900 7901 7772
f 7773 7772 7901
f 7901 7902 7773
f 7774 7773 7902
f 7902 7903 7774
f 7775 7774 7903
f 7903 7904 7775
f 7776 7775 7904
f 7904 7905 7776
f 7777 7776 7905
f 7905 7906 7777
f 7778 7777 7906
f 7906 7907 7778
f 7779 7778 7907
f 7907 7908 7779
f 7780 7779 7908
f 7908 7909 7780
f 7781 7780 7909
f 7909 7910 7781
f 7782 7781 7910
f 7910 7911 7782
f 7783 7782 7911
f 7911 7912 7783
f 7784 7783 7912
f 7912 7913 7784
f 7785 7784 7913
f 7913 7914 7785
f 7786 7785 7914
f 7914 7915 7786
f 7787 7786 7915
f 7915 7916 7787
f 7788 7787 7916
f 7916 7917 7788
f 7789 7788 7917
f 7917 7918 7789
f 7790 7789 7918
f 7918 7919 7790
f 7791 7790 7919
f 7919 7920 7791
f 7792 7791 7920
f 7920 7921 7792
f 7793 7792 7921
f 7921 7922 7793
f 7795 7794 7923
f 7923 7924 7795
f 7796 7795 7924
f 7924 7925 7796
f 7797 7796 7925
f 7925 7926 7797
f 7798 7797 7926
f 7926 7927 7798
f 7799 7798 7927
f 7927 7928 7799
f 7800 7799 7928
f 7928 7929 7800
f 7801 7800 7929
f 7929 7930 7801
f 7802 7801 7930
f 7930 7931 7802
f 7803 7802 7931
f 7931 7932 7803
f 7804 7803 7932
f 7932 7933 7804
f 7805 7804 7933
f 7933 7934 7805
f 7806 7805 7934
f 7934 7935 7806
f 7807 7806 7935
f 7935 7936 7807
f 7808 7807 7936
f 7936 7937 7808
f 7809 7808 7937
f 7937 7938 7809
f 7810 7809 7938
f 7938 7939 7810
f 7811 7810 7939
f 7939 7940 7811
f 7812 7811 7940
f 7940 7941 7812
f 7813 7812 7941
f 7941 7942 7813
f 7814 7813 7942
f 7942 7943 7814
f 7815 7814 7943
f 7943 7944 7815
f 7816 7815 7944
f 7944 7945 7816
f 7817 7816 7945
f 7945 7946 7817
f 7818 7817 7946
f 7946 7947 7818
f 7819 7818 7947
f 7947 7948 7819
f 7820 7819 7948
f 7948 7949 7820
f 7821 7820 7949
f 7949 7950 7821
f 7822 7821 7950
f 7950 7951 7822
f 7823 7822 7951
f 7951 7952 7823
f 7824 7823 7952
f 7952 7953 7824
f 7825 7824 7953
f 7953 7954 7825
f 7826 7825 7954
f 7954 7955 7826
f 7827 7826 7955
f 7955 7956 7827
f 7828 7827 7956
f 7956 7957 7828
f 7829 7828 7957
f 7957 7958 7829
f 7830 7829 7958
f 7958 7959 7830
f 7831 7830 7959
f 7959 7960 7831
f 7832 7831 7960
f 7960 7961 7832
f 7833 7832 7961
f 7961 7962 7833
f 7834 7833 7962
f 7962 7963 7834
f 7835 7834 7963
f 7963 7964 7835
f 7836 7835 7964
f 7964 7965 7836
f 7837 7836 7965
f 7965 7966 7837
f 7838 7837 7966
f 7966 7967 7838
f 7839 7838 7967
f 7967 7968 7839
f 7840 7839 7968
f 7968 7969 7840
f 7841 7840 7969
f 7969 7970 7841
f 7842 7841 7970
f 7970 7971 7842
f 7843 7842 7971
f 7971 7972 7843
f 7844 7843 7972
f 7972 7973 7844
f 7845 7844 7973
f 7973 7974 7845
f 7846 7845 7974
f 7974 7975 7846
f 7847 7846 7975
f 7975 7976 7847
f 7848 7847 7976
f 7976 7977 7848
f 7849 7848 7977
f 7977 7978 7849
f 7850 7849 7978
f 7978 7979 7850
f 7851 7850 7979
f 7979 7980 7851
f 7852 7851 7980
f 7980 7981 7852
f 7853 7852 7981
f 7981 7982 7853
f 7854 7853 7982
f 7982 7983 7854
f 7855 7854 7983
f 7983 7984 7855
f 7856 7855 7984
f 7984 7985 7856
f 7857 7856 7985
f 7985 7986 7857
f 7858 7857 7986
f 7986 7987 7858
f 7859 7858 7987
f 7987 7988 7859
f 7860 7859 7988
f 7988 7989 7860
f 7861 7860 7989
f 7989 7990 7861
f 7862 7861 7990
f 7990 7991 7862
f 7863 7862 7991
f 7991 7992 7863
f 7864 7863 7992
f 7992 7993 7864
f 7865 7864 7993
f 7993 7994 7865
f 7866 7865 7994
f 7994 7995 7866
f 7867 7866 7995
f 7995 7996 7867
f 7868 7867 7996
f 7996 7997 7868
f 7869 7868 7997
f 7997 7998 7869
f 7870 7869 7998
f 7998 7999 7870
f 7871 7870 7999
f 7999 8000 7871
f 7872 7871 8000
f 8000 8001 7872
f 7873 7872 8001
f 8001 8002 7873
f 7874 7873 8002
f 8002 8003 7874
f 7875 7874 8003
f 8003 8004 7875
f 7876 7875 8004
f 8004 8005 7876
f 7877 7876 8005
f 8005 8006 7877
f 7878 7877 8006
f 8006 8007 7878
f 7879 7878 8007
f 8007 8008 7879
f 7880 7879 8008
f 8008 8009 7880
f 7881 7880 8009
f 8009 8010 7881
f 7882 7881 8010
f 8010 8011 7882
f 7883 7882 8011
f 8011 8012 7883
f 7884 7883 8012
f 8012 8013 7884
f 7885 7884 8013
f 8013 8014 7885
f 7886 7885 8014
f 8014 8015 7886
f 7887 7886 8015
f 8015 8016 7887
f 7888 7887 8016
f 8016 8017 7888
f 7889 7888 8017
f 8017 8018 7889
f 7890 7889 8018
f 8018 8019 7890
f 7891 7890 8019
f 8019 8020 7891
f 7892 7891 8020
f 8020 8021 7892
f 7893 7892 8021
f 8021 8022 7893
f 7894 7893 8022
f 8022 8023 7894
f 7895 7894 8023
f 8023 8024 7895
f 7896 7895 8024
f 8024 8025 7896
f 7897 7896 8025
f 8025 8026 7897
f 7898 7897 8026
f 8026 8027 7898
f 7899 7898 8027
f 8027 8028 7899
f 7900 7899 8028
f 8028 8029 7900
f 7901 7900 8029
f 8029 8030 7901
f 7902 7901 8030
f 8030 8031 7902
f 7903 7902 8031
f 8031 8032 7903
f 7904 7903 8032
f 8032 8033 7904
f 7905 7904 8033
f 8033 8034 7905
f 7906 7905 8034
f 8034 8035 7906
f 7907 7906 8035
f 8035 8036 7907
f 7908 7907 8036
f 8036 8037 7908
f 7909 7908 8037
f 8037 8038 7909
f 7910 7909 8038
f 8038 8039 7910
f 7911 7910 8039
f 8039 8040 7911
f 7912 7911 8040
f 8040 8041 7912
f 7913 7912 8041
f 8041 8042 7913
f 7914 7913 8042
f 8042 8043 7914
f 7915 7914 8043
f 8043 8044 7915
f 7916 7915 8044
f 8044 8045 7916
f 7917 7916 8045
f 8045 8046 7917
f 7918 7917 8046
f 8046 8047 7918
f 7919 7918 8047
f 8047 8048 7919
f 7920 7919 8048
f 8048 8049 7920
f 7921 7920 8049
f 8049 8050 7921
f 7922 7921 8050
f 8050 8051 7922
f 7924 7923 8052
f 8052 8053 7924
f 7925 7924 8053
f 8053 8054 7925
f 7926 7925 8054
f 8054 8055 7926
f 7927 7926 8055
f 8055 8056 7927
f 7928 7927 8056
f 8056 8057 7928
f 7929 7928 8057
f 8057 8058 7929
f 7930 7929 8058
f 8058 8059 7930
f 7931 7930 8059
f 8059 8060 7931
f 7932 7931 8060
f 8060 8061 7932
f 7933 7932 8061
f 8061 8062 7933
f 7934 7933 8062
f 8062 8063 7934
f 7935 7934 8063
f 8063 8064 7935
f 7936 7935 8064
f 8064 8065 7936
f 7937 7936 8065
f 8065 8066 7937
f 7938 7937 8066
f 8066 8067 7938
f 7939 7938 8067
f 8067 8068 7939
f 7940 7939 8068
f 8068 8069 7940
f 7941 7940 8069
f 8069 8070 7941
f 7942 7941 8070
f 8070 8071 7942
f 7943 7942 8071
f 8071 8072 7943
f 7944 7943 8072
f 8072 8073 7944
f 7945 7944 8073
f 8073 8074 7945
f 7946 7945 8074
f 8074 8075 7946
f 7947 7946 8075
f 8075 8076 7947
f 7948 7947 8076
f 8076 8077 7948
f 7949 7948 8077
f 8077 8078 7949
f 7950 7949 8078
f 8078 8079 7950
f 7951 7950 8079
f 8079 8080 7951
f 7952 7951 8080
f 8080 8081 7952
f 7953 7952 8081
f 8081 8082 7953
f 7954 7953 8082
f 8082 8083 7954
f 7955 7954 8083
f 8083 8084 7955
f 7956 7955 8084
f 8084 8085 7956
f 7957 7956 8085
f 8085 8086 7957
f 7958 7957 8086
f 8086 8087 7958
f 7959 7958 8087
f 8087 8088 7959
f 7960 7959 8088
f 8088 8089 7960
f 7961 7960 8089
f 8089 8090 7961
f 7962 7961 8090
f 8090 8091 7962
f 7963 7962 8091
f 8091 8092 7963
f 7964 7963 8092
f 8092 8093 7964
f 7965 7964 8093
f 8093 8094 7965
f 7966 7965 8094
f 8094 8095 7966
f 7967 7966 8095
f 8095 8096 7967
f 7968 7967 8096
f 8096 8097 7968
f 7969 7968 8097
f 8097 8098 7969
f 7970 7969 8098
f 8098 8099 7970
f 7971 7970 8099
f 8099 8100 7971
f 7972 7971 8100
f 8100 8101 7972
f 7973 7972 8101
f 8101 8102 7973
f 7974 7973 8102
f 8102 8103 7974
f 7975 7974 8103
f 8103 8104 7975
f 7976 7975 8104
f 8104 8105 7976
f 7977 7976 8105
f 8105 8106 7977
f 7978 7977 8106
f 8106 8107 7978
f 7979 7978 8107
f 8107 8108 7979
f 7980 7979 8108
f 8108 8109 7980
f 7981 7980 8109
f 8109 8110 7981
f 7982 7981 8110
f 8110 8111 7982
f 7983 7982 8111
f 8111 8112 7983
f 7984 7983 8112
f 8112 8113 7984
f 7985 7984 8113
f 8113 8114 7985
f 7986 7985 8114
f 8114 8115 7986
f 7987 7986 8115
f 8115 8116 7987
f 7988 7987 8116
f 8116 8117 7988
f 7989 7988 8117
f 8117 8118 7989
f 7990 7989 8118
f 8118 8119 7990
f 7991 7990 8119
f 8119 8120 7991
f 7992 7991 8120
f 8120 8121 7992
f 7993 7992 8121
f 8121 8122 7993
f 7994 7993 8122
f 8122 8123 7994
f 7995 7994 8123
f 8123 8124 7995
f 7996 7995 8124
f 8124 8125 7996
f 7997 7996 8125
f 8125 8126 7997
f 7998 7997 8126
f 8126 8127 7998
f 7999 7998 8127
f 8127 8128 7999
f 8000 7999 8128
f 8128 8129 8000
f 8001 8000 8129
f 8129 8130 8001
f 8002 8001 8130
f 8130 8131 8002
f 8003 8002 8131
f 8131 8132 8003
f 8004 8003 8132
f 8132 8133 8004
f 8005 8004 8133
f 8133 8134 8005
f 8006 8005 8134
f 8134 8135 8006
f 8007 8006 8135
f 8135 8136 8007
f 8008 8007 8136
f 8136 8137 8008
f 8009 8008 8137
f 8137 8138 8009
f 8010 8009 8138
f 8138 8139 8010
f 8011 8010 8139
f 8139 8140 8011
f 8012 8011 8140
f 8140 8141 8012
f 8013 8012 8141
f 8141 8142 8013
f 8014 8013 8142
f 8142 8143 8014
f 8015 8014 8143
f 8143 8144 8015
f 8016 8015 8144
f 8144 8145 8016
f 8017 8016 8145
f 8145 8146 8017
f 8018 8017 8146
f 8146 8147 8018
f 8019 8018 8147
f 8147 8148 8019
f 8020 8019 8148
f 8148 8149 8020
f 8021 8020 8149
f 8149 8150 8021
f 8022 8021 8150
f 8150 8151 8022
f 8023 8022 8151
f 8151 8152 8023
f 8024 8023 8152
f 8152 8153 8024
f 8025 8024 8153
f 8153 8154 8025
f 8026 8025 8154
f 8154 8155 8026
f 8027 8026 8155
f 8155 8156 8027
f 8028 8027 8156
f 8156 8157 8028
f 8029 8028 8157
f 8157 8158 8029
f 8030 8029 8158
f 8158 8159 8030
f 8031 8030 8159
f 8159 8160 8031
f 8032 8031 8160
f 8160 8161 8032
f 8033 8032 8161
f 8161 8162 8033
f 8034 8033 8162
f 8162 8163 8034
f 8035 8034 8163
f 8163 8164 8035
f 8036 8035 8164
f 8164 8165 8036
f 8037 8036 8165
f 8165 8166 8037
f 8038 8037 8166
f 8166 8167 8038
f 8039 8038 8167
f 8167 8168 8039
f 8040 8039 8168
f 8168 8169 8040
f 8041 8040 8169
f 8169 8170 8041
f 8042 8041 8170
f 8170 8171 8042
f 8043 8042 8171
f 8171 8172 8043
f 8044 8043 8172
f 8172 8173 8044
f 8045 8044 8173
f 8173 8174 8045
f 8046 8045 8174
f 8174 8175 8046
f 8047 8046 8175
f 8175 8176 8047
f 8048 8047 8176
f 8176 8177 8048
f 8049 8048 8177
f 8177 8178 8049
f 8050 8049 8178
f 8178 8179 8050
f 8051 8050 8179
f 8179 8180 8051
f 8053 8052 8181
f 8181 8182 8053
f 8054 8053 8182
f 8182 8183 8054
f 8055 8054 8183
f 8183 8184 8055
f 8056 8055 8184
f 8184 8185 8056
f 8057 8056 8185
f 8185 8186 8057
f 8058 8057 8186
f 8186 8187 8058
f 8059 8058 8187
f 8187 8188 8059
f 8060 8059 8188
f 8188 8189 8060
f 8061 8060 8189
f 8189 8190 8061
f 8062 8061 8190
f 8190 8191 8062
f 8063 8062 8191
f 8191 8192 8063
f 8064 8063 8192
f 8192 8193 8064
f 8065 8064 8193
f 8193 8194 8065
f 8066 8065 8194
f 8194 8195 8066
f 8067 8066 8195
f 8195 8196 8067
f 8068 8067 8196
f 8196 8197 8068
f 8069 8068 8197
f 8197 8198 8069
f 8070 8069 8198
f 8198 8199 8070
f 8071 8070 8199
f 8199 8200 8071
f 8072 8071 8200
f 8200 8201 8072
f 8073 8072 8201
f 8201 8202 8073
f 8074 8073 8202
f 8202 8203 8074
f 8075 8074 8203
f 8203 8204 8075
f 8076 8075 8204
f 8204 8205 8076
f 8077 8076 8205
f 8205 8206 8077
f 8078 8077 8206
f 8206 8207 8078
f 8079 8078 8207
f 8207 8208 8079
f 8080 8079 8208
f 8208 8209 8080
f 8081 8080 8209
f 8209 8210 8081
f 8082 8081 8210
f 8210 8211 8082
f 8083 8082 8211
f 8211 8212 8083
f 8084 8083 8212
f 8212 8213 8084
f 8085 8084 8213
f 8213 8214 8085
f 8086 8085 8214
f 8214 8215 8086
f 8087 8086 8215
f 8215 8216 8087
f 8088 8087 8216
f 8216 8217 8088
f 8089 8088 8217
f 8217 8218 8089
f 8090 8089 8218
f 8218 8219 8090
f 8091 8090 8219
f 8219 8220 8091
f 8092 8091 8220
f 8220 8221 8092
f 8093 8092 8221
f 8221 8222 8093
f 8094 8093 8222
f 8222 8223 8094
f 8095 8094 8223
f 8223 8224 8095
f 8096 8095 8224
f 8224 8225 8096
f 8097 8096 8225
f 8225 8226 8097
f 8098 8097 8226
f 8226 8227 8098
f 8099 8098 8227
f 8227 8228 8099
f 8100 8099 8228
f 8228 8229 8100
f 8101 8100 8229
f 8229 8230 8101
f 8102 8101 8230
f 8230 8231 8102
f 8103 8102 8231
f 8231 8232 8103
f 8104 8103 8232
f 8232 8233 8104
f 8105 8104 8233
f 8233 8234 8105
f 8106 8105 8234
f 8234 8235 8106
f 8107 8106 8235
f 8235 8236 8107
f 8108 8107 8236
f 8236 8237 8108
f 8109 8108 8237
f 8237 8238 8109
f 8110 8109 8238
f 8238 8239 8110
f 8111 8110 8239
f 8239 8240 8111
f 8112 8111 8240
f 8240 8241 8112
f 8113 8112 8241
f 8241 8242 8113
f 8114 8113 8242
f 8242 8243 8114
f 8115 8114 8243
f 8243 8244 8115
f 8116 8115 8244
f 8244 8245 8116
f 8117 8116 8245
f 8245 8246 8117
f 8118 8117 8246
f 8246 8247 8118
f 8119 8118 8247
f 8247 8248 8119
f 8120 8119 8248
f 8248 8249 8120
f 8121 8120 8249
f 8249 8250 8121
f 8122 8121 8250
f 8250 8251 8122
f 8123 8122 8251
f 8251 8252 8123
f 8124 8123 8252
f 8252 8253 8124
f 8125 8124 8253
f 8253 8254 8125
f 8126 8125 8254
f 8254 8255 8126
f 8127 8126 8255
f 8255 8256 8127
f 8128 8127 8256
f 8256 8257 8128
f 8129 8128 8257
f 8257 8258 8129
f 8130 8129 8258
f 8258 8259 8130
f 8131 8130 8259
f 8259 8260 8131
f 8132 8131 8260
f 8260 8261 8132
f 8133 8132 8261
f 8261 8262 8133
f 8134 8133 8262
f 8262 8263 8134
f 8135 8134 8263
f 8263 8264 8135
f 8136 8135 8264
f 8264 8265 8136
f 8137 8136 8265
f 8265 8266 8137
f 8138 8137 8266
f 8266 8267 8138
f 8139 8138 8267
f 8267 8268 8139
f 8140 8139 8268
f 8268 8269 8140
f 8141 8140 8269
f 8269 8270 8141
f 8142 8141 8270
f 8270 8271 8142
f 8143 8142 8271
f 8271 8272 8143
f 8144 8143 8272
f 8272 8273 8144
f 8145 8144 8273
f 8273 8274 8145
f 8146 8145 8274
f 8274 8275 8146
f 8147 8146 8275
f 8275 8276 8147
f 8148 8147 8276
f 8276 8277 8148
f 8149 8148 8277
f 8277 8278 8149
f 8150 8149 8278
f 8278 8279 8150
f 8151 8150 8279
f 8279 8280 8151
f 8152 8151 8280
f 8280 8281 8152
f 8153 8152 8281
f 8281 8282 8153
f 8154 8153 8282
f 8282 8283 8154
f 8155 8154 8283
f 8283 8284 8155
f 8156 8155 8284
f 8284 8285 8156
f 8157 8156 8285
f 8285 8286 8157
f 8158 8157 8286
f 8286 8287 8158
f 8159 8158 8287
f 8287 8288 8159
f 8160 8159 8288
f 8288 8289 8160
f 8161 8160 8289
f 8289 8290 8161
f 8162 8161 8290
f 8290 8291 8162
f 8163 8162 8291
f 8291 8292 8163
f 8164 8163 8292
f 8292 8293 8164
f 8165 8164 8293
f 8293 8294 8165
f 8166 8165 8294
f 8294 8295 8166
f 8167 8166 8295
f 8295 8296 8167
f 8168 8167 8296
f 8296 8297 8168
f 8169 8168 8297
f 8297 8298 8169
f 8170 8169 8298
f 8298 8299 8170
f 8171 8170 8299
f 8299 8300 8171
f 8172 8171 8300
f 8300 8301 8172
f 8173 8172 8301
f 8301 8302 8173
f 8174 8173 8302
f 8302 8303 8174
f 8175 8174 8303
f 8303 8304 8175
f 8176 8175 8304
f 8304 8305 8176
f 8177 8176 8305
f 8305 8306 8177
f 8178 8177 8306
f 8306 8307 8178
f 8179 8178 8307
f 8307 8308 8179
f 8180 8179 8308
f 8308 8309 8180
f 8182 8181 8310
f 8310 8311 8182
f 8183 8182 8311
f 8311 8312 8183
f 8184 8183 8312
f 8312 8313 8184
f 8185 8184 8313
f 8313 8314 8185
f 8186 8185 8314
f 8314 8315 8186
f 8187 8186 8315
f 8315 8316 8187
f 8188 8187 8316
f 8316 8317 8188
f 8189 8188 8317
f 8317 8318 8189
f 8190 8189 8318
f 8318 8319 8190
f 8191 8190 8319
f 8319 8320 8191
f 8192 8191 8320
f 8320 8321 8192
f 8193 8192 8321
f 8321 8322 8193
f 8194 8193 8322
f 8322 8323 8194
f 8195 8194 8323
f 8323 8324 8195
f 8196 8195 8324
f 8324 8325 8196
f 8197 8196 8325
f 8325 8326 8197
f 8198 8197 8326
f 8326 8327 8198
f 8199 8198 8327
f 8327 8328 8199
f 8200 8199 8328
f 8328 8329 8200
f 8201 8200 8329
f 8329 8330 8201
f 8202 8201 8330
f 8330 8331 8202
f 8203 8202 8331
f 8331 8332 8203
f 8204 8203 8332
f 8332 8333 8204
f 8205 8204 8333
f 8333 8334 8205
f 8206 8205 8334
f 8334 8335 8206
f 8207 8206 8335
f 8335 8336 8207
f 8208 8207 8336
f 8336 8337 8208
f 8209 8208 8337
f 8337 8338 8209
f 8210 8209 8338
f 8338 8339 8210
f 8211 8210 8339
f 8339 8340 8211
f 8212 8211 8340
f 8340 8341 8212
f 8213 8212 8341
f 8341 8342 8213
f 8214 8213 8342
f 8342 8343 8214
f 8215 8214 8343
f 8343 8344 8215
f 8216 8215 8344
f 8344 8345 8216
f 8217 8216 8345
f 8345 8346 8217
f 8218 8217 8346
f 8346 8347 8218
f 8219 8218 8347
f 8347 8348 8219
f 8220 8219 8348
f 8348 8349 8220
f 8221 8220 8349
f 8349 8350 8221
f 8222 8221 8350
f 8350 8351 8222
f 8223 8222 8351
f 8351 8352 8223
f 8224 8223 8352
f 8352 8353 8224
f 8225 8224 8353
f 8353 8354 8225
f 8226 8225 8354
f 8354 8355 8226
f 8227 8226 8355
f 8355 8356 8227
f 8228 8227 8356
f 8356 8357 8228
f 8229 8228 8357
f 8357 8358 8229
f 8230 8229 8358
f 8358 8359 8230
f 8231 8230 8359
f 8359 8360 8231
f 8232 8231 8360
f 8360 8361 8232
f 8233 8232 8361
f 8361 8362 8233
f 8234 8233 8362
f 8362 8363 8234
f 8235 8234 8363
f 8363 8364 8235
f 8236 8235 8364
f 8364 8365 8236
f 8237 8236 8365
f 8365 8366 8237
f 8238 8237 8366
f 8366 8367 8238
f 8239 8238 8367
f 8367 8368 8239
f 8240 8239 8368
f 8368 8369 8240
f 8241 8240 8369
f 8369 8370 8241
f 8242 8241 8370
f 8370 8371 8242
f 8243 8242 8371
f 8371 8372 8243
f 8244 8243 8372
f 8372 8373 8244
f 8245 8244 8373
f 8373 8374 8245
f 8246 8245 8374
f 8374 8375 8246
f 8247 8246 8375
f 8375 8376 8247
f 8248 8247 8376
f 8376 8377 8248
f 8249 8248 8377
f 8377 8378 8249
f 8250 8249 8378
f 8378 8379 8250
f 8251 8250 8379
f 8379 8380 8251
f 8252 8251 8380
f 8380 8381 8252
f 8253 8252 8381
f 8381 8382 8253
f 8254 8253 8382
f 8382 8383 8254
f 8255 8254 8383
f 8383 8384 8255
f 8256 8255 8384
f 8384 8385 8256
f 8257 8256 8385
f 8385 8386 8257
f 8258 8257 8386
f 8386 8387 8258
f 8259 8258 8387
f 8387 8388 8259
f 8260 8259 8388
f 8388 8389 8260
f 8261 8260 8389
f 8389 8390 8261
f 8262 8261 8390
f 8390 8391 8262
f 8263 8262 8391
f 8391 8392 8263
f 8264 8263 8392
f 8392 8393 8264
f 8265 8264 8393
f 8393 8394 8265
f 8266 8265 8394
f 8394 8395 8266
f 8267 8266 8395
f 8395 8396 8267
f 8268 8267 8396
f 8396 8397 8268
f 8269 8268 8397
f 8397 8398 8269
f 8270 8269 8398
f 8398 8399 8270
f 8271 8270 8399
f 8399 8400 8271
f 8272 8271 8400
f 8400 8401 8272
f 8273 8272 8401
f 8401 8402 8273
f 8274 8273 8402
f 8402 8403 8274
f 8275 8274 8403
f 8403 8404 8275
f 8276 8275 8404
f 8404 8405 8276
f 8277 8276 8405
f 8405 8406 8277
f 8278 8277 8406
f 8406 8407 8278
f 8279 8278 8407
f 8407 8408 8279
f 8280 8279 8408
f 8408 8409 8280
f 8281 8280 8409
f 8409 8410 8281
f 8282 8281 8410
f 8410 8411 8282
f 8283 8282 8411
f 8411 8412 8283
f 8284 8283 8412
f 8412 8413 8284
f 8285 8284 8413
f 8413 8414 8285
f 8286 8285 8414
f 8414 8415 8286
f 8287 8286 8415
f 8415 8416 8287
f 8288 8287 8416
f 8416 8417 8288
f 8289 8288 8417
f 8417 8418 8289
f 8290 8289 8418
f 8418 8419 8290
f 8291 8290 8419
f 8419 8420 8291
f 8292 8291 8420
f 8420 8421 8292
f 8293 8292 8421
f 8421 8422 8293
f 8294 8293 8422
f 8422 8423 8294
f 8295 8294 8423
f 8423 8424 8295
f 8296 8295 8424
f 8424 8425 8296
f 8297 8296 8425
f 8425 8426 8297
f 8298 8297 8426
f 8426 8427 8298
f 8299 8298 8427
f 8427 8428 8299
f 8300 8299 8428
f 8428 8429 8300
f 8301 8300 8429
f 8429 8430 8301
f 8302 8301 8430
f 8430 8431 8302
f 8303 8302 8431
f 8431 8432 8303
f 8304 8303 8432
f 8432 8433 8304
f 8305 8304 8433
f 8433 8434 8305
f 8306 8305 8434
f 8434 8435 8306
f 8307 8306 8435
f 8435 8436 8307
f 8308 8307 8436
f 8436 8437 8308
f 8309 8308 8437
f 8437 8438 8309
f 8310 8439 8440
f 8311 8441 8442
f 8312 8443 8444
f 8313 8445 8446
f 8314 8447 8448
f 8315 8449 8450
f 8316 8451 8452
f 8317 8453 8454
f 8318 8455 8456
f 8319 8457 8458
f 8320 8459 8460
f 8321 8461 8462
f 8322 8463 8464
f 8323 8465 8466
f 8324 8467 8468
f 8325 8469 8470
f 8326 8471 8472
f 8327 8473 8474
f 8328 8475 8476
f 8329 8477 8478
f 8330 8479 8480
f 8331 8481 8482
f 8332 8483 8484
f 8333 8485 8486
f 8334 8487 8488
f 8335 8489 8490
f 8336 8491 8492
f 8337 8493 8494
f 8338 8495 8496
f 8339 8497 8498
f 8340 8499 8500
f 8341 8501 8502
f 8342 8503 8504
f 8343 8505 8506
f 8344 8507 8508
f 8345 8509 8510
f 8346 8511 8512
f 8347 8513 8514
f 8348 8515 8516
f 8349 8517 8518
f 8350 8519 8520
f 8351 8521 8522
f 8352 8523 8524
f 8353 8525 8526
f 8354 8527 8528
f 8355 8529 8530
f 8356 8531 8532
f 8357 8533 8534
f 8358 8535 8536
f 8359 8537 8538
f 8360 8539 8540
f 8361 8541 8542
f 8362 8543 8544
f 8363 8545 8546
f 8364 8547 8548
f 8365 8549 8550
f 8366 8551 8552
f 8367 8553 8554
f 8368 8555 8556
f 8369 8557 8558
f 8370 8559 8560
f 8371 8561 8562
f 8372 8563 8564
f 8373 8565 8566
f 8374 8567 8568
f 8375 8569 8570
f 8376 8571 8572
f 8377 8573 8574
f 8378 8575 8576
f 8379 8577 8578
f 8380 8579 8580
f 8381 8581 8582
f 8382 8583 8584
f 8383 8585 8586
f 8384 8587 8588
f 8385 8589 8590
f 8386 8591 8592
f 8387 8593 8594
f 8388 8595 8596
f 8389 8597 8598
f 8390 8599 8600
f 8391 8601 8602
f 8392 8603 8604
f 8393 8605 8606
f 8394 8607 8608
f 8395 8609 8610
f 8396 8611 8612
f 8397 8613 8614
f 8398 8615 8616
f 8399 8617 8618
f 8400 8619 8620
f 8401 8621 8622
f 8402 8623 8624
f 8403 8625 8626
f 8404 8627 8628
f 8405 8629 8630
f 8406 8631 8632
f 8407 8633 8634
f 8408 8635 8636
f 8409 8637 8638
f 8410 8639 8640
f 8411 8641 8642
f 8412 8643 8644
f 8413 8645 8646
f 8414 8647 8648
f 8415 8649 8650
f 8416 8651 8652
f 8417 8653 8654
f 8418 8655 8656
f 8419 8657 8658
f 8420 8659 8660
f 8421 8661 8662
f 8422 8663 8664
f 8423 8665 8666
f 8424 8667 8668
f 8425 8669 8670
f 8426 8671 8672
f 8427 8673 8674
f 8428 8675 8676
f 8429 8677 8678
f 8430 8679 8680
f 8431 8681 8682
f 8432 8683 8684
f 8433 8685 8686
f 8434 8687 8688
f 8435 8689 8690
f 8436 8691 8692
f 8437 8693 8694
f 8696 8698 8697
f 8697 8700 8699
f 8701 8697 8699
f 8702 8695 8701
f 8701 8695 8697
f 8695 8696 8697
f 8696 8695 8702
f 8705 8702 8701
f 8699 8700 8704
f 8696 8703 8704
f 8704 8698 8696
f 8699 8704 8705
f 8705 8701 8699
f 8704 8703 8705
f 8703 8696 8702
f 8705 8703 8702
f 8711 8710 8709
f 8722 8708 8717
f 8706 8722 8717
f 8721 8720 8722
f 8725 8724 8723
f 8713 8717 8708
f 8711 8723 8710
f 8714 8715 8709
f 8730 8731 8718
f 8723 8724 8710
f 8726 8714 8709
f 8717 8712 8716
f 8717 8728 8706
f 8730 8710 8731
f 8724 8719 8731
f 8708 8722 8720
f 8716 8728 8717
f 8728 8729 8706
f 8710 8724 8731
f 8726 8709 8730
f 8727 8729 8728
f 8710 8730 8709
f 8722 8707 8721
f 8722 8706 8707
f 8717 8713 8712
f 8711 8709 8715
f 8734 8735 8733
f 8738 8737 8732
f 8732 8737 8736
f 8732 8736 8738
f 8742 8741 8743
f 8749 8745 8748
f 8750 8744 8751
f 8749 8747 8745
f 8750 8746 8744
f 8744 8746 8751
f 8745 8747 8748
f 8756 8759 8752
f 8754 8753 8757
f 8759 8760 8752
f 8754 8757 8755
f 8758 8753 8754
f 8760 8761 8752
f 8754 8755 8758
f 8765 8762 8764
f 8763 8768 8769
f 8767 8771 8770
f 8772 8762 8765
f 8767 8774 8771
f 8769 8768 8762
f 8770 8766 8767
f 8763 8776 8768
f 8762 8768 8764
f 8768 8776 8764
f 8775 8771 8774
f 8766 8774 8767
f 8785 8781 8779
f 8784 8780 8788
f 8785 8779 8787
f 8786 8785 8787
f 8788 8780 8789
f 8784 8791 8780
f 8783 8787 8779
f 8790 8783 8779
f 8780 8791 8798
f 8785 8786 8777
f 8781 8777 8793
f 8785 8777 8781
f 8779 8781 8782
f 8792 8777 8786
f 8795 8794 8798
f 8798 8778 8795
f 8796 8789 8780
f 8778 8798 8791
f 8797 8799 8798
f 8796 8780 8799
f 8799 8780 8798
f 8798 8794 8797
f 8804 8803 8806
f 8801 8805 8802
f 8806 8807 8804
f 8805 8801 8810
f 8811 8825 8806
f 8801 8809 8816
f 8812 8810 8829
f 8805 8810 8814
f 8807 8815 8804
f 8804 8815 8808
f 8829 8810 8801
f 8810 8813 8820
f 8814 8810 8820
f 8822 8812 8829
f 8817 8807 8825
f 8829 8826 8822
f 8824 8821 8817
f 8817 8825 8818
f 8807 8821 8815
f 8821 8824 8827
f 8817 8821 8807
f 8815 8821 8800
f 8831 8829 8828
f 8829 8831 8826
f 8830 8821 8827
f 8800 8821 8830
f 8828 8829 8816
f 8800 8830 8833
f 8801 8816 8829
f 8825 8807 8806
f 8813 8810 8812
f 8834 8836 8835
f 8848 8834 8835
f 8840 8837 8838
f 8841 8846 8845
f 8847 8851 8850
f 8841 8840 8838
f 8841 8858 8853
f 8843 8836 8842
f 8846 8841 8838
f 8838 8855 8846
f 8836 8851 8847
f 8853 8857 8841
f 8849 8842 8836
f 8843 8844 8851
f 8843 8851 8836
f 8849 8836 8834
f 8841 8852 8840
f 8857 8852 8841
f 8857 8856 8852
f 8841 8845 8858
f 8837 8839 8838
f 8860 8862 8861
f 8859 8864 8865
f 8863 8864 8859
f 8865 8863 8859
f 8869 8870 8866
f 8879 8876 8872
f 8874 8871 8877
f 8873 8872 8876
f 8875 8871 8878
f 8871 8874 8878
f 8875 8877 8871
f 8872 8873 8879
f 8880 8888 8884
f 8885 8881 8882
f 8880 8887 8888
f 8883 8885 8882
f 8882 8881 8886
f 8880 8889 8887
f 8886 8883 8882
f 8891 8890 8892
f 8897 8896 8895
f 8898 8899 8894
f 8893 8894 8902
f 8890 8896 8897
f 8893 8898 8894
f 8896 8901 8895
f 8891 8896 8890
f 8896 8891 8901
f 8894 8900 8902
f 8894 8899 8900
f 8903 8908 8906
f 8911 8921 8910
f 8907 8903 8906
f 8906 8913 8905
f 8913 8906 8916
f 8914 8921 8911
f 8921 8920 8910
f 8915 8903 8907
f 8921 8914 8923
f 8917 8916 8906
f 8917 8918 8928
f 8918 8917 8908
f 8908 8917 8906
f 8909 8908 8903
f 8916 8917 8922
f 8925 8919 8924
f 8919 8925 8926
f 8926 8904 8919
f 8923 8914 8927
f 8923 8924 8919
f 8904 8921 8919
f 8920 8921 8904
f 8923 8919 8921
f 8923 8927 8929
f 8906 8905 8907
f 8934 8932 8935
f 8936 8941 8933
f 8932 8934 8959
f 8936 8933 8937
f 8938 8932 8939
f 8959 8939 8932
f 8959 8940 8939
f 8931 8934 8946
f 8936 8943 8941
f 8947 8946 8934
f 8937 8949 8936
f 8934 8957 8959
f 8944 8931 8945
f 8945 8931 8946
f 8943 8936 8953
f 8944 8954 8931
f 8943 8950 8951
f 8931 8954 8958
f 8943 8955 8950
f 8951 8956 8943
f 8948 8943 8956
f 8949 8953 8936
f 8960 8955 8953
f 8955 8943 8953
f 8930 8953 8949
f 8957 8961 8959
f 8961 8957 8965
f 8962 8964 8953
f 8957 8931 8965
f 8960 8953 8964
f 8965 8931 8958
f 8962 8953 8930
f 8963 8962 8930
f 8941 8943 8948
f 8935 8947 8934
f 8931 8957 8934
f 8975 8978 8974
f 8975 8974 8976
f 8972 8974 8978
f 8971 8973 8979
f 8979 8970 8971
f 8972 8980 8974
f 8981 8976 8974
f 8968 8974 8980
f 8981 8974 8968
f 8977 8982 8979
f 8967 8977 8979
f 8979 8969 8970
f 8979 8982 8969
f 8979 8973 8967
f 8991 8984 8994
f 8984 8991 8996
f 8992 8990 8993
f 8995 8994 8984
f 8993 8999 8992
f 8992 8983 8997
f 8998 8991 8994
f 8991 8989 8996
f 8989 8986 8996
f 8983 8992 8999
f 8998 8986 8989
f 8990 8992 8997
f 9006 9003 9005
f 9006 9012 9003
f 9003 9013 9009
f 9009 9004 9003
f 9001 9010 9002
f 9010 9014 9002
f 9003 9004 9000
f 9000 9005 9003
f 9007 9015 9011
f 9013 9003 9012
f 9008 9002 9014
f 9015 9001 9002
f 9011 9015 9002
f 9011 9002 9008
f 9022 9023 9018
f 9026 9023 9022
f 9026 9022 9016
f 9016 9022 9030
f 9030 9024 9016
f 9029 9020 9021
f 9027 9021 9020
f 9031 9017 9020
f 9027 9020 9017
f 9018 9030 9022
f 9031 9025 9028
f 9020 9029 9025
f 9025 9031 9020
f 9030 9018 9019
f 9019 9024 9030
f 9041 9035 9034
f 9037 9039 9036
f 9036 9042 9037
f 9038 9034 9035
f 9040 9032 9034
f 9041 9034 9032
f 9042 9036 9033
f 9040 9034 9038
f 9042 9033 9037
f 9053 9043 9045
f 9045 9048 9052
f 9047 9051 9049
f 9048 9045 9043
f 9051 9050 9049
f 9047 9049 9050
f 9045 9052 9046
f 9046 9053 9045
f 9058 9055 9059
f 9059 9063 9058
f 9055 9064 9066
f 9058 9064 9055
f 9057 9065 9054
f 9057 9054 9061
f 9063 9059 9062
f 9056 9061 9054
f 9057 9061 9060
f 9065 9056 9054
f 9069 9084 9086
f 9069 9067 9083
f 9075 9074 9080
f 9072 9082 9087
f 9072 9087 9076
f 9088 9086 9077
f 9086 9070 9077
f 9079 9080 9078
f 9073 9087 9082
f 9074 9068 9082
f 9082 9080 9074
f 9069 9071 9081
f 9080 9085 9075
f 9083 9084 9069
f 9085 9080 9079
f 9071 9086 9088
f 9071 9069 9086
f 9080 9089 9078
f 9072 9089 9080
f 9080 9082 9072
f 9095 9098 9100
f 9098 9099 9100
f 9094 9096 9102
f 9099 9098 9092
f 9102 9096 9101
f 9095 9092 9098
f 9102 9091 9093
f 9101 9091 9102
f 9093 9094 9102
f 9113 9105 9115
f 9106 9105 9113
f 9107 9104 9112
f 9112 9108 9107
f 9113 9111 9114
f 9115 9111 9113
f 9116 9112 9104
f 9112 9116 9108
f 9114 9110 9106
f 9106 9113 9114
f 9118 9121 9124
f 9120 9124 9125
f 9124 9120 9118
f 9127 9123 9122
f 9125 9124 9130
f 9122 9119 9126
f 9122 9129 9128
f 9119 9122 9128
f 9121 9130 9124
f 9122 9126 9127
f 9139 9144 9138
f 9133 9140 9142
f 9140 9134 9142
f 9140 9133 9132
f 9143 9131 9138
f 9138 9131 9139
f 9143 9135 9141
f 9138 9144 9135
f 9143 9138 9135
f 9140 9132 9145
f 9134 9140 9145
f 9149 9150 9153
f 9151 9148 9154
f 9148 9151 9147
f 9155 9148 9147
f 9153 9150 9152
f 9150 9149 9146
f 9147 9151 9155
f 9150 9146 9152
f 9159 9161 9164
f 9160 9163 9158
f 9161 9159 9165
f 9162 9160 9158
f 9164 9165 9159
f 9162 9158 9163
f 9166 9174 9168
f 9173 9169 9171
f 9166 9170 9172
f 9169 9167 9171
f 9172 9174 9166
f 9171 9167 9175
f 9166 9168 9170
f 9183 9188 9186
f 9186 9180 9183
f 9180 9182 9183
f 9176 9181 9179
f 9189 9176 9178
f 9186 9177 9185
f 9184 9189 9178
f 9190 9191 9176
f 9176 9191 9181
f 9182 9187 9183
f 9176 9179 9178
f 9186 9188 9177
f 9190 9192 9191
f 9201 9196 9197
f 9201 9197 9199
f 9204 9198 9202
f 9204 9203 9200
f 9199 9193 9201
f 9204 9195 9198
f 9204 9202 9203
f 9204 9200 9195
f 9197 9194 9199
f 9208 9205 9209
f 9209 9210 9208
f 9211 9206 9207
f 9212 9207 9206
f 9213 9209 9205
f 9213 9210 9209
f 9206 9211 9214
f 9212 9206 9214
f 9215 9221 9218
f 9219 9221 9215
f 9218 9224 9217
f 9216 9222 9225
f 9221 9224 9218
f 9218 9217 9215
f 9223 9216 9220
f 9220 9216 9225
f 9222 9216 9226
f 9223 9226 9216
f 9232 9236 9231
f 9233 9229 9228
f 9233 9234 9229
f 9235 9227 9231
f 9231 9227 9232
f 9231 9236 9230
f 9235 9231 9230
f 9233 9228 9237
f 9234 9233 9237
f 9240 9239 9241
f 9242 9244 9243
f 9243 9244 9245
f 9246 9239 9240
f 9241 9239 9248
f 9244 9242 9238
f 9239 9246 9248
f 9238 9245 9244
f 9256 9253 9250
f 9252 9257 9255
f 9257 9252 9251
f 9255 9251 9252
f 9264 9266 9260
f 9258 9260 9266
f 9258 9265 9260
f 9261 9259 9262
f 9259 9263 9262
f 9263 9259 9267
f 9265 9258 9266
f 9273 9275 9269
f 9272 9278 9271
f 9271 9274 9272
f 9271 9268 9276
f 9274 9270 9272
f 9275 9280 9269
f 9279 9280 9275
f 9281 9282 9280
f 9280 9282 9269
f 9270 9277 9272
f 9271 9278 9268
f 9281 9283 9282
f 9287 9289 9297
f 9293 9285 9290
f 9289 9287 9288
f 9285 9298 9290
f 9295 9292 9289
f 9298 9286 9300
f 9286 9298 9294
f 9289 9288 9284
f 9284 9295 9289
f 9290 9300 9296
f 9291 9289 9292
f 9297 9289 9291
f 9298 9285 9299
f 9294 9298 9299
f 9300 9290 9298
f 9302 9307 9303
f 9308 9309 9306
f 9302 9303 9301
f 9306 9309 9312
f 9309 9308 9304
f 9309 9304 9310
f 9311 9303 9307
f 9305 9309 9310
f 9309 9305 9312
f 9320 9331 9332
f 9313 9317 9318
f 9315 9320 9314
f 9335 9314 9326
f 9328 9317 9327
f 9329 9328 9334
f 9327 9317 9316
f 9317 9328 9318
f 9319 9333 9330
f 9331 9320 9319
f 9331 9319 9330
f 9324 9322 9323
f 9335 9326 9321
f 9326 9332 9321
f 9320 9332 9326
f 9326 9314 9320
f 9327 9324 9328
f 9328 9324 9334
f 9325 9332 9331
f 9325 9331 9336
f 9327 9322 9324
f 9352 9341 9347
f 9343 9344 9342
f 9352 9347 9351
f 9355 9345 9340
f 9348 9347 9337
f 9342 9353 9349
f 9343 9355 9350
f 9344 9343 9350
f 9351 9347 9348
f 9339 9347 9341
f 9342 9349 9343
f 9349 9353 9345
f 9355 9349 9345
f 9339 9346 9354
f 9337 9347 9339
f 9349 9355 9343
f 9337 9339 9354
f 9360 9359 9361
f 9363 9358 9362
f 9372 9366 9365
f 9362 9368 9363
f 9364 9370 9356
f 9371 9360 9361
f 9358 9372 9362
f 9371 9369 9357
f 9371 9370 9369
f 9361 9373 9356
f 9370 9361 9356
f 9362 9365 9368
f 9370 9371 9361
f 9372 9365 9362
f 9370 9364 9369
f 9389 9385 9375
f 9380 9390 9381
f 9383 9389 9375
f 9374 9375 9387
f 9382 9384 9381
f 9380 9388 9378
f 9379 9377 9385
f 9386 9389 9383
f 9383 9375 9374
f 9380 9381 9384
f 9388 9380 9384
f 9377 9387 9385
f 9387 9375 9385
f 9385 9389 9379
f 9406 9391 9395
f 9404 9394 9395
f 9393 9408 9399
f 9400 9406 9394
f 9406 9395 9394
f 9398 9395 9401
f 9395 9398 9404
f 9408 9393 9402
f 9405 9399 9408
f 9395 9391 9401
f 9397 9408 9402
f 9407 9404 9398
f 9408 9392 9405
f 9408 9396 9392
f 9402 9403 9397
f 9396 9408 9397
f 9432 9411 9441
f 9412 9418 9414
f 9420 9421 9413
f 9418 9433 9413
f 9442 9409 9418
f 9418 9434 9433
f 9415 9413 9433
f 9426 9427 9435
f 9426 9441 9411
f 9411 9417 9423
f 9418 9412 9438
f 9418 9438 9442
f 9442 9438 9437
f 9436 9422 9411
f 9422 9417 9411
f 9441 9439 9440
f 9418 9409 9434
f 9411 9432 9436
f 9443 9430 9423
f 9417 9443 9423
f 9421 9414 9418
f 9432 9431 9436
f 9432 9441 9410
f 9440 9410 9441
f 9441 9419 9439
f 9425 9413 9415
f 9426 9419 9441
f 9435 9419 9426
f 9416 9424 9430
f 9430 9424 9423
f 9413 9421 9418
f 9451 9448 9444
f 9451 9444 9452
f 9460 9450 9447
f 9449 9448 9451
f 9451 9454 9449
f 9460 9455 9450
f 9460 9447 9446
f 9454 9451 9456
f 9456 9451 9457
f 9457 9451 9458
f 9460 9459 9453
f 9460 9453 9445
f 9444 9448 9461
f 9446 9459 9460
f 9445 9455 9460
f 9458 9451 9452
f 9475 9464 9470
f 9471 9472 9473
f 9464 9475 9474
f 9464 9469 9465
f 9473 9479 9471
f 9473 9472 9476
f 9476 9463 9473
f 9475 9470 9477
f 9478 9477 9470
f 9470 9464 9466
f 9473 9480 9479
f 9480 9473 9463
f 9464 9465 9466
f 9486 9491 9484
f 9485 9486 9487
f 9486 9493 9487
f 9491 9486 9485
f 9486 9484 9490
f 9494 9489 9483
f 9483 9492 9481
f 9493 9486 9490
f 9494 9483 9481
f 9489 9482 9483
f 9483 9482 9492
f 9492 9488 9481
f 9505 9503 9497
f 9502 9495 9496
f 9497 9503 9500
f 9499 9497 9500
f 9506 9497 9499
f 9499 9498 9506
f 9495 9502 9501
f 9496 9495 9504
f 9497 9506 9505
f 9507 9504 9495
f 9508 9495 9501
f 9509 9505 9506
f 9506 9498 9509
f 9507 9495 9508
f 9513 9512 9511
f 9515 9514 9510
f 9513 9518 9512
f 9517 9516 9510
f 9515 9510 9516
f 9511 9512 9518
f 9517 9510 9514
f 9522 9520 9525
f 9530 9529 9520
f 9520 9522 9530
f 9528 9524 9521
f 9524 9526 9521
f 9523 9528 9521
f 9526 9523 9521
f 9529 9525 9520
f 9532 9535 9531
f 9532 9541 9540
f 9535 9532 9540
f 9531 9541 9532
f 9534 9537 9533
f 9539 9534 9533
f 9534 9539 9536
f 9538 9539 9533
f 9537 9534 9536
f 9562 9560 9557
f 9560 9558 9557
f 9552 9549 9542
f 9542 9553 9552
f 9543 9545 9558
f 9550 9551 9544
f 9548 9549 9552
f 9562 9555 9564
f 9563 9551 9561
f 9563 9542 9551
f 9546 9544 9549
f 9542 9544 9551
f 9544 9542 9549
f 9557 9558 9545
f 9559 9558 9560
f 9557 9545 9547
f 9555 9557 9554
f 9557 9555 9562
f 9556 9565 9542
f 9563 9556 9542
f 9565 9553 9542
f 9570 9572 9569
f 9572 9573 9569
f 9574 9568 9571
f 9567 9566 9571
f 9571 9568 9567
f 9571 9566 9574
f 9587 9577 9583
f 9584 9585 9589
f 9577 9587 9586
f 9588 9587 9583
f 9577 9582 9578
f 9589 9591 9584
f 9576 9575 9589
f 9590 9588 9583
f 9583 9577 9579
f 9591 9589 9575
f 9575 9592 9591
f 9577 9578 9579
f 9576 9589 9585
f 9597 9598 9599
f 9596 9602 9595
f 9596 9595 9593
f 9595 9598 9597
f 9598 9595 9602
f 9594 9605 9601
f 9601 9603 9594
f 9595 9597 9593
f 9594 9604 9600
f 9605 9594 9600
f 9604 9594 9603
f 9612 9606 9608
f 9610 9608 9606
f 9607 9613 9611
f 9611 9609 9607
f 9610 9606 9616
f 9612 9616 9606
f 9622 9618 9625
f 9623 9620 9619
f 9619 9620 9617
f 9622 9621 9618
f 9623 9619 9626
f 9621 9624 9618
f 9625 9618 9624
f 9619 9617 9626
f 9629 9633 9628
f 9630 9635 9632
f 9630 9636 9635
f 9633 9629 9634
f 9634 9629 9628
f 9631 9634 9628
f 9639 9645 9637
f 9637 9640 9639
f 9645 9644 9637
f 9642 9643 9638
f 9646 9638 9643
f 9642 9638 9641
f 9646 9641 9638
f 9648 9658 9655
f 9647 9661 9648
f 9648 9657 9647
f 9649 9663 9656
f 9652 9648 9655
f 9650 9657 9648
f 9648 9652 9650
f 9651 9664 9649
f 9663 9649 9664
f 9651 9662 9664
f 9660 9664 9662
f 9660 9662 9659
f 9648 9661 9665
f 9665 9658 9648
f 9672 9671 9674
f 9671 9670 9676
f 9673 9669 9668
f 9667 9670 9671
f 9672 9667 9671
f 9675 9673 9668
f 9676 9674 9671
f 9687 9677 9686
f 9688 9678 9684
f 9684 9678 9685
f 9678 9683 9685
f 9688 9684 9689
f 9683 9679 9685
f 9690 9686 9677
f 9689 9685 9679
f 9694 9696 9691
f 9693 9697 9694
f 9691 9693 9694
f 9700 9698 9695
f 9696 9694 9697
f 9699 9692 9695
f 9700 9695 9692
f 9708 9704 9705
f 9705 9709 9702
f 9706 9703 9701
f 9708 9705 9702
f 9710 9706 9701
f 9701 9707 9710
f 9708 9702 9709
f 9701 9703 9707
f 9717 9723 9716
f 9716 9718 9717
f 9715 9724 9719
f 9715 9719 9722
f 9723 9713 9716
f 9718 9721 9717
f 9714 9713 9723
f 9722 9720 9715
f 9715 9720 9724
f 9717 9714 9723
f 9731 9729 9727
f 9729 9733 9727
f 9729 9731 9733
f 9728 9726 9732
f 9735 9738 9736
f 9737 9735 9736
f 9739 9741 9734
f 9740 9739 9734
f 9740 9734 9741
f 9745 9747 9746
f 9748 9751 9753
f 9745 9746 9744
f 9743 9751 9742
f 9742 9751 9750
f 9743 9753 9751
f 9752 9749 9745
f 9749 9747 9745
f 9754 9764 9767
f 9766 9757 9756
f 9760 9755 9761
f 9762 9756 9757
f 9770 9757 9759
f 9758 9764 9763
f 9757 9765 9759
f 9760 9769 9755
f 9761 9767 9760
f 9768 9762 9757
f 9768 9757 9770
f 9765 9757 9766
f 9764 9760 9767
f 9758 9760 9764
f 9760 9758 9769
f 9772 9774 9771
f 9778 9781 9777
f 9779 9772 9771
f 9776 9775 9772
f 9772 9779 9776
f 9773 9780 9781
f 9775 9774 9772
f 9780 9777 9781
f 9782 9781 9778
f 9782 9773 9781
f 9785 9794 9784
f 9787 9797 9786
f 9790 9788 9798
f 9798 9793 9790
f 9798 9787 9783
f 9791 9785 9784
f 9783 9787 9792
f 9785 9791 9796
f 9794 9785 9795
f 9797 9787 9798
f 9785 9796 9799
f 9789 9795 9799
f 9798 9783 9793
f 9785 9799 9795
f 9798 9788 9797
f 9792 9787 9786
f 9805 9801 9813
f 9803 9809 9807
f 9810 9805 9813
f 9806 9814 9803
f 9808 9812 9807
f 9809 9808 9807
f 9802 9805 9810
f 9801 9805 9811
f 9807 9806 9803
f 9812 9800 9806
f 9811 9805 9802
f 9807 9812 9806
f 9804 9814 9806
f 9804 9806 9800
f 9820 9818 9833
f 9824 9829 9815
f 9822 9826 9821
f 9818 9832 9833
f 9821 9816 9827
f 9831 9815 9833
f 9830 9823 9825
f 9826 9825 9821
f 9833 9832 9831
f 9817 9835 9831
f 9815 9834 9833
f 9834 9820 9833
f 9832 9817 9831
f 9815 9835 9824
f 9815 9831 9835
f 9816 9823 9828
f 9827 9819 9821
f 9825 9816 9821
f 9823 9816 9825
f 9844 9841 9843
f 9846 9838 9849
f 9836 9847 9846
f 9846 9849 9848
f 9844 9851 9845
f 9836 9846 9848
f 9851 9844 9843
f 9851 9843 9850
f 9850 9843 9840
f 9846 9847 9839
f 9838 9839 9842
f 9839 9838 9846
f 9851 9850 9837
f 9854 9870 9869
f 9859 9857 9858
f 9853 9866 9859
f 9863 9864 9873
f 9857 9866 9865
f 9866 9853 9870
f 9867 9871 9852
f 9867 9860 9864
f 9868 9864 9860
f 9861 9853 9872
f 9859 9858 9853
f 9858 9872 9853
f 9864 9863 9867
f 9863 9871 9867
f 9865 9854 9869
f 9868 9873 9864
f 9866 9854 9865
f 9867 9852 9860
f 9857 9859 9866
f 9887 9875 9894
f 9884 9876 9877
f 9881 9876 9880
f 9879 9876 9892
f 9879 9895 9886
f 9881 9892 9876
f 9903 9874 9894
f 9901 9897 9886
f 9895 9896 9886
f 9895 9879 9889
f 9887 9890 9885
f 9875 9887 9883
f 9887 9885 9883
f 9899 9877 9897
f 9875 9883 9878
f 9896 9901 9886
f 9894 9888 9887
f 9897 9877 9876
f 9876 9886 9897
f 9880 9876 9884
f 9882 9902 9883
f 9883 9885 9882
f 9903 9894 9898
f 9894 9875 9898
f 9894 9874 9888
f 9900 9890 9888
f 9889 9879 9893
f 9904 9885 9890
f 9890 9887 9888
f 9882 9885 9891
f 9886 9876 9879
f 9908 9907 9915
f 9907 9908 9918
f 9910 9912 9926
f 9910 9919 9911
f 9921 9918 9908
f 9916 9926 9912
f 9908 9915 9921
f 9919 9910 9926
f 9929 9925 9928
f 10663 10656 10645
f 9935 10643 10644
f 10358 9941 9944
f 10671 9943 9942
f 9976 10042 9945
f 9953 9954 10055
f 10264 9957 9989
f 10086 9958 10321
f 9961 9981 10039
f 9966 10677 10647
f 9940 9938 9969
f 9961 10039 9973
f 10139 10038 9980
f 9982 10138 9983
f 9986 9984 9985
f 9989 9957 9936
f 9990 9991 9992
f 9993 10192 10035
f 10146 10193 9996
f 9996 10193 9997
f 9998 9996 9997
f 10009 10008 10203
f 10195 10353 10011
f 10015 10198 10016
f 10026 10171 10020
f 10297 10021 10173
f 10174 10164 10024
f 9970 10023 10022
f 10025 10174 10024
f 10019 10027 10018
f 10028 10018 10027
f 10403 10017 10029
f 10301 10353 10012
f 10008 10009 10303
f 10002 10031 10001
f 10033 10001 10031
f 9999 9996 9998
f 10310 9995 10146
f 9992 10036 9990
f 9984 9986 9983
f 10313 9982 9983
f 9933 9972 9971
f 9975 9933 9971
f 9945 10043 10044
f 10086 10321 10046
f 10084 10330 10240
f 10055 9954 10331
f 10387 10083 10060
f 10061 10256 10387
f 10338 10112 10067
f 10345 10023 10071
f 10344 10069 9946
f 9946 10069 10115
f 10023 10117 10071
f 10073 10117 10023
f 10069 10070 10076
f 10392 10063 10079
f 10062 10391 10234
f 10062 10234 10081
f 10387 10256 10083
f 10286 9955 10740
f 10047 10323 10048
f 10087 10241 10044
f 9945 10088 9976
f 9933 10089 9960
f 10090 10137 9984
f 10091 10093 10092
f 10252 10059 10151
f 10059 10253 10151
f 10151 10253 10133
f 10110 10109 10256
f 10114 10127 9947
f 10127 10128 9947
f 10124 9970 10123
f 10118 10020 10119
f 10162 10119 10020
f 10116 10119 10162
f 10125 10076 10075
f 10125 10161 10076
f 10115 10069 10076
f 10219 10111 10112
f 10109 10110 10131
f 10135 10136 10094
f 10138 9933 9960
f 10138 9977 9933
f 10146 10104 10186
f 10151 10183 10252
f 10153 10111 10219
f 10219 10112 10154
f 10161 10166 10076
f 10022 10123 9970
f 10174 10122 10164
f 10122 10174 10120
f 10165 10162 10020
f 10166 10168 10076
f 10170 10165 10171
f 10176 10017 10177
f 10177 10158 10176
f 10178 10200 10152
f 10195 10216 10180
f 10181 10195 10180
f 10151 10181 10213
f 10252 10183 10134
f 10207 10145 10103
f 10187 10188 10208
f 10210 10188 10187
f 10210 10144 10188
f 10190 10097 10141
f 10190 10211 10097
f 10097 9957 10264
f 10223 10146 9995
f 10222 10001 10000
f 10214 10304 10006
f 10194 10009 10203
f 10010 10195 10011
f 10154 10014 10013
f 10029 10017 10176
f 10197 10177 10017
f 10200 10178 10201
f 10181 10200 10353
f 10152 10200 10181
f 10181 10353 10195
f 10214 10204 10203
f 10182 10151 10213
f 10148 10106 10205
f 10206 10146 10186
f 10143 9992 10142
f 9957 10097 10211
f 9991 10142 9992
f 10143 9993 9992
f 10189 9993 10143
f 10103 10223 10207
f 10146 10223 10103
f 10154 10013 10219
f 10199 10198 10015
f 10154 10199 10015
f 10219 10013 10196
f 10203 10304 10214
f 10182 10220 10151
f 10220 10183 10151
f 10221 10001 10205
f 10146 10206 10193
f 10210 10187 9994
f 10189 10192 9993
f 9994 10224 10210
f 10205 10001 10222
f 10182 10003 10220
f 10175 10029 10176
f 10021 10118 10173
f 10020 10118 10021
f 10020 10171 10165
f 10225 10115 10076
f 10226 10115 10225
f 10155 9947 10128
f 10155 10113 9947
f 10112 10129 10154
f 10181 10151 10133
f 10147 10105 10271
f 10103 10104 10146
f 10102 10103 10145
f 10230 10094 10136
f 9984 10137 10231
f 9984 9983 9960
f 9960 9983 10138
f 9985 9984 10231
f 10142 10099 10143
f 10148 10147 10271
f 10106 10148 10271
f 10181 10133 10130
f 10121 10072 10120
f 10070 10075 10076
f 10077 9946 10115
f 10078 10067 10278
f 10079 10232 10392
f 10232 10233 10392
f 10392 10276 10234
f 10234 10391 10392
f 10082 10255 10256
f 10256 10061 10082
f 10235 10255 10082
f 10252 10383 10059
f 10239 10103 10289
f 10240 10331 9954
f 10052 9955 10085
f 10048 10323 10051
f 9945 10044 10088
f 10095 10093 10091
f 10248 10103 10102
f 10271 10105 10250
f 10251 10107 10106
f 10274 10253 10059
f 10112 10111 10278
f 10233 10276 10392
f 10256 10275 10083
f 10252 10057 10383
f 10271 10238 9953
f 10270 10104 10103
f 10239 10270 10103
f 10740 10264 10286
f 10260 10262 10051
f 10086 10046 9960
f 10261 10285 10046
f 10085 9955 10286
f 10740 10330 10264
f 10265 10258 10266
f 10268 10084 10240
f 10272 10251 10271
f 10233 10277 10276
f 10278 10067 10112
f 10111 10110 10278
f 10274 10059 10237
f 10273 10257 10252
f 10257 10057 10252
f 10251 10106 10271
f 10240 9954 10269
f 10240 10247 10268
f 10281 10245 10266
f 10266 10245 10265
f 9960 10046 10285
f 10292 9984 9960
f 10292 10090 9984
f 10096 10286 10264
f 10264 10330 10097
f 10269 10100 10247
f 10289 10103 10248
f 10245 10281 10290
f 10246 10265 10245
f 10097 10084 10287
f 10330 10084 10097
f 10284 10283 10291
f 10292 9960 10285
f 10086 9960 10293
f 10089 10293 9960
f 10247 10240 10269
f 10072 10122 10120
f 10024 10295 10296
f 10485 10021 10297
f 10349 10026 10020
f 10352 10017 10403
f 10154 10015 10014
f 10300 10013 10014
f 10302 10010 10011
f 10146 10495 10310
f 10355 10034 10311
f 10355 9994 10034
f 9983 10312 10313
f 10315 9971 10317
f 9971 9972 10317
f 10318 10040 9932
f 9975 9971 10319
f 10044 10043 10087
f 9958 10320 10321
f 10324 10052 10746
f 9955 10052 10324
f 10328 10327 10326
f 10332 10373 10738
f 10333 10738 10334
f 10383 10057 10337
f 9969 10393 9940
f 10341 9940 10394
f 10394 10342 10341
f 10341 9946 9940
f 10344 10341 10343
f 10069 10344 10399
f 10485 10297 10347
f 10349 10020 10021
f 10450 10403 10029
f 10008 10303 10407
f 10309 9996 9999
f 9993 10035 10356
f 9971 10315 10358
f 9944 9971 10358
f 10040 9963 9932
f 10318 9932 10359
f 9955 10324 9956
f 10429 10740 9955
f 10362 10740 10429
f 10240 10366 10367
f 10478 10374 10738
f 10377 10376 10436
f 10436 10437 10377
f 10377 10736 10376
f 10380 10382 10383
f 10387 10386 10522
f 10522 10388 10387
f 10394 9940 10393
f 10341 10342 10343
f 10396 10485 10397
f 10346 10023 10345
f 10021 10348 10400
f 10400 10349 10021
f 10404 10015 10016
f 10406 10353 10301
f 10409 10354 10308
f 10457 10310 10495
f 9993 10604 9992
f 9983 10462 10312
f 9981 10463 10422
f 10417 10546 10315
f 9983 10421 10462
f 9983 9986 10421
f 10414 10419 10037
f 10420 9968 10357
f 10357 10602 9986
f 10358 10315 10546
f 10423 9944 9941
f 10468 10359 9932
f 9975 10319 10360
f 10550 9945 10042
f 9956 10428 9955
f 10474 10513 10363
f 10330 10329 10430
f 10330 10430 10240
f 10240 10430 10366
f 10738 10373 10434
f 10738 10434 10478
f 10378 10377 10439
f 10439 10440 10378
f 10378 10440 10379
f 10384 10383 10382
f 10389 10388 10522
f 10483 10390 10442
f 10390 10483 10733
f 10523 10392 10391
f 10443 10392 10523
f 10485 10487 10397
f 10398 10344 10343
f 10485 10347 10447
f 10351 10527 10027
f 10352 10403 10451
f 10492 10560 10405
f 10453 10353 10406
f 10453 10011 10353
f 10407 10529 10008
f 10203 10437 10304
f 10408 10304 10530
f 10309 10456 9996
f 10495 10146 9996
f 10356 10472 9993
f 10036 9992 10499
f 10413 10459 10460
f 10413 10460 9936
f 10357 9968 10602
f 10421 9986 10602
f 10546 10417 10464
f 10424 10467 9932
f 10630 10468 9932
f 10469 9975 10360
f 9975 10469 10470
f 10506 10045 9945
f 10471 10508 10323
f 10323 10472 10425
f 10428 9956 10427
f 10329 10364 10430
f 10517 10366 10430
f 10437 10436 10481
f 10438 10377 10437
f 10522 10386 10482
f 10444 10524 10527
f 10527 10445 10444
f 10445 10393 10444
f 10394 10393 10445
f 10485 10396 10484
f 10398 10486 10344
f 10346 10022 10023
f 10447 10487 10485
f 10527 10351 10489
f 10015 10491 10014
f 10529 10438 10008
f 10203 10008 10437
f 10355 10565 10496
f 10496 10458 10355
f 10412 10565 10355
f 10472 10356 10497
f 10568 9992 10604
f 9992 10568 10499
f 10459 10413 10599
f 10414 10501 10461
f 10419 10414 10461
f 10602 10502 10421
f 10462 10421 10503
f 10576 10358 10546
f 10472 10323 10508
f 10428 10511 9955
f 10437 10481 10519
f 10520 10522 10482
f 10483 10442 10555
f 10733 10403 10391
f 10022 10487 10447
f 10022 10346 10487
f 10021 10525 10348
f 10027 10527 10490
f 10528 10403 10450
f 10451 10403 10483
f 10404 10491 10015
f 10452 10014 10491
f 10560 10441 10405
f 10530 10304 10437
f 10531 10430 10409
f 10409 10532 10354
f 10456 10533 9996
f 9996 10534 10495
f 10535 10565 10412
f 10536 10496 10565
f 10472 10497 10537
f 10539 10599 10413
f 10501 10500 10461
f 10540 10421 10502
f 10540 10541 10421
f 10543 10542 10504
f 10505 10465 10466
f 10549 9932 10467
f 9932 10549 10630
f 10506 9945 10580
f 10425 10472 10509
f 10512 9955 10511
f 10429 9955 10512
f 10439 10377 10438
f 10403 10733 10483
f 10588 10523 10391
f 10484 10525 10021
f 10021 10485 10484
f 10527 10589 10490
f 10557 10491 10404
f 10559 10452 10491
f 10587 10561 10405
f 10008 10438 10437
f 10607 10530 10437
f 10305 10584 10518
f 10454 10584 10305
f 10305 10608 10563
f 10518 10608 10305
f 10305 10563 10494
f 10430 10531 10593
f 9996 10533 10534
f 10472 10537 10566
f 10500 10569 10601
f 10601 10461 10500
f 10461 10572 10571
f 10574 10463 10544
f 10463 10574 10545
f 10576 10640 10358
f 10550 10614 9945
f 9958 10611 10507
f 10509 10472 10581
f 10509 10581 10553
f 10364 10514 10409
f 10364 10409 10430
f 10584 10434 10518
f 10585 10434 10584
f 10437 10519 10586
f 10527 10524 10589
f 10451 10483 10555
f 10562 10584 10454
f 10532 10409 10514
f 10532 10582 10594
f 10472 10598 10581
f 9959 10572 10461
f 10611 10603 10600
f 10600 10459 10611
f 10605 10604 10508
f 10508 10604 10472
f 10606 10553 10581
f 10583 10517 10430
f 10437 10586 10607
f 10391 10528 10588
f 10391 10403 10528
f 10405 10441 10587
f 10582 10532 10514
f 10604 9993 10472
f 10419 10461 10571
f 10461 10601 10580
f 10599 10611 10459
f 10551 10603 10611
f 10644 10421 10541
f 10547 10618 10548
f 10505 10466 10619
f 10622 10468 10630
f 10469 10360 10631
f 9958 10551 10611
f 10614 10461 10580
f 10541 9935 10644
f 10633 10546 10624
f 10546 10575 10624
f 10577 10617 10626
f 10620 10505 10619
f 10621 10630 10549
f 10638 10461 10614
f 9959 10461 10638
f 10544 10639 10574
f 10546 10633 10576
f 10619 10466 10628
f 10634 10647 10635
f 10619 10637 10620
f 10614 10550 10638
f 10633 10645 10576
f 10635 10647 10642
f 10636 10619 10629
f 10637 10619 10636
f 10643 10646 10644
f 10469 10631 10632
f 10650 10652 10636
f 10636 10652 10637
f 10630 10653 10622
f 10655 10630 10658
f 10653 10630 10655
f 10658 9934 10655
f 10644 10646 10645
f 10576 10645 10656
f 10640 10666 10627
f 10634 10641 10647
f 10642 10647 10648
f 10642 10648 10649
f 10645 10646 10659
f 10658 10630 9962
f 10630 10621 9962
f 9962 10661 10662
f 10658 9962 10662
f 10662 9934 10658
f 10665 10663 10659
f 10659 10663 10645
f 10664 10647 10677
f 10657 10647 10664
f 10648 10647 10657
f 10663 10670 10656
f 10640 10576 10667
f 9966 10647 10641
f 10666 10640 10667
f 10667 10576 10668
f 10678 9943 10671
f 10675 10667 10679
f 10679 10699 10675
f 10675 10666 10667
f 10681 10680 10676
f 10676 10682 10681
f 10657 10664 10688
f 10684 10665 10689
f 10668 10576 10656
f 10691 10687 10690
f 10690 10692 10691
f 10688 10664 10695
f 10648 10657 9964
f 10695 10703 10688
f 10689 10696 10684
f 10684 10698 10656
f 10656 10698 10668
f 9965 10684 10696
f 10687 10700 10690
f 10692 10702 10691
f 9964 10688 10707
f 9964 10657 10688
f 10684 9965 10698
f 10700 10709 10690
f 10698 10706 10705
f 9965 10706 10698
f 10708 10667 10668
f 10667 10710 10699
f 10692 10690 10709
f 10716 10668 10705
f 10705 10668 10712
f 10712 10698 10705
f 10708 10710 10667
f 10711 10702 10692
f 10700 10715 10709
f 10709 10718 10692
f 10692 10720 10711
f 10716 10717 10668
f 10715 10719 10709
f 10709 10723 10718
f 10720 10692 10718
f 10708 10668 10717
f 10731 10710 10708
f 10723 10709 10719
f 10718 10725 10720
f 10708 10726 10730
f 10718 10723 10724
f 10728 10722 10710
f 10724 10723 10729
f 9967 10708 10730
f 10708 9967 10731
f 10728 10710 10731
f 10708 10717 10726
f 10580 9945 10614
f 10612 10507 10611
f 10424 9932 9963
f 10340 10339 10443
f 10443 10339 10392
f 10733 10391 10062
f 10058 10384 10385
f 10380 10383 10734
f 10377 10737 10736
f 10371 10739 10240
f 10240 10367 10371
f 10377 10378 10741
f 10743 10734 10383
f 10383 10384 10059
f 10059 10384 10058
f 10063 10392 10339
f 10387 10388 10061
f 10383 10742 10743
f 10383 10337 10742
f 10377 10741 10737
f 10240 10739 10331
f 10341 10344 9946
f 10056 10738 10333
f 10332 10738 10056
f 10325 10326 10327
f 10323 10047 10050
f 10757 10756 10758
f 10758 10759 10760
f 10764 10766 10765
f 10769 10809 10768
f 10773 10873 10774
f 10796 10823 10775
f 10796 10775 10840
f 10782 10794 10781
f 10815 10783 10846
f 10848 10815 10846
f 10785 10787 10786
f 10788 10855 10786
f 10792 10850 10791
f 10785 10786 10815
f 10815 10848 10785
f 10809 10769 10770
f 10808 10764 10765
f 10760 10803 10758
f 10754 10830 10753
f 10753 10862 10752
f 10862 10753 10830
f 10768 10809 10765
f 10809 10770 10810
f 10798 10811 10772
f 10816 10978 10817
f 10821 10750 10852
f 10859 10808 10765
f 10807 10825 10806
f 10806 10825 10826
f 10826 10894 10805
f 10757 10758 10803
f 10755 10754 10753
f 10904 10799 10835
f 10768 10765 10767
f 10769 10768 10839
f 10776 10840 10775
f 10776 10841 10840
f 10778 10842 10843
f 10750 10781 10780
f 10782 10781 10750
f 10782 10750 10845
f 10852 10750 10791
f 10819 10876 10853
f 10788 10816 10855
f 10786 10882 10979
f 10884 10796 10814
f 10811 10798 10824
f 10894 10826 10825
f 10827 10805 10894
f 10828 10860 10760
f 10831 10863 10756
f 10863 10865 10756
f 10756 10866 10758
f 10763 10904 10835
f 10836 10869 10837
f 10766 10870 10765
f 10870 10872 10765
f 10774 10873 10874
f 10796 10840 10777
f 10877 10845 10750
f 10850 10852 10791
f 10855 10816 10854
f 10881 10882 10786
f 10796 10886 10823
f 10935 10812 10888
f 10824 10798 10812
f 10824 10889 10811
f 10890 10892 10810
f 10893 10765 10809
f 10893 10859 10765
f 10860 10898 10760
f 10753 10899 10755
f 10904 10763 10903
f 10925 10935 10836
f 10836 10935 10869
f 10767 10765 10872
f 10780 10751 10791
f 10750 10907 10877
f 10878 10908 10848
f 10785 10848 10908
f 10908 10910 10785
f 10880 10788 10787
f 10851 10852 10850
f 10880 10787 10785
f 10821 10907 10750
f 10791 10876 10819
f 10855 10854 10911
f 10881 10786 10855
f 10945 10950 10883
f 10884 10886 10796
f 10935 10888 10915
f 10809 10810 10892
f 10895 10752 10896
f 10752 10920 10896
f 10898 10860 10921
f 10921 10940 10898
f 10861 10829 10958
f 10865 10923 10866
f 10866 10756 10865
f 10767 10872 10926
f 10944 10839 10768
f 10873 10913 10874
f 10791 10751 10876
f 10750 10780 10791
f 10881 10855 10930
f 10945 10883 10913
f 10915 10951 10935
f 10809 10892 10917
f 10803 10760 10898
f 10862 10961 10752
f 10969 10767 10927
f 10768 10767 10969
f 10873 10906 10945
f 10855 10911 10840
f 10855 10968 10930
f 10966 10950 10945
f 10812 10935 10925
f 10812 10965 10824
f 10918 10954 10825
f 10919 10939 10752
f 10752 10895 10919
f 10752 10957 10920
f 10959 10961 10862
f 10939 10753 10752
f 10954 10924 10963
f 10924 10973 10963
f 10935 10951 10952
f 10945 10913 10873
f 10840 10968 10855
f 10969 10944 10768
f 10942 10869 10935
f 10964 10936 10903
f 10753 10939 10962
f 10753 10962 10899
f 10974 10973 10924
f 10965 10812 10925
f 10903 10809 10917
f 10936 10809 10903
f 10963 10825 10954
f 10957 10752 10961
f 10790 10789 10788
f 10788 10786 10787
f 10819 10792 10791
f 10978 10816 10789
f 10788 10789 10816
f 10815 10786 10979
f 10991 10993 10992
f 10995 10992 10994
f 10996 10997 10995
f 11014 11025 10999
f 11005 10987 10988
f 11003 10982 10983
f 11004 10986 10984
f 10989 11008 10990
f 10994 10992 10993
f 10996 10995 11011
f 10999 11042 11015
f 11030 11002 11017
f 11006 11002 10988
f 10985 11018 11019
f 11006 10988 10987
f 11008 10989 11036
f 10994 10993 11010
f 11011 10995 10994
f 10997 10996 11001
f 11002 11045 11031
f 10988 11002 11031
f 11005 11033 11089
f 11089 10987 11005
f 11034 11006 10987
f 11035 11050 11007
f 10989 11007 11036
f 11008 11038 11037
f 10994 11051 11011
f 11041 11038 11025
f 10999 11036 11042
f 11029 11001 11016
f 11002 11030 11045
f 11032 11046 11048
f 10982 11073 10983
f 11050 11036 11007
f 11025 11038 10999
f 11043 11015 11042
f 11028 11044 11029
f 11016 11028 11029
f 11001 11029 10997
f 10988 11031 11063
f 11058 10981 10982
f 11050 11035 11059
f 11038 11008 11036
f 11049 11065 11083
f 11086 11059 11067
f 11050 11059 11086
f 11042 11069 11043
f 11054 11072 11055
f 11066 10987 11089
f 11036 10999 11038
f 11085 11044 11077
f 11044 11085 11029
f 11072 11083 11065
f 11036 11050 11042
f 11042 11086 11069
f 11060 11029 11085
f 11088 11089 11084
f 11065 11091 11072
f 10981 11080 10982
f 11080 11073 10982
f 11074 11073 11080
f 11086 11042 11050
f 11072 11071 11083