v -0.059022 0.207710 -0.211243
v -0.058534 0.275793 -0.146235
v -0.090461 0.207962 -0.209547
v 0.010995 0.283481 -0.129691
v -0.067718 0.167767 -0.233182
v -0.092424 0.279198 -0.134986
v -0.015719 0.239349 -0.173133
v -0.051212 0.234931 -0.176636
v -0.029481 0.231469 -0.192577
v -0.052809 0.203294 -0.214611
v -0.049433 0.235988 -0.173482
v -0.045958 0.268488 -0.153064
v -0.048229 0.173539 -0.261286
v -0.051893 0.230226 -0.172010
v -0.092525 0.308009 -0.073780
v -0.071980 0.240231 -0.172595
v -0.094649 0.167235 -0.255331
v -0.048853 0.228392 -0.177293
v -0.033372 0.173409 -0.247392
v -0.079920 0.238001 -0.178448
v -0.050638 0.227324 -0.172897
v -0.048132 0.227874 -0.181909
v -0.098553 0.239537 -0.151405
v -0.064034 0.218553 -0.200780
v -0.048358 0.218376 -0.178466
v -0.093424 0.233060 -0.171806
v -0.040141 0.211572 -0.193076
v -0.099489 0.187762 -0.230161
v -0.061352 0.225579 -0.165107
v -0.071307 0.228412 -0.186601
v -0.051800 0.217336 -0.171486
v -0.069131 0.220362 -0.163614
v -0.079520 0.220159 -0.165228
v -0.104138 0.261625 -0.135459
v -0.051043 0.211971 -0.187975
v -0.050041 0.208431 -0.179656
v -0.075861 0.164322 -0.252315
v -0.056975 0.158387 -0.250110
v -0.062342 0.212945 -0.165221
v -0.097982 0.222842 -0.167390
v -0.093348 0.224370 -0.167998
v -0.051572 0.207751 -0.176072
v -0.051929 0.203041 -0.183688
v -0.056832 0.203027 -0.171614
v -0.054818 0.201866 -0.189925
v -0.075485 0.212685 -0.187587
v -0.067922 0.203241 -0.197999
v -0.076769 0.203283 -0.165155
v -0.097270 0.216776 -0.162422
v -0.079111 0.210651 -0.197408
v -0.060780 0.201968 -0.194508
v -0.057581 0.192051 -0.181927
v -0.064051 0.202498 -0.167351
v -0.077273 0.212693 -0.174219
v -0.055286 0.195679 -0.181351
v -0.092144 0.197607 -0.204023
v -0.081043 0.202795 -0.165789
v -0.060150 0.194239 -0.191446
v -0.059660 0.191229 -0.178276
v -0.065307 0.192016 -0.171764
v -0.083455 0.195584 -0.194044
v -0.077959 0.202382 -0.167541
v -0.063464 0.186119 -0.187336
v -0.076533 0.188548 -0.194507
v -0.077577 0.190063 -0.170016
v -0.079788 0.192242 -0.189991
v -0.087933 0.178307 -0.211023
v -0.067911 0.189368 -0.193659
v -0.078973 0.188714 -0.173919
v -0.067918 0.181663 -0.183543
v -0.067382 0.183703 -0.178880
v -0.074618 0.183854 -0.174689
v -0.078412 0.189307 -0.178816
v -0.071762 0.183204 -0.190795
v -0.070466 0.180594 -0.183794
v -0.086151 0.185099 -0.190122
v -0.083303 0.185168 -0.186571
v -0.080840 0.181346 -0.177852
v -0.085058 0.183277 -0.187794
v -0.081319 0.182215 -0.181534
v -0.079814 0.180628 -0.188394
v -0.076131 0.179702 -0.187109
v -0.074912 0.179788 -0.180410
v -0.084142 0.183592 -0.189034
v -0.077946 0.178999 -0.184300
v -0.077921 0.179094 -0.184292
v -0.083429 0.180511 -0.184878
v -0.082077 0.179999 -0.181302
v -0.078305 0.179180 -0.183230
v -0.083294 0.180478 -0.184836
v -0.078308 0.179162 -0.183236
v 0.007847 0.185544 -0.232860
v 0.024979 0.181682 -0.233567
v 0.009288 0.233969 -0.179232
v 0.035757 0.202975 -0.218200
v 0.041185 0.240439 -0.180335
v 0.037901 0.255311 -0.164202
v 0.013594 0.230150 -0.186262
v 0.038450 0.234056 -0.181329
v -0.008774 0.237550 -0.187510
v 0.044096 0.236067 -0.168594
v 0.048130 0.268010 -0.135426
v 0.006613 0.179491 -0.242548
v 0.109900 0.230828 -0.206800
v -0.007760 0.271317 -0.140823
v 0.055154 0.240531 -0.181881
v 0.040659 0.233179 -0.169511
v 0.033516 0.226714 -0.177459
v 0.034736 0.229907 -0.181961
v 0.052313 0.286235 -0.122926
v 0.033544 0.223191 -0.177890
v 0.035656 0.227706 -0.173268
v 0.062304 0.193730 -0.223549
v 0.083289 0.205424 -0.228633
v 0.083970 0.264308 -0.156319
v 0.052037 0.227532 -0.164500
v 0.039422 0.226788 -0.191250
v 0.038831 0.222591 -0.169369
v 0.068548 0.225942 -0.187325
v 0.058174 0.231136 -0.189681
v 0.046163 0.223711 -0.165210
v 0.050122 0.167892 -0.248760
v 0.034480 0.214610 -0.185545
v 0.063080 0.226196 -0.164932
v 0.038007 0.217927 -0.190133
v 0.036821 0.211408 -0.173355
v 0.070658 0.227081 -0.177967
v 0.055609 0.206660 -0.208391
v 0.047797 0.211425 -0.165351
v 0.070852 0.220399 -0.170006
v 0.059596 0.210029 -0.163920
v 0.032244 0.196299 -0.211265
v 0.035603 0.207973 -0.179735
v 0.113655 0.216726 -0.187912
v 0.096996 0.216261 -0.206086
v 0.036914 0.203711 -0.180303
v 0.065157 0.214624 -0.165131
v 0.037410 0.208465 -0.188729
v 0.094549 0.211046 -0.192213
v 0.044222 0.199075 -0.171646
v 0.074615 0.210922 -0.171539
v 0.050690 0.202693 -0.196410
v 0.042462 0.192135 -0.181881
v 0.041381 0.194679 -0.186168
v 0.077816 0.206691 -0.179542
v 0.060831 0.198535 -0.196743
v 0.043105 0.197455 -0.191266
v 0.057832 0.197287 -0.166889
v 0.072874 0.200176 -0.170114
v 0.095722 0.148678 -0.247717
v 0.043195 0.191154 -0.181975
v 0.071668 0.203736 -0.193323
v 0.053151 0.191295 -0.171095
v 0.066341 0.192724 -0.194573
v 0.067841 0.197262 -0.168160
v 0.053783 0.189147 -0.193800
v 0.053238 0.183374 -0.178288
v 0.064752 0.191424 -0.191566
v 0.049204 0.185983 -0.188129
v 0.076628 0.198312 -0.175173
v 0.072812 0.191206 -0.190284
v 0.076801 0.190897 -0.180398
v 0.068806 0.190476 -0.190919
v 0.061653 0.183090 -0.175068
v 0.067516 0.186540 -0.173245
v 0.073080 0.189076 -0.174869
v 0.074629 0.188729 -0.186747
v 0.061301 0.185056 -0.192645
v 0.055136 0.182817 -0.189359
v 0.055012 0.180868 -0.183728
v 0.055825 0.180572 -0.183804
v 0.071884 0.183393 -0.185935
v 0.061562 0.179825 -0.187597
v 0.066817 0.180626 -0.179217
v 0.072964 0.183546 -0.181703
v 0.066946 0.182597 -0.189698
v 0.063470 0.178866 -0.183179
v 0.063101 0.179148 -0.184290
v 0.063087 0.179156 -0.184296
v 0.069310 0.180828 -0.182079
v 0.068352 0.180405 -0.184809
v 0.063486 0.179160 -0.183232
v 0.067326 0.179834 -0.184506
v 0.001215 0.149505 0.015504
v 0.001207 0.149331 0.014416
v 0.001087 0.149336 0.014422
v 0.001212 0.149507 0.015498
v 0.000973 0.149317 0.014413
v 0.001194 0.149500 0.015506
v 0.000855 0.149328 0.014425
v 0.001215 0.149507 0.015506
v 0.000733 0.149337 0.014438
v 0.001205 0.149507 0.015512
v 0.000619 0.149331 0.014445
v 0.001220 0.149524 0.015501
v 0.000507 0.149337 0.014460
v 0.001212 0.149501 0.015510
v 0.000395 0.149329 0.014478
v 0.001208 0.149504 0.015502
v 0.000284 0.149336 0.014502
v 0.001216 0.149507 0.015502
v 0.000173 0.149335 0.014522
v 0.001215 0.149504 0.015506
v 0.000051 0.149338 0.014548
v 0.001217 0.149501 0.015497
v -0.000036 0.149345 0.014574
v 0.001208 0.149505 0.015505
v -0.000132 0.149347 0.014608
v 0.001207 0.149507 0.015516
v -0.000230 0.149344 0.014633
v 0.001204 0.149507 0.015501
v -0.000325 0.149353 0.014675
v 0.001201 0.149514 0.015500
v -0.000416 0.149348 0.014700
v 0.001204 0.149505 0.015504
v -0.000499 0.149369 0.014732
v 0.001210 0.149503 0.015504
v -0.000578 0.149354 0.014776
v 0.001211 0.149504 0.015494
v -0.000659 0.149361 0.014814
v 0.001218 0.149503 0.015503
v -0.000733 0.149371 0.014864
v 0.001218 0.149510 0.015488
v -0.000796 0.149386 0.014902
v 0.001217 0.149508 0.015500
v -0.000861 0.149360 0.014948
v 0.001207 0.149515 0.015503
v -0.000925 0.149383 0.014996
v 0.001217 0.149511 0.015507
v -0.000974 0.149364 0.015048
v 0.001205 0.149506 0.015495
v -0.001021 0.149375 0.015094
v 0.001212 0.149504 0.015506
v -0.001065 0.149386 0.015129
v 0.001211 0.149507 0.015506
v -0.001106 0.149410 0.015205
v 0.001209 0.149509 0.015498
v -0.001132 0.149393 0.015251
v 0.001215 0.149505 0.015504
v -0.001161 0.149393 0.015296
v 0.001205 0.149510 0.015511
v -0.001188 0.149403 0.015346
v 0.001212 0.149508 0.015504
v -0.001192 0.149417 0.015404
v 0.001212 0.149492 0.015503
v -0.001209 0.149400 0.015467
v 0.001214 0.149519 0.015510
v -0.001208 0.149413 0.015509
v 0.001208 0.149508 0.015511
v -0.001200 0.149412 0.015566
v 0.001206 0.149506 0.015505
v -0.001198 0.149419 0.015617
v 0.001206 0.149508 0.015499
v -0.001177 0.149420 0.015695
v 0.001212 0.149508 0.015509
v -0.001172 0.149431 0.015724
v 0.001210 0.149501 0.015507
v -0.001124 0.149431 0.015776
v 0.001213 0.149506 0.015496
v -0.001114 0.149437 0.015820
v 0.001204 0.149508 0.015501
v -0.001066 0.149443 0.015891
v 0.001210 0.149507 0.015508
v -0.001024 0.149439 0.015934
v 0.001200 0.149501 0.015504
v -0.000981 0.149452 0.015977
v 0.001212 0.149512 0.015502
v -0.000923 0.149441 0.016024
v 0.001211 0.149510 0.015503
v -0.000862 0.149453 0.016070
v 0.001212 0.149491 0.015504
v -0.000806 0.149459 0.016119
v 0.001215 0.149506 0.015504
v -0.000729 0.149461 0.016164
v 0.001219 0.149509 0.015502
v -0.000656 0.149465 0.016205
v 0.001210 0.149507 0.015500
v -0.000580 0.149469 0.016237
v 0.001209 0.149511 0.015503
v -0.000510 0.149473 0.016283
v 0.001209 0.149499 0.015502
v -0.000407 0.149473 0.016325
v 0.001209 0.149507 0.015501
v -0.000334 0.149474 0.016355
v 0.001212 0.149505 0.015504
v -0.000235 0.149478 0.016389
v 0.001208 0.149499 0.015498
v -0.000146 0.149485 0.016425
v 0.001217 0.149507 0.015505
v -0.000041 0.149485 0.016452
v 0.001214 0.149505 0.015503
v 0.000059 0.149479 0.016469
v 0.001210 0.149513 0.015511
v 0.000167 0.149478 0.016491
v 0.001213 0.149513 0.015511
v 0.000277 0.149491 0.016524
v 0.001208 0.149505 0.015503
v 0.000381 0.149489 0.016541
v 0.001211 0.149506 0.015504
v 0.000517 0.149486 0.016553
v 0.001212 0.149508 0.015507
v 0.000626 0.149489 0.016569
v 0.001214 0.149507 0.015505
v 0.000732 0.149491 0.016582
v 0.001212 0.149507 0.015505
v 0.000868 0.149492 0.016591
v 0.001209 0.149497 0.015495
v 0.000972 0.149488 0.016593
v 0.001209 0.149501 0.015499
v 0.001102 0.149501 0.016610
v 0.001201 0.149504 0.015502
v 0.001214 0.149492 0.016602
v 0.001201 0.149508 0.015506
v 0.001333 0.149490 0.016598
v 0.001203 0.149507 0.015505
v 0.001446 0.149496 0.016601
v 0.001213 0.149506 0.015504
v 0.001563 0.149498 0.016597
v 0.001210 0.149504 0.015503
v 0.001670 0.149498 0.016575
v 0.001211 0.149498 0.015496
v 0.001803 0.149489 0.016569
v 0.001205 0.149509 0.015508
v 0.001914 0.149490 0.016546
v 0.001208 0.149506 0.015504
v 0.002025 0.149487 0.016539
v 0.001212 0.149505 0.015503
v 0.002140 0.149485 0.016525
v 0.001223 0.149505 0.015495
v 0.002245 0.149494 0.016496
v 0.001211 0.149501 0.015504
v 0.002346 0.149483 0.016471
v 0.001209 0.149508 0.015511
v 0.002457 0.149479 0.016442
v 0.001212 0.149505 0.015494
v 0.002540 0.149480 0.016417
v 0.001214 0.149511 0.015505
v 0.002651 0.149472 0.016387
v 0.001212 0.149504 0.015493
v 0.002744 0.149474 0.016351
v 0.001211 0.149501 0.015509
v 0.002827 0.149464 0.016319
v 0.001213 0.149507 0.015524
v 0.002922 0.149470 0.016278
v 0.001220 0.149503 0.015502
v 0.003011 0.149459 0.016238
v 0.001211 0.149510 0.015508
v 0.003081 0.149462 0.016204
v 0.001204 0.149513 0.015505
v 0.003145 0.149460 0.016167
v 0.001212 0.149509 0.015505
v 0.003218 0.149458 0.016113
v 0.001203 0.149514 0.015504
v 0.003283 0.149452 0.016072
v 0.001214 0.149498 0.015499
v 0.003340 0.149450 0.016025
v 0.001210 0.149509 0.015508
v 0.003395 0.149451 0.015974
v 0.001207 0.149505 0.015503
v 0.003435 0.149444 0.015926
v 0.001203 0.149500 0.015521
v 0.003484 0.149439 0.015863
v 0.001199 0.149508 0.015505
v 0.003524 0.149435 0.015821
v 0.001209 0.149500 0.015504
v 0.003549 0.149433 0.015776
v 0.001220 0.149507 0.015502
v 0.003580 0.149425 0.015730
v 0.001210 0.149512 0.015505
v 0.003602 0.149420 0.015664
v 0.001223 0.149506 0.015509
v 0.003614 0.149420 0.015614
v 0.001204 0.149508 0.015500
v 0.003620 0.149409 0.015562
v 0.001210 0.149504 0.015503
v 0.003628 0.149414 0.015504
v 0.001209 0.149502 0.015500
v 0.003626 0.149414 0.015457
v 0.001205 0.149504 0.015501
v 0.003604 0.149400 0.015401
v 0.001218 0.149505 0.015511
v 0.003596 0.149401 0.015352
v 0.001207 0.149504 0.015519
v 0.003581 0.149395 0.015294
v 0.001207 0.149506 0.015500
v 0.003562 0.149391 0.015248
v 0.001212 0.149502 0.015496
v 0.003524 0.149395 0.015188
v 0.001202 0.149502 0.015507
v 0.003470 0.149385 0.015141
v 0.001209 0.149509 0.015507
v 0.003457 0.149390 0.015094
v 0.001191 0.149511 0.015504
v 0.003397 0.149373 0.015044
v 0.001205 0.149506 0.015489
v 0.003335 0.149374 0.014997
v 0.001212 0.149503 0.015499
v 0.003284 0.149373 0.014944
v 0.001208 0.149511 0.015504
v 0.003238 0.149371 0.014902
v 0.001210 0.149507 0.015506
v 0.003146 0.149365 0.014855
v 0.001215 0.149509 0.015498
v 0.003073 0.149365 0.014799
v 0.001214 0.149509 0.015502
v 0.003002 0.149356 0.014779
v 0.001208 0.149505 0.015501
v 0.002920 0.149355 0.014728
v 0.001209 0.149503 0.015493
v 0.002833 0.149341 0.014693
v 0.001196 0.149508 0.015520
v 0.002740 0.149352 0.014669
v 0.001214 0.149502 0.015501
v 0.002656 0.149343 0.014631
v 0.001210 0.149515 0.015508
v 0.002549 0.149347 0.014598
v 0.001204 0.149496 0.015502
v 0.002451 0.149355 0.014568
v 0.001204 0.149500 0.015502
v 0.002355 0.149342 0.014546
v 0.001215 0.149503 0.015506
v 0.002249 0.149329 0.014525
v 0.001209 0.149523 0.015504
v 0.002139 0.149347 0.014497
v 0.001215 0.149521 0.015504
v 0.002010 0.149337 0.014472
v 0.001210 0.149514 0.015505
v 0.001912 0.149337 0.014460
v 0.001211 0.149504 0.015507
v 0.001799 0.149334 0.014457
v 0.001212 0.149502 0.015504
v 0.001686 0.149333 0.014439
v 0.001210 0.149506 0.015511
v 0.001564 0.149326 0.014425
v 0.001202 0.149501 0.015504
v 0.001453 0.149333 0.014408
v 0.001204 0.149508 0.015506
v 0.001324 0.149323 0.014428
v 0.001217 0.149506 0.015504
v 0.001210 0.149322 0.014416
v 0.001211 0.148978 0.013344
v 0.000973 0.148970 0.013353
v 0.000729 0.148971 0.013349
v 0.000507 0.148970 0.013369
v 0.000271 0.148976 0.013387
v 0.000047 0.148977 0.013410
v -0.000189 0.148987 0.013424
v -0.000416 0.148979 0.013456
v -0.000644 0.148985 0.013515
v -0.000852 0.148984 0.013561
v -0.001066 0.148992 0.013612
v -0.001276 0.148995 0.013662
v -0.001484 0.149000 0.013716
v -0.001666 0.148998 0.013778
v -0.001849 0.149004 0.013840
v -0.002035 0.149012 0.013916
v -0.002199 0.149009 0.013988
v -0.002368 0.149017 0.014057
v -0.002526 0.149026 0.014139
v -0.002668 0.149034 0.014221
v -0.002804 0.149058 0.014317
v -0.002930 0.149051 0.014403
v -0.003047 0.149057 0.014495
v -0.003152 0.149053 0.014590
v -0.003250 0.149070 0.014705
v -0.003335 0.149080 0.014791
v -0.003411 0.149083 0.014902
v -0.003474 0.149091 0.014995
v -0.003531 0.149103 0.015105
v -0.003566 0.149111 0.015219
v -0.003610 0.149115 0.015313
v -0.003613 0.149130 0.015422
v -0.003616 0.149132 0.015533
v -0.003612 0.149147 0.015629
v -0.003595 0.149155 0.015746
v -0.003565 0.149164 0.015840
v -0.003528 0.149162 0.015957
v -0.003476 0.149170 0.016051
v -0.003416 0.149180 0.016165
v -0.003335 0.149185 0.016272
v -0.003250 0.149181 0.016367
v -0.003145 0.149204 0.016464
v -0.003045 0.149210 0.016556
v -0.002947 0.149212 0.016642
v -0.002813 0.149223 0.016737
v -0.002675 0.149230 0.016826
v -0.002519 0.149230 0.016914
v -0.002372 0.149238 0.016998
v -0.002200 0.149247 0.017066
v -0.002035 0.149254 0.017135
v -0.001850 0.149262 0.017218
v -0.001653 0.149266 0.017288
v -0.001471 0.149275 0.017354
v -0.001274 0.149253 0.017386
v -0.001074 0.149279 0.017460
v -0.000851 0.149282 0.017508
v -0.000646 0.149281 0.017546
v -0.000419 0.149291 0.017592
v -0.000193 0.149285 0.017618
v 0.000024 0.149288 0.017647
v 0.000269 0.149292 0.017672
v 0.000502 0.149296 0.017693
v 0.000727 0.149289 0.017698
v 0.000974 0.149287 0.017703
v 0.001205 0.149292 0.017711
v 0.001442 0.149293 0.017709
v 0.001677 0.149293 0.017703
v 0.001929 0.149293 0.017690
v 0.002151 0.149279 0.017659
v 0.002386 0.149294 0.017653
v 0.002607 0.149283 0.017623
v 0.002835 0.149282 0.017584
v 0.003057 0.149280 0.017545
v 0.003266 0.149283 0.017495
v 0.003483 0.149277 0.017452
v 0.003685 0.149270 0.017395
v 0.003893 0.149268 0.017350
v 0.004086 0.149261 0.017284
v 0.004272 0.149246 0.017212
v 0.004456 0.149248 0.017137
v 0.004627 0.149242 0.017073
v 0.004788 0.149240 0.017002
v 0.004948 0.149237 0.016913
v 0.005091 0.149228 0.016826
v 0.005225 0.149220 0.016743
v 0.005342 0.149213 0.016668
v 0.005474 0.149209 0.016562
v 0.005577 0.149207 0.016465
v 0.005675 0.149198 0.016364
v 0.005759 0.149188 0.016258
v 0.005829 0.149174 0.016160
v 0.005895 0.149172 0.016059
v 0.005949 0.149163 0.015948
v 0.005991 0.149154 0.015846
v 0.006021 0.149149 0.015745
v 0.006031 0.149142 0.015638
v 0.006048 0.149131 0.015528
v 0.006035 0.149131 0.015416
v 0.006016 0.149112 0.015314
v 0.005990 0.149114 0.015203
v 0.005938 0.149103 0.015104
v 0.005891 0.149092 0.014993
v 0.005831 0.149085 0.014898
v 0.005757 0.149077 0.014794
v 0.005672 0.149070 0.014698
v 0.005575 0.149060 0.014593
v 0.005466 0.149058 0.014492
v 0.005353 0.149052 0.014412
v 0.005227 0.149038 0.014303
v 0.005088 0.149050 0.014225
v 0.004939 0.149036 0.014155
v 0.004783 0.149025 0.014061
v 0.004633 0.149019 0.014004
v 0.004458 0.149014 0.013907
v 0.004267 0.149009 0.013840
v 0.004087 0.148997 0.013773
v 0.003887 0.149010 0.013705
v 0.003693 0.148994 0.013660
v 0.003502 0.148992 0.013603
v 0.003276 0.148985 0.013548
v 0.003050 0.148983 0.013503
v 0.002837 0.148979 0.013472
v 0.002612 0.148980 0.013450
v 0.002381 0.148982 0.013411
v 0.002157 0.148971 0.013386
v 0.001928 0.148972 0.013368
v 0.001685 0.148997 0.013356
v 0.001436 0.148974 0.013347
v 0.001211 0.148973 0.013339
v 0.001212 0.148421 0.012291
v 0.000864 0.148425 0.012294
v 0.000497 0.148423 0.012308
v 0.000147 0.148422 0.012325
v -0.000200 0.148425 0.012360
v -0.000546 0.148431 0.012386
v -0.000888 0.148446 0.012432
v -0.001216 0.148439 0.012484
v -0.001546 0.148444 0.012539
v -0.001881 0.148450 0.012610
v -0.002196 0.148453 0.012680
v -0.002510 0.148458 0.012762
v -0.002804 0.148466 0.012849
v -0.003097 0.148468 0.012933
v -0.003376 0.148483 0.013034
v -0.003649 0.148488 0.013141
v -0.003900 0.148482 0.013251
v -0.004156 0.148517 0.013364
v -0.004372 0.148513 0.013487
v -0.004593 0.148519 0.013617
v -0.004792 0.148535 0.013747
v -0.004989 0.148553 0.013883
v -0.005161 0.148556 0.014032
v -0.005316 0.148565 0.014166
v -0.005467 0.148581 0.014303
v -0.005590 0.148582 0.014461
v -0.005719 0.148592 0.014619
v -0.005808 0.148615 0.014761
v -0.005877 0.148612 0.014938
v -0.005938 0.148631 0.015074
v -0.005996 0.148640 0.015242
v -0.006009 0.148657 0.015382
v -0.006023 0.148667 0.015565
v -0.006008 0.148673 0.015718
v -0.005983 0.148688 0.015882
v -0.005949 0.148702 0.016043
v -0.005876 0.148714 0.016208
v -0.005795 0.148726 0.016360
v -0.005711 0.148735 0.016516
v -0.005591 0.148748 0.016664
v -0.005465 0.148756 0.016813
v -0.005326 0.148773 0.016957
v -0.005160 0.148786 0.017108
v -0.004989 0.148788 0.017249
v -0.004795 0.148806 0.017378
v -0.004589 0.148807 0.017511
v -0.004372 0.148817 0.017627
v -0.004144 0.148814 0.017760
v -0.003900 0.148847 0.017878
v -0.003623 0.148848 0.017990
v -0.003373 0.148848 0.018073
v -0.003103 0.148862 0.018189
v -0.002819 0.148864 0.018276
v -0.002498 0.148872 0.018363
v -0.002207 0.148883 0.018448
v -0.001877 0.148883 0.018514
v -0.001543 0.148884 0.018574
v -0.001222 0.148898 0.018642
v -0.000883 0.148895 0.018686
v -0.000552 0.148895 0.018725
v -0.000219 0.148903 0.018765
v 0.000158 0.148906 0.018794
v 0.000502 0.148903 0.018809
v 0.000848 0.148896 0.018813
v 0.001204 0.148908 0.018828
v 0.001568 0.148904 0.018820
v 0.001915 0.148899 0.018804
v 0.002269 0.148900 0.018787
v 0.002616 0.148903 0.018765
v 0.002964 0.148902 0.018734
v 0.003306 0.148891 0.018687
v 0.003636 0.148902 0.018634
v 0.003972 0.148888 0.018586
v 0.004314 0.148882 0.018518
v 0.004609 0.148876 0.018438
v 0.004907 0.148870 0.018359
v 0.005227 0.148867 0.018267
v 0.005509 0.148859 0.018189
v 0.005794 0.148853 0.018087
v 0.006046 0.148824 0.017979
v 0.006324 0.148826 0.017884
v 0.006567 0.148825 0.017757
v 0.006805 0.148818 0.017637
v 0.007021 0.148814 0.017502
v 0.007213 0.148806 0.017375
v 0.007424 0.148782 0.017245
v 0.007582 0.148781 0.017100
v 0.007738 0.148775 0.016954
v 0.007891 0.148761 0.016807
v 0.008017 0.148747 0.016658
v 0.008126 0.148741 0.016505
v 0.008219 0.148733 0.016351
v 0.008297 0.148718 0.016198
v 0.008359 0.148705 0.016041
v 0.008405 0.148686 0.015881
v 0.008431 0.148686 0.015711
v 0.008440 0.148660 0.015553
v 0.008430 0.148646 0.015398
v 0.008407 0.148643 0.015237
v 0.008360 0.148628 0.015072
v 0.008289 0.148620 0.014922
v 0.008227 0.148620 0.014760
v 0.008122 0.148594 0.014607
v 0.008018 0.148593 0.014460
v 0.007884 0.148600 0.014309
v 0.007746 0.148562 0.014169
v 0.007592 0.148551 0.014020
v 0.007419 0.148543 0.013879
v 0.007224 0.148532 0.013731
v 0.007019 0.148526 0.013609
v 0.006796 0.148522 0.013488
v 0.006571 0.148507 0.013363
v 0.006319 0.148498 0.013247
v 0.006076 0.148480 0.013137
v 0.005824 0.148478 0.013030
v 0.005515 0.148473 0.012941
v 0.005226 0.148464 0.012837
v 0.004921 0.148472 0.012749
v 0.004613 0.148453 0.012684
v 0.004301 0.148442 0.012605
v 0.003976 0.148443 0.012539
v 0.003649 0.148432 0.012463
v 0.003309 0.148437 0.012436
v 0.002968 0.148426 0.012399
v 0.002618 0.148431 0.012358
v 0.002272 0.148422 0.012317
v 0.001918 0.148428 0.012301
v 0.001564 0.148427 0.012293
v 0.001211 0.148428 0.012287
v 0.001210 0.147695 0.011257
v 0.000740 0.147706 0.011262
v 0.000269 0.147698 0.011272
v -0.000201 0.147702 0.011301
v -0.000667 0.147702 0.011341
v -0.001125 0.147694 0.011376
v -0.001588 0.147714 0.011452
v -0.002025 0.147719 0.011519
v -0.002467 0.147712 0.011598
v -0.002897 0.147731 0.011680
v -0.003322 0.147731 0.011761
v -0.003709 0.147746 0.011881
v -0.004130 0.147771 0.012007
v -0.004516 0.147761 0.012111
v -0.004883 0.147773 0.012245
v -0.005243 0.147769 0.012388
v -0.005589 0.147787 0.012531
v -0.005892 0.147806 0.012690
v -0.006218 0.147815 0.012855
v -0.006505 0.147825 0.013019
v -0.006782 0.147833 0.013200
v -0.007032 0.147837 0.013381
v -0.007251 0.147865 0.013571
v -0.007488 0.147881 0.013749
v -0.007662 0.147895 0.013927
v -0.007836 0.147911 0.014147
v -0.007988 0.147928 0.014340
v -0.008111 0.147939 0.014552
v -0.008217 0.147959 0.014766
v -0.008289 0.147970 0.014978
v -0.008364 0.147989 0.015164
v -0.008390 0.148001 0.015401
v -0.008399 0.148027 0.015618
v -0.008391 0.148026 0.015818
v -0.008351 0.148056 0.016033
v -0.008291 0.148058 0.016250
v -0.008208 0.148083 0.016451
v -0.008125 0.148095 0.016647
v -0.007995 0.148111 0.016870
v -0.007839 0.148129 0.017071
v -0.007670 0.148144 0.017268
v -0.007474 0.148158 0.017459
v -0.007273 0.148168 0.017656
v -0.007032 0.148166 0.017834
v -0.006777 0.148193 0.018022
v -0.006508 0.148208 0.018192
v -0.006216 0.148217 0.018357
v -0.005903 0.148235 0.018525
v -0.005573 0.148243 0.018677
v -0.005249 0.148264 0.018833
v -0.004886 0.148267 0.018967
v -0.004507 0.148279 0.019100
v -0.004116 0.148284 0.019218
v -0.003727 0.148291 0.019331
v -0.003321 0.148304 0.019441
v -0.002897 0.148290 0.019515
v -0.002460 0.148312 0.019616
v -0.002023 0.148312 0.019687
v -0.001586 0.148332 0.019770
v -0.001127 0.148310 0.019799
v -0.000655 0.148328 0.019860
v -0.000202 0.148326 0.019892
v 0.000273 0.148326 0.019916
v 0.000733 0.148335 0.019940
v 0.001198 0.148336 0.019944
v 0.001688 0.148324 0.019928
v 0.002159 0.148339 0.019929
v 0.002620 0.148329 0.019893
v 0.003082 0.148331 0.019855
v 0.003538 0.148328 0.019817
v 0.003997 0.148315 0.019757
v 0.004445 0.148313 0.019693
v 0.004887 0.148298 0.019615
v 0.005314 0.148308 0.019525
v 0.005748 0.148298 0.019438
v 0.006150 0.148294 0.019328
v 0.006552 0.148276 0.019212
v 0.006947 0.148263 0.019091
v 0.007304 0.148269 0.018967
v 0.007664 0.148243 0.018820
v 0.008006 0.148243 0.018669
v 0.008340 0.148232 0.018521
v 0.008639 0.148222 0.018371
v 0.008929 0.148210 0.018194
v 0.009198 0.148196 0.018012
v 0.009451 0.148188 0.017838
v 0.009699 0.148175 0.017658
v 0.009886 0.148152 0.017468
v 0.010089 0.148143 0.017256
v 0.010258 0.148121 0.017068
v 0.010410 0.148113 0.016865
v 0.010544 0.148089 0.016661
v 0.010637 0.148073 0.016453
v 0.010717 0.148069 0.016228
v 0.010774 0.148058 0.016025
v 0.010812 0.148034 0.015818
v 0.010826 0.148013 0.015596
v 0.010804 0.147997 0.015385
v 0.010777 0.147998 0.015178
v 0.010718 0.147962 0.014984
v 0.010635 0.147969 0.014756
v 0.010534 0.147947 0.014568
v 0.010418 0.147924 0.014342
v 0.010269 0.147907 0.014139
v 0.010093 0.147900 0.013945
v 0.009901 0.147885 0.013750
v 0.009686 0.147854 0.013555
v 0.009455 0.147852 0.013383
v 0.009204 0.147839 0.013190
v 0.008942 0.147818 0.013012
v 0.008645 0.147808 0.012846
v 0.008332 0.147804 0.012684
v 0.007999 0.147794 0.012531
v 0.007665 0.147777 0.012379
v 0.007311 0.147769 0.012242
v 0.006939 0.147752 0.012117
v 0.006550 0.147750 0.011985
v 0.006148 0.147739 0.011877
v 0.005747 0.147733 0.011771
v 0.005319 0.147727 0.011681
v 0.004892 0.147723 0.011582
v 0.004454 0.147716 0.011510
v 0.003999 0.147707 0.011445
v 0.003548 0.147706 0.011387
v 0.003083 0.147702 0.011341
v 0.002620 0.147700 0.011310
v 0.002145 0.147694 0.011276
v 0.001683 0.147688 0.011264
v 0.001217 0.147697 0.011259
v 0.001217 0.146784 0.010252
v 0.000627 0.146783 0.010257
v 0.000037 0.146780 0.010279
v -0.000558 0.146777 0.010311
v -0.001125 0.146793 0.010356
v -0.001685 0.146795 0.010412
v -0.002266 0.146804 0.010486
v -0.002822 0.146810 0.010573
v -0.003373 0.146814 0.010667
v -0.003912 0.146838 0.010770
v -0.004428 0.146828 0.010907
v -0.004937 0.146846 0.011017
v -0.005440 0.146867 0.011162
v -0.005927 0.146860 0.011315
v -0.006380 0.146879 0.011485
v -0.006832 0.146889 0.011644
v -0.007243 0.146903 0.011840
v -0.007654 0.146914 0.012025
v -0.008041 0.146941 0.012229
v -0.008396 0.146947 0.012442
v -0.008739 0.146948 0.012658
v -0.009052 0.146982 0.012881
v -0.009350 0.146996 0.013114
v -0.009617 0.147015 0.013347
v -0.009846 0.147030 0.013589
v -0.010053 0.147049 0.013844
v -0.010242 0.147067 0.014111
v -0.010396 0.147094 0.014346
v -0.010524 0.147109 0.014612
v -0.010631 0.147136 0.014873
v -0.010705 0.147146 0.015137
v -0.010745 0.147170 0.015397
v -0.010748 0.147186 0.015670
v -0.010745 0.147205 0.015936
v -0.010703 0.147233 0.016184
v -0.010621 0.147244 0.016456
v -0.010522 0.147268 0.016724
v -0.010396 0.147296 0.016978
v -0.010239 0.147301 0.017230
v -0.010052 0.147317 0.017489
v -0.009847 0.147336 0.017742
v -0.009610 0.147359 0.017975
v -0.009339 0.147375 0.018220
v -0.009063 0.147392 0.018447
v -0.008739 0.147400 0.018671
v -0.008393 0.147422 0.018890
v -0.008041 0.147443 0.019095
v -0.007662 0.147453 0.019297
v -0.007260 0.147468 0.019489
v -0.006821 0.147479 0.019669
v -0.006382 0.147495 0.019846
v -0.005923 0.147508 0.020009
v -0.005450 0.147517 0.020160
v -0.004956 0.147535 0.020308
v -0.004437 0.147539 0.020432
v -0.003907 0.147535 0.020540
v -0.003379 0.147540 0.020643
v -0.002831 0.147556 0.020747
v -0.002266 0.147567 0.020834
v -0.001698 0.147566 0.020899
v -0.001123 0.147572 0.020958
v -0.000548 0.147581 0.021008
v 0.000040 0.147579 0.021037
v 0.000622 0.147589 0.021065
v 0.001210 0.147572 0.021053
v 0.001797 0.147576 0.021051
v 0.002382 0.147585 0.021042
v 0.002965 0.147572 0.021004
v 0.003543 0.147571 0.020953
v 0.004117 0.147556 0.020897
v 0.004687 0.147566 0.020825
v 0.005240 0.147560 0.020742
v 0.005779 0.147549 0.020664
v 0.006318 0.147545 0.020546
v 0.006852 0.147534 0.020430
v 0.007355 0.147526 0.020294
v 0.007856 0.147507 0.020123
v 0.008339 0.147513 0.019997
v 0.008796 0.147491 0.019834
v 0.009246 0.147481 0.019674
v 0.009681 0.147475 0.019480
v 0.010075 0.147451 0.019300
v 0.010468 0.147436 0.019089
v 0.010826 0.147421 0.018887
v 0.011167 0.147405 0.018656
v 0.011478 0.147394 0.018440
v 0.011758 0.147374 0.018217
v 0.012036 0.147354 0.017977
v 0.012269 0.147338 0.017738
v 0.012480 0.147321 0.017488
v 0.012666 0.147294 0.017243
v 0.012819 0.147287 0.016973
v 0.012946 0.147261 0.016716
v 0.013056 0.147254 0.016459
v 0.013109 0.147224 0.016188
v 0.013173 0.147208 0.015930
v 0.013179 0.147190 0.015662
v 0.013170 0.147157 0.015393
v 0.013110 0.147141 0.015130
v 0.013055 0.147128 0.014872
v 0.012962 0.147113 0.014617
v 0.012822 0.147091 0.014352
v 0.012663 0.147075 0.014091
v 0.012484 0.147051 0.013840
v 0.012276 0.147032 0.013587
v 0.012041 0.147011 0.013351
v 0.011759 0.146996 0.013117
v 0.011478 0.146983 0.012875
v 0.011157 0.146965 0.012656
v 0.010828 0.146940 0.012438
v 0.010444 0.146935 0.012227
v 0.010083 0.146914 0.012027
v 0.009671 0.146903 0.011826
v 0.009250 0.146889 0.011648
v 0.008811 0.146853 0.011477
v 0.008341 0.146861 0.011315
v 0.007868 0.146853 0.011159
v 0.007367 0.146842 0.011011
v 0.006861 0.146831 0.010884
v 0.006326 0.146818 0.010775
v 0.005791 0.146821 0.010659
v 0.005249 0.146808 0.010571
v 0.004685 0.146811 0.010483
v 0.004122 0.146788 0.010406
v 0.003531 0.146801 0.010348
v 0.002964 0.146788 0.010308
v 0.002386 0.146780 0.010280
v 0.001798 0.146784 0.010257
v 0.001214 0.146782 0.010250
v 0.001210 0.145694 0.009259
v 0.000504 0.145697 0.009266
v -0.000186 0.145700 0.009287
v -0.000885 0.145692 0.009347
v -0.001576 0.145710 0.009400
v -0.002258 0.145707 0.009463
v -0.002943 0.145714 0.009545
v -0.003605 0.145721 0.009626
v -0.004259 0.145731 0.009760
v -0.004897 0.145728 0.009886
v -0.005531 0.145758 0.010034
v -0.006139 0.145755 0.010182
v -0.006725 0.145770 0.010360
v -0.007308 0.145790 0.010544
v -0.007899 0.145802 0.010727
v -0.008391 0.145815 0.010949
v -0.008894 0.145839 0.011169
v -0.009384 0.145847 0.011392
v -0.009842 0.145874 0.011642
v -0.010276 0.145901 0.011883
v -0.010674 0.145911 0.012143
v -0.011041 0.145956 0.012417
v -0.011400 0.145948 0.012696
v -0.011714 0.145967 0.012974
v -0.011999 0.145991 0.013260
v -0.012247 0.146009 0.013569
v -0.012471 0.146025 0.013860
v -0.012656 0.146057 0.014176
v -0.012809 0.146079 0.014477
v -0.012927 0.146103 0.014788
v -0.013029 0.146116 0.015102
v -0.013059 0.146143 0.015430
v -0.013087 0.146178 0.015741
v -0.013068 0.146174 0.016055
v -0.013016 0.146213 0.016374
v -0.012931 0.146237 0.016695
v -0.012814 0.146259 0.017001
v -0.012648 0.146287 0.017311
v -0.012475 0.146313 0.017616
v -0.012253 0.146329 0.017911
v -0.012005 0.146352 0.018221
v -0.011709 0.146377 0.018503
v -0.011394 0.146395 0.018778
v -0.011059 0.146421 0.019066
v -0.010672 0.146435 0.019321
v -0.010274 0.146450 0.019585
v -0.009844 0.146473 0.019835
v -0.009381 0.146494 0.020072
v -0.008890 0.146512 0.020306
v -0.008397 0.146533 0.020528
v -0.007860 0.146540 0.020726
v -0.007307 0.146547 0.020913
v -0.006739 0.146560 0.021095
v -0.006131 0.146571 0.021261
v -0.005515 0.146591 0.021424
v -0.004895 0.146600 0.021565
v -0.004268 0.146614 0.021696
v -0.003593 0.146619 0.021807
v -0.002932 0.146618 0.021896
v -0.002267 0.146634 0.021990
v -0.001586 0.146635 0.022056
v -0.000892 0.146639 0.022108
v -0.000199 0.146643 0.022148
v 0.000510 0.146645 0.022172
v 0.001222 0.146640 0.022174
v 0.001915 0.146638 0.022168
v 0.002603 0.146668 0.022146
v 0.003304 0.146642 0.022105
v 0.004003 0.146639 0.022052
v 0.004682 0.146635 0.021983
v 0.005349 0.146631 0.021898
v 0.006023 0.146613 0.021810
v 0.006683 0.146616 0.021687
v 0.007320 0.146592 0.021572
v 0.007954 0.146581 0.021416
v 0.008564 0.146574 0.021263
v 0.009153 0.146548 0.021141
v 0.009726 0.146553 0.020910
v 0.010283 0.146538 0.020723
v 0.010811 0.146528 0.020510
v 0.011319 0.146503 0.020296
v 0.011792 0.146490 0.020066
v 0.012256 0.146477 0.019826
v 0.012696 0.146449 0.019572
v 0.013101 0.146436 0.019319
v 0.013477 0.146426 0.019053
v 0.013822 0.146396 0.018777
v 0.014133 0.146383 0.018493
v 0.014431 0.146354 0.018204
v 0.014687 0.146335 0.017912
v 0.014897 0.146303 0.017621
v 0.015085 0.146287 0.017299
v 0.015238 0.146243 0.016995
v 0.015352 0.146227 0.016682
v 0.015447 0.146226 0.016372
v 0.015502 0.146191 0.016055
v 0.015512 0.146158 0.015735
v 0.015495 0.146147 0.015420
v 0.015443 0.146127 0.015109
v 0.015362 0.146103 0.014794
v 0.015240 0.146080 0.014470
v 0.015073 0.146058 0.014163
v 0.014896 0.146040 0.013861
v 0.014674 0.146001 0.013557
v 0.014425 0.145986 0.013260
v 0.014147 0.145976 0.012971
v 0.013825 0.145950 0.012684
v 0.013477 0.145928 0.012406
v 0.013116 0.145905 0.012141
v 0.012691 0.145884 0.011888
v 0.012272 0.145869 0.011634
v 0.011809 0.145848 0.011383
v 0.011326 0.145833 0.011153
v 0.010821 0.145813 0.010932
v 0.010275 0.145805 0.010731
v 0.009728 0.145788 0.010542
v 0.009163 0.145769 0.010358
v 0.008564 0.145762 0.010184
v 0.007953 0.145759 0.010022
v 0.007329 0.145740 0.009885
v 0.006689 0.145740 0.009743
v 0.006040 0.145720 0.009638
v 0.005362 0.145719 0.009539
v 0.004677 0.145709 0.009452
v 0.004017 0.145695 0.009372
v 0.003300 0.145699 0.009341
v 0.002611 0.145690 0.009306
v 0.001916 0.145697 0.009268
v 0.001212 0.145695 0.009265
v 0.001196 0.144427 0.008307
v 0.000393 0.144426 0.008310
v -0.000414 0.144426 0.008354
v -0.001233 0.144436 0.008384
v -0.002016 0.144437 0.008460
v -0.002822 0.144428 0.008525
v -0.003610 0.144453 0.008626
v -0.004380 0.144461 0.008745
v -0.005137 0.144467 0.008873
v -0.005887 0.144487 0.009029
v -0.006617 0.144491 0.009197
v -0.007319 0.144502 0.009390
v -0.008008 0.144519 0.009570
v -0.008672 0.144539 0.009795
v -0.009324 0.144543 0.010014
v -0.009924 0.144564 0.010256
v -0.010523 0.144585 0.010513
v -0.011084 0.144607 0.010774
v -0.011613 0.144626 0.011070
v -0.012109 0.144650 0.011347
v -0.012592 0.144673 0.011651
v -0.013020 0.144698 0.011958
v -0.013424 0.144721 0.012277
v -0.013791 0.144744 0.012617
v -0.014115 0.144754 0.012948
v -0.014403 0.144796 0.013288
v -0.014668 0.144824 0.013642
v -0.014882 0.144851 0.013993
v -0.015066 0.144863 0.014357
v -0.015196 0.144900 0.014731
v -0.015309 0.144925 0.015087
v -0.015360 0.144946 0.015454
v -0.015391 0.144972 0.015834
v -0.015353 0.145007 0.016187
v -0.015292 0.145042 0.016540
v -0.015203 0.145070 0.016930
v -0.015065 0.145084 0.017285
v -0.014882 0.145116 0.017660
v -0.014665 0.145135 0.018000
v -0.014408 0.145164 0.018351
v -0.014117 0.145200 0.018683
v -0.013786 0.145215 0.019026
v -0.013423 0.145238 0.019356
v -0.013021 0.145262 0.019674
v -0.012584 0.145289 0.019980
v -0.012117 0.145314 0.020290
v -0.011627 0.145319 0.020563
v -0.011086 0.145345 0.020846
v -0.010507 0.145362 0.021108
v -0.009930 0.145371 0.021351
v -0.009339 0.145404 0.021604
v -0.008665 0.145422 0.021832
v -0.008011 0.145429 0.022033
v -0.007322 0.145456 0.022241
v -0.006615 0.145461 0.022412
v -0.005889 0.145469 0.022571
v -0.005141 0.145484 0.022723
v -0.004371 0.145494 0.022854
v -0.003605 0.145495 0.022961
v -0.002824 0.145505 0.023060
v -0.002033 0.145503 0.023132
v -0.001221 0.145512 0.023197
v -0.000414 0.145527 0.023254
v 0.000403 0.145508 0.023260
v 0.001208 0.145519 0.023279
v 0.002021 0.145522 0.023282
v 0.002845 0.145525 0.023232
v 0.003647 0.145512 0.023200
v 0.004449 0.145512 0.023146
v 0.005248 0.145508 0.023055
v 0.006026 0.145493 0.022956
v 0.006798 0.145493 0.022845
v 0.007559 0.145472 0.022724
v 0.008310 0.145472 0.022568
v 0.009028 0.145449 0.022405
v 0.009741 0.145453 0.022226
v 0.010431 0.145431 0.022034
v 0.011088 0.145415 0.021824
v 0.011730 0.145401 0.021595
v 0.012351 0.145378 0.021346
v 0.012937 0.145384 0.021112
v 0.013508 0.145346 0.020843
v 0.014037 0.145317 0.020567
v 0.014537 0.145307 0.020261
v 0.015011 0.145280 0.019965
v 0.015446 0.145258 0.019663
v 0.015850 0.145237 0.019350
v 0.016219 0.145210 0.019016
v 0.016548 0.145200 0.018692
v 0.016828 0.145173 0.018348
v 0.017087 0.145136 0.017994
v 0.017312 0.145110 0.017638
v 0.017489 0.145092 0.017289
v 0.017622 0.145056 0.016921
v 0.017725 0.145029 0.016555
v 0.017779 0.145018 0.016190
v 0.017814 0.144979 0.015815
v 0.017798 0.144956 0.015460
v 0.017723 0.144925 0.015086
v 0.017631 0.144895 0.014717
v 0.017490 0.144880 0.014351
v 0.017306 0.144842 0.013998
v 0.017093 0.144819 0.013631
v 0.016839 0.144790 0.013292
v 0.016547 0.144768 0.012944
v 0.016210 0.144736 0.012611
v 0.015859 0.144717 0.012280
v 0.015450 0.144690 0.011960
v 0.015015 0.144667 0.011648
v 0.014554 0.144653 0.011350
v 0.014042 0.144628 0.011060
v 0.013510 0.144615 0.010775
v 0.012938 0.144588 0.010511
v 0.012360 0.144576 0.010254
v 0.011750 0.144552 0.010012
v 0.011102 0.144530 0.009777
v 0.010430 0.144520 0.009572
v 0.009743 0.144505 0.009374
v 0.009042 0.144492 0.009195
v 0.008307 0.144485 0.009029
v 0.007567 0.144465 0.008865
v 0.006803 0.144457 0.008751
v 0.006035 0.144445 0.008636
v 0.005251 0.144439 0.008534
v 0.004451 0.144436 0.008450
v 0.003647 0.144445 0.008380
v 0.002838 0.144422 0.008345
v 0.002019 0.144423 0.008325
v 0.001209 0.144448 0.008292
v 0.001210 0.142977 0.007381
v 0.000284 0.142985 0.007398
v -0.000632 0.142986 0.007430
v -0.001556 0.142995 0.007478
v -0.002477 0.142983 0.007545
v -0.003372 0.142999 0.007645
v -0.004261 0.143009 0.007755
v -0.005145 0.143022 0.007902
v -0.006002 0.143037 0.008033
v -0.006857 0.143042 0.008208
v -0.007696 0.143047 0.008380
v -0.008476 0.143072 0.008600
v -0.009259 0.143096 0.008826
v -0.010015 0.143105 0.009065
v -0.010741 0.143132 0.009325
v -0.011445 0.143145 0.009603
v -0.012114 0.143163 0.009896
v -0.012760 0.143196 0.010190
v -0.013357 0.143216 0.010513
v -0.013943 0.143238 0.010840
v -0.014461 0.143265 0.011183
v -0.014948 0.143293 0.011531
v -0.015413 0.143325 0.011898
v -0.015827 0.143344 0.012272
v -0.016203 0.143376 0.012645
v -0.016534 0.143411 0.013048
v -0.016825 0.143424 0.013446
v -0.017060 0.143461 0.013853
v -0.017273 0.143494 0.014254
v -0.017437 0.143520 0.014660
v -0.017545 0.143558 0.015086
v -0.017603 0.143586 0.015503
v -0.017648 0.143607 0.015916
v -0.017608 0.143649 0.016330
v -0.017541 0.143690 0.016774
v -0.017430 0.143717 0.017172
v -0.017273 0.143739 0.017582
v -0.017069 0.143757 0.017985
v -0.016820 0.143788 0.018381
v -0.016537 0.143825 0.018795
v -0.016205 0.143853 0.019167
v -0.015828 0.143879 0.019555
v -0.015400 0.143906 0.019928
v -0.014952 0.143935 0.020291
v -0.014456 0.143949 0.020646
v -0.013930 0.143981 0.020981
v -0.013352 0.144009 0.021311
v -0.012762 0.144018 0.021612
v -0.012125 0.144045 0.021917
v -0.011438 0.144067 0.022203
v -0.010749 0.144089 0.022476
v -0.010027 0.144103 0.022727
v -0.009260 0.144107 0.022950
v -0.008489 0.144147 0.023195
v -0.007681 0.144157 0.023394
v -0.006850 0.144155 0.023562
v -0.005997 0.144173 0.023735
v -0.005139 0.144187 0.023886
v -0.004264 0.144198 0.024017
v -0.003365 0.144207 0.024126
v -0.002462 0.144207 0.024211
v -0.001559 0.144227 0.024294
v -0.000637 0.144220 0.024334
v 0.000286 0.144225 0.024367
v 0.001209 0.144219 0.024376
v 0.002142 0.144225 0.024374
v 0.003046 0.144208 0.024335
v 0.003976 0.144219 0.024289
v 0.004889 0.144215 0.024218
v 0.005785 0.144202 0.024124
v 0.006674 0.144199 0.024011
v 0.007550 0.144201 0.023886
v 0.008416 0.144182 0.023745
v 0.009273 0.144175 0.023571
v 0.010096 0.144162 0.023392
v 0.010900 0.144148 0.023183
v 0.011679 0.144129 0.022967
v 0.012418 0.144103 0.022723
v 0.013174 0.144084 0.022470
v 0.013892 0.144073 0.022193
v 0.014535 0.144052 0.021912
v 0.015182 0.144040 0.021603
v 0.015768 0.144006 0.021299
v 0.016356 0.143991 0.020973
v 0.016888 0.143953 0.020623
v 0.017387 0.143937 0.020280
v 0.017845 0.143915 0.019922
v 0.018254 0.143886 0.019549
v 0.018625 0.143853 0.019171
v 0.018954 0.143824 0.018790
v 0.019266 0.143784 0.018387
v 0.019502 0.143766 0.017979
v 0.019707 0.143736 0.017576
v 0.019868 0.143702 0.017167
v 0.019976 0.143674 0.016757
v 0.020045 0.143646 0.016333
v 0.020065 0.143607 0.015921
v 0.020039 0.143590 0.015502
v 0.019976 0.143538 0.015084
v 0.019866 0.143532 0.014670
v 0.019686 0.143494 0.014258
v 0.019503 0.143459 0.013839
v 0.019262 0.143432 0.013445
v 0.018991 0.143393 0.013036
v 0.018647 0.143374 0.012668
v 0.018256 0.143349 0.012279
v 0.017838 0.143318 0.011896
v 0.017384 0.143283 0.011528
v 0.016886 0.143264 0.011187
v 0.016355 0.143233 0.010834
v 0.015786 0.143205 0.010508
v 0.015191 0.143184 0.010185
v 0.014541 0.143174 0.009895
v 0.013874 0.143140 0.009592
v 0.013176 0.143118 0.009320
v 0.012435 0.143106 0.009070
v 0.011686 0.143080 0.008820
v 0.010914 0.143072 0.008596
v 0.010097 0.143055 0.008391
v 0.009273 0.143049 0.008201
v 0.008430 0.143025 0.008048
v 0.007558 0.143019 0.007884
v 0.006680 0.143019 0.007749
v 0.005787 0.142997 0.007625
v 0.004897 0.143002 0.007540
v 0.003977 0.142985 0.007477
v 0.003058 0.142976 0.007423
v 0.002136 0.142965 0.007390
v 0.001225 0.142990 0.007393
v 0.001209 0.141372 0.006491
v 0.000183 0.141370 0.006501
v -0.000872 0.141372 0.006535
v -0.001860 0.141379 0.006587
v -0.002896 0.141382 0.006672
v -0.003907 0.141388 0.006782
v -0.004908 0.141399 0.006906
v -0.005885 0.141403 0.007049
v -0.006846 0.141423 0.007220
v -0.007799 0.141436 0.007407
v -0.008720 0.141460 0.007621
v -0.009613 0.141475 0.007845
v -0.010490 0.141487 0.008106
v -0.011333 0.141509 0.008380
v -0.012146 0.141528 0.008651
v -0.012929 0.141551 0.008957
v -0.013689 0.141574 0.009288
v -0.014398 0.141599 0.009628
v -0.015071 0.141636 0.009986
v -0.015705 0.141653 0.010346
v -0.016293 0.141686 0.010731
v -0.016858 0.141708 0.011131
v -0.017358 0.141746 0.011539
v -0.017812 0.141762 0.011956
v -0.018247 0.141803 0.012383
v -0.018624 0.141836 0.012821
v -0.018940 0.141881 0.013273
v -0.019214 0.141899 0.013719
v -0.019441 0.141934 0.014166
v -0.019617 0.141972 0.014633
v -0.019744 0.141994 0.015093
v -0.019827 0.142039 0.015563
v -0.019845 0.142073 0.016024
v -0.019819 0.142104 0.016492
v -0.019744 0.142141 0.016958
v -0.019620 0.142184 0.017427
v -0.019441 0.142217 0.017889
v -0.019207 0.142241 0.018350
v -0.018931 0.142265 0.018789
v -0.018611 0.142304 0.019235
v -0.018241 0.142339 0.019662
v -0.017812 0.142381 0.020085
v -0.017364 0.142401 0.020520
v -0.016847 0.142428 0.020909
v -0.016294 0.142461 0.021306
v -0.015686 0.142486 0.021682
v -0.015072 0.142510 0.022045
v -0.014379 0.142550 0.022409
v -0.013668 0.142570 0.022738
v -0.012924 0.142575 0.023040
v -0.012148 0.142609 0.023352
v -0.011328 0.142622 0.023628
v -0.010479 0.142636 0.023887
v -0.009609 0.142654 0.024133
v -0.008697 0.142670 0.024358
v -0.007773 0.142684 0.024563
v -0.006855 0.142707 0.024759
v -0.005879 0.142708 0.024912
v -0.004884 0.142721 0.025057
v -0.003899 0.142724 0.025172
v -0.002887 0.142736 0.025277
v -0.001872 0.142745 0.025357
v -0.000856 0.142753 0.025416
v 0.000170 0.142750 0.025445
v 0.001210 0.142756 0.025456
v 0.002242 0.142750 0.025443
v 0.003266 0.142747 0.025402
v 0.004300 0.142752 0.025350
v 0.005325 0.142741 0.025256
v 0.006333 0.142729 0.025185
v 0.007321 0.142727 0.025049
v 0.008301 0.142706 0.024910
v 0.009262 0.142709 0.024740
v 0.010213 0.142694 0.024570
v 0.011131 0.142674 0.024348
v 0.012033 0.142645 0.024128
v 0.012902 0.142642 0.023883
v 0.013741 0.142630 0.023617
v 0.014551 0.142608 0.023344
v 0.015351 0.142584 0.023036
v 0.016103 0.142563 0.022710
v 0.016812 0.142525 0.022380
v 0.017493 0.142507 0.022025
v 0.018131 0.142482 0.021661
v 0.018716 0.142458 0.021295
v 0.019281 0.142440 0.020903
v 0.019791 0.142401 0.020496
v 0.020247 0.142370 0.020083
v 0.020666 0.142341 0.019651
v 0.021051 0.142300 0.019217
v 0.021369 0.142284 0.018785
v 0.021647 0.142256 0.018341
v 0.021875 0.142214 0.017882
v 0.022058 0.142186 0.017424
v 0.022174 0.142140 0.016958
v 0.022251 0.142115 0.016495
v 0.022278 0.142078 0.016025
v 0.022249 0.142036 0.015561
v 0.022180 0.142012 0.015093
v 0.022058 0.141975 0.014635
v 0.021858 0.141941 0.014172
v 0.021638 0.141904 0.013709
v 0.021370 0.141870 0.013255
v 0.021048 0.141832 0.012824
v 0.020673 0.141765 0.012383
v 0.020264 0.141787 0.011956
v 0.019792 0.141741 0.011537
v 0.019253 0.141712 0.011130
v 0.018731 0.141686 0.010734
v 0.018127 0.141655 0.010350
v 0.017495 0.141628 0.009996
v 0.016820 0.141587 0.009625
v 0.016114 0.141568 0.009273
v 0.015363 0.141539 0.008975
v 0.014594 0.141528 0.008663
v 0.013761 0.141509 0.008363
v 0.012900 0.141478 0.008097
v 0.012053 0.141468 0.007847
v 0.011144 0.141449 0.007620
v 0.010221 0.141429 0.007398
v 0.009273 0.141418 0.007214
v 0.008310 0.141407 0.007052
v 0.007314 0.141406 0.006899
v 0.006319 0.141387 0.006763
v 0.005317 0.141376 0.006674
v 0.004301 0.141377 0.006592
v 0.003269 0.141369 0.006537
v 0.002244 0.141365 0.006502
v 0.001219 0.141367 0.006490
v 0.001212 0.139586 0.005641
v 0.000078 0.139582 0.005649
v -0.001076 0.139602 0.005695
v -0.002196 0.139597 0.005730
v -0.003318 0.139601 0.005840
v -0.004427 0.139613 0.005950
v -0.005533 0.139623 0.006088
v -0.006610 0.139631 0.006256
v -0.007680 0.139662 0.006438
v -0.008711 0.139663 0.006650
v -0.009719 0.139679 0.006871
v -0.010722 0.139699 0.007129
v -0.011690 0.139719 0.007397
v -0.012620 0.139746 0.007707
v -0.013525 0.139764 0.008022
v -0.014381 0.139771 0.008363
v -0.015207 0.139811 0.008718
v -0.015998 0.139843 0.009092
v -0.016744 0.139864 0.009480
v -0.017440 0.139904 0.009897
v -0.018095 0.139927 0.010311
v -0.018708 0.139963 0.010744
v -0.019264 0.140007 0.011192
v -0.019771 0.140020 0.011666
v -0.020230 0.140069 0.012133
v -0.020649 0.140107 0.012614
v -0.021000 0.140142 0.013106
v -0.021309 0.140185 0.013604
v -0.021555 0.140214 0.014115
v -0.021735 0.140252 0.014616
v -0.021895 0.140291 0.015128
v -0.021962 0.140328 0.015635
v -0.022002 0.140365 0.016146
v -0.021976 0.140409 0.016665
v -0.021888 0.140447 0.017172
v -0.021748 0.140479 0.017678
v -0.021559 0.140513 0.018201
v -0.021306 0.140556 0.018698
v -0.021007 0.140588 0.019188
v -0.020642 0.140623 0.019680
v -0.020220 0.140662 0.020157
v -0.019773 0.140689 0.020633
v -0.019255 0.140715 0.021084
v -0.018693 0.140753 0.021524
v -0.018074 0.140792 0.021963
v -0.017418 0.140809 0.022367
v -0.016729 0.140851 0.022782
v -0.015991 0.140883 0.023170
v -0.015189 0.140899 0.023527
v -0.014363 0.140937 0.023889
v -0.013514 0.140964 0.024223
v -0.012604 0.140969 0.024516
v -0.011680 0.140985 0.024801
v -0.010719 0.141009 0.025075
v -0.009730 0.141017 0.025314
v -0.008725 0.141039 0.025545
v -0.007673 0.141060 0.025754
v -0.006609 0.141068 0.025929
v -0.005518 0.141074 0.026079
v -0.004436 0.141087 0.026217
v -0.003313 0.141102 0.026332
v -0.002208 0.141093 0.026401
v -0.001062 0.141112 0.026475
v 0.000069 0.141103 0.026496
v 0.001217 0.141106 0.026504
v 0.002346 0.141118 0.026499
v 0.003496 0.141102 0.026461
v 0.004607 0.141099 0.026399
v 0.005735 0.141095 0.026301
v 0.006843 0.141078 0.026202
v 0.007943 0.141072 0.026070
v 0.009019 0.141065 0.025900
v 0.010084 0.141057 0.025730
v 0.011127 0.141050 0.025517
v 0.012143 0.141031 0.025311
v 0.013135 0.141009 0.025056
v 0.014110 0.140989 0.024790
v 0.015042 0.140970 0.024491
v 0.015922 0.140946 0.024190
v 0.016801 0.140929 0.023864
v 0.017623 0.140905 0.023510
v 0.018414 0.140880 0.023142
v 0.019151 0.140849 0.022762
v 0.019869 0.140812 0.022364
v 0.020519 0.140789 0.021950
v 0.021128 0.140745 0.021511
v 0.021688 0.140726 0.021071
v 0.022192 0.140702 0.020616
v 0.022665 0.140650 0.020146
v 0.023074 0.140626 0.019670
v 0.023441 0.140598 0.019188
v 0.023744 0.140557 0.018696
v 0.023985 0.140517 0.018195
v 0.024175 0.140483 0.017685
v 0.024320 0.140441 0.017176
v 0.024411 0.140407 0.016663
v 0.024428 0.140376 0.016153
v 0.024411 0.140343 0.015639
v 0.024339 0.140297 0.015124
v 0.024187 0.140258 0.014616
v 0.024015 0.140219 0.014106
v 0.023741 0.140181 0.013610
v 0.023440 0.140158 0.013115
v 0.023079 0.140108 0.012622
v 0.022677 0.140068 0.012136
v 0.022214 0.140043 0.011661
v 0.021695 0.140021 0.011200
v 0.021132 0.139969 0.010753
v 0.020531 0.139936 0.010315
v 0.019870 0.139905 0.009889
v 0.019173 0.139875 0.009481
v 0.018427 0.139840 0.009090
v 0.017634 0.139812 0.008718
v 0.016805 0.139787 0.008355
v 0.015953 0.139765 0.008030
v 0.015043 0.139740 0.007699
v 0.014114 0.139719 0.007402
v 0.013150 0.139695 0.007123
v 0.012156 0.139682 0.006883
v 0.011148 0.139661 0.006649
v 0.010098 0.139647 0.006432
v 0.009034 0.139633 0.006251
v 0.007958 0.139626 0.006082
v 0.006848 0.139608 0.005947
v 0.005740 0.139598 0.005833
v 0.004618 0.139605 0.005744
v 0.003487 0.139595 0.005680
v 0.002348 0.139589 0.005653
v 0.001214 0.139580 0.005630
v 0.001209 0.137650 0.004812
v -0.000038 0.137656 0.004827
v -0.001267 0.137650 0.004870
v -0.002505 0.137650 0.004935
v -0.003729 0.137660 0.005033
v -0.004940 0.137662 0.005164
v -0.006132 0.137681 0.005304
v -0.007329 0.137691 0.005486
v -0.008477 0.137702 0.005669
v -0.009615 0.137718 0.005919
v -0.010722 0.137746 0.006172
v -0.011812 0.137759 0.006450
v -0.012871 0.137790 0.006750
v -0.013874 0.137807 0.007079
v -0.014854 0.137843 0.007418
v -0.015791 0.137866 0.007782
v -0.016707 0.137886 0.008171
v -0.017545 0.137926 0.008577
v -0.018369 0.137963 0.009014
v -0.019128 0.137989 0.009455
v -0.019842 0.138035 0.009919
v -0.020503 0.138059 0.010401
v -0.021118 0.138091 0.010885
v -0.021669 0.138130 0.011387
v -0.022175 0.138178 0.011906
v -0.022627 0.138211 0.012433
v -0.023020 0.138251 0.012957
v -0.023348 0.138283 0.013507
v -0.023626 0.138326 0.014052
v -0.023834 0.138371 0.014615
v -0.023984 0.138416 0.015163
v -0.024083 0.138454 0.015721
v -0.024113 0.138495 0.016286
v -0.024103 0.138536 0.016856
v -0.023974 0.138576 0.017404
v -0.023829 0.138616 0.017957
v -0.023616 0.138654 0.018506
v -0.023333 0.138692 0.019061
v -0.023013 0.138730 0.019607
v -0.022623 0.138771 0.020142
v -0.022175 0.138818 0.020653
v -0.021659 0.138852 0.021161
v -0.021107 0.138871 0.021646
v -0.020492 0.138924 0.022147
v -0.019825 0.138958 0.022617
v -0.019124 0.138979 0.023058
v -0.018353 0.139022 0.023506
v -0.017546 0.139059 0.023932
v -0.016689 0.139069 0.024312
v -0.015771 0.139096 0.024691
v -0.014824 0.139126 0.025054
v -0.013856 0.139149 0.025391
v -0.012839 0.139167 0.025701
v -0.011805 0.139184 0.025989
v -0.010712 0.139212 0.026266
v -0.009607 0.139226 0.026507
v -0.008493 0.139237 0.026722
v -0.007314 0.139245 0.026910
v -0.006136 0.139266 0.027088
v -0.004936 0.139271 0.027227
v -0.003715 0.139281 0.027346
v -0.002493 0.139287 0.027437
v -0.001285 0.139294 0.027503
v -0.000064 0.139286 0.027533
v 0.001202 0.139296 0.027548
v 0.002456 0.139291 0.027536
v 0.003680 0.139282 0.027488
v 0.004920 0.139291 0.027417
v 0.006141 0.139280 0.027338
v 0.007355 0.139274 0.027212
v 0.008558 0.139264 0.027071
v 0.009735 0.139252 0.026900
v 0.010906 0.139247 0.026704
v 0.012035 0.139224 0.026489
v 0.013125 0.139203 0.026240
v 0.014222 0.139180 0.025977
v 0.015269 0.139170 0.025696
v 0.016289 0.139146 0.025362
v 0.017260 0.139128 0.025036
v 0.018211 0.139090 0.024674
v 0.019113 0.139072 0.024289
v 0.019975 0.139065 0.023889
v 0.020779 0.139011 0.023479
v 0.021551 0.138980 0.023045
v 0.022259 0.138953 0.022594
v 0.022930 0.138915 0.022139
v 0.023532 0.138896 0.021637
v 0.024110 0.138848 0.021153
v 0.024607 0.138821 0.020640
v 0.025052 0.138777 0.020126
v 0.025450 0.138749 0.019597
v 0.025782 0.138702 0.019055
v 0.026061 0.138657 0.018505
v 0.026268 0.138622 0.017950
v 0.026418 0.138579 0.017403
v 0.026526 0.138541 0.016850
v 0.026541 0.138503 0.016291
v 0.026522 0.138460 0.015733
v 0.026417 0.138407 0.015171
v 0.026269 0.138367 0.014610
v 0.026042 0.138333 0.014057
v 0.025782 0.138291 0.013511
v 0.025440 0.138256 0.012966
v 0.025063 0.138215 0.012428
v 0.024615 0.138172 0.011902
v 0.024106 0.138130 0.011396
v 0.023552 0.138100 0.010888
v 0.022941 0.138062 0.010403
v 0.022280 0.138030 0.009916
v 0.021554 0.137993 0.009460
v 0.020792 0.137961 0.009013
v 0.019980 0.137926 0.008591
v 0.019127 0.137904 0.008186
v 0.018223 0.137875 0.007800
v 0.017284 0.137847 0.007423
v 0.016301 0.137819 0.007071
v 0.015278 0.137789 0.006738
v 0.014230 0.137761 0.006452
v 0.013151 0.137739 0.006173
v 0.012041 0.137726 0.005916
v 0.010905 0.137715 0.005684
v 0.009748 0.137686 0.005482
v 0.008571 0.137688 0.005287
v 0.007363 0.137668 0.005149
v 0.006148 0.137663 0.005031
v 0.004926 0.137655 0.004935
v 0.003692 0.137651 0.004869
v 0.002446 0.137638 0.004822
v 0.001210 0.137649 0.004818
v 0.001200 0.135546 0.004023
v -0.000134 0.135554 0.004048
v -0.001471 0.135553 0.004099
v -0.002804 0.135554 0.004174
v -0.004135 0.135559 0.004268
v -0.005443 0.135573 0.004410
v -0.006733 0.135589 0.004569
v -0.008010 0.135596 0.004770
v -0.009262 0.135620 0.004980
v -0.010490 0.135639 0.005233
v -0.011687 0.135657 0.005485
v -0.012858 0.135672 0.005803
v -0.013999 0.135701 0.006134
v -0.015080 0.135730 0.006483
v -0.016147 0.135744 0.006865
v -0.017162 0.135786 0.007245
v -0.018129 0.135810 0.007670
v -0.019079 0.135840 0.008126
v -0.019935 0.135899 0.008575
v -0.020763 0.135920 0.009055
v -0.021537 0.135968 0.009533
v -0.022254 0.135998 0.010060
v -0.022919 0.136026 0.010597
v -0.023521 0.136072 0.011138
v -0.024062 0.136113 0.011694
v -0.024548 0.136159 0.012263
v -0.024970 0.136195 0.012845
v -0.025324 0.136248 0.013422
v -0.025602 0.136280 0.014018
v -0.025852 0.136326 0.014618
v -0.026018 0.136375 0.015219
v -0.026120 0.136422 0.015828
v -0.026144 0.136463 0.016432
v -0.026112 0.136509 0.017026
v -0.026015 0.136550 0.017637
v -0.025857 0.136604 0.018241
v -0.025613 0.136639 0.018832
v -0.025323 0.136673 0.019422
v -0.024962 0.136718 0.020008
v -0.024537 0.136765 0.020572
v -0.024046 0.136799 0.021138
v -0.023508 0.136838 0.021697
v -0.022894 0.136889 0.022238
v -0.022225 0.136915 0.022747
v -0.021514 0.136953 0.023255
v -0.020747 0.136991 0.023747
v -0.019931 0.137023 0.024214
v -0.019046 0.137053 0.024663
v -0.018119 0.137084 0.025094
v -0.017146 0.137109 0.025497
v -0.016131 0.137141 0.025888
v -0.015073 0.137163 0.026246
v -0.013977 0.137170 0.026567
v -0.012840 0.137203 0.026891
v -0.011665 0.137224 0.027180
v -0.010478 0.137243 0.027442
v -0.009254 0.137261 0.027678
v -0.008008 0.137270 0.027881
v -0.006730 0.137272 0.028051
v -0.005435 0.137287 0.028209
v -0.004140 0.137312 0.028351
v -0.002813 0.137303 0.028437
v -0.001477 0.137314 0.028508
v -0.000133 0.137317 0.028544
v 0.001196 0.137319 0.028563
v 0.002571 0.137313 0.028530
v 0.003894 0.137317 0.028507
v 0.005219 0.137324 0.028419
v 0.006541 0.137296 0.028330
v 0.007846 0.137288 0.028203
v 0.009148 0.137310 0.028051
v 0.010421 0.137268 0.027871
v 0.011674 0.137262 0.027664
v 0.012899 0.137245 0.027426
v 0.014099 0.137222 0.027160
v 0.015265 0.137213 0.026874
v 0.016407 0.137188 0.026566
v 0.017506 0.137165 0.026224
v 0.018562 0.137138 0.025859
v 0.019580 0.137113 0.025478
v 0.020547 0.137081 0.025071
v 0.021487 0.137057 0.024644
v 0.022358 0.137016 0.024193
v 0.023189 0.136997 0.023726
v 0.023956 0.136960 0.023239
v 0.024692 0.136925 0.022737
v 0.025347 0.136879 0.022214
v 0.025960 0.136846 0.021686
v 0.026507 0.136810 0.021141
v 0.026981 0.136771 0.020584
v 0.027399 0.136743 0.020006
v 0.027761 0.136679 0.019426
v 0.028067 0.136645 0.018839
v 0.028281 0.136587 0.018250
v 0.028448 0.136551 0.017646
v 0.028552 0.136508 0.017045
v 0.028588 0.136464 0.016448
v 0.028549 0.136424 0.015829
v 0.028453 0.136380 0.015225
v 0.028286 0.136337 0.014621
v 0.028059 0.136289 0.014029
v 0.027766 0.136247 0.013443
v 0.027409 0.136202 0.012847
v 0.027002 0.136161 0.012275
v 0.026508 0.136119 0.011715
v 0.025964 0.136078 0.011146
v 0.025375 0.136039 0.010596
v 0.024681 0.135997 0.010069
v 0.023972 0.135949 0.009561
v 0.023200 0.135917 0.009062
v 0.022372 0.135875 0.008574
v 0.021494 0.135847 0.008111
v 0.020562 0.135814 0.007668
v 0.019598 0.135772 0.007255
v 0.018585 0.135754 0.006847
v 0.017526 0.135724 0.006475
v 0.016416 0.135696 0.006123
v 0.015294 0.135677 0.005813
v 0.014115 0.135657 0.005490
v 0.012906 0.135636 0.005217
v 0.011680 0.135627 0.004967
v 0.010444 0.135596 0.004747
v 0.009160 0.135584 0.004556
v 0.007876 0.135559 0.004403
v 0.006548 0.135560 0.004263
v 0.005238 0.135542 0.004177
v 0.003891 0.135552 0.004087
v 0.002549 0.135549 0.004038
v 0.001218 0.135543 0.004035
v 0.001210 0.133298 0.003289
v -0.000228 0.133292 0.003307
v -0.001678 0.133297 0.003359
v -0.003098 0.133299 0.003444
v -0.004509 0.133312 0.003548
v -0.005919 0.133323 0.003694
v -0.007300 0.133339 0.003870
v -0.008683 0.133351 0.004074
v -0.010024 0.133386 0.004311
v -0.011334 0.133384 0.004579
v -0.012622 0.133408 0.004862
v -0.013873 0.133431 0.005188
v -0.015093 0.133463 0.005561
v -0.016265 0.133504 0.005907
v -0.017398 0.133517 0.006323
v -0.018481 0.133547 0.006747
v -0.019534 0.133583 0.007194
v -0.020526 0.133612 0.007674
v -0.021456 0.133649 0.008156
v -0.022355 0.133695 0.008685
v -0.023199 0.133733 0.009213
v -0.023949 0.133776 0.009762
v -0.024661 0.133816 0.010338
v -0.025289 0.133864 0.010913
v -0.025893 0.133899 0.011516
v -0.026413 0.133945 0.012123
v -0.026858 0.134011 0.012736
v -0.027244 0.134026 0.013353
v -0.027562 0.134090 0.014002
v -0.027812 0.134133 0.014642
v -0.027974 0.134184 0.015285
v -0.028118 0.134229 0.015933
v -0.028121 0.134285 0.016582
v -0.028086 0.134323 0.017243
v -0.027970 0.134369 0.017884
v -0.027806 0.134413 0.018526
v -0.027560 0.134467 0.019173
v -0.027229 0.134510 0.019795
v -0.026843 0.134555 0.020423
v -0.026394 0.134601 0.021037
v -0.025878 0.134640 0.021635
v -0.025301 0.134681 0.022224
v -0.024656 0.134728 0.022804
v -0.023936 0.134769 0.023363
v -0.023164 0.134793 0.023889
v -0.022329 0.134835 0.024416
v -0.021449 0.134867 0.024915
v -0.020506 0.134904 0.025398
v -0.019517 0.134940 0.025860
v -0.018464 0.134969 0.026294
v -0.017376 0.135001 0.026709
v -0.016228 0.135019 0.027085
v -0.015068 0.135045 0.027446
v -0.013848 0.135066 0.027776
v -0.012604 0.135087 0.028082
v -0.011321 0.135098 0.028351
v -0.010004 0.135115 0.028600
v -0.008659 0.135136 0.028827
v -0.007299 0.135122 0.028992
v -0.005910 0.135171 0.029192
v -0.004505 0.135150 0.029295
v -0.003105 0.135173 0.029414
v -0.001672 0.135168 0.029483
v -0.000232 0.135175 0.029535
v 0.001199 0.135179 0.029537
v 0.002641 0.135180 0.029533
v 0.004082 0.135177 0.029487
v 0.005510 0.135162 0.029401
v 0.006920 0.135170 0.029304
v 0.008328 0.135152 0.029169
v 0.009718 0.135149 0.029019
v 0.011081 0.135135 0.028808
v 0.012427 0.135122 0.028592
v 0.013743 0.135120 0.028336
v 0.015026 0.135088 0.028061
v 0.016280 0.135064 0.027754
v 0.017501 0.135051 0.027423
v 0.018675 0.135042 0.027056
v 0.019800 0.134995 0.026676
v 0.020908 0.134970 0.026257
v 0.021952 0.134943 0.025836
v 0.022945 0.134909 0.025372
v 0.023883 0.134879 0.024899
v 0.024780 0.134844 0.024387
v 0.025605 0.134801 0.023882
v 0.026379 0.134773 0.023342
v 0.027094 0.134726 0.022792
v 0.027736 0.134705 0.022215
v 0.028324 0.134646 0.021627
v 0.028835 0.134615 0.021029
v 0.029296 0.134553 0.020422
v 0.029680 0.134525 0.019807
v 0.029992 0.134468 0.019174
v 0.030247 0.134427 0.018537
v 0.030417 0.134382 0.017890
v 0.030534 0.134325 0.017253
v 0.030565 0.134283 0.016597
v 0.030519 0.134238 0.015952
v 0.030420 0.134199 0.015308
v 0.030236 0.134143 0.014663
v 0.030007 0.134099 0.014014
v 0.029681 0.134040 0.013381
v 0.029299 0.133988 0.012748
v 0.028846 0.133959 0.012137
v 0.028332 0.133904 0.011520
v 0.027746 0.133858 0.010923
v 0.027103 0.133820 0.010343
v 0.026391 0.133778 0.009776
v 0.025619 0.133741 0.009221
v 0.024789 0.133715 0.008682
v 0.023901 0.133651 0.008174
v 0.022952 0.133618 0.007670
v 0.021969 0.133585 0.007197
v 0.020922 0.133552 0.006736
v 0.019839 0.133509 0.006301
v 0.018699 0.133488 0.005914
v 0.017510 0.133452 0.005533
v 0.016306 0.133433 0.005184
v 0.015048 0.133410 0.004864
v 0.013769 0.133383 0.004565
v 0.012434 0.133365 0.004307
v 0.011104 0.133350 0.004067
v 0.009732 0.133333 0.003872
v 0.008347 0.133334 0.003685
v 0.006932 0.133299 0.003547
v 0.005516 0.133321 0.003425
v 0.004083 0.133303 0.003353
v 0.002649 0.133300 0.003306
v 0.001222 0.133291 0.003306
v 0.001211 0.130896 0.002602
v -0.000325 0.130897 0.002623
v -0.001851 0.130897 0.002660
v -0.003374 0.130902 0.002725
v -0.004886 0.130913 0.002862
v -0.006381 0.130922 0.003030
v -0.007858 0.130926 0.003204
v -0.009331 0.130951 0.003427
v -0.010751 0.130972 0.003682
v -0.012142 0.130995 0.003967
v -0.013519 0.131008 0.004283
v -0.014860 0.131047 0.004619
v -0.016145 0.131073 0.004994
v -0.017398 0.131098 0.005402
v -0.018609 0.131129 0.005813
v -0.019758 0.131164 0.006273
v -0.020885 0.131193 0.006763
v -0.021932 0.131239 0.007250
v -0.022939 0.131288 0.007781
v -0.023884 0.131314 0.008335
v -0.024766 0.131351 0.008909
v -0.025585 0.131405 0.009486
v -0.026356 0.131446 0.010103
v -0.027023 0.131494 0.010713
v -0.027649 0.131547 0.011346
v -0.028194 0.131591 0.011993
v -0.028694 0.131644 0.012659
v -0.029097 0.131690 0.013324
v -0.029423 0.131746 0.014000
v -0.029689 0.131785 0.014687
v -0.029882 0.131839 0.015385
v -0.029977 0.131890 0.016067
v -0.030027 0.131941 0.016751
v -0.029981 0.131994 0.017449
v -0.029874 0.132039 0.018138
v -0.029696 0.132094 0.018811
v -0.029423 0.132140 0.019493
v -0.029080 0.132191 0.020174
v -0.028669 0.132238 0.020837
v -0.028191 0.132291 0.021497
v -0.027645 0.132327 0.022128
v -0.027014 0.132353 0.022735
v -0.026314 0.132411 0.023360
v -0.025572 0.132464 0.023965
v -0.024756 0.132509 0.024543
v -0.023833 0.132531 0.025081
v -0.022918 0.132582 0.025627
v -0.021932 0.132607 0.026125
v -0.020858 0.132637 0.026608
v -0.019740 0.132676 0.027075
v -0.018597 0.132702 0.027507
v -0.017391 0.132723 0.027907
v -0.016121 0.132749 0.028288
v -0.014820 0.132773 0.028637
v -0.013505 0.132799 0.028964
v -0.012149 0.132819 0.029257
v -0.010731 0.132836 0.029518
v -0.009299 0.132839 0.029738
v -0.007851 0.132852 0.029939
v -0.006382 0.132865 0.030111
v -0.004882 0.132875 0.030252
v -0.003367 0.132878 0.030353
v -0.001832 0.132893 0.030448
v -0.000321 0.132890 0.030482
v 0.001200 0.132885 0.030501
v 0.002721 0.132889 0.030482
v 0.004269 0.132888 0.030415
v 0.005783 0.132882 0.030350
v 0.007293 0.132885 0.030250
v 0.008783 0.132867 0.030103
v 0.010264 0.132874 0.029934
v 0.011727 0.132843 0.029726
v 0.013152 0.132828 0.029495
v 0.014557 0.132813 0.029232
v 0.015930 0.132802 0.028944
v 0.017253 0.132779 0.028616
v 0.018562 0.132756 0.028271
v 0.019805 0.132730 0.027891
v 0.021019 0.132704 0.027486
v 0.022184 0.132675 0.027041
v 0.023295 0.132641 0.026586
v 0.024356 0.132603 0.026098
v 0.025360 0.132564 0.025602
v 0.026312 0.132541 0.025064
v 0.027186 0.132512 0.024514
v 0.028011 0.132468 0.023946
v 0.028773 0.132425 0.023362
v 0.029465 0.132385 0.022746
v 0.030083 0.132340 0.022129
v 0.030637 0.132292 0.021492
v 0.031121 0.132242 0.020836
v 0.031527 0.132192 0.020178
v 0.031862 0.132140 0.019509
v 0.032132 0.132100 0.018825
v 0.032319 0.132049 0.018145
v 0.032431 0.132000 0.017460
v 0.032467 0.131942 0.016773
v 0.032434 0.131897 0.016079
v 0.032323 0.131846 0.015391
v 0.032123 0.131799 0.014702
v 0.031876 0.131745 0.014018
v 0.031537 0.131700 0.013345
v 0.031126 0.131654 0.012674
v 0.030656 0.131600 0.012008
v 0.030096 0.131548 0.011365
v 0.029480 0.131503 0.010731
v 0.028779 0.131456 0.010111
v 0.028018 0.131404 0.009500
v 0.027203 0.131366 0.008909
v 0.026323 0.131326 0.008349
v 0.025379 0.131282 0.007789
v 0.024372 0.131252 0.007260
v 0.023313 0.131207 0.006763
v 0.022199 0.131167 0.006273
v 0.021041 0.131134 0.005809
v 0.019832 0.131101 0.005391
v 0.018583 0.131075 0.004993
v 0.017283 0.131034 0.004606
v 0.015943 0.131016 0.004258
v 0.014575 0.130993 0.003949
v 0.013170 0.130960 0.003670
v 0.011743 0.130964 0.003427
v 0.010293 0.130943 0.003194
v 0.008806 0.130913 0.003017
v 0.007306 0.130912 0.002871
v 0.005795 0.130894 0.002748
v 0.004271 0.130897 0.002661
v 0.002747 0.130903 0.002624
v 0.001210 0.130891 0.002590
v 0.001204 0.128351 0.001946
v -0.000411 0.128349 0.001969
v -0.002031 0.128355 0.002024
v -0.003635 0.128371 0.002106
v -0.005244 0.128372 0.002238
v -0.006822 0.128389 0.002392
v -0.008396 0.128395 0.002598
v -0.009932 0.128413 0.002831
v -0.011446 0.128440 0.003096
v -0.012929 0.128455 0.003395
v -0.014385 0.128477 0.003729
v -0.015792 0.128525 0.004098
v -0.017160 0.128541 0.004484
v -0.018509 0.128581 0.004926
v -0.019770 0.128605 0.005371
v -0.020998 0.128634 0.005823
v -0.022171 0.128679 0.006340
v -0.023288 0.128723 0.006887
v -0.024356 0.128762 0.007429
v -0.025344 0.128799 0.008022
v -0.026284 0.128837 0.008621
v -0.027155 0.128908 0.009244
v -0.027959 0.128941 0.009876
v -0.028673 0.128986 0.010533
v -0.029348 0.129042 0.011219
v -0.029918 0.129089 0.011907
v -0.030432 0.129141 0.012610
v -0.030869 0.129193 0.013305
v -0.031219 0.129249 0.014032
v -0.031499 0.129313 0.014736
v -0.031697 0.129356 0.015463
v -0.031817 0.129405 0.016214
v -0.031854 0.129458 0.016934
v -0.031813 0.129521 0.017672
v -0.031694 0.129567 0.018396
v -0.031491 0.129619 0.019125
v -0.031231 0.129667 0.019839
v -0.030854 0.129725 0.020553
v -0.030411 0.129766 0.021245
v -0.029914 0.129823 0.021943
v -0.029344 0.129873 0.022622
v -0.028670 0.129920 0.023285
v -0.027936 0.129965 0.023929
v -0.027129 0.130014 0.024561
v -0.026277 0.130051 0.025162
v -0.025322 0.130091 0.025745
v -0.024335 0.130130 0.026307
v -0.023273 0.130159 0.026837
v -0.022150 0.130203 0.027357
v -0.020977 0.130225 0.027832
v -0.019743 0.130264 0.028296
v -0.018460 0.130289 0.028720
v -0.017134 0.130304 0.029106
v -0.015758 0.130343 0.029488
v -0.014367 0.130351 0.029809
v -0.012908 0.130369 0.030113
v -0.011437 0.130390 0.030389
v -0.009909 0.130405 0.030631
v -0.008383 0.130412 0.030833
v -0.006811 0.130418 0.031004
v -0.005238 0.130428 0.031151
v -0.003639 0.130451 0.031282
v -0.002036 0.130443 0.031352
v -0.000424 0.130454 0.031396
v 0.001209 0.130458 0.031413
v 0.002814 0.130455 0.031395
v 0.004446 0.130449 0.031346
v 0.006042 0.130443 0.031276
v 0.007651 0.130442 0.031138
v 0.009226 0.130432 0.031005
v 0.010793 0.130428 0.030834
v 0.012330 0.130407 0.030617
v 0.013836 0.130400 0.030378
v 0.015328 0.130381 0.030112
v 0.016785 0.130364 0.029793
v 0.018194 0.130339 0.029486
v 0.019567 0.130318 0.029094
v 0.020889 0.130291 0.028685
v 0.022177 0.130269 0.028264
v 0.023416 0.130241 0.027807
v 0.024582 0.130204 0.027320
v 0.025712 0.130172 0.026827
v 0.026774 0.130135 0.026271
v 0.027775 0.130093 0.025720
v 0.028705 0.130056 0.025148
v 0.029584 0.130015 0.024545
v 0.030377 0.129972 0.023915
v 0.031121 0.129939 0.023280
v 0.031774 0.129880 0.022616
v 0.032361 0.129838 0.021948
v 0.032871 0.129785 0.021269
v 0.033294 0.129730 0.020563
v 0.033661 0.129684 0.019834
v 0.033945 0.129630 0.019134
v 0.034154 0.129579 0.018410
v 0.034259 0.129524 0.017683
v 0.034306 0.129472 0.016954
v 0.034259 0.129415 0.016220
v 0.034141 0.129367 0.015494
v 0.033947 0.129311 0.014781
v 0.033668 0.129252 0.014045
v 0.033304 0.129185 0.013330
v 0.032881 0.129153 0.012622
v 0.032359 0.129095 0.011918
v 0.031783 0.129041 0.011229
v 0.031111 0.128999 0.010559
v 0.030392 0.128944 0.009898
v 0.029603 0.128899 0.009256
v 0.028724 0.128853 0.008629
v 0.027808 0.128817 0.008025
v 0.026793 0.128770 0.007444
v 0.025735 0.128720 0.006886
v 0.024608 0.128681 0.006339
v 0.023435 0.128641 0.005838
v 0.022206 0.128610 0.005359
v 0.020920 0.128575 0.004899
v 0.019592 0.128540 0.004475
v 0.018221 0.128516 0.004084
v 0.016804 0.128485 0.003705
v 0.015365 0.128469 0.003381
v 0.013874 0.128427 0.003081
v 0.012355 0.128415 0.002813
v 0.010809 0.128394 0.002580
v 0.009251 0.128381 0.002386
v 0.007668 0.128375 0.002232
v 0.006068 0.128366 0.002103
v 0.004453 0.128336 0.002014
v 0.002838 0.128352 0.001960
v 0.001215 0.128347 0.001945
v 0.001211 0.125676 0.001335
v -0.000502 0.125680 0.001364
v -0.002208 0.125671 0.001419
v -0.003901 0.125681 0.001522
v -0.005579 0.125696 0.001647
v -0.007238 0.125709 0.001819
v -0.008902 0.125725 0.002037
v -0.010510 0.125750 0.002274
v -0.012115 0.125762 0.002552
v -0.013675 0.125791 0.002871
v -0.015206 0.125818 0.003219
v -0.016689 0.125839 0.003598
v -0.018135 0.125859 0.004015
v -0.019528 0.125911 0.004464
v -0.020877 0.125941 0.004945
v -0.022175 0.125971 0.005454
v -0.023414 0.126015 0.005982
v -0.024588 0.126064 0.006537
v -0.025707 0.126101 0.007134
v -0.026754 0.126148 0.007734
v -0.027759 0.126193 0.008376
v -0.028675 0.126235 0.009023
v -0.029523 0.126280 0.009698
v -0.030295 0.126331 0.010386
v -0.030995 0.126387 0.011093
v -0.031614 0.126444 0.011821
v -0.032147 0.126486 0.012558
v -0.032613 0.126513 0.013301
v -0.032989 0.126589 0.014058
v -0.033280 0.126647 0.014812
v -0.033479 0.126706 0.015576
v -0.033617 0.126762 0.016348
v -0.033651 0.126813 0.017124
v -0.033608 0.126885 0.017888
v -0.033470 0.126937 0.018660
v -0.033267 0.126999 0.019419
v -0.032949 0.127045 0.020172
v -0.032563 0.127113 0.020932
v -0.032096 0.127158 0.021661
v -0.031561 0.127223 0.022398
v -0.030946 0.127274 0.023111
v -0.030248 0.127327 0.023810
v -0.029472 0.127373 0.024486
v -0.028636 0.127417 0.025143
v -0.027725 0.127464 0.025783
v -0.026731 0.127510 0.026400
v -0.025681 0.127539 0.026978
v -0.024551 0.127588 0.027552
v -0.023379 0.127609 0.028072
v -0.022139 0.127651 0.028586
v -0.020853 0.127675 0.029056
v -0.019504 0.127704 0.029501
v -0.018117 0.127731 0.029915
v -0.016666 0.127747 0.030288
v -0.015183 0.127771 0.030640
v -0.013649 0.127795 0.030960
v -0.012096 0.127805 0.031236
v -0.010504 0.127831 0.031495
v -0.008891 0.127843 0.031710
v -0.007242 0.127846 0.031890
v -0.005563 0.127856 0.032038
v -0.003896 0.127863 0.032143
v -0.002205 0.127867 0.032230
v -0.000500 0.127871 0.032275
v 0.001207 0.127882 0.032284
v 0.002908 0.127885 0.032268
v 0.004600 0.127868 0.032229
v 0.006303 0.127868 0.032143
v 0.007986 0.127861 0.032026
v 0.009648 0.127854 0.031875
v 0.011301 0.127843 0.031701
v 0.012924 0.127847 0.031475
v 0.014522 0.127816 0.031254
v 0.016082 0.127796 0.030938
v 0.017606 0.127777 0.030626
v 0.019090 0.127761 0.030274
v 0.020537 0.127744 0.029889
v 0.021937 0.127716 0.029476
v 0.023288 0.127684 0.029019
v 0.024586 0.127645 0.028553
v 0.025828 0.127619 0.028053
v 0.027006 0.127584 0.027524
v 0.028134 0.127540 0.026956
v 0.029184 0.127507 0.026371
v 0.030186 0.127467 0.025762
v 0.031102 0.127431 0.025127
v 0.031943 0.127381 0.024479
v 0.032728 0.127336 0.023799
v 0.033428 0.127296 0.023111
v 0.034041 0.127251 0.022414
v 0.034584 0.127191 0.021683
v 0.035042 0.127140 0.020946
v 0.035432 0.127083 0.020206
v 0.035722 0.127030 0.019444
v 0.035914 0.126968 0.018689
v 0.036042 0.126924 0.017918
v 0.036082 0.126866 0.017153
v 0.036036 0.126805 0.016388
v 0.035917 0.126749 0.015612
v 0.035693 0.126699 0.014850
v 0.035398 0.126637 0.014092
v 0.035021 0.126575 0.013324
v 0.034554 0.126520 0.012582
v 0.034017 0.126463 0.011850
v 0.033402 0.126416 0.011119
v 0.032704 0.126347 0.010416
v 0.031938 0.126300 0.009716
v 0.031099 0.126250 0.009040
v 0.030187 0.126204 0.008386
v 0.029191 0.126157 0.007748
v 0.028147 0.126106 0.007139
v 0.027033 0.126065 0.006537
v 0.025839 0.126022 0.005983
v 0.024613 0.125985 0.005443
v 0.023315 0.125941 0.004937
v 0.021961 0.125904 0.004448
v 0.020573 0.125876 0.004010
v 0.019119 0.125841 0.003573
v 0.017637 0.125820 0.003188
v 0.016102 0.125785 0.002844
v 0.014542 0.125764 0.002533
v 0.012954 0.125742 0.002263
v 0.011330 0.125723 0.002014
v 0.009678 0.125711 0.001806
v 0.008005 0.125696 0.001641
v 0.006327 0.125671 0.001497
v 0.004618 0.125673 0.001417
v 0.002913 0.125676 0.001364
v 0.001210 0.125663 0.001339
v 0.001209 0.122851 0.000785
v -0.000584 0.122865 0.000813
v -0.002354 0.122874 0.000869
v -0.004142 0.122882 0.000977
v -0.005906 0.122901 0.001116
v -0.007656 0.122909 0.001284
v -0.009380 0.122927 0.001508
v -0.011081 0.122948 0.001766
v -0.012759 0.122969 0.002052
v -0.014389 0.123003 0.002391
v -0.015985 0.123014 0.002750
v -0.017548 0.123042 0.003162
v -0.019073 0.123079 0.003592
v -0.020526 0.123113 0.004064
v -0.021932 0.123146 0.004554
v -0.023314 0.123173 0.005096
v -0.024628 0.123212 0.005652
v -0.025880 0.123257 0.006225
v -0.027068 0.123287 0.006835
v -0.028203 0.123321 0.007486
v -0.029242 0.123358 0.008156
v -0.030227 0.123398 0.008833
v -0.031127 0.123451 0.009540
v -0.031958 0.123501 0.010267
v -0.032691 0.123545 0.011006
v -0.033347 0.123604 0.011756
v -0.033916 0.123650 0.012515
v -0.034396 0.123702 0.013311
v -0.034792 0.123763 0.014100
v -0.035094 0.123825 0.014898
v -0.035309 0.123880 0.015690
v -0.035443 0.123941 0.016500
v -0.035484 0.124000 0.017324
v -0.035441 0.124062 0.018120
v -0.035287 0.124124 0.018926
v -0.035074 0.124189 0.019721
v -0.034736 0.124248 0.020510
v -0.034303 0.124346 0.021330
v -0.033822 0.124393 0.022089
v -0.033233 0.124447 0.022843
v -0.032566 0.124506 0.023587
v -0.031828 0.124567 0.024319
v -0.030999 0.124637 0.025043
v -0.030080 0.124679 0.025720
v -0.029128 0.124740 0.026396
v -0.028076 0.124788 0.027037
v -0.026962 0.124825 0.027644
v -0.025799 0.124864 0.028230
v -0.024562 0.124901 0.028787
v -0.023245 0.124922 0.029299
v -0.021901 0.124966 0.029806
v -0.020505 0.125000 0.030273
v -0.019024 0.125017 0.030691
v -0.017518 0.125038 0.031083
v -0.015954 0.125067 0.031451
v -0.014353 0.125078 0.031769
v -0.012725 0.125104 0.032070
v -0.011064 0.125109 0.032317
v -0.009356 0.125130 0.032545
v -0.007644 0.125132 0.032723
v -0.005897 0.125139 0.032886
v -0.004140 0.125146 0.032991
v -0.002368 0.125149 0.033078
v -0.000587 0.125153 0.033125
v 0.001199 0.125151 0.033132
v 0.002988 0.125156 0.033112
v 0.004770 0.125159 0.033069
v 0.006536 0.125149 0.032990
v 0.008306 0.125134 0.032858
v 0.010047 0.125137 0.032709
v 0.011785 0.125135 0.032518
v 0.013477 0.125120 0.032309
v 0.015145 0.125105 0.032028
v 0.016786 0.125101 0.031752
v 0.018385 0.125067 0.031404
v 0.019945 0.125056 0.031059
v 0.021458 0.125027 0.030677
v 0.022940 0.124991 0.030231
v 0.024374 0.124974 0.029766
v 0.025726 0.124943 0.029275
v 0.027045 0.124910 0.028757
v 0.028297 0.124884 0.028202
v 0.029487 0.124859 0.027620
v 0.030621 0.124810 0.027010
v 0.031681 0.124772 0.026376
v 0.032644 0.124728 0.025703
v 0.033552 0.124684 0.025032
v 0.034375 0.124643 0.024325
v 0.035106 0.124589 0.023601
v 0.035768 0.124533 0.022866
v 0.036333 0.124497 0.022119
v 0.036815 0.124432 0.021346
v 0.037221 0.124391 0.020559
v 0.037531 0.124319 0.019778
v 0.037743 0.124261 0.018977
v 0.037864 0.124209 0.018170
v 0.037910 0.124148 0.017367
v 0.037846 0.124077 0.016566
v 0.037709 0.124025 0.015735
v 0.037484 0.123963 0.014954
v 0.037158 0.123897 0.014161
v 0.036752 0.123837 0.013353
v 0.036248 0.123779 0.012564
v 0.035678 0.123710 0.011803
v 0.035026 0.123655 0.011047
v 0.034270 0.123599 0.010303
v 0.033448 0.123548 0.009571
v 0.032557 0.123489 0.008868
v 0.031589 0.123426 0.008166
v 0.030541 0.123383 0.007503
v 0.029443 0.123333 0.006864
v 0.028258 0.123274 0.006249
v 0.027028 0.123246 0.005644
v 0.025724 0.123190 0.005087
v 0.024376 0.123148 0.004549
v 0.022961 0.123113 0.004045
v 0.021498 0.123078 0.003565
v 0.019976 0.123043 0.003138
v 0.018408 0.123014 0.002723
v 0.016814 0.122984 0.002365
v 0.015179 0.122960 0.002037
v 0.013515 0.122942 0.001744
v 0.011801 0.122920 0.001487
v 0.010079 0.122902 0.001266
v 0.008335 0.122890 0.001095
v 0.006560 0.122880 0.000961
v 0.004787 0.122876 0.000847
v 0.003009 0.122874 0.000805
v 0.001207 0.122868 0.000779
v 0.001209 0.119941 0.000282
v -0.000681 0.119946 0.000301
v -0.002519 0.119945 0.000362
v -0.004380 0.119957 0.000467
v -0.006216 0.119959 0.000626
v -0.008038 0.119984 0.000812
v -0.009839 0.119997 0.001040
v -0.011611 0.120023 0.001309
v -0.013359 0.120041 0.001615
v -0.015068 0.120082 0.001957
v -0.016734 0.120092 0.002338
v -0.018377 0.120123 0.002766
v -0.019981 0.120137 0.003206
v -0.021538 0.120163 0.003697
v -0.023042 0.120186 0.004213
v -0.024493 0.120209 0.004763
v -0.025897 0.120246 0.005341
v -0.027229 0.120265 0.005944
v -0.028483 0.120292 0.006596
v -0.029665 0.120327 0.007266
v -0.030789 0.120368 0.007943
v -0.031831 0.120401 0.008663
v -0.032768 0.120451 0.009391
v -0.033637 0.120480 0.010149
v -0.034432 0.120547 0.010926
v -0.035124 0.120587 0.011682
v -0.035715 0.120646 0.012508
v -0.036218 0.120713 0.013330
v -0.036630 0.120754 0.014150
v -0.036965 0.120819 0.014988
v -0.037184 0.120875 0.015820
v -0.037304 0.120937 0.016663
v -0.037353 0.121013 0.017504
v -0.037280 0.121079 0.018352
v -0.037128 0.121147 0.019194
v -0.036864 0.121225 0.020033
v -0.036524 0.121285 0.020852
v -0.036085 0.121363 0.021677
v -0.035544 0.121448 0.022501
v -0.034935 0.121500 0.023278
v -0.034219 0.121576 0.024065
v -0.033422 0.121638 0.024820
v -0.032541 0.121707 0.025564
v -0.031593 0.121770 0.026282
v -0.030554 0.121836 0.026981
v -0.029434 0.121894 0.027647
v -0.028259 0.121949 0.028287
v -0.026995 0.122002 0.028898
v -0.025695 0.122041 0.029468
v -0.024313 0.122093 0.030023
v -0.022895 0.122126 0.030532
v -0.021435 0.122149 0.031003
v -0.019906 0.122192 0.031461
v -0.018328 0.122207 0.031858
v -0.016696 0.122221 0.032221
v -0.015033 0.122245 0.032560
v -0.013327 0.122258 0.032856
v -0.011598 0.122279 0.033124
v -0.009813 0.122281 0.033340
v -0.008018 0.122290 0.033527
v -0.006217 0.122297 0.033684
v -0.004379 0.122294 0.033807
v -0.002518 0.122328 0.033874
v -0.000664 0.122307 0.033939
v 0.001196 0.122314 0.033948
v 0.003062 0.122316 0.033926
v 0.004905 0.122312 0.033875
v 0.006767 0.122314 0.033802
v 0.008610 0.122283 0.033684
v 0.010431 0.122300 0.033513
v 0.012226 0.122296 0.033318
v 0.014012 0.122279 0.033088
v 0.015746 0.122255 0.032833
v 0.017458 0.122249 0.032519
v 0.019137 0.122230 0.032207
v 0.020779 0.122222 0.031818
v 0.022385 0.122193 0.031407
v 0.023955 0.122177 0.030967
v 0.025476 0.122145 0.030495
v 0.026936 0.122129 0.029991
v 0.028325 0.122103 0.029436
v 0.029661 0.122075 0.028888
v 0.030926 0.122043 0.028277
v 0.032116 0.122011 0.027648
v 0.033212 0.121968 0.026989
v 0.034261 0.121945 0.026302
v 0.035209 0.121884 0.025595
v 0.036078 0.121837 0.024859
v 0.036851 0.121785 0.024112
v 0.037542 0.121737 0.023337
v 0.038130 0.121679 0.022540
v 0.038631 0.121624 0.021749
v 0.039052 0.121563 0.020937
v 0.039380 0.121510 0.020111
v 0.039591 0.121447 0.019288
v 0.039726 0.121385 0.018442
v 0.039757 0.121321 0.017596
v 0.039706 0.121255 0.016762
v 0.039539 0.121193 0.015915
v 0.039297 0.121123 0.015082
v 0.038946 0.121050 0.014238
v 0.038516 0.120997 0.013416
v 0.037989 0.120931 0.012595
v 0.037382 0.120866 0.011784
v 0.036673 0.120815 0.010999
v 0.035886 0.120733 0.010217
v 0.035006 0.120680 0.009460
v 0.034051 0.120616 0.008719
v 0.033017 0.120554 0.007997
v 0.031911 0.120500 0.007295
v 0.030731 0.120447 0.006626
v 0.029492 0.120374 0.005973
v 0.028173 0.120334 0.005354
v 0.026799 0.120287 0.004767
v 0.025377 0.120233 0.004209
v 0.023899 0.120197 0.003680
v 0.022371 0.120161 0.003196
v 0.020789 0.120124 0.002728
v 0.019161 0.120086 0.002307
v 0.017498 0.120057 0.001934
v 0.015784 0.120048 0.001588
v 0.014044 0.120018 0.001286
v 0.012261 0.120001 0.001018
v 0.010470 0.119978 0.000780
v 0.008637 0.119970 0.000595
v 0.006781 0.119956 0.000464
v 0.004940 0.119952 0.000357
v 0.003076 0.119938 0.000298
v 0.001210 0.119942 0.000266
v 0.001203 0.116894 -0.000170
v -0.000728 0.116903 -0.000145
v -0.002669 0.116895 -0.000077
v -0.004601 0.116911 0.000039
v -0.006516 0.116929 0.000192
v -0.008403 0.116947 0.000382
v -0.010272 0.116955 0.000621
v -0.012121 0.116979 0.000898
v -0.013930 0.117000 0.001221
v -0.015740 0.117011 0.001570
v -0.017508 0.117018 0.001964
v -0.019256 0.117030 0.002396
v -0.020953 0.117037 0.002859
v -0.022602 0.117056 0.003358
v -0.024188 0.117073 0.003900
v -0.025739 0.117088 0.004468
v -0.027212 0.117096 0.005071
v -0.028619 0.117117 0.005703
v -0.029957 0.117139 0.006367
v -0.031214 0.117168 0.007057
v -0.032394 0.117199 0.007769
v -0.033481 0.117236 0.008505
v -0.034499 0.117267 0.009267
v -0.035411 0.117313 0.010066
v -0.036239 0.117360 0.010859
v -0.036981 0.117413 0.011686
v -0.037603 0.117472 0.012518
v -0.038133 0.117524 0.013365
v -0.038562 0.117582 0.014223
v -0.038896 0.117646 0.015085
v -0.039119 0.117721 0.015954
v -0.039264 0.117787 0.016827
v -0.039289 0.117855 0.017711
v -0.039219 0.117929 0.018585
v -0.039037 0.117999 0.019452
v -0.038752 0.118082 0.020327
v -0.038399 0.118151 0.021180
v -0.037918 0.118220 0.022023
v -0.037339 0.118313 0.022879
v -0.036684 0.118397 0.023711
v -0.035933 0.118466 0.024512
v -0.035071 0.118548 0.025309
v -0.034149 0.118626 0.026081
v -0.033110 0.118700 0.026827
v -0.032025 0.118784 0.027561
v -0.030826 0.118842 0.028243
v -0.029575 0.118916 0.028914
v -0.028242 0.118975 0.029541
v -0.026875 0.119027 0.030132
v -0.025414 0.119079 0.030694
v -0.023896 0.119143 0.031237
v -0.022339 0.119191 0.031734
v -0.020724 0.119230 0.032192
v -0.019090 0.119251 0.032603
v -0.017392 0.119264 0.032974
v -0.015684 0.119295 0.033329
v -0.013902 0.119298 0.033619
v -0.012078 0.119307 0.033881
v -0.010242 0.119326 0.034108
v -0.008379 0.119326 0.034303
v -0.006488 0.119337 0.034464
v -0.004590 0.119349 0.034585
v -0.002669 0.119344 0.034664
v -0.000735 0.119352 0.034717
v 0.001195 0.119346 0.034735
v 0.003125 0.119352 0.034724
v 0.005064 0.119355 0.034659
v 0.006994 0.119358 0.034582
v 0.008898 0.119347 0.034452
v 0.010787 0.119339 0.034284
v 0.012657 0.119340 0.034076
v 0.014493 0.119319 0.033855
v 0.016342 0.119316 0.033586
v 0.018164 0.119298 0.033282
v 0.019938 0.119293 0.032941
v 0.021695 0.119287 0.032547
v 0.023388 0.119268 0.032143
v 0.025054 0.119259 0.031692
v 0.026647 0.119232 0.031218
v 0.028194 0.119225 0.030689
v 0.029663 0.119198 0.030117
v 0.031077 0.119167 0.029546
v 0.032403 0.119139 0.028921
v 0.033656 0.119102 0.028279
v 0.034816 0.119070 0.027590
v 0.035902 0.119030 0.026872
v 0.036888 0.118978 0.026149
v 0.037801 0.118922 0.025386
v 0.038608 0.118883 0.024604
v 0.039319 0.118829 0.023810
v 0.039956 0.118771 0.022993
v 0.040472 0.118711 0.022167
v 0.040910 0.118662 0.021316
v 0.041228 0.118590 0.020448
v 0.041459 0.118520 0.019593
v 0.041596 0.118464 0.018717
v 0.041630 0.118409 0.017844
v 0.041560 0.118328 0.016970
v 0.041390 0.118260 0.016094
v 0.041122 0.118193 0.015232
v 0.040771 0.118121 0.014353
v 0.040290 0.118054 0.013496
v 0.039744 0.117983 0.012638
v 0.039087 0.117924 0.011799
v 0.038343 0.117846 0.010984
v 0.037514 0.117777 0.010164
v 0.036589 0.117720 0.009377
v 0.035575 0.117635 0.008609
v 0.034485 0.117588 0.007858
v 0.033324 0.117509 0.007132
v 0.032072 0.117454 0.006427
v 0.030755 0.117377 0.005745
v 0.029352 0.117343 0.005110
v 0.027913 0.117270 0.004499
v 0.026394 0.117225 0.003917
v 0.024828 0.117184 0.003373
v 0.023219 0.117135 0.002853
v 0.021560 0.117094 0.002382
v 0.019875 0.117056 0.001952
v 0.018134 0.117026 0.001541
v 0.016347 0.117003 0.001187
v 0.014543 0.116963 0.000862
v 0.012701 0.116960 0.000593
v 0.010825 0.116943 0.000337
v 0.008928 0.116917 0.000166
v 0.007007 0.116912 0.000003
v 0.005092 0.116903 -0.000093
v 0.003142 0.116898 -0.000152
v 0.001212 0.116904 -0.000165
v 0.001209 0.113755 -0.000561
v -0.000791 0.113755 -0.000540
v -0.002811 0.113759 -0.000479
v -0.004798 0.113766 -0.000351
v -0.006775 0.113784 -0.000195
v -0.008735 0.113801 0.000007
v -0.010688 0.113802 0.000258
v -0.012631 0.113814 0.000529
v -0.014560 0.113810 0.000870
v -0.016463 0.113814 0.001219
v -0.018334 0.113809 0.001633
v -0.020174 0.113802 0.002072
v -0.021961 0.113807 0.002555
v -0.023708 0.113790 0.003059
v -0.025413 0.113800 0.003625
v -0.027028 0.113794 0.004210
v -0.028597 0.113809 0.004838
v -0.030092 0.113820 0.005496
v -0.031505 0.113833 0.006166
v -0.032836 0.113857 0.006887
v -0.034081 0.113881 0.007624
v -0.035237 0.113911 0.008403
v -0.036295 0.113940 0.009181
v -0.037266 0.113991 0.009998
v -0.038130 0.114032 0.010814
v -0.038896 0.114091 0.011676
v -0.039549 0.114141 0.012533
v -0.040114 0.114194 0.013409
v -0.040560 0.114266 0.014305
v -0.040904 0.114333 0.015193
v -0.041142 0.114390 0.016097
v -0.041264 0.114473 0.016995
v -0.041297 0.114544 0.017906
v -0.041218 0.114628 0.018817
v -0.041023 0.114707 0.019721
v -0.040732 0.114784 0.020614
v -0.040324 0.114866 0.021504
v -0.039811 0.114964 0.022399
v -0.039212 0.115043 0.023264
v -0.038509 0.115123 0.024114
v -0.037699 0.115220 0.024965
v -0.036794 0.115305 0.025784
v -0.035799 0.115394 0.026586
v -0.034726 0.115477 0.027359
v -0.033541 0.115558 0.028103
v -0.032290 0.115638 0.028821
v -0.030945 0.115732 0.029523
v -0.029525 0.115802 0.030170
v -0.028052 0.115869 0.030782
v -0.026531 0.115944 0.031372
v -0.024933 0.115995 0.031906
v -0.023280 0.116049 0.032409
v -0.021585 0.116110 0.032887
v -0.019850 0.116139 0.033301
v -0.018076 0.116182 0.033698
v -0.016261 0.116211 0.034049
v -0.014415 0.116223 0.034354
v -0.012549 0.116240 0.034627
v -0.010647 0.116236 0.034843
v -0.008727 0.116256 0.035049
v -0.006768 0.116263 0.035199
v -0.004792 0.116265 0.035317
v -0.002807 0.116284 0.035416
v -0.000812 0.116274 0.035453
v 0.001190 0.116278 0.035475
v 0.003197 0.116282 0.035454
v 0.005193 0.116275 0.035408
v 0.007185 0.116274 0.035305
v 0.009159 0.116267 0.035183
v 0.011132 0.116270 0.035016
v 0.013098 0.116278 0.034826
v 0.015056 0.116266 0.034592
v 0.016995 0.116263 0.034325
v 0.018919 0.116262 0.034029
v 0.020806 0.116246 0.033671
v 0.022655 0.116259 0.033279
v 0.024452 0.116243 0.032863
v 0.026206 0.116235 0.032408
v 0.027884 0.116220 0.031901
v 0.029498 0.116199 0.031376
v 0.031052 0.116187 0.030811
v 0.032517 0.116161 0.030219
v 0.033917 0.116130 0.029569
v 0.035217 0.116078 0.028889
v 0.036438 0.116065 0.028194
v 0.037559 0.116028 0.027459
v 0.038600 0.115987 0.026701
v 0.039534 0.115933 0.025905
v 0.040378 0.115890 0.025113
v 0.041121 0.115831 0.024282
v 0.041767 0.115764 0.023439
v 0.042308 0.115712 0.022572
v 0.042759 0.115643 0.021698
v 0.043089 0.115584 0.020808
v 0.043330 0.115509 0.019915
v 0.043452 0.115459 0.019013
v 0.043486 0.115377 0.018108
v 0.043406 0.115309 0.017201
v 0.043224 0.115238 0.016291
v 0.042931 0.115173 0.015385
v 0.042566 0.115087 0.014489
v 0.042075 0.115013 0.013599
v 0.041490 0.114930 0.012722
v 0.040797 0.114867 0.011848
v 0.040028 0.114793 0.010999
v 0.039155 0.114716 0.010154
v 0.038182 0.114654 0.009335
v 0.037126 0.114586 0.008530
v 0.035967 0.114503 0.007754
v 0.034737 0.114436 0.007000
v 0.033428 0.114377 0.006275
v 0.032049 0.114310 0.005576
v 0.030576 0.114241 0.004914
v 0.029043 0.114183 0.004284
v 0.027455 0.114129 0.003676
v 0.025798 0.114074 0.003107
v 0.024087 0.114017 0.002587
v 0.022340 0.113970 0.002074
v 0.020556 0.113920 0.001609
v 0.018745 0.113889 0.001205
v 0.016898 0.113859 0.000831
v 0.015009 0.113828 0.000518
v 0.013097 0.113804 0.000220
v 0.011156 0.113791 -0.000034
v 0.009191 0.113778 -0.000237
v 0.007220 0.113763 -0.000385
v 0.005224 0.113761 -0.000482
v 0.003219 0.113754 -0.000550
v 0.001209 0.113768 -0.000557
v 0.001204 0.110507 -0.000908
v -0.000864 0.110510 -0.000890
v -0.002942 0.110515 -0.000791
v -0.004990 0.110527 -0.000689
v -0.007039 0.110524 -0.000532
v -0.009093 0.110525 -0.000327
v -0.011152 0.110540 -0.000080
v -0.013205 0.110521 0.000231
v -0.015230 0.110492 0.000550
v -0.017240 0.110471 0.000918
v -0.019203 0.110455 0.001343
v -0.021143 0.110437 0.001791
v -0.023045 0.110418 0.002287
v -0.024890 0.110400 0.002821
v -0.026681 0.110396 0.003387
v -0.028408 0.110383 0.003993
v -0.030064 0.110382 0.004631
v -0.031645 0.110380 0.005304
v -0.033144 0.110389 0.006012
v -0.034530 0.110394 0.006735
v -0.035835 0.110424 0.007513
v -0.037054 0.110464 0.008296
v -0.038158 0.110476 0.009113
v -0.039169 0.110516 0.009934
v -0.040050 0.110572 0.010806
v -0.040866 0.110623 0.011676
v -0.041550 0.110685 0.012574
v -0.042108 0.110744 0.013475
v -0.042590 0.110809 0.014390
v -0.042945 0.110882 0.015316
v -0.043191 0.110949 0.016238
v -0.043323 0.111028 0.017180
v -0.043345 0.111113 0.018122
v -0.043241 0.111200 0.019063
v -0.043033 0.111269 0.019980
v -0.042746 0.111351 0.020902
v -0.042300 0.111457 0.021839
v -0.041761 0.111538 0.022738
v -0.041127 0.111640 0.023646
v -0.040375 0.111733 0.024529
v -0.039519 0.111829 0.025398
v -0.038585 0.111926 0.026247
v -0.037514 0.112014 0.027067
v -0.036371 0.112116 0.027875
v -0.035124 0.112218 0.028655
v -0.033805 0.112303 0.029390
v -0.032385 0.112395 0.030101
v -0.030905 0.112484 0.030776
v -0.029328 0.112558 0.031403
v -0.027701 0.112652 0.032014
v -0.026008 0.112729 0.032573
v -0.024256 0.112798 0.033090
v -0.022469 0.112864 0.033569
v -0.020637 0.112920 0.034005
v -0.018754 0.112973 0.034403
v -0.016868 0.113011 0.034754
v -0.014928 0.113043 0.035067
v -0.012983 0.113063 0.035336
v -0.011025 0.113067 0.035573
v -0.009021 0.113081 0.035763
v -0.007028 0.113086 0.035921
v -0.004986 0.113091 0.036039
v -0.002936 0.113095 0.036121
v -0.000876 0.113099 0.036169
v 0.001190 0.113103 0.036186
v 0.003249 0.113097 0.036163
v 0.005325 0.113096 0.036108
v 0.007370 0.113099 0.036009
v 0.009445 0.113099 0.035890
v 0.011525 0.113103 0.035736
v 0.013598 0.113113 0.035532
v 0.015665 0.113124 0.035313
v 0.017712 0.113117 0.035036
v 0.019733 0.113133 0.034731
v 0.021723 0.113135 0.034382
v 0.023661 0.113136 0.034001
v 0.025538 0.113135 0.033568
v 0.027377 0.113131 0.033102
v 0.029145 0.113134 0.032595
v 0.030825 0.113111 0.032047
v 0.032440 0.113091 0.031475
v 0.033968 0.113082 0.030860
v 0.035421 0.113052 0.030205
v 0.036772 0.113020 0.029504
v 0.038042 0.112977 0.028791
v 0.039225 0.112936 0.028033
v 0.040279 0.112891 0.027250
v 0.041265 0.112841 0.026441
v 0.042126 0.112793 0.025600
v 0.042896 0.112733 0.024758
v 0.043561 0.112665 0.023874
v 0.044125 0.112617 0.022984
v 0.044560 0.112547 0.022075
v 0.044917 0.112478 0.021173
v 0.045158 0.112413 0.020242
v 0.045284 0.112343 0.019301
v 0.045318 0.112266 0.018384
v 0.045231 0.112194 0.017437
v 0.045038 0.112118 0.016505
v 0.044744 0.112047 0.015572
v 0.044337 0.111971 0.014639
v 0.043829 0.111892 0.013726
v 0.043212 0.111812 0.012810
v 0.042514 0.111715 0.011917
v 0.041687 0.111656 0.011040
v 0.040771 0.111586 0.010166
v 0.039772 0.111505 0.009316
v 0.038659 0.111428 0.008492
v 0.037460 0.111362 0.007690
v 0.036185 0.111293 0.006917
v 0.034796 0.111215 0.006171
v 0.033346 0.111137 0.005441
v 0.031817 0.111074 0.004743
v 0.030232 0.111010 0.004100
v 0.028539 0.110937 0.003478
v 0.026794 0.110874 0.002884
v 0.025003 0.110815 0.002340
v 0.023181 0.110761 0.001827
v 0.021283 0.110712 0.001353
v 0.019355 0.110665 0.000948
v 0.017436 0.110630 0.000538
v 0.015461 0.110596 0.000191
v 0.013472 0.110562 -0.000099
v 0.011487 0.110545 -0.000352
v 0.009454 0.110531 -0.000550
v 0.007419 0.110527 -0.000723
v 0.005355 0.110510 -0.000825
v 0.003284 0.110497 -0.000893
v 0.001218 0.110507 -0.000910
v 0.001206 0.107172 -0.001192
v -0.000923 0.107163 -0.001156
v -0.003044 0.107176 -0.001094
v -0.005183 0.107177 -0.000973
v -0.007341 0.107177 -0.000799
v -0.009500 0.107148 -0.000596
v -0.011665 0.107125 -0.000341
v -0.013809 0.107088 -0.000048
v -0.015919 0.107060 0.000315
v -0.018053 0.107018 0.000669
v -0.020138 0.106983 0.001091
v -0.022187 0.106947 0.001553
v -0.024205 0.106909 0.002058
v -0.026153 0.106884 0.002606
v -0.028039 0.106848 0.003184
v -0.029857 0.106833 0.003808
v -0.031598 0.106815 0.004463
v -0.033236 0.106817 0.005158
v -0.034802 0.106821 0.005876
v -0.036259 0.106837 0.006635
v -0.037614 0.106837 0.007419
v -0.038881 0.106879 0.008235
v -0.040037 0.106906 0.009072
v -0.041079 0.106943 0.009927
v -0.042014 0.106989 0.010805
v -0.042843 0.107041 0.011706
v -0.043537 0.107103 0.012631
v -0.044143 0.107176 0.013551
v -0.044610 0.107230 0.014510
v -0.044974 0.107308 0.015453
v -0.045215 0.107383 0.016406
v -0.045367 0.107463 0.017370
v -0.045372 0.107541 0.018333
v -0.045269 0.107631 0.019291
v -0.045033 0.107727 0.020257
v -0.044724 0.107814 0.021206
v -0.044271 0.107919 0.022163
v -0.043709 0.108010 0.023092
v -0.043036 0.108096 0.024003
v -0.042249 0.108222 0.024937
v -0.041346 0.108307 0.025813
v -0.040361 0.108419 0.026694
v -0.039261 0.108532 0.027554
v -0.038049 0.108625 0.028370
v -0.036756 0.108732 0.029168
v -0.035348 0.108838 0.029937
v -0.033873 0.108948 0.030677
v -0.032300 0.109053 0.031378
v -0.030648 0.109139 0.032024
v -0.028936 0.109244 0.032650
v -0.027137 0.109333 0.033223
v -0.025280 0.109418 0.033754
v -0.023389 0.109496 0.034239
v -0.021451 0.109566 0.034678
v -0.019488 0.109626 0.035074
v -0.017489 0.109691 0.035440
v -0.015476 0.109737 0.035751
v -0.013428 0.109771 0.036028
v -0.011386 0.109793 0.036261
v -0.009330 0.109806 0.036448
v -0.007243 0.109815 0.036610
v -0.005161 0.109815 0.036698
v -0.003050 0.109817 0.036798
v -0.000941 0.109832 0.036850
v 0.001188 0.109830 0.036857
v 0.003313 0.109822 0.036835
v 0.005444 0.109826 0.036775
v 0.007616 0.109835 0.036693
v 0.009787 0.109849 0.036571
v 0.011978 0.109852 0.036416
v 0.014153 0.109868 0.036221
v 0.016328 0.109887 0.036003
v 0.018480 0.109909 0.035714
v 0.020586 0.109921 0.035415
v 0.022668 0.109932 0.035063
v 0.024693 0.109944 0.034678
v 0.026661 0.109946 0.034258
v 0.028562 0.109952 0.033793
v 0.030396 0.109942 0.033280
v 0.032155 0.109930 0.032719
v 0.033836 0.109915 0.032125
v 0.035417 0.109902 0.031493
v 0.036912 0.109865 0.030825
v 0.038327 0.109839 0.030114
v 0.039640 0.109803 0.029369
v 0.040839 0.109765 0.028599
v 0.041943 0.109702 0.027791
v 0.042944 0.109666 0.026947
v 0.043844 0.109584 0.026103
v 0.044623 0.109551 0.025218
v 0.045316 0.109492 0.024320
v 0.045887 0.109422 0.023395
v 0.046351 0.109368 0.022469
v 0.046700 0.109283 0.021518
v 0.046940 0.109218 0.020575
v 0.047074 0.109138 0.019613
v 0.047091 0.109070 0.018648
v 0.046999 0.108978 0.017681
v 0.046800 0.108907 0.016718
v 0.046491 0.108826 0.015760
v 0.046076 0.108752 0.014803
v 0.045541 0.108665 0.013857
v 0.044910 0.108589 0.012919
v 0.044155 0.108509 0.011995
v 0.043319 0.108430 0.011089
v 0.042372 0.108350 0.010198
v 0.041331 0.108276 0.009334
v 0.040161 0.108190 0.008493
v 0.038924 0.108120 0.007660
v 0.037580 0.108037 0.006857
v 0.036153 0.107960 0.006090
v 0.034637 0.107872 0.005362
v 0.033050 0.107803 0.004643
v 0.031365 0.107738 0.003961
v 0.029627 0.107669 0.003317
v 0.027822 0.107594 0.002715
v 0.025958 0.107540 0.002150
v 0.024018 0.107476 0.001622
v 0.022039 0.107426 0.001137
v 0.020044 0.107360 0.000694
v 0.018007 0.107308 0.000298
v 0.015937 0.107277 -0.000046
v 0.013862 0.107239 -0.000362
v 0.011780 0.107208 -0.000627
v 0.009680 0.107184 -0.000835
v 0.007580 0.107183 -0.000996
v 0.005465 0.107172 -0.001108
v 0.003328 0.107169 -0.001176
v 0.001200 0.107168 -0.001193
v 0.001215 0.103737 -0.001428
v -0.000988 0.103744 -0.001389
v -0.003191 0.103741 -0.001321
v -0.005421 0.103726 -0.001197
v -0.007668 0.103694 -0.001040
v -0.009937 0.103657 -0.000822
v -0.012185 0.103614 -0.000565
v -0.014446 0.103557 -0.000267
v -0.016693 0.103499 0.000076
v -0.018918 0.103448 0.000464
v -0.021128 0.103402 0.000888
v -0.023288 0.103343 0.001364
v -0.025397 0.103290 0.001866
v -0.027436 0.103247 0.002433
v -0.029422 0.103213 0.003029
v -0.031314 0.103192 0.003663
v -0.033126 0.103164 0.004330
v -0.034843 0.103164 0.005043
v -0.036471 0.103150 0.005784
v -0.037996 0.103169 0.006569
v -0.039396 0.103171 0.007360
v -0.040703 0.103195 0.008201
v -0.041892 0.103224 0.009061
v -0.042967 0.103266 0.009946
v -0.043942 0.103329 0.010850
v -0.044786 0.103363 0.011760
v -0.045507 0.103422 0.012703
v -0.046117 0.103495 0.013666
v -0.046610 0.103558 0.014618
v -0.046975 0.103634 0.015595
v -0.047224 0.103714 0.016580
v -0.047353 0.103801 0.017567
v -0.047368 0.103887 0.018554
v -0.047260 0.103978 0.019541
v -0.047032 0.104075 0.020529
v -0.046673 0.104163 0.021497
v -0.046193 0.104286 0.022491
v -0.045621 0.104369 0.023432
v -0.044917 0.104480 0.024386
v -0.044122 0.104591 0.025322
v -0.043177 0.104700 0.026236
v -0.042143 0.104816 0.027137
v -0.040995 0.104924 0.028007
v -0.039729 0.105040 0.028858
v -0.038374 0.105154 0.029678
v -0.036923 0.105273 0.030473
v -0.035363 0.105381 0.031221
v -0.033717 0.105507 0.031953
v -0.031984 0.105608 0.032622
v -0.030181 0.105723 0.033265
v -0.028306 0.105824 0.033851
v -0.026363 0.105941 0.034412
v -0.024367 0.106008 0.034880
v -0.022329 0.106108 0.035340
v -0.020241 0.106193 0.035747
v -0.018148 0.106268 0.036103
v -0.016026 0.106328 0.036413
v -0.013895 0.106378 0.036686
v -0.011757 0.106418 0.036918
v -0.009600 0.106451 0.037108
v -0.007460 0.106458 0.037252
v -0.005320 0.106460 0.037363
v -0.003160 0.106462 0.037448
v -0.000987 0.106478 0.037493
v 0.001187 0.106461 0.037503
v 0.003388 0.106462 0.037469
v 0.005627 0.106480 0.037435
v 0.007901 0.106500 0.037347
v 0.010180 0.106524 0.037228
v 0.012462 0.106548 0.037069
v 0.014745 0.106581 0.036888
v 0.017008 0.106591 0.036653
v 0.019258 0.106624 0.036396
v 0.021457 0.106633 0.036087
v 0.023622 0.106648 0.035734
v 0.025742 0.106663 0.035352
v 0.027760 0.106679 0.034918
v 0.029741 0.106673 0.034451
v 0.031625 0.106695 0.033934
v 0.033464 0.106664 0.033373
v 0.035195 0.106658 0.032773
v 0.036829 0.106639 0.032150
v 0.038378 0.106621 0.031438
v 0.039822 0.106573 0.030709
v 0.041173 0.106545 0.029935
v 0.042404 0.106504 0.029157
v 0.043545 0.106447 0.028309
v 0.044578 0.106405 0.027462
v 0.045490 0.106354 0.026568
v 0.046297 0.106287 0.025671
v 0.046997 0.106218 0.024760
v 0.047566 0.106156 0.023797
v 0.048040 0.106084 0.022859
v 0.048402 0.106012 0.021875
v 0.048649 0.105930 0.020902
v 0.048777 0.105855 0.019896
v 0.048787 0.105786 0.018937
v 0.048690 0.105702 0.017932
v 0.048488 0.105613 0.016935
v 0.048159 0.105535 0.015960
v 0.047726 0.105464 0.014984
v 0.047174 0.105367 0.014010
v 0.046521 0.105295 0.013053
v 0.045745 0.105209 0.012118
v 0.044872 0.105125 0.011177
v 0.043899 0.105038 0.010267
v 0.042819 0.104956 0.009385
v 0.041625 0.104870 0.008507
v 0.040330 0.104798 0.007652
v 0.038950 0.104712 0.006840
v 0.037481 0.104636 0.006055
v 0.035903 0.104554 0.005298
v 0.034250 0.104474 0.004571
v 0.032515 0.104398 0.003876
v 0.030698 0.104320 0.003214
v 0.028820 0.104243 0.002589
v 0.026877 0.104178 0.002017
v 0.024870 0.104110 0.001469
v 0.022819 0.104041 0.000972
v 0.020720 0.103993 0.000510
v 0.018598 0.103934 0.000113
v 0.016433 0.103883 -0.000263
v 0.014270 0.103839 -0.000571
v 0.012097 0.103795 -0.000831
v 0.009916 0.103780 -0.001050
v 0.007754 0.103758 -0.001221
v 0.005574 0.103753 -0.001332
v 0.003401 0.103746 -0.001396
v 0.001206 0.103746 -0.001467
v 0.001209 0.100244 -0.001590
v -0.001055 0.100244 -0.001568
v -0.003339 0.100212 -0.001490
v -0.005682 0.100167 -0.001376
v -0.008021 0.100123 -0.001212
v -0.010380 0.100068 -0.000999
v -0.012744 0.100005 -0.000740
v -0.015128 0.099928 -0.000434
v -0.017481 0.099865 -0.000096
v -0.019836 0.099787 0.000303
v -0.022148 0.099709 0.000724
v -0.024410 0.099666 0.001210
v -0.026604 0.099586 0.001730
v -0.028731 0.099531 0.002298
v -0.030788 0.099485 0.002911
v -0.032765 0.099444 0.003566
v -0.034640 0.099422 0.004241
v -0.036421 0.099406 0.004969
v -0.038104 0.099380 0.005725
v -0.039670 0.099391 0.006513
v -0.041133 0.099413 0.007331
v -0.042458 0.099432 0.008193
v -0.043685 0.099458 0.009065
v -0.044801 0.099498 0.009955
v -0.045792 0.099545 0.010895
v -0.046655 0.099598 0.011843
v -0.047388 0.099649 0.012797
v -0.048019 0.099733 0.013775
v -0.048517 0.099801 0.014760
v -0.048902 0.099881 0.015761
v -0.049142 0.099963 0.016741
v -0.049273 0.100053 0.017763
v -0.049282 0.100127 0.018773
v -0.049156 0.100246 0.019802
v -0.048895 0.100343 0.020807
v -0.048558 0.100441 0.021805
v -0.048073 0.100546 0.022798
v -0.047483 0.100660 0.023787
v -0.046728 0.100769 0.024756
v -0.045897 0.100875 0.025703
v -0.044941 0.100988 0.026636
v -0.043845 0.101114 0.027560
v -0.042671 0.101225 0.028446
v -0.041377 0.101349 0.029317
v -0.039947 0.101482 0.030169
v -0.038452 0.101611 0.030984
v -0.036831 0.101726 0.031751
v -0.035109 0.101854 0.032496
v -0.033325 0.101977 0.033195
v -0.031447 0.102103 0.033856
v -0.029477 0.102224 0.034466
v -0.027460 0.102337 0.035022
v -0.025364 0.102461 0.035540
v -0.023223 0.102552 0.035982
v -0.021047 0.102637 0.036377
v -0.018837 0.102738 0.036748
v -0.016602 0.102821 0.037060
v -0.014359 0.102884 0.037325
v -0.012131 0.102948 0.037554
v -0.009906 0.102989 0.037739
v -0.007668 0.103009 0.037891
v -0.005464 0.103024 0.037999
v -0.003257 0.103029 0.038079
v -0.001041 0.103029 0.038100
v 0.001212 0.103029 0.038125
v 0.003520 0.103061 0.038102
v 0.005854 0.103062 0.038054
v 0.008211 0.103097 0.037971
v 0.010593 0.103123 0.037854
v 0.012978 0.103153 0.037706
v 0.015352 0.103181 0.037523
v 0.017718 0.103214 0.037275
v 0.020014 0.103247 0.037043
v 0.022327 0.103273 0.036733
v 0.024555 0.103297 0.036381
v 0.026744 0.103315 0.036001
v 0.028849 0.103326 0.035572
v 0.030884 0.103335 0.035095
v 0.032855 0.103333 0.034570
v 0.034726 0.103328 0.034003
v 0.036505 0.103323 0.033381
v 0.038187 0.103304 0.032720
v 0.039783 0.103274 0.032030
v 0.041259 0.103253 0.031276
v 0.042636 0.103225 0.030484
v 0.043902 0.103161 0.029676
v 0.045068 0.103117 0.028828
v 0.046117 0.103066 0.027947
v 0.047053 0.103011 0.027041
v 0.047881 0.102943 0.026127
v 0.048583 0.102876 0.025166
v 0.049168 0.102812 0.024204
v 0.049655 0.102735 0.023219
v 0.050001 0.102655 0.022216
v 0.050268 0.102575 0.021238
v 0.050391 0.102497 0.020226
v 0.050402 0.102415 0.019211
v 0.050299 0.102338 0.018204
v 0.050077 0.102258 0.017177
v 0.049747 0.102176 0.016180
v 0.049299 0.102091 0.015171
v 0.048731 0.102006 0.014188
v 0.048053 0.101912 0.013201
v 0.047263 0.101816 0.012230
v 0.046373 0.101741 0.011295
v 0.045354 0.101659 0.010353
v 0.044241 0.101575 0.009448
v 0.043014 0.101482 0.008550
v 0.041691 0.101401 0.007693
v 0.040261 0.101316 0.006863
v 0.038738 0.101235 0.006059
v 0.037121 0.101144 0.005271
v 0.035413 0.101057 0.004534
v 0.033623 0.100984 0.003829
v 0.031748 0.100915 0.003146
v 0.029803 0.100841 0.002528
v 0.027792 0.100745 0.001931
v 0.025710 0.100676 0.001362
v 0.023584 0.100605 0.000857
v 0.021410 0.100542 0.000394
v 0.019200 0.100477 -0.000027
v 0.016956 0.100424 -0.000393
v 0.014696 0.100382 -0.000721
v 0.012426 0.100330 -0.001006
v 0.010169 0.100291 -0.001222
v 0.007922 0.100269 -0.001394
v 0.005677 0.100252 -0.001503
v 0.003439 0.100245 -0.001583
v 0.001212 0.100243 -0.001601
v 0.001196 0.096661 -0.001724
v -0.001159 0.096640 -0.001697
v -0.003550 0.096612 -0.001618
v -0.005959 0.096539 -0.001489
v -0.008399 0.096481 -0.001355
v -0.010858 0.096393 -0.001126
v -0.013338 0.096318 -0.000864
v -0.015835 0.096212 -0.000568
v -0.018293 0.096134 -0.000224
v -0.020745 0.096040 0.000189
v -0.023152 0.095961 0.000618
v -0.025517 0.095880 0.001109
v -0.027786 0.095797 0.001641
v -0.029998 0.095740 0.002218
v -0.032124 0.095686 0.002847
v -0.034165 0.095641 0.003496
v -0.036099 0.095599 0.004191
v -0.037933 0.095584 0.004923
v -0.039646 0.095582 0.005710
v -0.041256 0.095562 0.006517
v -0.042759 0.095572 0.007345
v -0.044134 0.095609 0.008215
v -0.045392 0.095626 0.009110
v -0.046522 0.095667 0.010030
v -0.047536 0.095716 0.010961
v -0.048414 0.095768 0.011927
v -0.049187 0.095838 0.012905
v -0.049805 0.095895 0.013902
v -0.050304 0.095974 0.014914
v -0.050683 0.096055 0.015924
v -0.050932 0.096145 0.016958
v -0.051057 0.096239 0.017981
v -0.051068 0.096339 0.019023
v -0.050942 0.096431 0.020047
v -0.050703 0.096537 0.021079
v -0.050321 0.096636 0.022094
v -0.049831 0.096752 0.023115
v -0.049187 0.096861 0.024115
v -0.048457 0.096976 0.025105
v -0.047574 0.097107 0.026092
v -0.046598 0.097228 0.027047
v -0.045492 0.097340 0.027971
v -0.044267 0.097468 0.028884
v -0.042933 0.097600 0.029776
v -0.041480 0.097737 0.030642
v -0.039906 0.097868 0.031469
v -0.038241 0.098002 0.032265
v -0.036472 0.098133 0.033020
v -0.034606 0.098272 0.033745
v -0.032657 0.098399 0.034415
v -0.030631 0.098539 0.035050
v -0.028518 0.098675 0.035629
v -0.026327 0.098788 0.036134
v -0.024101 0.098923 0.036614
v -0.021843 0.099029 0.037019
v -0.019527 0.099132 0.037381
v -0.017211 0.099218 0.037684
v -0.014870 0.099310 0.037954
v -0.012530 0.099382 0.038176
v -0.010201 0.099444 0.038366
v -0.007899 0.099493 0.038503
v -0.005614 0.099516 0.038606
v -0.003342 0.099523 0.038685
v -0.001070 0.099533 0.038714
v 0.001285 0.099544 0.038729
v 0.003676 0.099572 0.038710
v 0.006102 0.099594 0.038654
v 0.008558 0.099628 0.038586
v 0.011029 0.099666 0.038474
v 0.013498 0.099698 0.038332
v 0.015954 0.099736 0.038152
v 0.018401 0.099778 0.037924
v 0.020798 0.099800 0.037669
v 0.023159 0.099839 0.037367
v 0.025475 0.099863 0.037022
v 0.027709 0.099889 0.036625
v 0.029884 0.099911 0.036196
v 0.031984 0.099928 0.035707
v 0.033994 0.099925 0.035181
v 0.035917 0.099909 0.034604
v 0.037742 0.099910 0.033974
v 0.039465 0.099894 0.033293
v 0.041080 0.099870 0.032574
v 0.042602 0.099832 0.031818
v 0.044002 0.099807 0.031021
v 0.045307 0.099738 0.030187
v 0.046488 0.099698 0.029314
v 0.047554 0.099660 0.028413
v 0.048504 0.099588 0.027490
v 0.049341 0.099523 0.026539
v 0.050062 0.099444 0.025563
v 0.050658 0.099378 0.024584
v 0.051148 0.099302 0.023590
v 0.051513 0.099227 0.022578
v 0.051765 0.099151 0.021559
v 0.051877 0.099067 0.020529
v 0.051890 0.098986 0.019489
v 0.051780 0.098894 0.018463
v 0.051557 0.098819 0.017436
v 0.051208 0.098730 0.016405
v 0.050753 0.098647 0.015386
v 0.050179 0.098553 0.014361
v 0.049483 0.098453 0.013375
v 0.048670 0.098374 0.012386
v 0.047747 0.098301 0.011420
v 0.046711 0.098206 0.010473
v 0.045568 0.098114 0.009544
v 0.044310 0.098036 0.008645
v 0.042949 0.097932 0.007762
v 0.041495 0.097848 0.006902
v 0.039917 0.097751 0.006083
v 0.038258 0.097683 0.005294
v 0.036473 0.097587 0.004530
v 0.034667 0.097512 0.003811
v 0.032729 0.097419 0.003129
v 0.030729 0.097339 0.002454
v 0.028648 0.097246 0.001880
v 0.026514 0.097169 0.001314
v 0.024319 0.097104 0.000775
v 0.022073 0.097031 0.000308
v 0.019782 0.096964 -0.000115
v 0.017471 0.096884 -0.000489
v 0.015130 0.096838 -0.000829
v 0.012791 0.096791 -0.001098
v 0.010428 0.096748 -0.001325
v 0.008089 0.096722 -0.001506
v 0.005785 0.096694 -0.001630
v 0.003488 0.096681 -0.001701
v 0.001191 0.096670 -0.001725
v 0.001150 0.093009 -0.001800
v -0.001284 0.092971 -0.001770
v -0.003744 0.092915 -0.001700
v -0.006244 0.092845 -0.001575
v -0.008794 0.092750 -0.001426
v -0.011368 0.092659 -0.001200
v -0.013938 0.092564 -0.000944
v -0.016541 0.092445 -0.000632
v -0.019098 0.092346 -0.000283
v -0.021632 0.092242 0.000111
v -0.024126 0.092144 0.000561
v -0.026549 0.092063 0.001058
v -0.028913 0.091962 0.001593
v -0.031185 0.091901 0.002178
v -0.033378 0.091826 0.002804
v -0.035461 0.091773 0.003473
v -0.037447 0.091736 0.004180
v -0.039341 0.091712 0.004925
v -0.041100 0.091695 0.005710
v -0.042748 0.091687 0.006534
v -0.044279 0.091696 0.007386
v -0.045684 0.091702 0.008268
v -0.046950 0.091758 0.009169
v -0.048104 0.091784 0.010100
v -0.049119 0.091823 0.011064
v -0.050013 0.091885 0.012046
v -0.050784 0.091951 0.013044
v -0.051431 0.092025 0.014045
v -0.051952 0.092104 0.015077
v -0.052329 0.092180 0.016117
v -0.052585 0.092277 0.017156
v -0.052708 0.092377 0.018206
v -0.052708 0.092462 0.019243
v -0.052559 0.092573 0.020302
v -0.052326 0.092684 0.021353
v -0.051938 0.092787 0.022388
v -0.051435 0.092911 0.023432
v -0.050782 0.093011 0.024437
v -0.050036 0.093146 0.025461
v -0.049143 0.093263 0.026447
v -0.048150 0.093385 0.027417
v -0.047023 0.093524 0.028379
v -0.045735 0.093652 0.029306
v -0.044357 0.093787 0.030210
v -0.042878 0.093924 0.031085
v -0.041267 0.094077 0.031943
v -0.039552 0.094206 0.032743
v -0.037743 0.094355 0.033524
v -0.035809 0.094499 0.034261
v -0.033805 0.094655 0.034967
v -0.031709 0.094789 0.035603
v -0.029536 0.094933 0.036194
v -0.027265 0.095081 0.036734
v -0.024971 0.095204 0.037199
v -0.022626 0.095336 0.037622
v -0.020246 0.095455 0.037982
v -0.017813 0.095567 0.038284
v -0.015373 0.095662 0.038552
v -0.012946 0.095752 0.038779
v -0.010526 0.095811 0.038945
v -0.008137 0.095884 0.039090
v -0.005782 0.095923 0.039198
v -0.003422 0.095959 0.039260
v -0.001039 0.095975 0.039297
v 0.001375 0.095993 0.039312
v 0.003854 0.096024 0.039285
v 0.006371 0.096057 0.039244
v 0.008911 0.096092 0.039171
v 0.011442 0.096139 0.039055
v 0.014000 0.096172 0.038968
v 0.016528 0.096223 0.038750
v 0.019042 0.096261 0.038536
v 0.021511 0.096309 0.038273
v 0.023956 0.096341 0.037969
v 0.026330 0.096380 0.037613
v 0.028616 0.096384 0.037233
v 0.030856 0.096420 0.036795
v 0.032991 0.096432 0.036298
v 0.035052 0.096445 0.035769
v 0.037016 0.096442 0.035182
v 0.038869 0.096435 0.034538
v 0.040639 0.096417 0.033845
v 0.042281 0.096389 0.033104
v 0.043825 0.096350 0.032333
v 0.045260 0.096326 0.031512
v 0.046572 0.096267 0.030662
v 0.047777 0.096225 0.029780
v 0.048860 0.096149 0.028876
v 0.049826 0.096097 0.027935
v 0.050673 0.096030 0.026961
v 0.051400 0.095957 0.025973
v 0.052017 0.095894 0.024972
v 0.052496 0.095808 0.023951
v 0.052865 0.095732 0.022918
v 0.053109 0.095651 0.021879
v 0.053235 0.095568 0.020821
v 0.053242 0.095488 0.019788
v 0.053128 0.095394 0.018726
v 0.052887 0.095306 0.017679
v 0.052531 0.095219 0.016646
v 0.052066 0.095146 0.015626
v 0.051487 0.095044 0.014581
v 0.050765 0.094932 0.013566
v 0.049936 0.094862 0.012565
v 0.048996 0.094769 0.011587
v 0.047946 0.094687 0.010607
v 0.046779 0.094592 0.009671
v 0.045491 0.094492 0.008751
v 0.044103 0.094410 0.007858
v 0.042609 0.094321 0.007001
v 0.041016 0.094227 0.006158
v 0.039310 0.094136 0.005352
v 0.037518 0.094050 0.004580
v 0.035629 0.093962 0.003844
v 0.033653 0.093869 0.003147
v 0.031603 0.093779 0.002498
v 0.029461 0.093712 0.001870
v 0.027270 0.093609 0.001300
v 0.025011 0.093538 0.000772
v 0.022696 0.093459 0.000295
v 0.020358 0.093384 -0.000144
v 0.017967 0.093308 -0.000527
v 0.015558 0.093255 -0.000881
v 0.013137 0.093200 -0.001147
v 0.010716 0.093146 -0.001384
v 0.008293 0.093106 -0.001566
v 0.005901 0.093081 -0.001687
v 0.003531 0.093055 -0.001769
v 0.001140 0.093020 -0.001796
v 0.001087 0.089312 -0.001815
v -0.001415 0.089264 -0.001792
v -0.003939 0.089180 -0.001727
v -0.006540 0.089090 -0.001605
v -0.009180 0.088988 -0.001441
v -0.011854 0.088870 -0.001237
v -0.014510 0.088745 -0.000973
v -0.017187 0.088633 -0.000664
v -0.019835 0.088511 -0.000311
v -0.022449 0.088392 0.000098
v -0.025022 0.088285 0.000540
v -0.027509 0.088187 0.001041
v -0.029931 0.088105 0.001591
v -0.032263 0.088015 0.002186
v -0.034509 0.087942 0.002814
v -0.036649 0.087884 0.003504
v -0.038680 0.087832 0.004218
v -0.040596 0.087814 0.004975
v -0.042399 0.087791 0.005778
v -0.044074 0.087788 0.006593
v -0.045633 0.087786 0.007458
v -0.047045 0.087806 0.008351
v -0.048339 0.087833 0.009278
v -0.049519 0.087863 0.010221
v -0.050563 0.087933 0.011188
v -0.051467 0.087986 0.012180
v -0.052234 0.088046 0.013182
v -0.052885 0.088126 0.014213
v -0.053402 0.088204 0.015249
v -0.053777 0.088289 0.016305
v -0.054054 0.088380 0.017364
v -0.054165 0.088493 0.018446
v -0.054156 0.088578 0.019493
v -0.054026 0.088684 0.020559
v -0.053761 0.088792 0.021619
v -0.053365 0.088916 0.022688
v -0.052843 0.089031 0.023735
v -0.052204 0.089147 0.024769
v -0.051414 0.089281 0.025804
v -0.050521 0.089402 0.026806
v -0.049484 0.089520 0.027785
v -0.048336 0.089666 0.028766
v -0.047051 0.089802 0.029709
v -0.045647 0.089942 0.030629
v -0.044133 0.090082 0.031517
v -0.042519 0.090240 0.032389
v -0.040742 0.090388 0.033214
v -0.038882 0.090529 0.033995
v -0.036927 0.090694 0.034759
v -0.034851 0.090839 0.035460
v -0.032700 0.091005 0.036134
v -0.030451 0.091154 0.036734
v -0.028151 0.091317 0.037293
v -0.025783 0.091449 0.037766
v -0.023346 0.091589 0.038191
v -0.020880 0.091722 0.038555
v -0.018370 0.091850 0.038869
v -0.015856 0.091957 0.039122
v -0.013346 0.092057 0.039345
v -0.010839 0.092155 0.039522
v -0.008383 0.092232 0.039643
v -0.005928 0.092279 0.039756
v -0.003482 0.092338 0.039830
v -0.001007 0.092379 0.039873
v 0.001494 0.092402 0.039886
v 0.004053 0.092444 0.039860
v 0.006633 0.092473 0.039809
v 0.009236 0.092533 0.039729
v 0.011860 0.092559 0.039626
v 0.014472 0.092621 0.039478
v 0.017099 0.092650 0.039330
v 0.019659 0.092698 0.039109
v 0.022185 0.092756 0.038840
v 0.024667 0.092795 0.038546
v 0.027093 0.092825 0.038210
v 0.029452 0.092860 0.037813
v 0.031721 0.092877 0.037354
v 0.033915 0.092889 0.036878
v 0.035998 0.092905 0.036315
v 0.038003 0.092903 0.035716
v 0.039883 0.092890 0.035061
v 0.041683 0.092887 0.034357
v 0.043358 0.092839 0.033603
v 0.044924 0.092808 0.032819
v 0.046368 0.092770 0.031981
v 0.047707 0.092718 0.031116
v 0.048927 0.092669 0.030216
v 0.050015 0.092605 0.029301
v 0.050993 0.092543 0.028334
v 0.051849 0.092477 0.027355
v 0.052594 0.092406 0.026361
v 0.053184 0.092336 0.025337
v 0.053687 0.092256 0.024300
v 0.054058 0.092180 0.023262
v 0.054304 0.092090 0.022211
v 0.054421 0.092006 0.021147
v 0.054433 0.091918 0.020086
v 0.054315 0.091831 0.019036
v 0.054071 0.091749 0.017958
v 0.053710 0.091652 0.016890
v 0.053232 0.091563 0.015843
v 0.052623 0.091470 0.014804
v 0.051902 0.091388 0.013772
v 0.051064 0.091279 0.012750
v 0.050110 0.091197 0.011758
v 0.049032 0.091105 0.010778
v 0.047862 0.091009 0.009817
v 0.046537 0.090918 0.008889
v 0.045120 0.090834 0.007995
v 0.043604 0.090734 0.007100
v 0.041980 0.090633 0.006267
v 0.040248 0.090540 0.005442
v 0.038421 0.090443 0.004658
v 0.036499 0.090357 0.003923
v 0.034480 0.090268 0.003203
v 0.032382 0.090172 0.002543
v 0.030212 0.090090 0.001923
v 0.027954 0.089997 0.001332
v 0.025642 0.089909 0.000800
v 0.023277 0.089837 0.000325
v 0.020857 0.089760 -0.000129
v 0.018422 0.089687 -0.000519
v 0.015952 0.089626 -0.000859
v 0.013467 0.089566 -0.001146
v 0.010975 0.089503 -0.001391
v 0.008495 0.089456 -0.001562
v 0.006041 0.089423 -0.001696
v 0.003569 0.089379 -0.001781
v 0.001088 0.089321 -0.001794
v 0.001037 0.085586 -0.001773
v -0.001541 0.085494 -0.001768
v -0.004154 0.085410 -0.001686
v -0.006828 0.085300 -0.001574
v -0.009545 0.085181 -0.001407
v -0.012290 0.085055 -0.001197
v -0.015047 0.084928 -0.000942
v -0.017785 0.084785 -0.000635
v -0.020508 0.084654 -0.000277
v -0.023180 0.084535 0.000134
v -0.025791 0.084414 0.000587
v -0.028354 0.084294 0.001092
v -0.030831 0.084196 0.001650
v -0.033225 0.084114 0.002241
v -0.035495 0.084046 0.002883
v -0.037674 0.083976 0.003580
v -0.039737 0.083923 0.004297
v -0.041680 0.083898 0.005053
v -0.043513 0.083870 0.005852
v -0.045207 0.083863 0.006699
v -0.046784 0.083869 0.007573
v -0.048229 0.083879 0.008464
v -0.049543 0.083922 0.009401
v -0.050722 0.083945 0.010359
v -0.051766 0.084006 0.011336
v -0.052688 0.084049 0.012339
v -0.053469 0.084138 0.013368
v -0.054117 0.084203 0.014396
v -0.054637 0.084284 0.015447
v -0.055023 0.084380 0.016515
v -0.055287 0.084461 0.017584
v -0.055401 0.084564 0.018659
v -0.055408 0.084683 0.019752
v -0.055263 0.084774 0.020815
v -0.054984 0.084892 0.021896
v -0.054599 0.085020 0.022979
v -0.054073 0.085125 0.024028
v -0.053390 0.085254 0.025085
v -0.052618 0.085385 0.026128
v -0.051703 0.085506 0.027140
v -0.050646 0.085645 0.028148
v -0.049488 0.085786 0.029133
v -0.048170 0.085928 0.030092
v -0.046761 0.086060 0.031012
v -0.045222 0.086219 0.031927
v -0.043560 0.086363 0.032794
v -0.041762 0.086525 0.033642
v -0.039872 0.086696 0.034458
v -0.037863 0.086843 0.035212
v -0.035778 0.087011 0.035941
v -0.033572 0.087175 0.036616
v -0.031299 0.087342 0.037240
v -0.028922 0.087492 0.037789
v -0.026484 0.087662 0.038299
v -0.023994 0.087807 0.038726
v -0.021465 0.087956 0.039104
v -0.018888 0.088094 0.039421
v -0.016323 0.088225 0.039688
v -0.013729 0.088330 0.039893
v -0.011138 0.088440 0.040085
v -0.008608 0.088527 0.040207
v -0.006080 0.088616 0.040325
v -0.003529 0.088663 0.040396
v -0.000967 0.088742 0.040402
v 0.001624 0.088762 0.040426
v 0.004215 0.088808 0.040399
v 0.006878 0.088844 0.040350
v 0.009540 0.088884 0.040270
v 0.012213 0.088940 0.040167
v 0.014883 0.088999 0.040032
v 0.017559 0.089061 0.039860
v 0.020178 0.089111 0.039647
v 0.022770 0.089149 0.039392
v 0.025291 0.089187 0.039093
v 0.027787 0.089232 0.038744
v 0.030155 0.089259 0.038344
v 0.032478 0.089278 0.037884
v 0.034693 0.089277 0.037399
v 0.036818 0.089299 0.036838
v 0.038848 0.089298 0.036222
v 0.040775 0.089277 0.035550
v 0.042583 0.089276 0.034828
v 0.044274 0.089240 0.034063
v 0.045861 0.089205 0.033255
v 0.047325 0.089153 0.032416
v 0.048672 0.089113 0.031544
v 0.049903 0.089060 0.030634
v 0.050995 0.089002 0.029701
v 0.051993 0.088936 0.028721
v 0.052862 0.088870 0.027732
v 0.053592 0.088805 0.026726
v 0.054219 0.088721 0.025688
v 0.054715 0.088617 0.024644
v 0.055065 0.088560 0.023591
v 0.055317 0.088463 0.022523
v 0.055450 0.088385 0.021458
v 0.055443 0.088300 0.020393
v 0.055324 0.088213 0.019298
v 0.055076 0.088129 0.018229
v 0.054709 0.088028 0.017165
v 0.054235 0.087935 0.016088
v 0.053620 0.087845 0.015036
v 0.052878 0.087743 0.014002
v 0.052009 0.087666 0.012969
v 0.051056 0.087566 0.011959
v 0.049972 0.087466 0.010967
v 0.048756 0.087383 0.009998
v 0.047448 0.087279 0.009059
v 0.046005 0.087181 0.008143
v 0.044466 0.087094 0.007256
v 0.042806 0.086994 0.006396
v 0.041056 0.086907 0.005576
v 0.039196 0.086794 0.004788
v 0.037236 0.086710 0.004032
v 0.035188 0.086616 0.003315
v 0.033059 0.086516 0.002657
v 0.030842 0.086436 0.002014
v 0.028558 0.086338 0.001424
v 0.026199 0.086258 0.000883
v 0.023786 0.086170 0.000383
v 0.021325 0.086086 -0.000062
v 0.018840 0.086011 -0.000452
v 0.016307 0.085935 -0.000801
v 0.013757 0.085867 -0.001100
v 0.011209 0.085811 -0.001333
v 0.008699 0.085762 -0.001520
v 0.006149 0.085720 -0.001653
v 0.003593 0.085649 -0.001743
v 0.001035 0.085562 -0.001774
v 0.000984 0.081804 -0.001678
v -0.001646 0.081700 -0.001657
v -0.004340 0.081603 -0.001612
v -0.007062 0.081467 -0.001485
v -0.009869 0.081350 -0.001339
v -0.012665 0.081204 -0.001117
v -0.015486 0.081066 -0.000849
v -0.018288 0.080929 -0.000550
v -0.021057 0.080794 -0.000187
v -0.023786 0.080664 0.000219
v -0.026455 0.080532 0.000687
v -0.029075 0.080411 0.001191
v -0.031575 0.080307 0.001743
v -0.033985 0.080211 0.002354
v -0.036301 0.080133 0.002999
v -0.038512 0.080066 0.003674
v -0.040594 0.080015 0.004415
v -0.042565 0.079977 0.005184
v -0.044433 0.079953 0.006003
v -0.046143 0.079946 0.006825
v -0.047723 0.079949 0.007710
v -0.049176 0.079970 0.008634
v -0.050510 0.080002 0.009567
v -0.051697 0.080025 0.010531
v -0.052763 0.080085 0.011524
v -0.053676 0.080138 0.012535
v -0.054472 0.080214 0.013561
v -0.055121 0.080283 0.014604
v -0.055643 0.080370 0.015673
v -0.056030 0.080468 0.016741
v -0.056288 0.080564 0.017826
v -0.056402 0.080657 0.018905
v -0.056408 0.080768 0.020000
v -0.056257 0.080876 0.021086
v -0.055983 0.080995 0.022178
v -0.055582 0.081102 0.023249
v -0.055045 0.081219 0.024318
v -0.054392 0.081351 0.025388
v -0.053591 0.081478 0.026434
v -0.052657 0.081624 0.027480
v -0.051596 0.081743 0.028477
v -0.050413 0.081892 0.029477
v -0.049101 0.082046 0.030455
v -0.047648 0.082182 0.031386
v -0.046095 0.082338 0.032304
v -0.044407 0.082503 0.033197
v -0.042610 0.082679 0.034066
v -0.040690 0.082810 0.034851
v -0.038662 0.082989 0.035642
v -0.036522 0.083163 0.036382
v -0.034276 0.083334 0.037069
v -0.031971 0.083501 0.037696
v -0.029571 0.083682 0.038279
v -0.027084 0.083837 0.038774
v -0.024536 0.084006 0.039226
v -0.021964 0.084160 0.039610
v -0.019331 0.084312 0.039939
v -0.016698 0.084456 0.040214
v -0.014050 0.084569 0.040432
v -0.011415 0.084696 0.040608
v -0.008803 0.084790 0.040739
v -0.006198 0.084888 0.040840
v -0.003567 0.084967 0.040909
v -0.000921 0.085038 0.040952
v 0.001718 0.085082 0.040944
v 0.004385 0.085128 0.040926
v 0.007078 0.085179 0.040871
v 0.009803 0.085224 0.040783
v 0.012536 0.085280 0.040678
v 0.015256 0.085335 0.040548
v 0.017954 0.085388 0.040372
v 0.020630 0.085434 0.040157
v 0.023248 0.085492 0.039895
v 0.025819 0.085530 0.039593
v 0.028332 0.085563 0.039259
v 0.030754 0.085607 0.038840
v 0.033095 0.085624 0.038383
v 0.035345 0.085642 0.037854
v 0.037501 0.085653 0.037290
v 0.039540 0.085644 0.036672
v 0.041471 0.085641 0.035996
v 0.043309 0.085623 0.035265
v 0.045022 0.085584 0.034491
v 0.046618 0.085552 0.033678
v 0.048110 0.085498 0.032826
v 0.049455 0.085442 0.031938
v 0.050695 0.085407 0.031028
v 0.051814 0.085345 0.030067
v 0.052815 0.085276 0.029094
v 0.053669 0.085203 0.028100
v 0.054415 0.085137 0.027074
v 0.055036 0.085045 0.026032
v 0.055526 0.084971 0.024987
v 0.055889 0.084892 0.023916
v 0.056142 0.084792 0.022836
v 0.056267 0.084723 0.021759
v 0.056264 0.084619 0.020670
v 0.056147 0.084548 0.019582
v 0.055872 0.084443 0.018511
v 0.055513 0.084362 0.017416
v 0.055018 0.084261 0.016340
v 0.054403 0.084166 0.015280
v 0.053671 0.084070 0.014233
v 0.052806 0.083983 0.013195
v 0.051823 0.083883 0.012171
v 0.050723 0.083782 0.011183
v 0.049512 0.083692 0.010201
v 0.048171 0.083607 0.009260
v 0.046721 0.083507 0.008325
v 0.045156 0.083404 0.007434
v 0.043490 0.083305 0.006577
v 0.041710 0.083202 0.005739
v 0.039832 0.083104 0.004938
v 0.037848 0.083025 0.004178
v 0.035771 0.082918 0.003452
v 0.033613 0.082821 0.002780
v 0.031362 0.082725 0.002147
v 0.029040 0.082629 0.001555
v 0.026662 0.082549 0.001008
v 0.024201 0.082457 0.000509
v 0.021710 0.082375 0.000056
v 0.019176 0.082288 -0.000333
v 0.016605 0.082220 -0.000694
v 0.014021 0.082149 -0.000989
v 0.011425 0.082078 -0.001232
v 0.008852 0.082032 -0.001420
v 0.006249 0.081971 -0.001559
v 0.003636 0.081905 -0.001639
v 0.000992 0.081806 -0.001677
v 0.000954 0.078012 -0.001534
v -0.001748 0.077898 -0.001524
v -0.004496 0.077784 -0.001459
v -0.007293 0.077650 -0.001356
v -0.010138 0.077501 -0.001179
v -0.012972 0.077363 -0.000974
v -0.015840 0.077218 -0.000725
v -0.018687 0.077083 -0.000404
v -0.021489 0.076936 -0.000046
v -0.024258 0.076782 0.000372
v -0.026961 0.076649 0.000827
v -0.029590 0.076516 0.001361
v -0.032129 0.076416 0.001905
v -0.034573 0.076325 0.002499
v -0.036921 0.076246 0.003154
v -0.039149 0.076176 0.003848
v -0.041259 0.076125 0.004580
v -0.043247 0.076081 0.005352
v -0.045102 0.076053 0.006170
v -0.046835 0.076048 0.007016
v -0.048444 0.076036 0.007905
v -0.049905 0.076062 0.008817
v -0.051224 0.076091 0.009758
v -0.052429 0.076126 0.010742
v -0.053487 0.076188 0.011729
v -0.054424 0.076243 0.012753
v -0.055210 0.076311 0.013776
v -0.055874 0.076388 0.014839
v -0.056404 0.076472 0.015904
v -0.056776 0.076569 0.016998
v -0.057049 0.076673 0.018075
v -0.057171 0.076764 0.019151
v -0.057141 0.076876 0.020263
v -0.057003 0.076982 0.021354
v -0.056732 0.077100 0.022450
v -0.056321 0.077212 0.023532
v -0.055797 0.077359 0.024636
v -0.055098 0.077472 0.025693
v -0.054297 0.077599 0.026747
v -0.053375 0.077732 0.027787
v -0.052309 0.077872 0.028811
v -0.051115 0.078015 0.029813
v -0.049774 0.078167 0.030795
v -0.048339 0.078312 0.031740
v -0.046772 0.078477 0.032674
v -0.045074 0.078630 0.033559
v -0.043246 0.078782 0.034408
v -0.041315 0.078962 0.035246
v -0.039252 0.079141 0.036043
v -0.037096 0.079317 0.036788
v -0.034833 0.079497 0.037484
v -0.032487 0.079665 0.038115
v -0.030044 0.079859 0.038713
v -0.027545 0.080019 0.039216
v -0.024976 0.080192 0.039676
v -0.022351 0.080344 0.040058
v -0.019693 0.080517 0.040408
v -0.017006 0.080665 0.040692
v -0.014312 0.080812 0.040913
v -0.011631 0.080933 0.041108
v -0.008964 0.081048 0.041233
v -0.006307 0.081137 0.041335
v -0.003597 0.081233 0.041406
v -0.000888 0.081306 0.041435
v 0.001812 0.081378 0.041436
v 0.004519 0.081407 0.041416
v 0.007253 0.081477 0.041359
v 0.010017 0.081534 0.041273
v 0.012774 0.081580 0.041162
v 0.015541 0.081636 0.041027
v 0.018261 0.081691 0.040846
v 0.020949 0.081745 0.040626
v 0.023622 0.081793 0.040357
v 0.026223 0.081838 0.040055
v 0.028748 0.081877 0.039700
v 0.031203 0.081895 0.039289
v 0.033564 0.081929 0.038817
v 0.035835 0.081925 0.038288
v 0.037998 0.081944 0.037715
v 0.040071 0.081949 0.037070
v 0.042024 0.081929 0.036400
v 0.043871 0.081907 0.035662
v 0.045592 0.081887 0.034891
v 0.047198 0.081847 0.034058
v 0.048692 0.081796 0.033196
v 0.050053 0.081751 0.032302
v 0.051292 0.081690 0.031403
v 0.052418 0.081631 0.030420
v 0.053409 0.081569 0.029444
v 0.054278 0.081505 0.028439
v 0.055035 0.081432 0.027395
v 0.055651 0.081338 0.026362
v 0.056149 0.081263 0.025298
v 0.056522 0.081181 0.024228
v 0.056760 0.081096 0.023143
v 0.056881 0.080991 0.022044
v 0.056878 0.080910 0.020960
v 0.056737 0.080821 0.019862
v 0.056508 0.080734 0.018779
v 0.056124 0.080626 0.017688
v 0.055621 0.080539 0.016617
v 0.055002 0.080450 0.015547
v 0.054257 0.080356 0.014491
v 0.053396 0.080259 0.013442
v 0.052398 0.080163 0.012421
v 0.051293 0.080068 0.011421
v 0.050055 0.079965 0.010434
v 0.048709 0.079873 0.009478
v 0.047251 0.079796 0.008545
v 0.045680 0.079674 0.007653
v 0.043997 0.079574 0.006778
v 0.042207 0.079493 0.005931
v 0.040314 0.079374 0.005128
v 0.038313 0.079282 0.004375
v 0.036194 0.079187 0.003648
v 0.034031 0.079086 0.002964
v 0.031764 0.078993 0.002337
v 0.029417 0.078905 0.001729
v 0.027002 0.078804 0.001172
v 0.024529 0.078714 0.000672
v 0.021988 0.078628 0.000219
v 0.019439 0.078538 -0.000180
v 0.016829 0.078465 -0.000520
v 0.014220 0.078395 -0.000829
v 0.011593 0.078330 -0.001079
v 0.008976 0.078276 -0.001259
v 0.010881 0.069427 -0.016644
v 0.003661 0.078117 -0.001492
v 0.000961 0.078022 -0.001517
v 0.000937 0.074213 -0.001330
v -0.001820 0.074100 -0.001312
v -0.004603 0.073961 -0.001263
v -0.007421 0.073827 -0.001153
v -0.010301 0.073683 -0.000996
v -0.013172 0.073531 -0.000778
v -0.016065 0.073378 -0.000517
v -0.018950 0.073223 -0.000202
v -0.021777 0.073076 0.000156
v -0.024566 0.072923 0.000568
v -0.027295 0.072808 0.001030
v -0.029945 0.072671 0.001539
v -0.032509 0.072566 0.002117
v -0.034967 0.072457 0.002711
v -0.037329 0.072379 0.003362
v -0.039562 0.072317 0.004057
v -0.041678 0.072260 0.004798
v -0.043683 0.072217 0.005573
v -0.045555 0.072190 0.006399
v -0.047290 0.072167 0.007238
v -0.048889 0.072178 0.008112
v -0.050364 0.072191 0.009042
v -0.051710 0.072222 0.009989
v -0.052904 0.072262 0.010973
v -0.053969 0.072318 0.011966
v -0.054897 0.072389 0.012984
v -0.055695 0.072451 0.014027
v -0.056344 0.072519 0.015092
v -0.056877 0.072609 0.016154
v -0.057268 0.072717 0.017257
v -0.057515 0.072797 0.018332
v -0.057646 0.072905 0.019439
v -0.057627 0.073005 0.020527
v -0.057495 0.073122 0.021633
v -0.057221 0.073237 0.022731
v -0.056811 0.073357 0.023824
v -0.056257 0.073483 0.024913
v -0.055584 0.073604 0.025980
v -0.054779 0.073740 0.027047
v -0.053841 0.073868 0.028087
v -0.052761 0.074018 0.029124
v -0.051572 0.074166 0.030135
v -0.050237 0.074312 0.031117
v -0.048785 0.074464 0.032074
v -0.047207 0.074625 0.033007
v -0.045497 0.074783 0.033902
v -0.043671 0.074954 0.034772
v -0.041728 0.075104 0.035585
v -0.039646 0.075298 0.036400
v -0.037478 0.075469 0.037143
v -0.035189 0.075657 0.037847
v -0.032836 0.075834 0.038489
v -0.030377 0.076019 0.039081
v -0.027849 0.076198 0.039608
v -0.025265 0.076379 0.040075
v -0.022611 0.076545 0.040471
v -0.019924 0.076719 0.040824
v -0.017230 0.076868 0.041100
v -0.014505 0.077013 0.041343
v -0.011788 0.077147 0.041531
v -0.009084 0.077256 0.041677
v -0.006367 0.077374 0.041782
v -0.003609 0.077468 0.041856
v -0.000860 0.077564 0.041887
v 0.001875 0.077628 0.041893
v 0.004613 0.077685 0.041866
v 0.007375 0.077751 0.041814
v 0.010152 0.077795 0.041731
v 0.012917 0.077854 0.041605
v 0.015714 0.077909 0.041464
v 0.018474 0.077966 0.041271
v 0.021183 0.078012 0.041052
v 0.023876 0.078066 0.040781
v 0.026496 0.078107 0.040462
v 0.029028 0.078132 0.040099
v 0.031504 0.078176 0.039682
v 0.033873 0.078191 0.039205
v 0.036158 0.078213 0.038687
v 0.038340 0.078217 0.038077
v 0.040413 0.078208 0.037437
v 0.042386 0.078191 0.036753
v 0.044231 0.078165 0.036008
v 0.045964 0.078142 0.035223
v 0.047581 0.078086 0.034407
v 0.049070 0.078065 0.033539
v 0.050439 0.078015 0.032646
v 0.051680 0.077951 0.031710
v 0.052818 0.077884 0.030750
v 0.053807 0.077822 0.029769
v 0.054680 0.077750 0.028750
v 0.055436 0.077690 0.027722
v 0.056053 0.077594 0.026671
v 0.056540 0.077516 0.025606
v 0.056918 0.077430 0.024524
v 0.057163 0.077333 0.023441
v 0.057281 0.077245 0.022348
v 0.057285 0.077163 0.021251
v 0.057148 0.077062 0.020155
v 0.056897 0.076970 0.019051
v 0.056517 0.076890 0.017967
v 0.056017 0.076782 0.016887
v 0.055383 0.076704 0.015812
v 0.054639 0.076609 0.014751
v 0.053761 0.076509 0.013714
v 0.052775 0.076395 0.012681
v 0.051660 0.076327 0.011672
v 0.050432 0.076217 0.010683
v 0.049056 0.076122 0.009726
v 0.047611 0.076022 0.008795
v 0.046041 0.075919 0.007889
v 0.044333 0.075822 0.007006
v 0.042525 0.075723 0.006174
v 0.040606 0.075629 0.005367
v 0.038607 0.075530 0.004604
v 0.036493 0.075415 0.003878
v 0.034306 0.075325 0.003201
v 0.032023 0.075218 0.002550
v 0.029657 0.075136 0.001942
v 0.027229 0.075030 0.001403
v 0.024720 0.074944 0.000893
v 0.022195 0.074858 0.000438
v 0.019600 0.074802 0.000025
v 0.016989 0.074694 -0.000318
v 0.014346 0.074636 -0.000621
v 0.011709 0.074546 -0.000863
v 0.009063 0.074496 -0.001059
v 0.006385 0.074422 -0.001195
v 0.003665 0.074322 -0.001285
v 0.000931 0.074210 -0.001334
v 0.000927 0.070425 -0.001074
v -0.001849 0.070287 -0.001065
v -0.004660 0.070158 -0.001016
v -0.007500 0.070023 -0.000906
v -0.010379 0.069874 -0.000741
v -0.013272 0.069721 -0.000525
v -0.016176 0.069564 -0.000269
v -0.019057 0.069413 0.000044
v -0.021920 0.069266 0.000413
v -0.024710 0.069117 0.000824
v -0.027450 0.068979 0.001290
v -0.030109 0.068859 0.001810
v -0.032671 0.068732 0.002363
v -0.035147 0.068643 0.002967
v -0.037501 0.068549 0.003622
v -0.039749 0.068486 0.004321
v -0.041873 0.068420 0.005055
v -0.043873 0.068386 0.005839
v -0.045735 0.068358 0.006645
v -0.047485 0.068344 0.007502
v -0.049085 0.068351 0.008396
v -0.050568 0.068366 0.009299
v -0.051904 0.068401 0.010256
v -0.053104 0.068442 0.011231
v -0.054177 0.068480 0.012224
v -0.055100 0.068545 0.013265
v -0.055897 0.068613 0.014288
v -0.056562 0.068700 0.015355
v -0.057081 0.068770 0.016431
v -0.057462 0.068870 0.017498
v -0.057725 0.068975 0.018610
v -0.057848 0.069077 0.019710
v -0.057826 0.069182 0.020808
v -0.057689 0.069300 0.021917
v -0.057427 0.069411 0.023012
v -0.056997 0.069533 0.024110
v -0.056463 0.069669 0.025210
v -0.055787 0.069764 0.026253
v -0.054992 0.069914 0.027336
v -0.054045 0.070057 0.028392
v -0.052949 0.070203 0.029427
v -0.051776 0.070333 0.030424
v -0.050439 0.070494 0.031424
v -0.048936 0.070643 0.032379
v -0.047396 0.070801 0.033313
v -0.045680 0.070967 0.034219
v -0.043852 0.071137 0.035093
v -0.041895 0.071315 0.035935
v -0.039835 0.071489 0.036730
v -0.037649 0.071667 0.037484
v -0.035370 0.071858 0.038195
v -0.032993 0.072034 0.038837
v -0.030528 0.072211 0.039420
v -0.028009 0.072396 0.039954
v -0.025391 0.072574 0.040421
v -0.022738 0.072758 0.040838
v -0.020029 0.072928 0.041189
v -0.017315 0.073094 0.041489
v -0.014580 0.073226 0.041711
v -0.011852 0.073375 0.041917
v -0.009146 0.073486 0.042077
v -0.006413 0.073605 0.042163
v -0.003626 0.073708 0.042248
v -0.000849 0.073798 0.042271
v 0.001906 0.073879 0.042273
v 0.004673 0.073933 0.042264
v 0.007431 0.073992 0.042210
v 0.010215 0.074048 0.042119
v 0.013016 0.074099 0.041996
v 0.015806 0.074147 0.041845
v 0.018577 0.074216 0.041650
v 0.021306 0.074256 0.041423
v 0.023999 0.074300 0.041148
v 0.026612 0.074346 0.040818
v 0.029170 0.074377 0.040462
v 0.031626 0.074411 0.040027
v 0.034008 0.074426 0.039548
v 0.036307 0.074434 0.039007
v 0.038497 0.074448 0.038403
v 0.040567 0.074435 0.037758
v 0.042541 0.074420 0.037072
v 0.044390 0.074396 0.036319
v 0.046132 0.074367 0.035534
v 0.047754 0.074327 0.034713
v 0.049245 0.074286 0.033853
v 0.050608 0.074233 0.032946
v 0.051861 0.074182 0.032015
v 0.052983 0.074113 0.031052
v 0.053985 0.074030 0.030054
v 0.054851 0.073978 0.029050
v 0.055607 0.073907 0.028016
v 0.056232 0.073827 0.026966
v 0.056726 0.073758 0.025898
v 0.057096 0.073657 0.024815
v 0.057323 0.073568 0.023732
v 0.057461 0.073467 0.022636
v 0.057454 0.073391 0.021539
v 0.057326 0.073295 0.020445
v 0.057063 0.073198 0.019342
v 0.056690 0.073110 0.018257
v 0.056182 0.073004 0.017162
v 0.055555 0.072920 0.016099
v 0.054810 0.072827 0.015031
v 0.053923 0.072737 0.013984
v 0.052941 0.072634 0.012946
v 0.051819 0.072539 0.011948
v 0.050591 0.072439 0.010960
v 0.049237 0.072341 0.009994
v 0.047766 0.072238 0.009071
v 0.046183 0.072145 0.008159
v 0.044480 0.072040 0.007285
v 0.042671 0.071943 0.006447
v 0.040766 0.071840 0.005631
v 0.038741 0.071747 0.004882
v 0.036623 0.071641 0.004138
v 0.034424 0.071546 0.003453
v 0.032140 0.071447 0.002814
v 0.029770 0.071347 0.002213
v 0.027329 0.071260 0.001653
v 0.024828 0.071162 0.001158
v 0.022271 0.071078 0.000705
v 0.019685 0.070987 0.000306
v 0.017063 0.070912 -0.000054
v 0.014396 0.070839 -0.000356
v 0.011748 0.070753 -0.000607
v 0.009099 0.070695 -0.000796
v 0.006415 0.070641 -0.000939
v 0.003675 0.070527 -0.001033
v 0.000921 0.070418 -0.001084
v 0.000929 0.066626 -0.000757
v -0.001847 0.066499 -0.000750
v -0.004650 0.066370 -0.000705
v -0.007497 0.066233 -0.000587
v -0.010372 0.066095 -0.000415
v -0.013261 0.065944 -0.000211
v -0.016156 0.065787 0.000047
v -0.019050 0.065630 0.000365
v -0.021882 0.065495 0.000730
v -0.024683 0.065333 0.001130
v -0.027399 0.065200 0.001608
v -0.030061 0.065074 0.002111
v -0.032626 0.064961 0.002669
v -0.035094 0.064865 0.003279
v -0.037455 0.064781 0.003929
v -0.039696 0.064706 0.004615
v -0.041805 0.064642 0.005352
v -0.043819 0.064604 0.006142
v -0.045686 0.064586 0.006961
v -0.047422 0.064576 0.007809
v -0.049032 0.064579 0.008684
v -0.050504 0.064592 0.009602
v -0.051838 0.064635 0.010552
v -0.053036 0.064644 0.011526
v -0.054101 0.064706 0.012532
v -0.055032 0.064776 0.013541
v -0.055836 0.064844 0.014592
v -0.056489 0.064919 0.015650
v -0.057008 0.065008 0.016713
v -0.057398 0.065088 0.017795
v -0.057654 0.065194 0.018896
v -0.057778 0.065296 0.019993
v -0.057766 0.065406 0.021096
v -0.057621 0.065534 0.022213
v -0.057348 0.065629 0.023292
v -0.056938 0.065755 0.024393
v -0.056394 0.065873 0.025474
v -0.055725 0.066004 0.026555
v -0.054924 0.066136 0.027619
v -0.053989 0.066279 0.028674
v -0.052910 0.066413 0.029699
v -0.051715 0.066559 0.030711
v -0.050381 0.066709 0.031699
v -0.048936 0.066865 0.032662
v -0.047338 0.067020 0.033594
v -0.045647 0.067192 0.034508
v -0.043810 0.067344 0.035366
v -0.041858 0.067531 0.036218
v -0.039798 0.067708 0.037020
v -0.037622 0.067887 0.037775
v -0.035343 0.068071 0.038483
v -0.032970 0.068251 0.039130
v -0.030503 0.068446 0.039733
v -0.027968 0.068630 0.040264
v -0.025358 0.068825 0.040751
v -0.022721 0.068983 0.041148
v -0.020030 0.069155 0.041508
v -0.017296 0.069316 0.041811
v -0.014571 0.069474 0.042060
v -0.011845 0.069607 0.042259
v -0.009143 0.069725 0.042417
v -0.006402 0.069838 0.042520
v -0.003620 0.069953 0.042597
v -0.000851 0.070041 0.042633
v 0.001911 0.070114 0.042628
v 0.004650 0.070161 0.042599
v 0.007414 0.070228 0.042543
v 0.010206 0.070279 0.042455
v 0.012999 0.070327 0.042325
v 0.015788 0.070375 0.042176
v 0.018565 0.070450 0.041969
v 0.021284 0.070499 0.041737
v 0.023963 0.070526 0.041456
v 0.026583 0.070568 0.041132
v 0.029134 0.070607 0.040754
v 0.031608 0.070622 0.040328
v 0.033985 0.070641 0.039821
v 0.036266 0.070643 0.039292
v 0.038436 0.070644 0.038687
v 0.040534 0.070641 0.038020
v 0.042503 0.070627 0.037337
v 0.044360 0.070599 0.036584
v 0.046097 0.070581 0.035813
v 0.047698 0.070533 0.034974
v 0.049205 0.070484 0.034112
v 0.050580 0.070445 0.033215
v 0.051818 0.070381 0.032284
v 0.052940 0.070325 0.031333
v 0.053934 0.070259 0.030332
v 0.054802 0.070183 0.029315
v 0.055561 0.070103 0.028301
v 0.056180 0.070011 0.027243
v 0.056681 0.069945 0.026178
v 0.057045 0.069861 0.025092
v 0.057292 0.069780 0.024012
v 0.057411 0.069687 0.022922
v 0.057401 0.069595 0.021821
v 0.057281 0.069511 0.020726
v 0.057023 0.069409 0.019633
v 0.056646 0.069316 0.018538
v 0.056143 0.069203 0.017453
v 0.055503 0.069136 0.016381
v 0.054767 0.069032 0.015331
v 0.053899 0.068937 0.014278
v 0.052889 0.068840 0.013242
v 0.051773 0.068739 0.012249
v 0.050542 0.068648 0.011256
v 0.049188 0.068547 0.010296
v 0.047718 0.068443 0.009364
v 0.046133 0.068357 0.008458
v 0.044438 0.068251 0.007593
v 0.042652 0.068155 0.006735
v 0.040715 0.068054 0.005948
v 0.038703 0.067955 0.005176
v 0.036585 0.067851 0.004451
v 0.034398 0.067755 0.003763
v 0.032098 0.067657 0.003115
v 0.029741 0.067563 0.002517
v 0.027304 0.067468 0.001966
v 0.024805 0.067368 0.001466
v 0.022244 0.067286 0.001009
v 0.019654 0.067198 0.000609
v 0.017036 0.067109 0.000251
v 0.014392 0.067045 -0.000058
v 0.011747 0.066974 -0.000300
v 0.009087 0.066922 -0.000485
v 0.006406 0.066833 -0.000628
v 0.003675 0.066739 -0.000722
v 0.000932 0.066627 -0.000760
v 0.000963 0.062865 -0.000395
v -0.001798 0.062739 -0.000385
v -0.004575 0.062613 -0.000320
v -0.007384 0.062485 -0.000231
v -0.010270 0.062341 -0.000054
v -0.013158 0.062188 0.000147
v -0.016013 0.062040 0.000409
v -0.018873 0.061892 0.000717
v -0.021720 0.061750 0.001082
v -0.024485 0.061605 0.001509
v -0.027195 0.061466 0.001961
v -0.029841 0.061349 0.002480
v -0.032382 0.061229 0.003032
v -0.034847 0.061141 0.003642
v -0.037178 0.061055 0.004289
v -0.039405 0.060991 0.004977
v -0.041513 0.060935 0.005711
v -0.043510 0.060896 0.006496
v -0.045372 0.060853 0.007311
v -0.047111 0.060859 0.008156
v -0.048708 0.060851 0.009033
v -0.050167 0.060895 0.009946
v -0.051489 0.060906 0.010897
v -0.052689 0.060942 0.011852
v -0.053772 0.060998 0.012862
v -0.054699 0.061055 0.013877
v -0.055478 0.061128 0.014908
v -0.056129 0.061195 0.015970
v -0.056654 0.061294 0.017035
v -0.057049 0.061378 0.018108
v -0.057304 0.061477 0.019198
v -0.057440 0.061567 0.020280
v -0.057408 0.061687 0.021389
v -0.057268 0.061796 0.022484
v -0.056993 0.061919 0.023588
v -0.056590 0.062038 0.024679
v -0.056070 0.062162 0.025764
v -0.055386 0.062283 0.026831
v -0.054582 0.062436 0.027915
v -0.053662 0.062549 0.028938
v -0.052592 0.062690 0.029968
v -0.051382 0.062838 0.030980
v -0.050087 0.062984 0.031963
v -0.048626 0.063137 0.032923
v -0.047054 0.063305 0.033865
v -0.045353 0.063463 0.034765
v -0.043533 0.063637 0.035643
v -0.041594 0.063800 0.036473
v -0.039533 0.063975 0.037273
v -0.037383 0.064147 0.038022
v -0.035111 0.064340 0.038740
v -0.032759 0.064525 0.039397
v -0.030300 0.064697 0.039980
v -0.027776 0.064888 0.040521
v -0.025197 0.065069 0.040996
v -0.022561 0.065244 0.041413
v -0.019892 0.065416 0.041779
v -0.017186 0.065579 0.042086
v -0.014466 0.065727 0.042341
v -0.011756 0.065842 0.042547
v -0.009069 0.065983 0.042708
v -0.006353 0.066087 0.042820
v -0.003616 0.066189 0.042891
v -0.000861 0.066282 0.042938
v 0.001869 0.066348 0.042942
v 0.004599 0.066405 0.042904
v 0.007344 0.066440 0.042841
v 0.010128 0.066502 0.042739
v 0.012901 0.066554 0.042611
v 0.015674 0.066604 0.042448
v 0.018419 0.066658 0.042266
v 0.021134 0.066707 0.042011
v 0.023817 0.066736 0.041732
v 0.026412 0.066777 0.041393
v 0.028956 0.066805 0.041009
v 0.031406 0.066822 0.040561
v 0.033778 0.066851 0.040055
v 0.036050 0.066846 0.039508
v 0.038239 0.066845 0.038902
v 0.040308 0.066841 0.038256
v 0.042263 0.066822 0.037541
v 0.044114 0.066790 0.036807
v 0.045847 0.066765 0.036026
v 0.047451 0.066713 0.035199
v 0.048941 0.066687 0.034318
v 0.050312 0.066632 0.033449
v 0.051559 0.066579 0.032519
v 0.052665 0.066517 0.031567
v 0.053666 0.066447 0.030577
v 0.054539 0.066373 0.029579
v 0.055288 0.066306 0.028543
v 0.055906 0.066229 0.027507
v 0.056399 0.066141 0.026441
v 0.056769 0.066049 0.025365
v 0.057022 0.065971 0.024291
v 0.057126 0.065863 0.023194
v 0.057122 0.065794 0.022104
v 0.056998 0.065696 0.021007
v 0.056749 0.065602 0.019909
v 0.056363 0.065515 0.018818
v 0.055870 0.065422 0.017750
v 0.055247 0.065331 0.016675
v 0.054496 0.065232 0.015629
v 0.053621 0.065134 0.014590
v 0.052625 0.065040 0.013557
v 0.051515 0.064937 0.012556
v 0.050284 0.064852 0.011571
v 0.048934 0.064747 0.010618
v 0.047474 0.064652 0.009686
v 0.045902 0.064546 0.008790
v 0.044200 0.064466 0.007914
v 0.042397 0.064341 0.007092
v 0.040490 0.064257 0.006282
v 0.038498 0.064160 0.005515
v 0.036390 0.064060 0.004784
v 0.034196 0.063964 0.004109
v 0.031925 0.063865 0.003466
v 0.029573 0.063764 0.002868
v 0.027137 0.063669 0.002315
v 0.024649 0.063590 0.001822
v 0.022111 0.063499 0.001363
v 0.019545 0.063412 0.000961
v 0.016921 0.063333 0.000609
v 0.014297 0.063276 0.000310
v 0.011661 0.063194 0.000076
v 0.009036 0.063133 -0.000130
v 0.006390 0.063062 -0.000235
v 0.003673 0.062967 -0.000357
v 0.000953 0.062863 -0.000398
v 0.000991 0.059114 0.000022
v -0.001719 0.059009 0.000037
v -0.004459 0.058900 0.000085
v -0.007248 0.058774 0.000208
v -0.010062 0.058644 0.000363
v -0.012891 0.058489 0.000576
v -0.015752 0.058353 0.000837
v -0.018575 0.058214 0.001145
v -0.021383 0.058071 0.001511
v -0.024107 0.057938 0.001929
v -0.026784 0.057808 0.002380
v -0.029414 0.057688 0.002886
v -0.031926 0.057577 0.003444
v -0.034353 0.057488 0.004044
v -0.036688 0.057406 0.004696
v -0.038909 0.057337 0.005380
v -0.040985 0.057287 0.006111
v -0.042970 0.057247 0.006876
v -0.044815 0.057221 0.007691
v -0.046534 0.057219 0.008530
v -0.048112 0.057222 0.009408
v -0.049589 0.057232 0.010317
v -0.050906 0.057266 0.011248
v -0.052101 0.057302 0.012228
v -0.053155 0.057355 0.013210
v -0.054075 0.057412 0.014220
v -0.054872 0.057480 0.015249
v -0.055520 0.057552 0.016292
v -0.056042 0.057639 0.017358
v -0.056433 0.057726 0.018428
v -0.056682 0.057823 0.019510
v -0.056822 0.057929 0.020601
v -0.056808 0.058024 0.021682
v -0.056665 0.058146 0.022784
v -0.056377 0.058251 0.023865
v -0.055987 0.058381 0.024961
v -0.055450 0.058497 0.026032
v -0.054799 0.058632 0.027109
v -0.053987 0.058758 0.028160
v -0.053064 0.058896 0.029205
v -0.052020 0.059037 0.030231
v -0.050843 0.059176 0.031231
v -0.049520 0.059330 0.032219
v -0.048082 0.059468 0.033161
v -0.046507 0.059627 0.034093
v -0.044844 0.059788 0.034993
v -0.043026 0.059950 0.035858
v -0.041115 0.060120 0.036693
v -0.039074 0.060280 0.037474
v -0.036933 0.060468 0.038238
v -0.034692 0.060659 0.038955
v -0.032361 0.060834 0.039604
v -0.029922 0.060998 0.040182
v -0.027433 0.061182 0.040723
v -0.024886 0.061373 0.041212
v -0.022281 0.061506 0.041595
v -0.019621 0.061700 0.041983
v -0.016971 0.061869 0.042303
v -0.014271 0.062005 0.042565
v -0.011597 0.062142 0.042772
v -0.008936 0.062246 0.042924
v -0.006269 0.062360 0.043041
v -0.003565 0.062449 0.043137
v -0.000868 0.062540 0.043177
v 0.001808 0.062582 0.043180
v 0.004498 0.062636 0.043160
v 0.007221 0.062686 0.043074
v 0.009961 0.062730 0.042984
v 0.012716 0.062781 0.042855
v 0.015451 0.062822 0.042676
v 0.018165 0.062877 0.042471
v 0.020866 0.062931 0.042223
v 0.023501 0.062955 0.041924
v 0.026094 0.062989 0.041572
v 0.028608 0.063013 0.041172
v 0.031048 0.063026 0.040726
v 0.033402 0.063046 0.040224
v 0.035660 0.063049 0.039671
v 0.037832 0.063047 0.039069
v 0.039878 0.063035 0.038425
v 0.041835 0.063016 0.037738
v 0.043669 0.062995 0.036989
v 0.045383 0.062961 0.036208
v 0.046991 0.062912 0.035389
v 0.048468 0.062874 0.034546
v 0.049834 0.062826 0.033657
v 0.051065 0.062767 0.032732
v 0.052169 0.062710 0.031802
v 0.053174 0.062657 0.030803
v 0.054043 0.062573 0.029803
v 0.054786 0.062491 0.028783
v 0.055402 0.062412 0.027743
v 0.055898 0.062337 0.026694
v 0.056255 0.062254 0.025622
v 0.056518 0.062161 0.024539
v 0.056630 0.062081 0.023467
v 0.056627 0.061988 0.022386
v 0.056497 0.061890 0.021289
v 0.056247 0.061810 0.020199
v 0.055870 0.061712 0.019132
v 0.055371 0.061620 0.018061
v 0.054749 0.061525 0.016996
v 0.054007 0.061429 0.015939
v 0.053137 0.061342 0.014910
v 0.052154 0.061242 0.013893
v 0.051052 0.061143 0.012880
v 0.049822 0.061046 0.011918
v 0.048492 0.060952 0.010955
v 0.047033 0.060858 0.010034
v 0.045462 0.060752 0.009148
v 0.043786 0.060665 0.008283
v 0.041992 0.060560 0.007446
v 0.040108 0.060462 0.006648
v 0.038116 0.060371 0.005888
v 0.036032 0.060270 0.005170
v 0.033834 0.060176 0.004492
v 0.031578 0.060088 0.003862
v 0.029264 0.059991 0.003259
v 0.026853 0.059901 0.002711
v 0.024380 0.059804 0.002217
v 0.021876 0.059720 0.001759
v 0.019313 0.059640 0.001364
v 0.016737 0.059568 0.001018
v 0.014130 0.059479 0.000727
v 0.011529 0.059423 0.000478
v 0.008928 0.059369 0.000291
v 0.006314 0.059293 0.000157
v 0.003637 0.059217 0.000068
v 0.000984 0.059123 0.000015
v 0.001032 0.055419 0.000490
v -0.001603 0.055323 0.000497
v -0.004279 0.055226 0.000558
v -0.007015 0.055110 0.000673
v -0.009783 0.054990 0.000845
v -0.012585 0.054852 0.001056
v -0.015369 0.054715 0.001320
v -0.018144 0.054589 0.001615
v -0.020892 0.054449 0.001978
v -0.023599 0.054325 0.002381
v -0.026243 0.054204 0.002849
v -0.028814 0.054092 0.003354
v -0.031304 0.053990 0.003907
v -0.033694 0.053901 0.004500
v -0.035994 0.053819 0.005141
v -0.038181 0.053764 0.005821
v -0.040253 0.053713 0.006547
v -0.042200 0.053670 0.007307
v -0.044028 0.053654 0.008114
v -0.045732 0.053645 0.008944
v -0.047307 0.053644 0.009811
v -0.048749 0.053661 0.010722
v -0.050063 0.053684 0.011653
v -0.051247 0.053739 0.012609
v -0.052305 0.053780 0.013589
v -0.053213 0.053840 0.014590
v -0.053995 0.053905 0.015609
v -0.054648 0.053979 0.016649
v -0.055172 0.054066 0.017707
v -0.055568 0.054146 0.018761
v -0.055808 0.054235 0.019827
v -0.055943 0.054352 0.020923
v -0.055929 0.054448 0.021997
v -0.055805 0.054568 0.023089
v -0.055539 0.054669 0.024157
v -0.055133 0.054787 0.025234
v -0.054612 0.054910 0.026304
v -0.053948 0.055029 0.027358
v -0.053161 0.055162 0.028410
v -0.052253 0.055303 0.029451
v -0.051200 0.055428 0.030456
v -0.050032 0.055567 0.031450
v -0.048738 0.055713 0.032426
v -0.047302 0.055870 0.033382
v -0.045773 0.056019 0.034301
v -0.044103 0.056180 0.035197
v -0.042314 0.056352 0.036070
v -0.040428 0.056509 0.036887
v -0.038409 0.056679 0.037674
v -0.036306 0.056837 0.038404
v -0.034084 0.057028 0.039121
v -0.031799 0.057202 0.039771
v -0.029414 0.057368 0.040354
v -0.026958 0.057552 0.040897
v -0.024423 0.057717 0.041366
v -0.021863 0.057880 0.041783
v -0.019261 0.058040 0.042143
v -0.016630 0.058182 0.042447
v -0.013988 0.058329 0.042710
v -0.011362 0.058457 0.042939
v -0.008756 0.058551 0.043101
v -0.006149 0.058644 0.043246
v -0.003527 0.058731 0.043322
v -0.000899 0.058797 0.043363
v 0.001717 0.058857 0.043367
v 0.004369 0.058895 0.043334
v 0.007038 0.058937 0.043255
v 0.009748 0.058979 0.043162
v 0.012461 0.059010 0.043023
v 0.015150 0.059061 0.042843
v 0.017833 0.059113 0.042629
v 0.020480 0.059141 0.042369
v 0.023090 0.059175 0.042052
v 0.025640 0.059207 0.041707
v 0.028127 0.059230 0.041292
v 0.030540 0.059246 0.040844
v 0.032867 0.059242 0.040329
v 0.035099 0.059268 0.039795
v 0.037243 0.059251 0.039198
v 0.039271 0.059229 0.038548
v 0.041218 0.059235 0.037848
v 0.043025 0.059190 0.037117
v 0.044728 0.059160 0.036360
v 0.046324 0.059121 0.035545
v 0.047791 0.059083 0.034696
v 0.049146 0.059025 0.033810
v 0.050373 0.058978 0.032919
v 0.051485 0.058908 0.031963
v 0.052458 0.058841 0.031008
v 0.053331 0.058764 0.030002
v 0.054065 0.058696 0.028970
v 0.054685 0.058623 0.027969
v 0.055175 0.058541 0.026919
v 0.055550 0.058449 0.025864
v 0.055791 0.058372 0.024792
v 0.055914 0.058277 0.023725
v 0.055905 0.058195 0.022643
v 0.055786 0.058098 0.021569
v 0.055530 0.058022 0.020492
v 0.055163 0.057922 0.019420
v 0.054661 0.057830 0.018334
v 0.054048 0.057738 0.017307
v 0.053308 0.057640 0.016261
v 0.052449 0.057548 0.015228
v 0.051472 0.057452 0.014229
v 0.050369 0.057365 0.013235
v 0.049170 0.057274 0.012269
v 0.047846 0.057176 0.011335
v 0.046399 0.057084 0.010410
v 0.044837 0.056981 0.009531
v 0.043183 0.056880 0.008665
v 0.041416 0.056789 0.007838
v 0.039536 0.056687 0.007053
v 0.037574 0.056592 0.006303
v 0.035502 0.056503 0.005597
v 0.033377 0.056405 0.004909
v 0.031117 0.056313 0.004276
v 0.028818 0.056228 0.003696
v 0.026438 0.056135 0.003148
v 0.024017 0.056048 0.002655
v 0.021535 0.055959 0.002211
v 0.019020 0.055885 0.001809
v 0.016470 0.055831 0.001450
v 0.013910 0.055740 0.001180
v 0.011332 0.055677 0.000934
v 0.008783 0.055628 0.000747
v 0.006226 0.055572 0.000608
v 0.003649 0.055503 0.000527
v 0.001042 0.055417 0.000489
v 0.001088 0.051761 0.001013
v -0.001459 0.051685 0.001028
v -0.004070 0.051597 0.001098
v -0.006746 0.051493 0.001206
v -0.009431 0.051385 0.001365
v -0.012163 0.051271 0.001578
v -0.014893 0.051139 0.001835
v -0.017621 0.051029 0.002153
v -0.020299 0.050900 0.002509
v -0.022948 0.050778 0.002911
v -0.025536 0.050674 0.003361
v -0.028065 0.050571 0.003864
v -0.030500 0.050469 0.004409
v -0.032856 0.050387 0.004995
v -0.035115 0.050315 0.005635
v -0.037264 0.050258 0.006311
v -0.039314 0.050204 0.007036
v -0.041233 0.050186 0.007776
v -0.043031 0.050152 0.008577
v -0.044713 0.050143 0.009417
v -0.046274 0.050152 0.010268
v -0.047703 0.050178 0.011166
v -0.048986 0.050186 0.012079
v -0.050167 0.050228 0.013014
v -0.051218 0.050282 0.013994
v -0.052121 0.050348 0.014989
v -0.052894 0.050410 0.015996
v -0.053546 0.050482 0.017021
v -0.054060 0.050565 0.018064
v -0.054446 0.050652 0.019116
v -0.054703 0.050745 0.020177
v -0.054844 0.050846 0.021246
v -0.054833 0.050940 0.022307
v -0.054689 0.051041 0.023372
v -0.054433 0.051157 0.024445
v -0.054044 0.051272 0.025509
v -0.053526 0.051395 0.026570
v -0.052872 0.051518 0.027618
v -0.052101 0.051646 0.028656
v -0.051197 0.051771 0.029672
v -0.050161 0.051910 0.030682
v -0.048998 0.052042 0.031663
v -0.047729 0.052180 0.032622
v -0.046327 0.052338 0.033575
v -0.044797 0.052472 0.034474
v -0.043177 0.052629 0.035361
v -0.041394 0.052798 0.036225
v -0.039540 0.052948 0.037031
v -0.037569 0.053106 0.037802
v -0.035495 0.053275 0.038540
v -0.033313 0.053440 0.039228
v -0.031059 0.053621 0.039881
v -0.028726 0.053780 0.040458
v -0.026317 0.053955 0.040997
v -0.023856 0.054106 0.041463
v -0.021337 0.054261 0.041900
v -0.018801 0.054408 0.042221
v -0.016222 0.054568 0.042565
v -0.013648 0.054690 0.042823
v -0.011069 0.054794 0.043033
v -0.008534 0.054888 0.043213
v -0.006002 0.054975 0.043341
v -0.003472 0.055048 0.043426
v -0.000954 0.055093 0.043477
v 0.001606 0.055125 0.043478
v 0.004194 0.055167 0.043427
v 0.006812 0.055208 0.043378
v 0.009463 0.055250 0.043268
v 0.012108 0.055290 0.043113
v 0.014768 0.055324 0.042939
v 0.017398 0.055365 0.042711
v 0.020000 0.055400 0.042444
v 0.022554 0.055417 0.042130
v 0.025062 0.055443 0.041768
v 0.027510 0.055465 0.041363
v 0.029881 0.055480 0.040909
v 0.032182 0.055479 0.040422
v 0.034383 0.055484 0.039854
v 0.036494 0.055479 0.039267
v 0.038498 0.055459 0.038623
v 0.040403 0.055440 0.037945
v 0.042203 0.055421 0.037216
v 0.043898 0.055393 0.036460
v 0.045464 0.055336 0.035658
v 0.046920 0.055295 0.034813
v 0.048281 0.055240 0.033946
v 0.049495 0.055187 0.033049
v 0.050587 0.055132 0.032108
v 0.051552 0.055067 0.031154
v 0.052409 0.054982 0.030186
v 0.053143 0.054911 0.029182
v 0.053754 0.054848 0.028166
v 0.054243 0.054768 0.027132
v 0.054609 0.054685 0.026091
v 0.054855 0.054587 0.025033
v 0.054961 0.054513 0.023968
v 0.054968 0.054429 0.022922
v 0.054833 0.054334 0.021854
v 0.054593 0.054249 0.020777
v 0.054239 0.054156 0.019727
v 0.053753 0.054066 0.018673
v 0.053147 0.053976 0.017623
v 0.052421 0.053893 0.016596
v 0.051569 0.053800 0.015585
v 0.050602 0.053691 0.014585
v 0.049529 0.053601 0.013605
v 0.048325 0.053509 0.012638
v 0.047020 0.053418 0.011718
v 0.045586 0.053314 0.010807
v 0.044059 0.053229 0.009927
v 0.042413 0.053132 0.009084
v 0.040671 0.053034 0.008262
v 0.038824 0.052950 0.007488
v 0.036889 0.052859 0.006742
v 0.034852 0.052752 0.006040
v 0.032731 0.052664 0.005374
v 0.030542 0.052586 0.004745
v 0.028268 0.052486 0.004170
v 0.025935 0.052402 0.003627
v 0.023553 0.052321 0.003142
v 0.021115 0.052243 0.002699
v 0.018643 0.052162 0.002308
v 0.016124 0.052089 0.001967
v 0.013621 0.052035 0.001679
v 0.011112 0.051972 0.001439
v 0.008600 0.051915 0.001244
v 0.006110 0.051880 0.001131
v 0.003618 0.051825 0.001043
v 0.001090 0.051758 0.001006
v 0.001124 0.048152 0.001578
v -0.001315 0.048091 0.001597
v -0.003850 0.048023 0.001664
v -0.006423 0.047951 0.001784
v -0.009050 0.047865 0.001953
v -0.011688 0.047740 0.002151
v -0.014342 0.047642 0.002423
v -0.016983 0.047528 0.002727
v -0.019605 0.047415 0.003076
v -0.022184 0.047306 0.003477
v -0.024709 0.047206 0.003931
v -0.027170 0.047105 0.004419
v -0.029562 0.047034 0.004960
v -0.031869 0.046940 0.005539
v -0.034073 0.046881 0.006172
v -0.036174 0.046823 0.006839
v -0.038176 0.046779 0.007547
v -0.040061 0.046753 0.008310
v -0.041839 0.046736 0.009088
v -0.043499 0.046738 0.009884
v -0.045023 0.046744 0.010738
v -0.046440 0.046758 0.011627
v -0.047718 0.046787 0.012532
v -0.048874 0.046823 0.013462
v -0.049913 0.046862 0.014422
v -0.050802 0.046931 0.015403
v -0.051565 0.046987 0.016390
v -0.052194 0.047059 0.017402
v -0.052726 0.047145 0.018437
v -0.053118 0.047220 0.019464
v -0.053365 0.047308 0.020508
v -0.053510 0.047409 0.021565
v -0.053498 0.047511 0.022621
v -0.053353 0.047616 0.023678
v -0.053118 0.047728 0.024735
v -0.052737 0.047836 0.025780
v -0.052206 0.047948 0.026819
v -0.051601 0.048070 0.027855
v -0.050815 0.048175 0.028859
v -0.049924 0.048328 0.029893
v -0.048920 0.048444 0.030869
v -0.047782 0.048578 0.031841
v -0.046524 0.048724 0.032801
v -0.045149 0.048869 0.033731
v -0.043658 0.049005 0.034625
v -0.042048 0.049159 0.035504
v -0.040323 0.049310 0.036341
v -0.038496 0.049450 0.037132
v -0.036554 0.049617 0.037908
v -0.034532 0.049786 0.038642
v -0.032407 0.049940 0.039314
v -0.030193 0.050108 0.039951
v -0.027927 0.050231 0.040492
v -0.025573 0.050399 0.041037
v -0.023174 0.050566 0.041506
v -0.020714 0.050697 0.041913
v -0.018243 0.050854 0.042295
v -0.015743 0.050976 0.042603
v -0.013235 0.051084 0.042861
v -0.010743 0.051191 0.043090
v -0.008278 0.051274 0.043269
v -0.005846 0.051342 0.043392
v -0.003402 0.051380 0.043486
v -0.000983 0.051418 0.043530
v 0.001476 0.051442 0.043528
v 0.004004 0.051481 0.043488
v 0.006562 0.051509 0.043419
v 0.009137 0.051545 0.043308
v 0.011725 0.051578 0.043157
v 0.014320 0.051616 0.042971
v 0.016881 0.051650 0.042739
v 0.019425 0.051670 0.042474
v 0.021929 0.051695 0.042148
v 0.024380 0.051720 0.041796
v 0.026780 0.051738 0.041397
v 0.029104 0.051742 0.040939
v 0.031344 0.051746 0.040434
v 0.033522 0.051738 0.039885
v 0.035587 0.051727 0.039293
v 0.037568 0.051720 0.038663
v 0.039447 0.051693 0.037997
v 0.041224 0.051679 0.037282
v 0.042877 0.051631 0.036517
v 0.044435 0.051595 0.035729
v 0.045860 0.051549 0.034898
v 0.047182 0.051496 0.034050
v 0.048398 0.051436 0.033161
v 0.049475 0.051376 0.032238
v 0.050453 0.051308 0.031269
v 0.051296 0.051249 0.030339
v 0.052021 0.051176 0.029352
v 0.052630 0.051096 0.028344
v 0.053107 0.051023 0.027327
v 0.053471 0.050933 0.026294
v 0.053725 0.050859 0.025261
v 0.053851 0.050771 0.024213
v 0.053850 0.050694 0.023169
v 0.053732 0.050594 0.022117
v 0.053490 0.050510 0.021061
v 0.053125 0.050427 0.020017
v 0.052649 0.050335 0.018989
v 0.052055 0.050248 0.017962
v 0.051334 0.050149 0.016954
v 0.050484 0.050064 0.015923
v 0.049557 0.049972 0.014952
v 0.048500 0.049883 0.013989
v 0.047312 0.049790 0.013038
v 0.046017 0.049699 0.012119
v 0.044616 0.049613 0.011231
v 0.043104 0.049516 0.010372
v 0.041489 0.049423 0.009521
v 0.039772 0.049331 0.008717
v 0.037964 0.049241 0.007939
v 0.036052 0.049150 0.007218
v 0.034074 0.049061 0.006522
v 0.031985 0.048966 0.005870
v 0.029850 0.048882 0.005237
v 0.027610 0.048803 0.004666
v 0.025324 0.048721 0.004148
v 0.022993 0.048640 0.003670
v 0.020619 0.048563 0.003226
v 0.018193 0.048495 0.002852
v 0.015740 0.048425 0.002513
v 0.013291 0.048365 0.002220
v 0.010836 0.048309 0.001998
v 0.008396 0.048270 0.001809
v 0.005972 0.048230 0.001684
v 0.003564 0.048193 0.001601
v 0.001139 0.048160 0.001573
v 0.001191 0.044592 0.002185
v -0.001162 0.044555 0.002209
v -0.003622 0.044500 0.002280
v -0.006094 0.044438 0.002397
v -0.008621 0.044366 0.002558
v -0.011170 0.044273 0.002775
v -0.013746 0.044189 0.003041
v -0.016283 0.044078 0.003335
v -0.018826 0.043993 0.003690
v -0.021319 0.043900 0.004079
v -0.023763 0.043799 0.004527
v -0.026170 0.043724 0.005014
v -0.028494 0.043650 0.005550
v -0.030731 0.043584 0.006119
v -0.032882 0.043521 0.006747
v -0.034945 0.043477 0.007398
v -0.036913 0.043430 0.008100
v -0.038753 0.043419 0.008839
v -0.040483 0.043400 0.009610
v -0.042101 0.043404 0.010408
v -0.043613 0.043401 0.011245
v -0.044990 0.043421 0.012118
v -0.046270 0.043448 0.013005
v -0.047399 0.043486 0.013923
v -0.048395 0.043537 0.014866
v -0.049293 0.043593 0.015832
v -0.050048 0.043654 0.016809
v -0.050685 0.043722 0.017805
v -0.051183 0.043803 0.018819
v -0.051574 0.043874 0.019827
v -0.051850 0.043974 0.020869
v -0.051966 0.044042 0.021879
v -0.051965 0.044160 0.022936
v -0.051853 0.044257 0.023971
v -0.051598 0.044354 0.024999
v -0.051218 0.044476 0.026045
v -0.050712 0.044580 0.027062
v -0.050104 0.044700 0.028083
v -0.049354 0.044817 0.029085
v -0.048491 0.044954 0.030090
v -0.047497 0.045066 0.031050
v -0.046392 0.045203 0.032014
v -0.045139 0.045329 0.032942
v -0.043821 0.045463 0.033853
v -0.042333 0.045614 0.034750
v -0.040772 0.045750 0.035601
v -0.039099 0.045895 0.036426
v -0.037300 0.046038 0.037213
v -0.035390 0.046185 0.037964
v -0.033442 0.046331 0.038668
v -0.031373 0.046491 0.039342
v -0.029231 0.046647 0.039963
v -0.027018 0.046793 0.040528
v -0.024741 0.046929 0.041035
v -0.022408 0.047071 0.041503
v -0.020043 0.047207 0.041920
v -0.017637 0.047324 0.042277
v -0.015222 0.047446 0.042601
v -0.012805 0.047539 0.042860
v -0.010402 0.047629 0.043085
v -0.008010 0.047695 0.043260
v -0.005664 0.047742 0.043394
v -0.003356 0.047762 0.043474
v -0.001033 0.047784 0.043518
v 0.001365 0.047804 0.043524
v 0.003811 0.047835 0.043496
v 0.006294 0.047861 0.043407
v 0.008798 0.047890 0.043287
v 0.011302 0.047916 0.043142
v 0.013828 0.047948 0.042949
v 0.016309 0.047971 0.042709
v 0.018784 0.047996 0.042437
v 0.021219 0.048030 0.042128
v 0.023613 0.048027 0.041757
v 0.025948 0.048038 0.041359
v 0.028225 0.048047 0.040912
v 0.030410 0.048057 0.040407
v 0.032534 0.048040 0.039867
v 0.034559 0.048037 0.039281
v 0.036514 0.048020 0.038663
v 0.038346 0.047990 0.037984
v 0.040081 0.047957 0.037296
v 0.041716 0.047924 0.036538
v 0.043240 0.047872 0.035762
v 0.044653 0.047832 0.034949
v 0.045957 0.047782 0.034118
v 0.047133 0.047735 0.033224
v 0.048217 0.047668 0.032335
v 0.049168 0.047622 0.031410
v 0.050003 0.047540 0.030461
v 0.050728 0.047474 0.029491
v 0.051317 0.047402 0.028513
v 0.051812 0.047323 0.027499
v 0.052175 0.047241 0.026492
v 0.052410 0.047169 0.025471
v 0.052534 0.047078 0.024449
v 0.052541 0.046987 0.023420
v 0.052420 0.046911 0.022378
v 0.052193 0.046820 0.021344
v 0.051843 0.046738 0.020326
v 0.051350 0.046647 0.019302
v 0.050787 0.046546 0.018280
v 0.050081 0.046470 0.017307
v 0.049270 0.046384 0.016320
v 0.048328 0.046304 0.015341
v 0.047286 0.046205 0.014393
v 0.046129 0.046122 0.013458
v 0.044857 0.046027 0.012548
v 0.043489 0.045943 0.011676
v 0.042004 0.045843 0.010821
v 0.040454 0.045763 0.009989
v 0.038761 0.045673 0.009228
v 0.036978 0.045578 0.008442
v 0.035111 0.045494 0.007734
v 0.033165 0.045413 0.007038
v 0.031133 0.045327 0.006408
v 0.029038 0.045239 0.005784
v 0.026846 0.045164 0.005219
v 0.024639 0.045084 0.004697
v 0.022364 0.045008 0.004235
v 0.020051 0.044943 0.003808
v 0.017693 0.044866 0.003415
v 0.015326 0.044810 0.003096
v 0.012944 0.044762 0.002818
v 0.010555 0.044703 0.002591
v 0.008177 0.044665 0.002408
v 0.005829 0.044634 0.002284
v 0.003507 0.044608 0.002201
v 0.001192 0.044585 0.002179
v 0.001203 0.041113 0.002835
v -0.001050 0.041078 0.002868
v -0.003384 0.041053 0.002944
v -0.005764 0.040999 0.003063
v -0.008186 0.040948 0.003228
v -0.010624 0.040877 0.003442
v -0.013094 0.040801 0.003694
v -0.015556 0.040708 0.004008
v -0.017995 0.040637 0.004350
v -0.020383 0.040566 0.004736
v -0.022772 0.040482 0.005177
v -0.025068 0.040415 0.005656
v -0.027332 0.040355 0.006184
v -0.029491 0.040290 0.006750
v -0.031599 0.040247 0.007352
v -0.033603 0.040205 0.008006
v -0.035500 0.040173 0.008690
v -0.037297 0.040148 0.009404
v -0.038992 0.040146 0.010169
v -0.040587 0.040137 0.010959
v -0.042040 0.040151 0.011779
v -0.043405 0.040169 0.012638
v -0.044638 0.040206 0.013504
v -0.045746 0.040237 0.014405
v -0.046737 0.040281 0.015329
v -0.047629 0.040330 0.016269
v -0.048369 0.040393 0.017233
v -0.048993 0.040468 0.018218
v -0.049501 0.040539 0.019205
v -0.049871 0.040620 0.020208
v -0.050113 0.040703 0.021215
v -0.050251 0.040787 0.022224
v -0.050267 0.040883 0.023244
v -0.050144 0.040985 0.024268
v -0.049899 0.041088 0.025285
v -0.049520 0.041186 0.026291
v -0.049055 0.041303 0.027304
v -0.048451 0.041404 0.028291
v -0.047722 0.041508 0.029265
v -0.046876 0.041647 0.030258
v -0.045913 0.041771 0.031217
v -0.044817 0.041886 0.032146
v -0.043629 0.042015 0.033064
v -0.042321 0.042139 0.033952
v -0.040893 0.042268 0.034816
v -0.039362 0.042418 0.035669
v -0.037725 0.042545 0.036468
v -0.035987 0.042679 0.037237
v -0.034180 0.042822 0.037977
v -0.032254 0.042968 0.038674
v -0.030252 0.043104 0.039318
v -0.028173 0.043240 0.039918
v -0.026029 0.043373 0.040470
v -0.023836 0.043506 0.040979
v -0.021588 0.043634 0.041439
v -0.019307 0.043759 0.041857
v -0.016993 0.043858 0.042209
v -0.014684 0.043961 0.042531
v -0.012347 0.044040 0.042795
v -0.010025 0.044109 0.043018
v -0.007744 0.044158 0.043197
v -0.005496 0.044189 0.043324
v -0.003266 0.044197 0.043416
v -0.001024 0.044211 0.043462
v 0.001269 0.044240 0.043454
v 0.003621 0.044242 0.043422
v 0.006011 0.044266 0.043360
v 0.008423 0.044283 0.043230
v 0.010835 0.044315 0.043073
v 0.013283 0.044341 0.042881
v 0.015698 0.044356 0.042628
v 0.018087 0.044377 0.042367
v 0.020452 0.044384 0.042047
v 0.022783 0.044394 0.041693
v 0.025039 0.044408 0.041288
v 0.027252 0.044404 0.040820
v 0.029384 0.044403 0.040359
v 0.031446 0.044392 0.039805
v 0.033433 0.044385 0.039230
v 0.035327 0.044364 0.038610
v 0.037120 0.044344 0.037955
v 0.038813 0.044308 0.037261
v 0.040424 0.044275 0.036529
v 0.041914 0.044233 0.035774
v 0.043308 0.044187 0.034976
v 0.044569 0.044126 0.034148
v 0.045740 0.044080 0.033291
v 0.046795 0.043995 0.032393
v 0.047746 0.043948 0.031477
v 0.048554 0.043892 0.030564
v 0.049277 0.043818 0.029614
v 0.049861 0.043749 0.028654
v 0.050337 0.043677 0.027658
v 0.050696 0.043594 0.026665
v 0.050939 0.043532 0.025675
v 0.051075 0.043442 0.024668
v 0.051081 0.043354 0.023657
v 0.050952 0.043268 0.022643
v 0.050738 0.043185 0.021632
v 0.050409 0.043104 0.020615
v 0.049949 0.043031 0.019625
v 0.049366 0.042928 0.018630
v 0.048677 0.042851 0.017647
v 0.047879 0.042762 0.016678
v 0.046969 0.042671 0.015722
v 0.045955 0.042585 0.014803
v 0.044812 0.042497 0.013888
v 0.043576 0.042417 0.013012
v 0.042237 0.042320 0.012141
v 0.040795 0.042240 0.011296
v 0.039246 0.042152 0.010492
v 0.037604 0.042072 0.009723
v 0.035881 0.041988 0.008962
v 0.034055 0.041909 0.008263
v 0.032170 0.041821 0.007581
v 0.030197 0.041729 0.006955
v 0.028160 0.041662 0.006362
v 0.026051 0.041586 0.005806
v 0.023889 0.041508 0.005310
v 0.021686 0.041444 0.004837
v 0.019437 0.041378 0.004417
v 0.017168 0.041318 0.004049
v 0.014867 0.041260 0.003716
v 0.012568 0.041213 0.003454
v 0.010261 0.041161 0.003226
v 0.007979 0.041140 0.003049
v 0.005698 0.041113 0.002932
v 0.003452 0.041095 0.002863
v 0.001210 0.041097 0.002845
v 0.001208 0.037659 0.003542
v -0.000978 0.037658 0.003563
v -0.003190 0.037641 0.003654
v -0.005465 0.037624 0.003767
v -0.007774 0.037586 0.003932
v -0.010106 0.037540 0.004151
v -0.012448 0.037479 0.004403
v -0.014802 0.037413 0.004702
v -0.017126 0.037372 0.005051
v -0.019456 0.037314 0.005445
v -0.021717 0.037246 0.005858
v -0.023954 0.037176 0.006337
v -0.026110 0.037124 0.006850
v -0.028205 0.037079 0.007409
v -0.030232 0.037043 0.008003
v -0.032157 0.036994 0.008632
v -0.033997 0.036981 0.009331
v -0.035770 0.036962 0.010011
v -0.037393 0.036964 0.010753
v -0.038937 0.036972 0.011527
v -0.040366 0.036980 0.012334
v -0.041693 0.036998 0.013164
v -0.042882 0.037026 0.014027
v -0.043987 0.037064 0.014905
v -0.044951 0.037102 0.015803
v -0.045803 0.037166 0.016737
v -0.046543 0.037227 0.017680
v -0.047157 0.037280 0.018623
v -0.047645 0.037353 0.019594
v -0.048014 0.037438 0.020581
v -0.048271 0.037511 0.021561
v -0.048408 0.037602 0.022557
v -0.048411 0.037689 0.023550
v -0.048293 0.037795 0.024559
v -0.048071 0.037880 0.025540
v -0.047716 0.037977 0.026527
v -0.047254 0.038078 0.027507
v -0.046674 0.038191 0.028489
v -0.045947 0.038307 0.029459
v -0.045139 0.038410 0.030399
v -0.044203 0.038527 0.031336
v -0.043149 0.038646 0.032253
v -0.041984 0.038769 0.033151
v -0.040713 0.038897 0.034030
v -0.039327 0.039025 0.034880
v -0.037851 0.039140 0.035688
v -0.036264 0.039296 0.036503
v -0.034595 0.039405 0.037238
v -0.032833 0.039534 0.037953
v -0.030964 0.039654 0.038618
v -0.029043 0.039781 0.039249
v -0.027059 0.039909 0.039839
v -0.025003 0.040035 0.040387
v -0.022891 0.040154 0.040887
v -0.020740 0.040247 0.041318
v -0.018552 0.040359 0.041733
v -0.016328 0.040460 0.042100
v -0.014103 0.040530 0.042404
v -0.011891 0.040592 0.042667
v -0.009692 0.040654 0.042903
v -0.007501 0.040682 0.043077
v -0.005349 0.040696 0.043209
v -0.003182 0.040697 0.043290
v -0.001001 0.040715 0.043340
v 0.001205 0.040717 0.043336
v 0.003449 0.040705 0.043311
v 0.005748 0.040748 0.043235
v 0.008073 0.040755 0.043112
v 0.010392 0.040779 0.042953
v 0.012736 0.040784 0.042759
v 0.015059 0.040807 0.042529
v 0.017372 0.040811 0.042254
v 0.019649 0.040820 0.041929
v 0.021884 0.040838 0.041571
v 0.024075 0.040840 0.041170
v 0.026217 0.040834 0.040735
v 0.028286 0.040835 0.040230
v 0.030279 0.040819 0.039707
v 0.032208 0.040795 0.039126
v 0.034049 0.040780 0.038524
v 0.035801 0.040751 0.037886
v 0.037455 0.040722 0.037216
v 0.039003 0.040685 0.036487
v 0.040468 0.040646 0.035731
v 0.041840 0.040589 0.034963
v 0.043066 0.040546 0.034139
v 0.044221 0.040491 0.033320
v 0.045252 0.040434 0.032446
v 0.046167 0.040373 0.031551
v 0.046980 0.040320 0.030650
v 0.047677 0.040245 0.029712
v 0.048271 0.040181 0.028769
v 0.048732 0.040093 0.027807
v 0.049096 0.040026 0.026838
v 0.049325 0.039951 0.025863
v 0.049450 0.039870 0.024870
v 0.049466 0.039775 0.023897
v 0.049370 0.039708 0.022895
v 0.049140 0.039626 0.021910
v 0.048815 0.039543 0.020918
v 0.048371 0.039458 0.019949
v 0.047811 0.039376 0.018978
v 0.047137 0.039288 0.018022
v 0.046368 0.039209 0.017068
v 0.045476 0.039124 0.016139
v 0.044490 0.039037 0.015218
v 0.043384 0.038953 0.014345
v 0.042188 0.038882 0.013458
v 0.040874 0.038782 0.012623
v 0.039479 0.038706 0.011804
v 0.037975 0.038622 0.011026
v 0.036387 0.038543 0.010257
v 0.034706 0.038462 0.009523
v 0.032953 0.038382 0.008831
v 0.031108 0.038310 0.008174
v 0.029198 0.038236 0.007555
v 0.027217 0.038154 0.006975
v 0.025190 0.038093 0.006435
v 0.023109 0.038021 0.005940
v 0.020965 0.037955 0.005487
v 0.018810 0.037896 0.005080
v 0.016621 0.037841 0.004718
v 0.014402 0.037781 0.004409
v 0.012196 0.037749 0.004133
v 0.009975 0.037708 0.003913
v 0.007778 0.037693 0.003748
v 0.005571 0.037665 0.003635
v 0.003394 0.037661 0.003561
v 0.001212 0.037661 0.003541
v 0.001208 0.034303 0.004288
v -0.000923 0.034316 0.004304
v -0.003051 0.034308 0.004391
v -0.005199 0.034312 0.004512
v -0.007382 0.034299 0.004676
v -0.009596 0.034283 0.004894
v -0.011817 0.034232 0.005141
v -0.014060 0.034197 0.005431
v -0.016279 0.034147 0.005771
v -0.018489 0.034094 0.006161
v -0.020657 0.034054 0.006580
v -0.022786 0.034013 0.007041
v -0.024858 0.033973 0.007545
v -0.026868 0.033944 0.008088
v -0.028808 0.033918 0.008678
v -0.030666 0.033880 0.009304
v -0.032442 0.033869 0.009958
v -0.034124 0.033863 0.010639
v -0.035711 0.033854 0.011370
v -0.037210 0.033860 0.012119
v -0.038591 0.033881 0.012918
v -0.039866 0.033898 0.013714
v -0.041040 0.033955 0.014573
v -0.042102 0.033974 0.015420
v -0.043057 0.034022 0.016305
v -0.043885 0.034076 0.017209
v -0.044600 0.034111 0.018104
v -0.045201 0.034194 0.019056
v -0.045677 0.034265 0.020005
v -0.046051 0.034338 0.020958
v -0.046295 0.034412 0.021916
v -0.046432 0.034492 0.022882
v -0.046445 0.034584 0.023860
v -0.046341 0.034669 0.024826
v -0.046134 0.034769 0.025803
v -0.045775 0.034857 0.026760
v -0.045350 0.034958 0.027721
v -0.044771 0.035069 0.028681
v -0.044084 0.035167 0.029615
v -0.043269 0.035271 0.030539
v -0.042387 0.035363 0.031432
v -0.041370 0.035480 0.032332
v -0.040260 0.035597 0.033209
v -0.039016 0.035718 0.034066
v -0.037703 0.035834 0.034890
v -0.036254 0.035945 0.035679
v -0.034747 0.036067 0.036449
v -0.033155 0.036184 0.037179
v -0.031422 0.036305 0.037878
v -0.029666 0.036427 0.038540
v -0.027824 0.036499 0.039112
v -0.025913 0.036643 0.039719
v -0.023955 0.036758 0.040258
v -0.021920 0.036844 0.040729
v -0.019876 0.036943 0.041177
v -0.017788 0.037030 0.041575
v -0.015687 0.037099 0.041923
v -0.013576 0.037163 0.042233
v -0.011465 0.037214 0.042502
v -0.009361 0.037236 0.042713
v -0.007281 0.037262 0.042896
v -0.005182 0.037269 0.043023
v -0.003067 0.037278 0.043112
v -0.000942 0.037285 0.043164
v 0.001182 0.037287 0.043172
v 0.003339 0.037293 0.043132
v 0.005523 0.037301 0.043055
v 0.007736 0.037316 0.042944
v 0.009960 0.037317 0.042785
v 0.012200 0.037313 0.042597
v 0.014427 0.037326 0.042345
v 0.016637 0.037338 0.042079
v 0.018832 0.037347 0.041764
v 0.020983 0.037350 0.041394
v 0.023089 0.037346 0.041020
v 0.025150 0.037345 0.040568
v 0.027139 0.037326 0.040090
v 0.029073 0.037307 0.039565
v 0.030926 0.037292 0.039008
v 0.032715 0.037270 0.038400
v 0.034406 0.037246 0.037776
v 0.036005 0.037201 0.037104
v 0.037522 0.037158 0.036413
v 0.038942 0.037141 0.035674
v 0.040259 0.037094 0.034907
v 0.041463 0.037049 0.034118
v 0.042595 0.036985 0.033293
v 0.043602 0.036928 0.032444
v 0.044500 0.036869 0.031580
v 0.045293 0.036800 0.030700
v 0.045974 0.036744 0.029798
v 0.046544 0.036667 0.028871
v 0.046998 0.036588 0.027943
v 0.047354 0.036520 0.026986
v 0.047595 0.036449 0.026043
v 0.047718 0.036370 0.025081
v 0.047737 0.036308 0.024114
v 0.047658 0.036219 0.023146
v 0.047430 0.036128 0.022181
v 0.047112 0.036059 0.021219
v 0.046684 0.035972 0.020269
v 0.046145 0.035895 0.019320
v 0.045505 0.035820 0.018391
v 0.044746 0.035733 0.017463
v 0.043885 0.035652 0.016552
v 0.042925 0.035578 0.015668
v 0.041853 0.035486 0.014785
v 0.040690 0.035418 0.013947
v 0.039433 0.035331 0.013127
v 0.038074 0.035247 0.012326
v 0.036623 0.035168 0.011558
v 0.035089 0.035098 0.010806
v 0.033457 0.035033 0.010109
v 0.031764 0.034948 0.009436
v 0.030009 0.034880 0.008799
v 0.028156 0.034815 0.008188
v 0.026257 0.034731 0.007616
v 0.024298 0.034674 0.007098
v 0.022293 0.034594 0.006614
v 0.020252 0.034551 0.006173
v 0.018166 0.034508 0.005769
v 0.016061 0.034454 0.005425
v 0.013955 0.034408 0.005121
v 0.011834 0.034380 0.004861
v 0.009705 0.034344 0.004651
v 0.007587 0.034325 0.004492
v 0.005468 0.034323 0.004370
v 0.003337 0.034318 0.004301
v 0.001209 0.034307 0.004278
v 0.001205 0.031043 0.005071
v -0.000868 0.031047 0.005096
v -0.002935 0.031059 0.005189
v -0.004990 0.031063 0.005291
v -0.007050 0.031068 0.005449
v -0.009134 0.031064 0.005669
v -0.011223 0.031048 0.005911
v -0.013352 0.031030 0.006203
v -0.015461 0.030991 0.006544
v -0.017545 0.030972 0.006916
v -0.019614 0.030945 0.007331
v -0.021621 0.030935 0.007786
v -0.023601 0.030896 0.008283
v -0.025517 0.030868 0.008804
v -0.027371 0.030852 0.009388
v -0.029147 0.030839 0.009979
v -0.030854 0.030837 0.010626
v -0.032476 0.030827 0.011299
v -0.034003 0.030831 0.012000
v -0.035431 0.030843 0.012736
v -0.036759 0.030859 0.013508
v -0.038002 0.030885 0.014290
v -0.039144 0.030921 0.015108
v -0.040160 0.030965 0.015950
v -0.041079 0.031005 0.016805
v -0.041886 0.031051 0.017676
v -0.042580 0.031106 0.018568
v -0.043167 0.031171 0.019479
v -0.043629 0.031228 0.020388
v -0.044004 0.031303 0.021322
v -0.044239 0.031384 0.022264
v -0.044379 0.031469 0.023211
v -0.044374 0.031540 0.024144
v -0.044293 0.031606 0.025069
v -0.044090 0.031721 0.026039
v -0.043769 0.031805 0.026970
v -0.043335 0.031907 0.027911
v -0.042785 0.032016 0.028847
v -0.042137 0.032093 0.029740
v -0.041364 0.032195 0.030643
v -0.040503 0.032312 0.031543
v -0.039532 0.032405 0.032401
v -0.038465 0.032509 0.033247
v -0.037284 0.032619 0.034076
v -0.036007 0.032716 0.034866
v -0.034645 0.032833 0.035647
v -0.033202 0.032929 0.036378
v -0.031651 0.033036 0.037087
v -0.030026 0.033141 0.037761
v -0.028338 0.033249 0.038403
v -0.026570 0.033338 0.038989
v -0.024753 0.033445 0.039558
v -0.022900 0.033536 0.040076
v -0.020981 0.033612 0.040543
v -0.019024 0.033693 0.040982
v -0.017065 0.033747 0.041358
v -0.015079 0.033814 0.041716
v -0.013076 0.033854 0.042017
v -0.011086 0.033874 0.042267
v -0.009075 0.033903 0.042491
v -0.007052 0.033909 0.042653
v -0.005009 0.033930 0.042792
v -0.002940 0.033947 0.042881
v -0.000878 0.033938 0.042933
v 0.001193 0.033948 0.042938
v 0.003259 0.033947 0.042890
v 0.005335 0.033962 0.042828
v 0.007436 0.033948 0.042720
v 0.009564 0.033954 0.042565
v 0.011690 0.033947 0.042356
v 0.013805 0.033950 0.042122
v 0.015946 0.033955 0.041861
v 0.018013 0.033957 0.041548
v 0.020069 0.033956 0.041195
v 0.022098 0.033954 0.040802
v 0.024061 0.033953 0.040365
v 0.025978 0.033924 0.039907
v 0.027836 0.033907 0.039372
v 0.029619 0.033872 0.038833
v 0.031346 0.033854 0.038242
v 0.032970 0.033824 0.037626
v 0.034515 0.033785 0.036980
v 0.035979 0.033749 0.036282
v 0.037366 0.033712 0.035581
v 0.038628 0.033667 0.034833
v 0.039805 0.033636 0.034062
v 0.040888 0.033563 0.033269
v 0.041869 0.033506 0.032445
v 0.042742 0.033449 0.031593
v 0.043518 0.033390 0.030736
v 0.044182 0.033332 0.029856
v 0.044735 0.033258 0.028961
v 0.045183 0.033183 0.028044
v 0.045530 0.033118 0.027134
v 0.045770 0.033030 0.026199
v 0.045899 0.032965 0.025268
v 0.045909 0.032907 0.024321
v 0.045822 0.032805 0.023392
v 0.045627 0.032753 0.022457
v 0.045322 0.032668 0.021525
v 0.044912 0.032573 0.020596
v 0.044394 0.032513 0.019651
v 0.043771 0.032435 0.018771
v 0.043046 0.032355 0.017863
v 0.042222 0.032286 0.016983
v 0.041279 0.032202 0.016123
v 0.040261 0.032118 0.015281
v 0.039137 0.032045 0.014444
v 0.037926 0.031969 0.013651
v 0.036615 0.031897 0.012876
v 0.035220 0.031813 0.012123
v 0.033744 0.031744 0.011408
v 0.032185 0.031673 0.010726
v 0.030560 0.031614 0.010065
v 0.028849 0.031540 0.009445
v 0.027095 0.031477 0.008852
v 0.025258 0.031412 0.008310
v 0.023390 0.031352 0.007793
v 0.021476 0.031299 0.007320
v 0.019524 0.031249 0.006891
v 0.017543 0.031201 0.006512
v 0.015535 0.031155 0.006173
v 0.013519 0.031125 0.005879
v 0.011490 0.031094 0.005625
v 0.009460 0.031076 0.005416
v 0.007411 0.031063 0.005259
v 0.005349 0.031058 0.005154
v 0.003282 0.031055 0.005093
v 0.001208 0.031051 0.005065
v 0.001215 0.027888 0.005904
v -0.000803 0.027890 0.005913
v -0.002811 0.027890 0.005992
v -0.004806 0.027902 0.006107
v -0.006806 0.027918 0.006280
v -0.008737 0.027926 0.006477
v -0.010724 0.027945 0.006726
v -0.012708 0.027930 0.007010
v -0.014687 0.027918 0.007327
v -0.016655 0.027920 0.007702
v -0.018590 0.027900 0.008112
v -0.020496 0.027888 0.008549
v -0.022381 0.027880 0.009031
v -0.024188 0.027869 0.009549
v -0.025949 0.027863 0.010112
v -0.027638 0.027870 0.010704
v -0.029266 0.027869 0.011321
v -0.030814 0.027880 0.011966
v -0.032256 0.027881 0.012646
v -0.033649 0.027898 0.013372
v -0.034924 0.027921 0.014117
v -0.036106 0.027956 0.014884
v -0.037185 0.027986 0.015671
v -0.038177 0.028022 0.016480
v -0.039062 0.028061 0.017306
v -0.039849 0.028128 0.018172
v -0.040506 0.028173 0.019028
v -0.041083 0.028223 0.019898
v -0.041548 0.028296 0.020797
v -0.041886 0.028380 0.021714
v -0.042138 0.028434 0.022603
v -0.042266 0.028523 0.023530
v -0.042290 0.028596 0.024439
v -0.042186 0.028665 0.025344
v -0.042000 0.028752 0.026260
v -0.041706 0.028835 0.027167
v -0.041290 0.028934 0.028083
v -0.040772 0.029008 0.028961
v -0.040163 0.029102 0.029849
v -0.039423 0.029200 0.030726
v -0.038592 0.029290 0.031580
v -0.037657 0.029388 0.032423
v -0.036631 0.029484 0.033242
v -0.035511 0.029569 0.034028
v -0.034300 0.029676 0.034810
v -0.033004 0.029770 0.035553
v -0.031621 0.029871 0.036275
v -0.030159 0.029972 0.036968
v -0.028613 0.030054 0.037610
v -0.027014 0.030139 0.038223
v -0.025360 0.030220 0.038799
v -0.023632 0.030310 0.039350
v -0.021870 0.030371 0.039841
v -0.020060 0.030449 0.040315
v -0.018220 0.030501 0.040731
v -0.016353 0.030546 0.041110
v -0.014489 0.030579 0.041446
v -0.012617 0.030614 0.041748
v -0.010699 0.030641 0.042006
v -0.008751 0.030664 0.042222
v -0.006795 0.030670 0.042381
v -0.004825 0.030691 0.042521
v -0.002833 0.030693 0.042604
v -0.000828 0.030707 0.042663
v 0.001166 0.030701 0.042647
v 0.003214 0.030702 0.042627
v 0.005197 0.030703 0.042553
v 0.007185 0.030682 0.042430
v 0.009191 0.030680 0.042280
v 0.011214 0.030679 0.042088
v 0.013233 0.030667 0.041862
v 0.015238 0.030661 0.041593
v 0.017216 0.030658 0.041287
v 0.019175 0.030651 0.040942
v 0.021108 0.030641 0.040552
v 0.022987 0.030621 0.040123
v 0.024821 0.030608 0.039656
v 0.026581 0.030587 0.039160
v 0.028297 0.030568 0.038619
v 0.029945 0.030538 0.038046
v 0.031497 0.030505 0.037449
v 0.032995 0.030472 0.036813
v 0.034400 0.030430 0.036139
v 0.035719 0.030388 0.035458
v 0.036949 0.030347 0.034715
v 0.038095 0.030287 0.033986
v 0.039122 0.030249 0.033200
v 0.040073 0.030191 0.032409
v 0.040933 0.030135 0.031592
v 0.041683 0.030073 0.030750
v 0.042323 0.030001 0.029899
v 0.042869 0.029930 0.029040
v 0.043307 0.029880 0.028146
v 0.043645 0.029807 0.027249
v 0.043880 0.029737 0.026351
v 0.044004 0.029670 0.025448
v 0.044028 0.029600 0.024543
v 0.043940 0.029519 0.023632
v 0.043758 0.029449 0.022728
v 0.043462 0.029366 0.021825
v 0.043077 0.029310 0.020923
v 0.042574 0.029228 0.020030
v 0.041990 0.029150 0.019154
v 0.041285 0.029075 0.018277
v 0.040498 0.029003 0.017424
v 0.039602 0.028929 0.016596
v 0.038607 0.028855 0.015777
v 0.037533 0.028786 0.014972
v 0.036377 0.028709 0.014198
v 0.035113 0.028642 0.013446
v 0.033785 0.028571 0.012724
v 0.032365 0.028508 0.012025
v 0.030889 0.028435 0.011361
v 0.029337 0.028372 0.010727
v 0.027705 0.028307 0.010121
v 0.026016 0.028252 0.009546
v 0.024281 0.028197 0.009031
v 0.022505 0.028142 0.008539
v 0.020676 0.028100 0.008073
v 0.018815 0.028037 0.007655
v 0.016937 0.028009 0.007292
v 0.015027 0.027974 0.006967
v 0.013107 0.027954 0.006677
v 0.011161 0.027926 0.006434
v 0.009202 0.027911 0.006244
v 0.007221 0.027902 0.006089
v 0.005222 0.027883 0.005982
v 0.003225 0.027891 0.005909
v 0.001197 0.027890 0.005901
v 0.001216 0.024830 0.006767
v -0.000731 0.024835 0.006794
v -0.002670 0.024837 0.006859
v -0.004592 0.024845 0.006969
v -0.006508 0.024859 0.007126
v -0.008407 0.024877 0.007321
v -0.010284 0.024892 0.007563
v -0.012129 0.024909 0.007827
v -0.013991 0.024931 0.008156
v -0.015823 0.024924 0.008515
v -0.017651 0.024943 0.008912
v -0.019436 0.024936 0.009339
v -0.021186 0.024937 0.009803
v -0.022899 0.024946 0.010318
v -0.024574 0.024948 0.010853
v -0.026168 0.024962 0.011433
v -0.027703 0.024975 0.012027
v -0.029166 0.024988 0.012663
v -0.030560 0.025000 0.013323
v -0.031858 0.025026 0.014020
v -0.033084 0.025047 0.014719
v -0.034199 0.025073 0.015461
v -0.035250 0.025128 0.016244
v -0.036191 0.025146 0.017005
v -0.037038 0.025215 0.017834
v -0.037809 0.025256 0.018646
v -0.038438 0.025313 0.019486
v -0.038968 0.025375 0.020339
v -0.039426 0.025424 0.021188
v -0.039759 0.025489 0.022058
v -0.039997 0.025563 0.022938
v -0.040131 0.025631 0.023817
v -0.040146 0.025707 0.024704
v -0.040053 0.025773 0.025576
v -0.039893 0.025863 0.026470
v -0.039606 0.025941 0.027346
v -0.039218 0.026019 0.028216
v -0.038743 0.026113 0.029090
v -0.038127 0.026192 0.029939
v -0.037436 0.026270 0.030774
v -0.036680 0.026354 0.031599
v -0.035792 0.026442 0.032411
v -0.034820 0.026540 0.033212
v -0.033760 0.026620 0.033974
v -0.032610 0.026709 0.034720
v -0.031375 0.026804 0.035448
v -0.030067 0.026871 0.036123
v -0.028684 0.026961 0.036793
v -0.027240 0.027030 0.037414
v -0.025730 0.027100 0.038004
v -0.024176 0.027160 0.038555
v -0.022541 0.027230 0.039086
v -0.020895 0.027295 0.039582
v -0.019205 0.027342 0.040029
v -0.017481 0.027374 0.040432
v -0.015725 0.027411 0.040804
v -0.013949 0.027429 0.041124
v -0.012144 0.027448 0.041407
v -0.010288 0.027485 0.041670
v -0.008421 0.027520 0.041896
v -0.006529 0.027524 0.042052
v -0.004614 0.027534 0.042178
v -0.002685 0.027538 0.042262
v -0.000763 0.027547 0.042310
v 0.001182 0.027552 0.042320
v 0.003143 0.027544 0.042275
v 0.005058 0.027543 0.042213
v 0.006986 0.027536 0.042112
v 0.008892 0.027523 0.041958
v 0.010803 0.027506 0.041770
v 0.012703 0.027490 0.041544
v 0.014596 0.027489 0.041283
v 0.016477 0.027477 0.040968
v 0.018340 0.027464 0.040634
v 0.020155 0.027447 0.040256
v 0.021924 0.027426 0.039854
v 0.023671 0.027410 0.039374
v 0.025360 0.027377 0.038893
v 0.026978 0.027362 0.038373
v 0.028546 0.027327 0.037822
v 0.030033 0.027294 0.037237
v 0.031471 0.027259 0.036623
v 0.032819 0.027223 0.035972
v 0.034079 0.027178 0.035306
v 0.035259 0.027126 0.034598
v 0.036355 0.027076 0.033878
v 0.037349 0.027031 0.033123
v 0.038265 0.026982 0.032355
v 0.039084 0.026926 0.031547
v 0.039807 0.026864 0.030763
v 0.040430 0.026813 0.029927
v 0.040950 0.026742 0.029083
v 0.041384 0.026674 0.028246
v 0.041700 0.026609 0.027358
v 0.041945 0.026551 0.026526
v 0.042070 0.026481 0.025633
v 0.042097 0.026400 0.024767
v 0.042015 0.026341 0.023881
v 0.041842 0.026268 0.022991
v 0.041578 0.026194 0.022120
v 0.041196 0.026118 0.021257
v 0.040724 0.026053 0.020396
v 0.040157 0.025972 0.019547
v 0.039491 0.025912 0.018706
v 0.038744 0.025839 0.017886
v 0.037882 0.025771 0.017078
v 0.036938 0.025703 0.016285
v 0.035933 0.025630 0.015512
v 0.034804 0.025565 0.014771
v 0.033612 0.025500 0.014037
v 0.032348 0.025442 0.013340
v 0.030998 0.025382 0.012674
v 0.029579 0.025314 0.012026
v 0.028106 0.025249 0.011413
v 0.026556 0.025198 0.010832
v 0.024971 0.025160 0.010283
v 0.023322 0.025090 0.009773
v 0.021632 0.025050 0.009302
v 0.019900 0.025014 0.008873
v 0.018138 0.024974 0.008470
v 0.016366 0.024933 0.008110
v 0.014540 0.024910 0.007785
v 0.012686 0.024898 0.007515
v 0.010824 0.024870 0.007285
v 0.008922 0.024860 0.007091
v 0.007006 0.024849 0.006947
v 0.005096 0.024837 0.006825
v 0.003150 0.024831 0.006786
v 0.001211 0.024833 0.006759
v 0.001205 0.021905 0.007662
v -0.000654 0.021889 0.007684
v -0.002524 0.021894 0.007752
v -0.004378 0.021903 0.007852
v -0.006219 0.021919 0.008009
v -0.008043 0.021930 0.008200
v -0.009845 0.021963 0.008423
v -0.011629 0.021975 0.008699
v -0.013372 0.021985 0.009008
v -0.015078 0.022014 0.009354
v -0.016773 0.022036 0.009733
v -0.018452 0.022062 0.010152
v -0.020092 0.022075 0.010611
v -0.021698 0.022099 0.011098
v -0.023257 0.022108 0.011618
v -0.024756 0.022122 0.012174
v -0.026202 0.022148 0.012748
v -0.027583 0.022174 0.013360
v -0.028873 0.022196 0.014002
v -0.030127 0.022222 0.014665
v -0.031264 0.022268 0.015370
v -0.032344 0.022282 0.016063
v -0.033357 0.022326 0.016805
v -0.034233 0.022373 0.017565
v -0.035037 0.022413 0.018334
v -0.035757 0.022465 0.019126
v -0.036381 0.022524 0.019938
v -0.036893 0.022580 0.020755
v -0.037314 0.022629 0.021572
v -0.037660 0.022700 0.022418
v -0.037851 0.022764 0.023260
v -0.037984 0.022829 0.024106
v -0.038028 0.022903 0.024960
v -0.037962 0.022974 0.025811
v -0.037793 0.023038 0.026652
v -0.037525 0.023123 0.027507
v -0.037167 0.023188 0.028336
v -0.036698 0.023268 0.029171
v -0.036151 0.023347 0.029995
v -0.035483 0.023422 0.030801
v -0.034756 0.023503 0.031598
v -0.033927 0.023578 0.032374
v -0.033023 0.023666 0.033144
v -0.032015 0.023728 0.033867
v -0.030931 0.023801 0.034581
v -0.029792 0.023864 0.035262
v -0.028569 0.023947 0.035938
v -0.027269 0.024009 0.036567
v -0.025923 0.024073 0.037172
v -0.024516 0.024126 0.037739
v -0.023051 0.024185 0.038284
v -0.021531 0.024222 0.038779
v -0.019975 0.024261 0.039245
v -0.018385 0.024306 0.039686
v -0.016750 0.024346 0.040089
v -0.015088 0.024367 0.040438
v -0.013378 0.024403 0.040768
v -0.011649 0.024421 0.041043
v -0.009856 0.024456 0.041301
v -0.008060 0.024465 0.041497
v -0.006239 0.024456 0.041638
v -0.004384 0.024503 0.041787
v -0.002525 0.024503 0.041877
v -0.000684 0.024505 0.041923
v 0.001188 0.024513 0.041930
v 0.003059 0.024505 0.041901
v 0.004924 0.024518 0.041832
v 0.006769 0.024490 0.041727
v 0.008614 0.024483 0.041582
v 0.010445 0.024467 0.041403
v 0.012234 0.024450 0.041176
v 0.014023 0.024429 0.040919
v 0.015781 0.024407 0.040618
v 0.017535 0.024411 0.040282
v 0.019246 0.024371 0.039929
v 0.020951 0.024350 0.039516
v 0.022571 0.024323 0.039073
v 0.024167 0.024307 0.038603
v 0.025699 0.024281 0.038097
v 0.027195 0.024242 0.037576
v 0.028607 0.024213 0.036985
v 0.029969 0.024173 0.036396
v 0.031228 0.024125 0.035772
v 0.032449 0.024079 0.035121
v 0.033574 0.024047 0.034443
v 0.034614 0.023990 0.033745
v 0.035567 0.023947 0.033024
v 0.036442 0.023893 0.032285
v 0.037229 0.023838 0.031511
v 0.037926 0.023776 0.030755
v 0.038520 0.023712 0.029940
v 0.039031 0.023659 0.029124
v 0.039445 0.023606 0.028304
v 0.039756 0.023535 0.027473
v 0.039984 0.023467 0.026646
v 0.040104 0.023395 0.025803
v 0.040133 0.023336 0.024959
v 0.040072 0.023272 0.024122
v 0.039910 0.023208 0.023260
v 0.039652 0.023138 0.022430
v 0.039299 0.023069 0.021587
v 0.038855 0.023005 0.020755
v 0.038317 0.022929 0.019952
v 0.037700 0.022876 0.019142
v 0.036971 0.022805 0.018354
v 0.036162 0.022736 0.017573
v 0.035276 0.022672 0.016809
v 0.034303 0.022618 0.016072
v 0.033252 0.022543 0.015353
v 0.032120 0.022484 0.014638
v 0.030918 0.022431 0.013994
v 0.029644 0.022367 0.013338
v 0.028311 0.022320 0.012726
v 0.026902 0.022261 0.012130
v 0.025446 0.022214 0.011573
v 0.023946 0.022169 0.011039
v 0.022387 0.022114 0.010571
v 0.020800 0.022081 0.010101
v 0.019169 0.022055 0.009685
v 0.017493 0.022017 0.009312
v 0.015781 0.021998 0.008957
v 0.014045 0.021957 0.008658
v 0.012265 0.021948 0.008378
v 0.010464 0.021934 0.008165
v 0.008638 0.021913 0.007972
v 0.006808 0.021903 0.007825
v 0.004944 0.021899 0.007745
v 0.003076 0.021893 0.007676
v 0.001209 0.021889 0.007652
v 0.001204 0.019073 0.008588
v -0.000586 0.019064 0.008619
v -0.002378 0.019087 0.008680
v -0.004147 0.019090 0.008780
v -0.005908 0.019098 0.008929
v -0.007656 0.019104 0.009109
v -0.009388 0.019139 0.009329
v -0.011084 0.019143 0.009586
v -0.012758 0.019164 0.009890
v -0.014414 0.019193 0.010216
v -0.015997 0.019209 0.010583
v -0.017547 0.019244 0.010985
v -0.019090 0.019277 0.011426
v -0.020576 0.019307 0.011899
v -0.022036 0.019333 0.012385
v -0.023430 0.019366 0.012910
v -0.024783 0.019397 0.013489
v -0.026075 0.019432 0.014073
v -0.027280 0.019467 0.014683
v -0.028438 0.019497 0.015331
v -0.029536 0.019530 0.015990
v -0.030542 0.019579 0.016686
v -0.031460 0.019605 0.017375
v -0.032327 0.019654 0.018105
v -0.033079 0.019706 0.018852
v -0.033764 0.019768 0.019623
v -0.034331 0.019828 0.020403
v -0.034852 0.019862 0.021165
v -0.035238 0.019927 0.021966
v -0.035559 0.019977 0.022760
v -0.035772 0.020042 0.023571
v -0.035903 0.020104 0.024383
v -0.035929 0.020167 0.025196
v -0.035882 0.020230 0.026007
v -0.035717 0.020298 0.026821
v -0.035472 0.020368 0.027632
v -0.035137 0.020453 0.028453
v -0.034714 0.020493 0.029220
v -0.034208 0.020588 0.030030
v -0.033590 0.020652 0.030800
v -0.032906 0.020711 0.031551
v -0.032120 0.020782 0.032298
v -0.031279 0.020845 0.033020
v -0.030356 0.020905 0.033722
v -0.029340 0.020976 0.034415
v -0.028270 0.021031 0.035069
v -0.027125 0.021094 0.035711
v -0.025922 0.021144 0.036316
v -0.024675 0.021187 0.036890
v -0.023371 0.021244 0.037449
v -0.021974 0.021272 0.037952
v -0.020557 0.021309 0.038434
v -0.019054 0.021351 0.038888
v -0.017569 0.021388 0.039307
v -0.016007 0.021416 0.039686
v -0.014412 0.021458 0.040045
v -0.012780 0.021468 0.040338
v -0.011101 0.021493 0.040614
v -0.009396 0.021503 0.040838
v -0.007667 0.021533 0.041049
v -0.005930 0.021548 0.041210
v -0.004171 0.021579 0.041338
v -0.002390 0.021571 0.041424
v -0.000593 0.021574 0.041469
v 0.001190 0.021576 0.041468
v 0.002979 0.021597 0.041444
v 0.004763 0.021575 0.041391
v 0.006532 0.021560 0.041283
v 0.008314 0.021552 0.041132
v 0.010049 0.021543 0.040965
v 0.011782 0.021529 0.040753
v 0.013493 0.021505 0.040512
v 0.015151 0.021483 0.040216
v 0.016801 0.021456 0.039884
v 0.018396 0.021425 0.039530
v 0.019991 0.021379 0.039144
v 0.021533 0.021378 0.038724
v 0.023033 0.021336 0.038263
v 0.024479 0.021315 0.037780
v 0.025875 0.021284 0.037255
v 0.027209 0.021242 0.036714
v 0.028490 0.021208 0.036140
v 0.029691 0.021176 0.035532
v 0.030850 0.021133 0.034914
v 0.031900 0.021094 0.034261
v 0.032892 0.021032 0.033582
v 0.033800 0.020982 0.032887
v 0.034640 0.020932 0.032180
v 0.035388 0.020879 0.031456
v 0.036044 0.020830 0.030694
v 0.036617 0.020769 0.029937
v 0.037109 0.020716 0.029166
v 0.037504 0.020638 0.028372
v 0.037806 0.020588 0.027572
v 0.038033 0.020509 0.026773
v 0.038154 0.020467 0.025975
v 0.038179 0.020402 0.025154
v 0.038125 0.020337 0.024359
v 0.037974 0.020279 0.023538
v 0.037740 0.020202 0.022738
v 0.037421 0.020149 0.021928
v 0.036983 0.020086 0.021150
v 0.036482 0.020023 0.020363
v 0.035895 0.019955 0.019586
v 0.035206 0.019895 0.018821
v 0.034453 0.019838 0.018083
v 0.033610 0.019777 0.017361
v 0.032690 0.019721 0.016646
v 0.031708 0.019658 0.015958
v 0.030641 0.019603 0.015285
v 0.029516 0.019552 0.014643
v 0.028310 0.019507 0.014030
v 0.027071 0.019448 0.013438
v 0.025727 0.019402 0.012875
v 0.024375 0.019351 0.012346
v 0.022954 0.019317 0.011839
v 0.021491 0.019268 0.011375
v 0.019969 0.019246 0.010934
v 0.018420 0.019213 0.010534
v 0.016817 0.019195 0.010169
v 0.015179 0.019154 0.009852
v 0.013508 0.019141 0.009554
v 0.011808 0.019122 0.009294
v 0.010078 0.019109 0.009076
v 0.008331 0.019097 0.008897
v 0.006566 0.019095 0.008772
v 0.004784 0.019086 0.008676
v 0.002992 0.019078 0.008615
v 0.001209 0.019074 0.008615
v 0.001207 0.016370 0.009559
v -0.000496 0.016379 0.009586
v -0.002210 0.016372 0.009626
v -0.003905 0.016387 0.009741
v -0.005588 0.016403 0.009870
v -0.007256 0.016419 0.010049
v -0.008901 0.016429 0.010261
v -0.010521 0.016448 0.010507
v -0.012119 0.016467 0.010790
v -0.013683 0.016485 0.011099
v -0.015215 0.016514 0.011460
v -0.016698 0.016540 0.011843
v -0.018144 0.016578 0.012259
v -0.019546 0.016606 0.012711
v -0.020901 0.016642 0.013194
v -0.022213 0.016683 0.013696
v -0.023454 0.016718 0.014237
v -0.024652 0.016759 0.014814
v -0.025788 0.016804 0.015385
v -0.026859 0.016849 0.016003
v -0.027894 0.016894 0.016640
v -0.028832 0.016931 0.017290
v -0.029704 0.016975 0.017962
v -0.030478 0.017024 0.018658
v -0.031201 0.017066 0.019361
v -0.031839 0.017123 0.020091
v -0.032401 0.017172 0.020825
v -0.032857 0.017227 0.021574
v -0.033249 0.017287 0.022336
v -0.033542 0.017333 0.023092
v -0.033751 0.017393 0.023866
v -0.033865 0.017453 0.024641
v -0.033908 0.017513 0.025418
v -0.033857 0.017574 0.026195
v -0.033727 0.017637 0.026971
v -0.033497 0.017707 0.027752
v -0.033187 0.017768 0.028517
v -0.032784 0.017821 0.029268
v -0.032301 0.017878 0.030011
v -0.031745 0.017944 0.030755
v -0.031110 0.018006 0.031481
v -0.030406 0.018061 0.032188
v -0.029599 0.018112 0.032875
v -0.028745 0.018160 0.033542
v -0.027812 0.018220 0.034202
v -0.026822 0.018277 0.034839
v -0.025750 0.018310 0.035430
v -0.024638 0.018361 0.036015
v -0.023438 0.018398 0.036562
v -0.022189 0.018447 0.037093
v -0.020897 0.018476 0.037579
v -0.019541 0.018528 0.038056
v -0.018142 0.018550 0.038476
v -0.016709 0.018588 0.038881
v -0.015234 0.018625 0.039254
v -0.013694 0.018647 0.039581
v -0.012134 0.018673 0.039880
v -0.010530 0.018690 0.040137
v -0.008915 0.018713 0.040367
v -0.007274 0.018739 0.040569
v -0.005603 0.018742 0.040720
v -0.003937 0.018752 0.040831
v -0.002222 0.018765 0.040917
v -0.000517 0.018769 0.040964
v 0.001182 0.018771 0.040976
v 0.002894 0.018772 0.040949
v 0.004603 0.018761 0.040885
v 0.006300 0.018759 0.040789
v 0.007985 0.018750 0.040644
v 0.009654 0.018741 0.040489
v 0.011296 0.018718 0.040277
v 0.012925 0.018696 0.040032
v 0.014526 0.018676 0.039770
v 0.016087 0.018657 0.039457
v 0.017619 0.018629 0.039112
v 0.019093 0.018599 0.038736
v 0.020551 0.018571 0.038326
v 0.021949 0.018555 0.037893
v 0.023309 0.018510 0.037419
v 0.024623 0.018460 0.036923
v 0.025875 0.018434 0.036390
v 0.027074 0.018383 0.035856
v 0.028211 0.018354 0.035272
v 0.029283 0.018305 0.034672
v 0.030295 0.018261 0.034048
v 0.031224 0.018213 0.033404
v 0.032074 0.018167 0.032739
v 0.032870 0.018112 0.032067
v 0.033572 0.018060 0.031365
v 0.034204 0.018010 0.030648
v 0.034752 0.017944 0.029911
v 0.035202 0.017896 0.029183
v 0.035590 0.017851 0.028421
v 0.035879 0.017784 0.027670
v 0.036086 0.017726 0.026892
v 0.036216 0.017673 0.026141
v 0.036239 0.017608 0.025354
v 0.036188 0.017554 0.024582
v 0.036051 0.017490 0.023812
v 0.035830 0.017427 0.023046
v 0.035522 0.017374 0.022277
v 0.035130 0.017305 0.021536
v 0.034671 0.017251 0.020789
v 0.034130 0.017192 0.020041
v 0.033483 0.017136 0.019314
v 0.032776 0.017085 0.018609
v 0.031985 0.017028 0.017910
v 0.031128 0.016967 0.017230
v 0.030204 0.016907 0.016577
v 0.029207 0.016853 0.015945
v 0.028162 0.016816 0.015330
v 0.027030 0.016778 0.014759
v 0.025846 0.016730 0.014177
v 0.024607 0.016687 0.013640
v 0.023328 0.016650 0.013129
v 0.021959 0.016607 0.012652
v 0.020557 0.016581 0.012212
v 0.019113 0.016551 0.011793
v 0.017626 0.016513 0.011415
v 0.016106 0.016492 0.011059
v 0.014531 0.016470 0.010760
v 0.012944 0.016452 0.010455
v 0.011321 0.016441 0.010238
v 0.009676 0.016430 0.010025
v 0.008001 0.016406 0.009855
v 0.006319 0.016395 0.009719
v 0.004626 0.016376 0.009627
v 0.002927 0.016388 0.009576
v 0.001206 0.016396 0.009573
v 0.001210 0.013835 0.010558
v -0.000408 0.013825 0.010575
v -0.002030 0.013829 0.010625
v -0.003647 0.013866 0.010727
v -0.005239 0.013841 0.010854
v -0.006817 0.013854 0.011017
v -0.008401 0.013875 0.011220
v -0.009936 0.013894 0.011451
v -0.011448 0.013905 0.011707
v -0.012933 0.013931 0.012011
v -0.014393 0.013953 0.012354
v -0.015803 0.013979 0.012720
v -0.017182 0.014008 0.013117
v -0.018496 0.014040 0.013542
v -0.019791 0.014065 0.013999
v -0.021007 0.014106 0.014481
v -0.022194 0.014146 0.014990
v -0.023323 0.014193 0.015531
v -0.024382 0.014233 0.016089
v -0.025382 0.014278 0.016672
v -0.026337 0.014312 0.017265
v -0.027201 0.014366 0.017898
v -0.028011 0.014419 0.018545
v -0.028759 0.014477 0.019213
v -0.029418 0.014505 0.019866
v -0.030013 0.014559 0.020557
v -0.030528 0.014608 0.021255
v -0.030967 0.014675 0.021980
v -0.031328 0.014721 0.022692
v -0.031605 0.014776 0.023420
v -0.031792 0.014819 0.024141
v -0.031918 0.014876 0.024878
v -0.031967 0.014931 0.025615
v -0.031929 0.014995 0.026361
v -0.031798 0.015038 0.027084
v -0.031603 0.015116 0.027839
v -0.031309 0.015166 0.028561
v -0.030951 0.015221 0.029280
v -0.030520 0.015258 0.029973
v -0.029988 0.015325 0.030685
v -0.029400 0.015374 0.031369
v -0.028729 0.015426 0.032041
v -0.028013 0.015476 0.032697
v -0.027176 0.015527 0.033337
v -0.026313 0.015572 0.033953
v -0.025362 0.015622 0.034556
v -0.024368 0.015666 0.035132
v -0.023316 0.015701 0.035676
v -0.022188 0.015744 0.036203
v -0.021041 0.015782 0.036703
v -0.019790 0.015816 0.037171
v -0.018509 0.015856 0.037619
v -0.017178 0.015889 0.038031
v -0.015809 0.015915 0.038408
v -0.014403 0.015954 0.038768
v -0.012947 0.015976 0.039082
v -0.011468 0.015994 0.039361
v -0.009949 0.016032 0.039629
v -0.008411 0.016034 0.039830
v -0.006851 0.016066 0.040029
v -0.005265 0.016067 0.040166
v -0.003654 0.016085 0.040276
v -0.002055 0.016085 0.040361
v -0.000434 0.016104 0.040403
v 0.001180 0.016084 0.040417
v 0.002809 0.016090 0.040389
v 0.004418 0.016086 0.040341
v 0.006045 0.016081 0.040235
v 0.007648 0.016069 0.040104
v 0.009230 0.016058 0.039944
v 0.010783 0.016044 0.039750
v 0.012343 0.016017 0.039520
v 0.013847 0.015999 0.039253
v 0.015344 0.015990 0.038968
v 0.016797 0.015953 0.038632
v 0.018207 0.015921 0.038276
v 0.019573 0.015897 0.037891
v 0.020900 0.015871 0.037471
v 0.022184 0.015837 0.037024
v 0.023418 0.015795 0.036550
v 0.024595 0.015758 0.036043
v 0.025717 0.015713 0.035520
v 0.026784 0.015661 0.034979
v 0.027780 0.015633 0.034406
v 0.028725 0.015580 0.033812
v 0.029602 0.015543 0.033201
v 0.030392 0.015488 0.032563
v 0.031141 0.015450 0.031921
v 0.031795 0.015400 0.031246
v 0.032388 0.015349 0.030553
v 0.032911 0.015300 0.029890
v 0.033360 0.015239 0.029167
v 0.033701 0.015201 0.028462
v 0.033982 0.015123 0.027736
v 0.034175 0.015079 0.027007
v 0.034306 0.015013 0.026283
v 0.034338 0.014964 0.025551
v 0.034301 0.014915 0.024810
v 0.034165 0.014847 0.024086
v 0.033953 0.014791 0.023356
v 0.033684 0.014737 0.022610
v 0.033318 0.014683 0.021912
v 0.032887 0.014627 0.021197
v 0.032376 0.014591 0.020510
v 0.031788 0.014522 0.019814
v 0.031134 0.014458 0.019135
v 0.030400 0.014418 0.018482
v 0.029593 0.014372 0.017848
v 0.028719 0.014326 0.017218
v 0.027789 0.014278 0.016616
v 0.026792 0.014232 0.016032
v 0.025728 0.014191 0.015471
v 0.024605 0.014158 0.014937
v 0.023433 0.014107 0.014432
v 0.022196 0.014081 0.013949
v 0.020924 0.014045 0.013500
v 0.019594 0.014007 0.013070
v 0.018241 0.013993 0.012678
v 0.016802 0.013952 0.012310
v 0.015356 0.013935 0.011984
v 0.013868 0.013904 0.011689
v 0.012356 0.013885 0.011420
v 0.010819 0.013862 0.011191
v 0.009255 0.013858 0.010992
v 0.007660 0.013847 0.010821
v 0.006062 0.013840 0.010706
v 0.004449 0.013824 0.010624
v 0.002829 0.013828 0.010579
v 0.001209 0.013829 0.010557
v 0.001209 0.011408 0.011575
v -0.000324 0.011397 0.011595
v -0.001856 0.011413 0.011651
v -0.003379 0.011432 0.011741
v -0.004888 0.011436 0.011857
v -0.006385 0.011446 0.012013
v -0.007872 0.011449 0.012196
v -0.009328 0.011470 0.012420
v -0.010750 0.011501 0.012679
v -0.012158 0.011502 0.012959
v -0.013527 0.011531 0.013284
v -0.014861 0.011554 0.013618
v -0.016156 0.011583 0.013985
v -0.017426 0.011614 0.014397
v -0.018617 0.011651 0.014834
v -0.019776 0.011680 0.015278
v -0.020888 0.011723 0.015773
v -0.021953 0.011747 0.016265
v -0.022951 0.011789 0.016796
v -0.023903 0.011841 0.017357
v -0.024782 0.011881 0.017925
v -0.025599 0.011919 0.018508
v -0.026359 0.011969 0.019119
v -0.027053 0.011997 0.019723
v -0.027701 0.012057 0.020372
v -0.028237 0.012109 0.021026
v -0.028706 0.012151 0.021681
v -0.029122 0.012211 0.022362
v -0.029466 0.012258 0.023039
v -0.029717 0.012311 0.023726
v -0.029908 0.012361 0.024417
v -0.030033 0.012420 0.025120
v -0.030063 0.012467 0.025810
v -0.030018 0.012516 0.026504
v -0.029913 0.012573 0.027203
v -0.029721 0.012617 0.027887
v -0.029462 0.012672 0.028576
v -0.029117 0.012727 0.029259
v -0.028708 0.012772 0.029922
v -0.028224 0.012828 0.030589
v -0.027665 0.012873 0.031233
v -0.027030 0.012922 0.031869
v -0.026355 0.012968 0.032487
v -0.025603 0.013012 0.033088
v -0.024798 0.013060 0.033677
v -0.023892 0.013120 0.034259
v -0.022957 0.013138 0.034779
v -0.021951 0.013183 0.035307
v -0.020897 0.013216 0.035800
v -0.019769 0.013254 0.036274
v -0.018631 0.013291 0.036723
v -0.017414 0.013317 0.037137
v -0.016153 0.013346 0.037525
v -0.014883 0.013389 0.037902
v -0.013530 0.013417 0.038236
v -0.012145 0.013441 0.038537
v -0.010764 0.013461 0.038805
v -0.009328 0.013485 0.039048
v -0.007874 0.013493 0.039247
v -0.006410 0.013509 0.039423
v -0.004891 0.013520 0.039563
v -0.003391 0.013539 0.039681
v -0.001862 0.013541 0.039758
v -0.000333 0.013551 0.039797
v 0.001195 0.013548 0.039806
v 0.002726 0.013555 0.039781
v 0.004259 0.013541 0.039729
v 0.005779 0.013537 0.039637
v 0.007288 0.013527 0.039516
v 0.008784 0.013517 0.039356
v 0.010258 0.013504 0.039174
v 0.011722 0.013488 0.038977
v 0.013158 0.013474 0.038692
v 0.014562 0.013445 0.038428
v 0.015929 0.013425 0.038115
v 0.017255 0.013387 0.037779
v 0.018559 0.013366 0.037410
v 0.019820 0.013337 0.037011
v 0.021026 0.013306 0.036587
v 0.022189 0.013274 0.036147
v 0.023303 0.013235 0.035670
v 0.024356 0.013195 0.035175
v 0.025364 0.013167 0.034650
v 0.026312 0.013116 0.034114
v 0.027194 0.013065 0.033555
v 0.028015 0.013028 0.032973
v 0.028773 0.012976 0.032374
v 0.029467 0.012928 0.031755
v 0.030079 0.012883 0.031128
v 0.030635 0.012828 0.030487
v 0.031120 0.012787 0.029824
v 0.031529 0.012733 0.029171
v 0.031865 0.012685 0.028488
v 0.032105 0.012623 0.027813
v 0.032326 0.012576 0.027118
v 0.032423 0.012522 0.026426
v 0.032455 0.012476 0.025747
v 0.032432 0.012419 0.025051
v 0.032319 0.012368 0.024354
v 0.032134 0.012319 0.023665
v 0.031869 0.012267 0.022980
v 0.031537 0.012209 0.022296
v 0.031117 0.012163 0.021629
v 0.030642 0.012119 0.020973
v 0.030083 0.012063 0.020315
v 0.029463 0.012018 0.019687
v 0.028777 0.011971 0.019067
v 0.028025 0.011954 0.018457
v 0.027204 0.011876 0.017870
v 0.026321 0.011851 0.017304
v 0.025374 0.011795 0.016754
v 0.024368 0.011765 0.016229
v 0.023305 0.011723 0.015713
v 0.022202 0.011681 0.015233
v 0.021041 0.011645 0.014786
v 0.019830 0.011616 0.014363
v 0.018572 0.011599 0.013951
v 0.017275 0.011559 0.013575
v 0.015945 0.011540 0.013238
v 0.014575 0.011509 0.012926
v 0.013185 0.011489 0.012635
v 0.011743 0.011473 0.012394
v 0.010292 0.011455 0.012178
v 0.008812 0.011446 0.011990
v 0.007301 0.011427 0.011837
v 0.005791 0.011416 0.011721
v 0.004272 0.011392 0.011641
v 0.002740 0.011411 0.011599
v 0.001211 0.011406 0.011567
v 0.001207 0.009133 0.012613
v -0.000246 0.009138 0.012627
v -0.001665 0.009147 0.012691
v -0.003093 0.009147 0.012767
v -0.004534 0.009154 0.012880
v -0.005916 0.009165 0.013028
v -0.007329 0.009178 0.013206
v -0.008680 0.009204 0.013408
v -0.010036 0.009213 0.013649
v -0.011339 0.009224 0.013906
v -0.012627 0.009253 0.014217
v -0.013871 0.009275 0.014557
v -0.015095 0.009297 0.014887
v -0.016273 0.009333 0.015269
v -0.017409 0.009362 0.015675
v -0.018502 0.009389 0.016096
v -0.019553 0.009436 0.016560
v -0.020540 0.009460 0.017025
v -0.021478 0.009503 0.017527
v -0.022365 0.009534 0.018036
v -0.023205 0.009580 0.018577
v -0.023965 0.009623 0.019132
v -0.024663 0.009660 0.019696
v -0.025309 0.009708 0.020285
v -0.025898 0.009750 0.020882
v -0.026429 0.009792 0.021489
v -0.026881 0.009844 0.022115
v -0.027258 0.009890 0.022744
v -0.027579 0.009934 0.023379
v -0.027830 0.009984 0.024025
v -0.027992 0.010035 0.024678
v -0.028090 0.010086 0.025333
v -0.028154 0.010137 0.025988
v -0.028098 0.010179 0.026635
v -0.028002 0.010235 0.027294
v -0.027831 0.010268 0.027927
v -0.027582 0.010320 0.028574
v -0.027257 0.010374 0.029219
v -0.026880 0.010428 0.029854
v -0.026432 0.010468 0.030467
v -0.025908 0.010514 0.031075
v -0.025338 0.010561 0.031672
v -0.024682 0.010612 0.032262
v -0.023978 0.010645 0.032818
v -0.023204 0.010702 0.033382
v -0.022381 0.010734 0.033905
v -0.021482 0.010767 0.034410
v -0.020536 0.010795 0.034891
v -0.019547 0.010840 0.035368
v -0.018504 0.010871 0.035811
v -0.017420 0.010918 0.036247
v -0.016276 0.010939 0.036631
v -0.015109 0.010974 0.037007
v -0.013887 0.010992 0.037340
v -0.012625 0.011026 0.037663
v -0.011360 0.011046 0.037944
v -0.010044 0.011069 0.038203
v -0.008689 0.011082 0.038432
v -0.007329 0.011097 0.038618
v -0.005941 0.011112 0.038784
v -0.004533 0.011124 0.038919
v -0.003106 0.011123 0.039017
v -0.001678 0.011139 0.039095
v -0.000239 0.011158 0.039136
v 0.001190 0.011146 0.039151
v 0.002645 0.011141 0.039124
v 0.004070 0.011132 0.039072
v 0.005508 0.011134 0.038998
v 0.006920 0.011136 0.038873
v 0.008323 0.011118 0.038725
v 0.009717 0.011107 0.038553
v 0.011085 0.011097 0.038352
v 0.012422 0.011072 0.038100
v 0.013756 0.011047 0.037850
v 0.015023 0.011022 0.037561
v 0.016288 0.011002 0.037240
v 0.017502 0.010976 0.036889
v 0.018682 0.010948 0.036518
v 0.019829 0.010920 0.036121
v 0.020912 0.010885 0.035701
v 0.021957 0.010854 0.035253
v 0.022943 0.010815 0.034788
v 0.023890 0.010780 0.034307
v 0.024781 0.010737 0.033792
v 0.025606 0.010712 0.033257
v 0.026386 0.010652 0.032715
v 0.027093 0.010618 0.032153
v 0.027738 0.010574 0.031573
v 0.028328 0.010521 0.030980
v 0.028832 0.010467 0.030371
v 0.029299 0.010429 0.029758
v 0.029675 0.010375 0.029136
v 0.030003 0.010334 0.028501
v 0.030253 0.010282 0.027872
v 0.030412 0.010237 0.027223
v 0.030523 0.010178 0.026569
v 0.030560 0.010138 0.025921
v 0.030528 0.010076 0.025261
v 0.030429 0.010042 0.024617
v 0.030243 0.009996 0.023964
v 0.030002 0.009940 0.023329
v 0.029682 0.009901 0.022669
v 0.029298 0.009850 0.022061
v 0.028848 0.009810 0.021435
v 0.028329 0.009757 0.020820
v 0.027740 0.009713 0.020226
v 0.027090 0.009667 0.019648
v 0.026383 0.009628 0.019070
v 0.025617 0.009584 0.018532
v 0.024780 0.009543 0.017987
v 0.023901 0.009507 0.017477
v 0.022956 0.009469 0.016983
v 0.021966 0.009433 0.016502
v 0.020924 0.009384 0.016055
v 0.019829 0.009368 0.015624
v 0.018700 0.009333 0.015234
v 0.017509 0.009308 0.014829
v 0.016300 0.009285 0.014502
v 0.015050 0.009254 0.014188
v 0.013769 0.009232 0.013887
v 0.012446 0.009217 0.013622
v 0.011098 0.009195 0.013372
v 0.009728 0.009176 0.013183
v 0.008327 0.009170 0.013006
v 0.006935 0.009161 0.012871
v 0.005516 0.009148 0.012767
v 0.004090 0.009138 0.012683
v 0.002651 0.009138 0.012645
v 0.001210 0.009137 0.012615
v 0.001202 0.007028 0.013690
v -0.000132 0.007019 0.013697
v -0.001493 0.007025 0.013746
v -0.002802 0.007024 0.013816
v -0.004131 0.007041 0.013932
v -0.005452 0.007045 0.014062
v -0.006729 0.007058 0.014228
v -0.008017 0.007077 0.014420
v -0.009256 0.007080 0.014641
v -0.010488 0.007108 0.014892
v -0.011702 0.007120 0.015166
v -0.012866 0.007146 0.015469
v -0.013998 0.007169 0.015794
v -0.015096 0.007190 0.016145
v -0.016156 0.007235 0.016528
v -0.017179 0.007256 0.016925
v -0.018141 0.007292 0.017352
v -0.019061 0.007322 0.017791
v -0.019950 0.007364 0.018262
v -0.020773 0.007393 0.018737
v -0.021539 0.007436 0.019241
v -0.022267 0.007459 0.019743
v -0.022931 0.007515 0.020290
v -0.023535 0.007551 0.020831
v -0.024084 0.007597 0.021393
v -0.024565 0.007629 0.021952
v -0.024993 0.007691 0.022550
v -0.025349 0.007713 0.023116
v -0.025633 0.007767 0.023721
v -0.025857 0.007798 0.024310
v -0.026036 0.007864 0.024935
v -0.026135 0.007900 0.025534
v -0.026170 0.007937 0.026134
v -0.026150 0.007993 0.026754
v -0.026020 0.008036 0.027360
v -0.025877 0.008072 0.027956
v -0.025633 0.008130 0.028569
v -0.025349 0.008170 0.029159
v -0.024990 0.008221 0.029751
v -0.024567 0.008264 0.030330
v -0.024079 0.008298 0.030889
v -0.023514 0.008346 0.031449
v -0.022935 0.008390 0.031996
v -0.022265 0.008430 0.032523
v -0.021556 0.008463 0.033029
v -0.020780 0.008501 0.033525
v -0.019949 0.008537 0.034001
v -0.019073 0.008581 0.034468
v -0.018139 0.008606 0.034897
v -0.017170 0.008630 0.035304
v -0.016155 0.008672 0.035709
v -0.015099 0.008705 0.036083
v -0.014001 0.008731 0.036428
v -0.012847 0.008750 0.036741
v -0.011708 0.008774 0.037037
v -0.010504 0.008798 0.037306
v -0.009268 0.008832 0.037543
v -0.008020 0.008837 0.037757
v -0.006739 0.008849 0.037941
v -0.005443 0.008862 0.038101
v -0.004135 0.008872 0.038217
v -0.002819 0.008881 0.038324
v -0.001485 0.008890 0.038390
v -0.000140 0.008893 0.038430
v 0.001200 0.008894 0.038431
v 0.002541 0.008893 0.038425
v 0.003880 0.008895 0.038374
v 0.005221 0.008876 0.038280
v 0.006533 0.008877 0.038182
v 0.007858 0.008871 0.038048
v 0.009143 0.008849 0.037885
v 0.010415 0.008839 0.037693
v 0.011673 0.008825 0.037474
v 0.012904 0.008803 0.037230
v 0.014108 0.008783 0.036952
v 0.015275 0.008761 0.036660
v 0.016412 0.008737 0.036338
v 0.017509 0.008709 0.035969
v 0.018563 0.008681 0.035621
v 0.019591 0.008651 0.035219
v 0.020557 0.008625 0.034804
v 0.021482 0.008586 0.034364
v 0.022364 0.008549 0.033920
v 0.023191 0.008513 0.033433
v 0.023962 0.008477 0.032942
v 0.024691 0.008435 0.032427
v 0.025355 0.008390 0.031909
v 0.025952 0.008353 0.031360
v 0.026503 0.008313 0.030813
v 0.026975 0.008268 0.030247
v 0.027400 0.008223 0.029673
v 0.027775 0.008176 0.029083
v 0.028053 0.008143 0.028504
v 0.028291 0.008089 0.027897
v 0.028448 0.008044 0.027296
v 0.028543 0.008002 0.026704
v 0.028584 0.007961 0.026092
v 0.028553 0.007898 0.025463
v 0.028453 0.007864 0.024861
v 0.028278 0.007798 0.024265
v 0.028059 0.007775 0.023665
v 0.027764 0.007724 0.023078
v 0.027410 0.007681 0.022487
v 0.026985 0.007639 0.021905
v 0.026505 0.007598 0.021337
v 0.025956 0.007557 0.020785
v 0.025357 0.007511 0.020242
v 0.024691 0.007473 0.019711
v 0.023971 0.007443 0.019191
v 0.023207 0.007401 0.018692
v 0.022362 0.007358 0.018216
v 0.021493 0.007337 0.017753
v 0.020566 0.007290 0.017315
v 0.019588 0.007265 0.016885
v 0.018578 0.007232 0.016496
v 0.017510 0.007207 0.016113
v 0.016418 0.007178 0.015763
v 0.015277 0.007153 0.015438
v 0.014114 0.007124 0.015137
v 0.012916 0.007109 0.014862
v 0.011672 0.007095 0.014611
v 0.010431 0.007078 0.014388
v 0.009165 0.007063 0.014209
v 0.007855 0.007043 0.014050
v 0.006564 0.007037 0.013911
v 0.005221 0.007036 0.013817
v 0.003892 0.007026 0.013743
v 0.002549 0.007025 0.013689
v 0.001210 0.007020 0.013681
v 0.001212 0.005055 0.014759
v -0.000036 0.005058 0.014778
v -0.001276 0.005065 0.014824
v -0.002498 0.005067 0.014892
v -0.003749 0.005076 0.014992
v -0.004952 0.005085 0.015119
v -0.006145 0.005097 0.015273
v -0.007318 0.005110 0.015447
v -0.008487 0.005128 0.015649
v -0.009631 0.005143 0.015881
v -0.010725 0.005157 0.016143
v -0.011814 0.005179 0.016407
v -0.012863 0.005205 0.016722
v -0.013880 0.005231 0.017052
v -0.014860 0.005231 0.017374
v -0.015801 0.005276 0.017762
v -0.016702 0.005313 0.018160
v -0.017559 0.005356 0.018582
v -0.018369 0.005367 0.018990
v -0.019140 0.005405 0.019440
v -0.019857 0.005441 0.019904
v -0.020527 0.005475 0.020381
v -0.021126 0.005513 0.020873
v -0.021693 0.005552 0.021379
v -0.022181 0.005588 0.021892
v -0.022648 0.005616 0.022408
v -0.023024 0.005674 0.022963
v -0.023357 0.005709 0.023502
v -0.023619 0.005749 0.024051
v -0.023846 0.005796 0.024613
v -0.023987 0.005836 0.025170
v -0.024103 0.005884 0.025740
v -0.024126 0.005924 0.026302
v -0.024092 0.005965 0.026864
v -0.023990 0.006009 0.027429
v -0.023843 0.006050 0.027987
v -0.023641 0.006079 0.028530
v -0.023361 0.006125 0.029085
v -0.023025 0.006175 0.029637
v -0.022651 0.006207 0.030163
v -0.022192 0.006247 0.030688
v -0.021682 0.006300 0.031216
v -0.021127 0.006326 0.031707
v -0.020527 0.006356 0.032188
v -0.019858 0.006399 0.032669
v -0.019146 0.006434 0.033128
v -0.018367 0.006468 0.033570
v -0.017561 0.006489 0.033982
v -0.016703 0.006528 0.034395
v -0.015813 0.006564 0.034786
v -0.014871 0.006585 0.035143
v -0.013865 0.006617 0.035492
v -0.012870 0.006649 0.035821
v -0.011821 0.006658 0.036102
v -0.010736 0.006683 0.036386
v -0.009628 0.006710 0.036633
v -0.008482 0.006720 0.036845
v -0.007329 0.006739 0.037048
v -0.006153 0.006751 0.037220
v -0.004942 0.006766 0.037365
v -0.003721 0.006778 0.037484
v -0.002513 0.006790 0.037583
v -0.001281 0.006786 0.037639
v -0.000044 0.006792 0.037676
v 0.001199 0.006801 0.037684
v 0.002437 0.006778 0.037666
v 0.003682 0.006782 0.037621
v 0.004914 0.006784 0.037550
v 0.006145 0.006774 0.037449
v 0.007355 0.006764 0.037319
v 0.008549 0.006757 0.037173
v 0.009736 0.006736 0.036996
v 0.010884 0.006727 0.036792
v 0.012031 0.006708 0.036572
v 0.013139 0.006693 0.036308
v 0.014231 0.006664 0.036036
v 0.015277 0.006650 0.035727
v 0.016290 0.006624 0.035421
v 0.017274 0.006606 0.035069
v 0.018225 0.006560 0.034710
v 0.019114 0.006548 0.034327
v 0.019975 0.006508 0.033909
v 0.020784 0.006470 0.033488
v 0.021559 0.006450 0.033053
v 0.022260 0.006420 0.032591
v 0.022934 0.006378 0.032118
v 0.023545 0.006322 0.031637
v 0.024113 0.006299 0.031138
v 0.024609 0.006255 0.030619
v 0.025056 0.006220 0.030107
v 0.025429 0.006178 0.029562
v 0.025776 0.006137 0.029020
v 0.026047 0.006092 0.028473
v 0.026259 0.006053 0.027921
v 0.026420 0.006015 0.027361
v 0.026517 0.005969 0.026807
v 0.026545 0.005923 0.026239
v 0.026504 0.005880 0.025671
v 0.026413 0.005855 0.025110
v 0.026269 0.005799 0.024556
v 0.026065 0.005755 0.024001
v 0.025781 0.005711 0.023450
v 0.025452 0.005684 0.022903
v 0.025061 0.005631 0.022379
v 0.024614 0.005587 0.021848
v 0.024107 0.005547 0.021328
v 0.023551 0.005522 0.020829
v 0.022943 0.005484 0.020339
v 0.022264 0.005456 0.019862
v 0.021553 0.005408 0.019396
v 0.020792 0.005376 0.018961
v 0.019993 0.005325 0.018528
v 0.019113 0.005312 0.018127
v 0.018231 0.005283 0.017733
v 0.017281 0.005256 0.017368
v 0.016303 0.005231 0.017025
v 0.015283 0.005208 0.016683
v 0.014231 0.005187 0.016383
v 0.013153 0.005161 0.016115
v 0.012044 0.005139 0.015861
v 0.010919 0.005126 0.015632
v 0.009745 0.005116 0.015433
v 0.008567 0.005098 0.015247
v 0.007364 0.005087 0.015107
v 0.006154 0.005079 0.014985
v 0.004921 0.005079 0.014861
v 0.003689 0.005069 0.014815
v 0.002445 0.005069 0.014773
v 0.001222 0.005048 0.014757
v 0.001210 0.003270 0.015872
v 0.000072 0.003275 0.015890
v -0.001073 0.003268 0.015919
v -0.002189 0.003271 0.015982
v -0.003326 0.003277 0.016073
v -0.004433 0.003289 0.016189
v -0.005536 0.003297 0.016327
v -0.006622 0.003306 0.016500
v -0.007679 0.003318 0.016681
v -0.008722 0.003333 0.016883
v -0.009731 0.003356 0.017122
v -0.010734 0.003365 0.017378
v -0.011698 0.003394 0.017658
v -0.012623 0.003411 0.017951
v -0.013525 0.003430 0.018266
v -0.014380 0.003461 0.018612
v -0.015223 0.003498 0.018979
v -0.015986 0.003514 0.019343
v -0.016735 0.003543 0.019736
v -0.017462 0.003579 0.020150
v -0.018101 0.003604 0.020567
v -0.018719 0.003639 0.021007
v -0.019264 0.003667 0.021452
v -0.019790 0.003714 0.021927
v -0.020249 0.003750 0.022402
v -0.020662 0.003774 0.022873
v -0.021016 0.003823 0.023377
v -0.021331 0.003854 0.023869
v -0.021575 0.003892 0.024376
v -0.021768 0.003927 0.024881
v -0.021905 0.003967 0.025398
v -0.021992 0.004020 0.025927
v -0.022018 0.004047 0.026433
v -0.021985 0.004085 0.026950
v -0.021909 0.004124 0.027465
v -0.021778 0.004165 0.027981
v -0.021566 0.004206 0.028494
v -0.021334 0.004243 0.028996
v -0.021016 0.004273 0.029487
v -0.020670 0.004310 0.029977
v -0.020234 0.004352 0.030464
v -0.019787 0.004384 0.030932
v -0.019280 0.004415 0.031388
v -0.018722 0.004454 0.031840
v -0.018095 0.004494 0.032284
v -0.017460 0.004516 0.032693
v -0.016742 0.004549 0.033102
v -0.016001 0.004580 0.033491
v -0.015211 0.004605 0.033859
v -0.014396 0.004635 0.034215
v -0.013523 0.004661 0.034550
v -0.012627 0.004689 0.034861
v -0.011700 0.004710 0.035162
v -0.010736 0.004730 0.035436
v -0.009745 0.004753 0.035683
v -0.008734 0.004771 0.035914
v -0.007686 0.004774 0.036125
v -0.006622 0.004805 0.036300
v -0.005532 0.004816 0.036461
v -0.004434 0.004824 0.036594
v -0.003330 0.004826 0.036701
v -0.002204 0.004839 0.036789
v -0.001071 0.004861 0.036841
v 0.000067 0.004848 0.036873
v 0.001203 0.004850 0.036878
v 0.002338 0.004845 0.036872
v 0.003465 0.004846 0.036831
v 0.004608 0.004843 0.036774
v 0.005722 0.004833 0.036677
v 0.006852 0.004831 0.036557
v 0.007939 0.004811 0.036421
v 0.009027 0.004805 0.036253
v 0.010097 0.004786 0.036076
v 0.011130 0.004777 0.035863
v 0.012155 0.004757 0.035636
v 0.013138 0.004739 0.035379
v 0.014103 0.004704 0.035100
v 0.015041 0.004689 0.034811
v 0.015934 0.004680 0.034494
v 0.016809 0.004638 0.034149
v 0.017626 0.004614 0.033799
v 0.018416 0.004579 0.033430
v 0.019168 0.004561 0.033033
v 0.019863 0.004530 0.032632
v 0.020521 0.004497 0.032209
v 0.021124 0.004466 0.031778
v 0.021693 0.004435 0.031331
v 0.022208 0.004401 0.030871
v 0.022665 0.004361 0.030412
v 0.023082 0.004321 0.029924
v 0.023430 0.004287 0.029432
v 0.023743 0.004246 0.028917
v 0.023987 0.004205 0.028435
v 0.024177 0.004167 0.027931
v 0.024321 0.004128 0.027415
v 0.024409 0.004088 0.026915
v 0.024442 0.004061 0.026383
v 0.024416 0.004016 0.025836
v 0.024328 0.003977 0.025348
v 0.024188 0.003945 0.024853
v 0.023989 0.003905 0.024324
v 0.023732 0.003856 0.023821
v 0.023436 0.003823 0.023337
v 0.023084 0.003785 0.022841
v 0.022669 0.003752 0.022353
v 0.022203 0.003716 0.021884
v 0.021699 0.003686 0.021422
v 0.021137 0.003648 0.020970
v 0.020519 0.003609 0.020534
v 0.019864 0.003583 0.020113
v 0.019167 0.003551 0.019699
v 0.018416 0.003527 0.019324
v 0.017626 0.003489 0.018936
v 0.016808 0.003469 0.018594
v 0.015948 0.003443 0.018255
v 0.015049 0.003424 0.017926
v 0.014118 0.003395 0.017633
v 0.013151 0.003370 0.017352
v 0.012167 0.003355 0.017100
v 0.011150 0.003339 0.016865
v 0.010094 0.003322 0.016658
v 0.009038 0.003305 0.016470
v 0.007943 0.003291 0.016310
v 0.006847 0.003280 0.016164
v 0.005741 0.003284 0.016054
v 0.004617 0.003271 0.015969
v 0.003491 0.003261 0.015910
v 0.002358 0.003254 0.015878
v 0.001207 0.003264 0.015858
v 0.001210 0.001638 0.016984
v 0.000174 0.001634 0.016990
v -0.000864 0.001637 0.017027
v -0.001882 0.001630 0.017075
v -0.002898 0.001644 0.017164
v -0.003902 0.001646 0.017264
v -0.004909 0.001657 0.017386
v -0.005888 0.001670 0.017545
v -0.006849 0.001682 0.017706
v -0.007801 0.001695 0.017901
v -0.008718 0.001712 0.018121
v -0.009609 0.001737 0.018355
v -0.010489 0.001750 0.018602
v -0.011343 0.001762 0.018865
v -0.012169 0.001795 0.019166
v -0.012942 0.001808 0.019465
v -0.013684 0.001825 0.019781
v -0.014399 0.001873 0.020145
v -0.015076 0.001895 0.020496
v -0.015707 0.001913 0.020858
v -0.016323 0.001950 0.021251
v -0.016848 0.001975 0.021643
v -0.017375 0.001998 0.022044
v -0.017840 0.002034 0.022468
v -0.018260 0.002076 0.022907
v -0.018625 0.002117 0.023354
v -0.018953 0.002124 0.023774
v -0.019224 0.002171 0.024239
v -0.019470 0.002207 0.024699
v -0.019642 0.002237 0.025158
v -0.019740 0.002272 0.025623
v -0.019829 0.002306 0.026091
v -0.019854 0.002339 0.026557
v -0.019837 0.002377 0.027029
v -0.019763 0.002414 0.027499
v -0.019632 0.002452 0.027967
v -0.019458 0.002495 0.028437
v -0.019225 0.002513 0.028877
v -0.018948 0.002546 0.029328
v -0.018629 0.002574 0.029768
v -0.018260 0.002618 0.030215
v -0.017833 0.002655 0.030647
v -0.017370 0.002680 0.031058
v -0.016846 0.002712 0.031466
v -0.016321 0.002751 0.031870
v -0.015712 0.002776 0.032247
v -0.015079 0.002804 0.032615
v -0.014403 0.002825 0.032963
v -0.013696 0.002847 0.033295
v -0.012930 0.002874 0.033618
v -0.012155 0.002895 0.033919
v -0.011350 0.002918 0.034211
v -0.010497 0.002946 0.034472
v -0.009620 0.002964 0.034724
v -0.008724 0.002967 0.034963
v -0.007804 0.003001 0.035160
v -0.006856 0.003009 0.035340
v -0.005892 0.003030 0.035512
v -0.004905 0.003034 0.035655
v -0.003911 0.003045 0.035786
v -0.002904 0.003052 0.035872
v -0.001883 0.003063 0.035943
v -0.000870 0.003060 0.035999
v 0.000174 0.003069 0.036041
v 0.001200 0.003066 0.036051
v 0.002231 0.003071 0.036032
v 0.003275 0.003069 0.036003
v 0.004310 0.003066 0.035929
v 0.005308 0.003055 0.035869
v 0.006321 0.003037 0.035756
v 0.007325 0.003033 0.035631
v 0.008297 0.003027 0.035478
v 0.009267 0.003009 0.035312
v 0.010212 0.002996 0.035120
v 0.011148 0.002986 0.034913
v 0.012037 0.002977 0.034681
v 0.012906 0.002966 0.034423
v 0.013756 0.002920 0.034161
v 0.014570 0.002907 0.033877
v 0.015361 0.002880 0.033571
v 0.016094 0.002857 0.033244
v 0.016815 0.002825 0.032909
v 0.017487 0.002806 0.032551
v 0.018120 0.002775 0.032191
v 0.018728 0.002748 0.031826
v 0.019277 0.002719 0.031408
v 0.019795 0.002692 0.031004
v 0.020249 0.002654 0.030567
v 0.020673 0.002622 0.030155
v 0.021026 0.002592 0.029718
v 0.021363 0.002555 0.029283
v 0.021641 0.002520 0.028820
v 0.021868 0.002487 0.028364
v 0.022066 0.002454 0.027922
v 0.022178 0.002417 0.027457
v 0.022248 0.002399 0.026982
v 0.022275 0.002345 0.026508
v 0.022249 0.002310 0.026040
v 0.022173 0.002272 0.025579
v 0.022061 0.002241 0.025106
v 0.021874 0.002207 0.024656
v 0.021641 0.002174 0.024197
v 0.021362 0.002140 0.023742
v 0.021043 0.002100 0.023311
v 0.020669 0.002072 0.022863
v 0.020251 0.002037 0.022442
v 0.019777 0.002000 0.022015
v 0.019287 0.001978 0.021605
v 0.018721 0.001951 0.021199
v 0.018136 0.001917 0.020828
v 0.017498 0.001883 0.020456
v 0.016818 0.001877 0.020103
v 0.016109 0.001828 0.019756
v 0.015368 0.001819 0.019427
v 0.014564 0.001793 0.019139
v 0.013751 0.001764 0.018851
v 0.012917 0.001759 0.018575
v 0.012042 0.001742 0.018327
v 0.011135 0.001719 0.018119
v 0.010218 0.001682 0.017883
v 0.009271 0.001685 0.017690
v 0.008304 0.001667 0.017531
v 0.007323 0.001658 0.017369
v 0.006322 0.001657 0.017261
v 0.005310 0.001632 0.017160
v 0.004304 0.001634 0.017075
v 0.003278 0.001630 0.017017
v 0.002257 0.001617 0.016977
v 0.001206 0.001634 0.016988
v 0.001201 0.000173 0.018103
v 0.000279 0.000156 0.018097
v -0.000635 0.000171 0.018141
v -0.001554 0.000178 0.018198
v -0.002462 0.000178 0.018260
v -0.003352 0.000184 0.018357
v -0.004277 0.000192 0.018471
v -0.005145 0.000201 0.018603
v -0.006008 0.000217 0.018756
v -0.006867 0.000228 0.018934
v -0.007652 0.000244 0.019120
v -0.008486 0.000249 0.019319
v -0.009282 0.000280 0.019558
v -0.010021 0.000287 0.019790
v -0.010740 0.000310 0.020053
v -0.011455 0.000337 0.020334
v -0.012134 0.000345 0.020611
v -0.012750 0.000379 0.020928
v -0.013352 0.000401 0.021245
v -0.013926 0.000423 0.021573
v -0.014464 0.000450 0.021918
v -0.014957 0.000473 0.022271
v -0.015427 0.000509 0.022646
v -0.015842 0.000531 0.023014
v -0.016212 0.000567 0.023407
v -0.016539 0.000574 0.023776
v -0.016835 0.000621 0.024193
v -0.017068 0.000651 0.024598
v -0.017284 0.000686 0.025012
v -0.017446 0.000700 0.025409
v -0.017568 0.000747 0.025841
v -0.017622 0.000779 0.026261
v -0.017646 0.000804 0.026674
v -0.017618 0.000841 0.027099
v -0.017556 0.000878 0.027523
v -0.017457 0.000901 0.027932
v -0.017301 0.000920 0.028332
v -0.017076 0.000963 0.028755
v -0.016835 0.000997 0.029162
v -0.016546 0.001009 0.029542
v -0.016218 0.001045 0.029940
v -0.015835 0.001086 0.030335
v -0.015426 0.001107 0.030701
v -0.014966 0.001126 0.031057
v -0.014465 0.001167 0.031424
v -0.013944 0.001177 0.031749
v -0.013355 0.001209 0.032085
v -0.012766 0.001231 0.032399
v -0.012126 0.001257 0.032705
v -0.011442 0.001280 0.032993
v -0.010749 0.001302 0.033266
v -0.010028 0.001313 0.033521
v -0.009267 0.001345 0.033768
v -0.008489 0.001360 0.033982
v -0.007682 0.001383 0.034187
v -0.006853 0.001379 0.034373
v -0.006001 0.001391 0.034550
v -0.005141 0.001417 0.034684
v -0.004255 0.001414 0.034823
v -0.003376 0.001432 0.034924
v -0.002479 0.001437 0.035027
v -0.001559 0.001448 0.035077
v -0.000646 0.001453 0.035138
v 0.000280 0.001438 0.035173
v 0.001206 0.001454 0.035164
v 0.002132 0.001450 0.035158
v 0.003055 0.001456 0.035123
v 0.003968 0.001447 0.035071
v 0.004875 0.001443 0.035003
v 0.005792 0.001437 0.034911
v 0.006669 0.001438 0.034799
v 0.007559 0.001416 0.034674
v 0.008421 0.001398 0.034516
v 0.009269 0.001392 0.034365
v 0.010103 0.001365 0.034160
v 0.010900 0.001368 0.033941
v 0.011679 0.001350 0.033721
v 0.012438 0.001334 0.033484
v 0.013172 0.001307 0.033228
v 0.013872 0.001288 0.032953
v 0.014535 0.001269 0.032666
v 0.015179 0.001243 0.032356
v 0.015789 0.001208 0.032018
v 0.016354 0.001166 0.031715
v 0.016885 0.001168 0.031377
v 0.017382 0.001134 0.031025
v 0.017848 0.001116 0.030650
v 0.018255 0.001087 0.030287
v 0.018627 0.001056 0.029906
v 0.018964 0.001028 0.029511
v 0.019252 0.000998 0.029108
v 0.019502 0.000969 0.028711
v 0.019702 0.000932 0.028305
v 0.019870 0.000909 0.027884
v 0.019985 0.000872 0.027471
v 0.020043 0.000834 0.027057
v 0.020062 0.000813 0.026642
v 0.020047 0.000784 0.026206
v 0.019975 0.000747 0.025793
v 0.019868 0.000715 0.025379
v 0.019704 0.000679 0.024960
v 0.019497 0.000653 0.024556
v 0.019256 0.000618 0.024160
v 0.018963 0.000593 0.023752
v 0.018630 0.000561 0.023370
v 0.018261 0.000536 0.022987
v 0.017839 0.000522 0.022606
v 0.017389 0.000475 0.022243
v 0.016883 0.000443 0.021885
v 0.016345 0.000426 0.021544
v 0.015791 0.000402 0.021212
v 0.015181 0.000366 0.020890
v 0.014554 0.000352 0.020601
v 0.013870 0.000333 0.020295
v 0.013173 0.000318 0.020032
v 0.012443 0.000294 0.019767
v 0.011690 0.000282 0.019530
v 0.010906 0.000253 0.019295
v 0.010095 0.000245 0.019100
v 0.009273 0.000225 0.018916
v 0.008423 0.000211 0.018738
v 0.007564 0.000197 0.018590
v 0.006685 0.000194 0.018465
v 0.005795 0.000183 0.018338
v 0.004893 0.000174 0.018254
v 0.003983 0.000166 0.018184
v 0.003061 0.000166 0.018133
v 0.002117 0.000184 0.018086
v 0.001207 0.000168 0.018096
v 0.001208 -0.001136 0.019211
v 0.000408 -0.001113 0.019243
v -0.000403 -0.001119 0.019263
v -0.001225 -0.001128 0.019298
v -0.002027 -0.001107 0.019377
v -0.002819 -0.001106 0.019442
v -0.003606 -0.001098 0.019553
v -0.004382 -0.001096 0.019665
v -0.005132 -0.001079 0.019806
v -0.005895 -0.001087 0.019958
v -0.006624 -0.001056 0.020127
v -0.007320 -0.001055 0.020293
v -0.008013 -0.001021 0.020511
v -0.008680 -0.001013 0.020717
v -0.009318 -0.000998 0.020943
v -0.009934 -0.000978 0.021188
v -0.010521 -0.000960 0.021443
v -0.011100 -0.000936 0.021715
v -0.011617 -0.000907 0.022004
v -0.012123 -0.000892 0.022289
v -0.012592 -0.000878 0.022584
v -0.013026 -0.000855 0.022895
v -0.013435 -0.000828 0.023221
v -0.013802 -0.000799 0.023555
v -0.014132 -0.000786 0.023882
v -0.014438 -0.000759 0.024229
v -0.014658 -0.000725 0.024587
v -0.014883 -0.000694 0.024948
v -0.015070 -0.000675 0.025300
v -0.015210 -0.000642 0.025671
v -0.015300 -0.000615 0.026038
v -0.015370 -0.000591 0.026402
v -0.015387 -0.000550 0.026785
v -0.015378 -0.000536 0.027141
v -0.015307 -0.000505 0.027512
v -0.015225 -0.000467 0.027890
v -0.015075 -0.000450 0.028244
v -0.014887 -0.000434 0.028593
v -0.014676 -0.000404 0.028952
v -0.014418 -0.000376 0.029304
v -0.014119 -0.000341 0.029656
v -0.013802 -0.000321 0.029988
v -0.013430 -0.000294 0.030320
v -0.013027 -0.000274 0.030636
v -0.012594 -0.000247 0.030950
v -0.012131 -0.000233 0.031242
v -0.011616 -0.000191 0.031553
v -0.011096 -0.000182 0.031817
v -0.010533 -0.000157 0.032089
v -0.009938 -0.000145 0.032334
v -0.009322 -0.000115 0.032579
v -0.008674 -0.000104 0.032800
v -0.008016 -0.000088 0.033005
v -0.007320 -0.000072 0.033212
v -0.006622 -0.000056 0.033391
v -0.005892 -0.000047 0.033562
v -0.005149 -0.000038 0.033695
v -0.004390 -0.000014 0.033834
v -0.003613 -0.000014 0.033944
v -0.002832 -0.000007 0.034053
v -0.002029 -0.000003 0.034120
v -0.001230 0.000006 0.034184
v -0.000425 0.000012 0.034225
v 0.000393 0.000009 0.034254
v 0.001198 0.000016 0.034258
v 0.002022 0.000014 0.034255
v 0.002833 -0.000000 0.034224
v 0.003643 0.000009 0.034169
v 0.004440 0.000004 0.034113
v 0.005236 -0.000015 0.034044
v 0.006029 0.000002 0.033932
v 0.006805 -0.000022 0.033812
v 0.007543 -0.000031 0.033691
v 0.008311 -0.000045 0.033536
v 0.009036 -0.000056 0.033363
v 0.009739 -0.000068 0.033178
v 0.010430 -0.000084 0.032980
v 0.011090 -0.000107 0.032776
v 0.011736 -0.000119 0.032545
v 0.012358 -0.000140 0.032306
v 0.012944 -0.000156 0.032056
v 0.013507 -0.000177 0.031769
v 0.014055 -0.000194 0.031515
v 0.014535 -0.000230 0.031212
v 0.015011 -0.000232 0.030913
v 0.015449 -0.000261 0.030604
v 0.015851 -0.000282 0.030293
v 0.016218 -0.000316 0.029952
v 0.016538 -0.000338 0.029616
v 0.016829 -0.000380 0.029274
v 0.017093 -0.000398 0.028914
v 0.017310 -0.000422 0.028563
v 0.017496 -0.000449 0.028203
v 0.017635 -0.000473 0.027847
v 0.017735 -0.000500 0.027468
v 0.017787 -0.000520 0.027100
v 0.017802 -0.000546 0.026739
v 0.017792 -0.000583 0.026361
v 0.017730 -0.000611 0.025988
v 0.017635 -0.000640 0.025637
v 0.017492 -0.000658 0.025268
v 0.017313 -0.000695 0.024918
v 0.017095 -0.000726 0.024556
v 0.016836 -0.000744 0.024203
v 0.016548 -0.000779 0.023870
v 0.016219 -0.000798 0.023532
v 0.015851 -0.000825 0.023199
v 0.015453 -0.000844 0.022878
v 0.015016 -0.000872 0.022563
v 0.014547 -0.000894 0.022266
v 0.014036 -0.000916 0.021970
v 0.013511 -0.000934 0.021689
v 0.012941 -0.000960 0.021421
v 0.012348 -0.000975 0.021167
v 0.011739 -0.000993 0.020922
v 0.011101 -0.001011 0.020695
v 0.010426 -0.001019 0.020490
v 0.009746 -0.001042 0.020284
v 0.009041 -0.001056 0.020099
v 0.008309 -0.001074 0.019937
v 0.007564 -0.001083 0.019789
v 0.006801 -0.001088 0.019665
v 0.006032 -0.001100 0.019548
v 0.005242 -0.001103 0.019428
v 0.004453 -0.001115 0.019366
v 0.003647 -0.001117 0.019297
v 0.002837 -0.001120 0.019258
v 0.002026 -0.001122 0.019232
v 0.001209 -0.001121 0.019216
v 0.001205 -0.002242 0.020352
v 0.000506 -0.002246 0.020355
v -0.000199 -0.002229 0.020395
v -0.000882 -0.002231 0.020430
v -0.001591 -0.002231 0.020480
v -0.002278 -0.002215 0.020554
v -0.002934 -0.002219 0.020637
v -0.003621 -0.002211 0.020739
v -0.004268 -0.002197 0.020861
v -0.004924 -0.002205 0.020974
v -0.005533 -0.002165 0.021145
v -0.006133 -0.002164 0.021292
v -0.006736 -0.002150 0.021464
v -0.007308 -0.002145 0.021640
v -0.007860 -0.002129 0.021839
v -0.008396 -0.002107 0.022053
v -0.008896 -0.002098 0.022265
v -0.009372 -0.002069 0.022510
v -0.009849 -0.002063 0.022739
v -0.010273 -0.002044 0.022991
v -0.010685 -0.002016 0.023260
v -0.011060 -0.001996 0.023530
v -0.011404 -0.001976 0.023807
v -0.011710 -0.001946 0.024100
v -0.012004 -0.001936 0.024380
v -0.012261 -0.001915 0.024676
v -0.012480 -0.001892 0.024979
v -0.012663 -0.001862 0.025293
v -0.012825 -0.001855 0.025588
v -0.012935 -0.001827 0.025906
v -0.013010 -0.001802 0.026224
v -0.013075 -0.001777 0.026543
v -0.013093 -0.001748 0.026867
v -0.013065 -0.001726 0.027182
v -0.013029 -0.001703 0.027500
v -0.012950 -0.001670 0.027824
v -0.012810 -0.001667 0.028117
v -0.012641 -0.001636 0.028435
v -0.012468 -0.001610 0.028745
v -0.012260 -0.001582 0.029051
v -0.012001 -0.001565 0.029342
v -0.011708 -0.001549 0.029627
v -0.011407 -0.001519 0.029920
v -0.011053 -0.001516 0.030178
v -0.010684 -0.001477 0.030466
v -0.010272 -0.001447 0.030735
v -0.009850 -0.001429 0.030983
v -0.009390 -0.001419 0.031215
v -0.008901 -0.001400 0.031446
v -0.008395 -0.001390 0.031660
v -0.007859 -0.001374 0.031865
v -0.007310 -0.001351 0.032060
v -0.006737 -0.001342 0.032233
v -0.006140 -0.001332 0.032410
v -0.005538 -0.001336 0.032570
v -0.004909 -0.001299 0.032716
v -0.004266 -0.001304 0.032836
v -0.003613 -0.001287 0.032951
v -0.002946 -0.001283 0.033042
v -0.002267 -0.001277 0.033128
v -0.001587 -0.001270 0.033205
v -0.000890 -0.001262 0.033254
v -0.000198 -0.001252 0.033288
v 0.000505 -0.001261 0.033308
v 0.001204 -0.001259 0.033317
v 0.001906 -0.001255 0.033311
v 0.002611 -0.001267 0.033285
v 0.003307 -0.001266 0.033249
v 0.003997 -0.001265 0.033192
v 0.004680 -0.001276 0.033118
v 0.005365 -0.001284 0.033042
v 0.006027 -0.001292 0.032947
v 0.006679 -0.001295 0.032809
v 0.007322 -0.001302 0.032688
v 0.007948 -0.001315 0.032539
v 0.008562 -0.001333 0.032398
v 0.009154 -0.001345 0.032220
v 0.009737 -0.001365 0.032035
v 0.010278 -0.001371 0.031825
v 0.010810 -0.001378 0.031631
v 0.011322 -0.001405 0.031412
v 0.011806 -0.001418 0.031174
v 0.012264 -0.001436 0.030943
v 0.012699 -0.001459 0.030684
v 0.013100 -0.001471 0.030433
v 0.013479 -0.001496 0.030189
v 0.013828 -0.001517 0.029889
v 0.014140 -0.001540 0.029608
v 0.014431 -0.001562 0.029309
v 0.014677 -0.001580 0.029011
v 0.014900 -0.001606 0.028715
v 0.015086 -0.001628 0.028413
v 0.015237 -0.001656 0.028101
v 0.015358 -0.001668 0.027784
v 0.015446 -0.001699 0.027467
v 0.015495 -0.001723 0.027147
v 0.015514 -0.001736 0.026831
v 0.015497 -0.001771 0.026519
v 0.015450 -0.001795 0.026201
v 0.015363 -0.001822 0.025886
v 0.015236 -0.001843 0.025567
v 0.015080 -0.001867 0.025258
v 0.014899 -0.001884 0.024951
v 0.014682 -0.001921 0.024647
v 0.014411 -0.001934 0.024353
v 0.014141 -0.001958 0.024061
v 0.013816 -0.001975 0.023778
v 0.013470 -0.001999 0.023495
v 0.013102 -0.002009 0.023222
v 0.012693 -0.002037 0.022968
v 0.012264 -0.002048 0.022723
v 0.011817 -0.002081 0.022477
v 0.011326 -0.002097 0.022252
v 0.010817 -0.002108 0.022030
v 0.010277 -0.002118 0.021828
v 0.009738 -0.002144 0.021623
v 0.009162 -0.002157 0.021422
v 0.008565 -0.002167 0.021275
v 0.007948 -0.002182 0.021124
v 0.007330 -0.002192 0.020972
v 0.006683 -0.002208 0.020865
v 0.006032 -0.002209 0.020744
v 0.005358 -0.002209 0.020627
v 0.004694 -0.002229 0.020545
v 0.004001 -0.002226 0.020465
v 0.003308 -0.002229 0.020423
v 0.002619 -0.002239 0.020381
v 0.001919 -0.002241 0.020346
v 0.001210 -0.002235 0.020350
v 0.001199 -0.003169 0.021493
v 0.000628 -0.003170 0.021499
v 0.000039 -0.003172 0.021515
v -0.000552 -0.003173 0.021545
v -0.001126 -0.003157 0.021603
v -0.001705 -0.003157 0.021659
v -0.002265 -0.003149 0.021733
v -0.002819 -0.003146 0.021813
v -0.003360 -0.003142 0.021907
v -0.003912 -0.003131 0.022019
v -0.004441 -0.003120 0.022142
v -0.004957 -0.003113 0.022271
v -0.005440 -0.003105 0.022411
v -0.005915 -0.003098 0.022560
v -0.006379 -0.003079 0.022731
v -0.006816 -0.003065 0.022908
v -0.007251 -0.003049 0.023094
v -0.007659 -0.003036 0.023287
v -0.008044 -0.003028 0.023482
v -0.008408 -0.003000 0.023704
v -0.008742 -0.003006 0.023900
v -0.009063 -0.002979 0.024137
v -0.009335 -0.002952 0.024378
v -0.009611 -0.002931 0.024619
v -0.009861 -0.002923 0.024854
v -0.010063 -0.002898 0.025109
v -0.010252 -0.002883 0.025358
v -0.010414 -0.002864 0.025615
v -0.010519 -0.002846 0.025874
v -0.010640 -0.002829 0.026134
v -0.010722 -0.002806 0.026401
v -0.010761 -0.002782 0.026671
v -0.010762 -0.002770 0.026930
v -0.010741 -0.002742 0.027205
v -0.010708 -0.002719 0.027474
v -0.010635 -0.002698 0.027739
v -0.010538 -0.002675 0.028004
v -0.010404 -0.002660 0.028260
v -0.010234 -0.002645 0.028512
v -0.010058 -0.002627 0.028764
v -0.009873 -0.002611 0.029009
v -0.009615 -0.002586 0.029258
v -0.009349 -0.002579 0.029486
v -0.009065 -0.002553 0.029724
v -0.008739 -0.002531 0.029955
v -0.008418 -0.002523 0.030163
v -0.008050 -0.002513 0.030367
v -0.007661 -0.002480 0.030583
v -0.007251 -0.002471 0.030772
v -0.006837 -0.002458 0.030949
v -0.006380 -0.002445 0.031124
v -0.005923 -0.002431 0.031285
v -0.005438 -0.002422 0.031435
v -0.004943 -0.002414 0.031579
v -0.004428 -0.002419 0.031714
v -0.003916 -0.002393 0.031830
v -0.003364 -0.002397 0.031938
v -0.002821 -0.002379 0.032033
v -0.002262 -0.002369 0.032104
v -0.001697 -0.002370 0.032182
v -0.001128 -0.002360 0.032241
v -0.000533 -0.002350 0.032281
v 0.000039 -0.002364 0.032323
v 0.000624 -0.002347 0.032334
v 0.001212 -0.002341 0.032337
v 0.001791 -0.002353 0.032340
v 0.002379 -0.002349 0.032313
v 0.002966 -0.002358 0.032299
v 0.003544 -0.002366 0.032229
v 0.004116 -0.002365 0.032171
v 0.004681 -0.002367 0.032100
v 0.005242 -0.002368 0.032020
v 0.005789 -0.002383 0.031920
v 0.006327 -0.002396 0.031818
v 0.006852 -0.002403 0.031686
v 0.007362 -0.002407 0.031570
v 0.007865 -0.002416 0.031419
v 0.008336 -0.002432 0.031266
v 0.008804 -0.002443 0.031099
v 0.009255 -0.002461 0.030935
v 0.009674 -0.002469 0.030745
v 0.010077 -0.002493 0.030544
v 0.010467 -0.002502 0.030354
v 0.010826 -0.002516 0.030130
v 0.011161 -0.002529 0.029924
v 0.011486 -0.002548 0.029699
v 0.011769 -0.002564 0.029466
v 0.012032 -0.002590 0.029229
v 0.012267 -0.002603 0.028986
v 0.012484 -0.002621 0.028729
v 0.012672 -0.002642 0.028475
v 0.012821 -0.002665 0.028227
v 0.012962 -0.002679 0.027970
v 0.013053 -0.002699 0.027714
v 0.013127 -0.002722 0.027442
v 0.013169 -0.002762 0.027187
v 0.013183 -0.002761 0.026918
v 0.013166 -0.002779 0.026640
v 0.013122 -0.002798 0.026382
v 0.013051 -0.002829 0.026123
v 0.012955 -0.002835 0.025849
v 0.012828 -0.002859 0.025590
v 0.012667 -0.002878 0.025332
v 0.012479 -0.002899 0.025081
v 0.012277 -0.002924 0.024839
v 0.012030 -0.002938 0.024593
v 0.011786 -0.002948 0.024353
v 0.011481 -0.002977 0.024118
v 0.011166 -0.002988 0.023902
v 0.010826 -0.003002 0.023678
v 0.010465 -0.003018 0.023461
v 0.010078 -0.003030 0.023269
v 0.009679 -0.003050 0.023066
v 0.009256 -0.003068 0.022897
v 0.008802 -0.003072 0.022722
v 0.008347 -0.003092 0.022567
v 0.007867 -0.003103 0.022408
v 0.007368 -0.003116 0.022270
v 0.006854 -0.003119 0.022122
v 0.006332 -0.003131 0.022001
v 0.005791 -0.003136 0.021902
v 0.005244 -0.003145 0.021810
v 0.004682 -0.003148 0.021714
v 0.004127 -0.003163 0.021654
v 0.003552 -0.003166 0.021596
v 0.002971 -0.003168 0.021543
v 0.002380 -0.003163 0.021521
v 0.001801 -0.003171 0.021493
v 0.001202 -0.003160 0.021484
v 0.001209 -0.003907 0.022640
v 0.000741 -0.003918 0.022634
v 0.000267 -0.003916 0.022650
v -0.000201 -0.003917 0.022675
v -0.000671 -0.003910 0.022716
v -0.001119 -0.003909 0.022760
v -0.001577 -0.003902 0.022821
v -0.002028 -0.003897 0.022889
v -0.002482 -0.003905 0.022954
v -0.002918 -0.003899 0.023039
v -0.003339 -0.003882 0.023146
v -0.003738 -0.003867 0.023259
v -0.004147 -0.003871 0.023362
v -0.004527 -0.003859 0.023489
v -0.004881 -0.003831 0.023638
v -0.005242 -0.003836 0.023763
v -0.005594 -0.003823 0.023913
v -0.005906 -0.003815 0.024065
v -0.006219 -0.003797 0.024233
v -0.006509 -0.003791 0.024395
v -0.006785 -0.003777 0.024572
v -0.007038 -0.003756 0.024760
v -0.007266 -0.003750 0.024939
v -0.007486 -0.003726 0.025140
v -0.007666 -0.003727 0.025320
v -0.007853 -0.003708 0.025525
v -0.007989 -0.003685 0.025735
v -0.008111 -0.003665 0.025946
v -0.008217 -0.003661 0.026144
v -0.008294 -0.003641 0.026358
v -0.008351 -0.003619 0.026577
v -0.008390 -0.003609 0.026785
v -0.008412 -0.003598 0.026993
v -0.008395 -0.003573 0.027216
v -0.008360 -0.003569 0.027417
v -0.008298 -0.003543 0.027640
v -0.008214 -0.003528 0.027849
v -0.008115 -0.003516 0.028054
v -0.007993 -0.003495 0.028267
v -0.007842 -0.003487 0.028462
v -0.007679 -0.003465 0.028668
v -0.007472 -0.003444 0.028869
v -0.007269 -0.003444 0.029045
v -0.007039 -0.003427 0.029234
v -0.006790 -0.003422 0.029405
v -0.006506 -0.003398 0.029591
v -0.006222 -0.003386 0.029758
v -0.005914 -0.003372 0.029921
v -0.005595 -0.003358 0.030059
v -0.005237 -0.003352 0.030230
v -0.004896 -0.003339 0.030362
v -0.004528 -0.003330 0.030492
v -0.004131 -0.003314 0.030611
v -0.003734 -0.003311 0.030732
v -0.003319 -0.003303 0.030830
v -0.002906 -0.003304 0.030928
v -0.002474 -0.003303 0.031017
v -0.002027 -0.003282 0.031085
v -0.001579 -0.003282 0.031151
v -0.001120 -0.003264 0.031215
v -0.000666 -0.003273 0.031261
v -0.000203 -0.003268 0.031298
v 0.000272 -0.003262 0.031321
v 0.000735 -0.003281 0.031334
v 0.001210 -0.003273 0.031339
v 0.001680 -0.003256 0.031336
v 0.002151 -0.003270 0.031321
v 0.002609 -0.003268 0.031292
v 0.003089 -0.003272 0.031253
v 0.003547 -0.003273 0.031214
v 0.004003 -0.003263 0.031143
v 0.004447 -0.003280 0.031054
v 0.004867 -0.003289 0.031005
v 0.005320 -0.003300 0.030917
v 0.005741 -0.003303 0.030815
v 0.006144 -0.003314 0.030714
v 0.006555 -0.003318 0.030600
v 0.006927 -0.003326 0.030474
v 0.007298 -0.003340 0.030352
v 0.007655 -0.003345 0.030208
v 0.008016 -0.003355 0.030055
v 0.008334 -0.003379 0.029903
v 0.008643 -0.003382 0.029741
v 0.008934 -0.003394 0.029572
v 0.009205 -0.003421 0.029397
v 0.009454 -0.003428 0.029220
v 0.009695 -0.003436 0.029029
v 0.009905 -0.003456 0.028836
v 0.010089 -0.003465 0.028650
v 0.010261 -0.003481 0.028448
v 0.010414 -0.003496 0.028243
v 0.010534 -0.003507 0.028032
v 0.010638 -0.003523 0.027833
v 0.010708 -0.003539 0.027615
v 0.010778 -0.003563 0.027402
v 0.010788 -0.003603 0.027190
v 0.010822 -0.003587 0.026979
v 0.010811 -0.003600 0.026767
v 0.010779 -0.003623 0.026559
v 0.010719 -0.003635 0.026337
v 0.010645 -0.003657 0.026131
v 0.010536 -0.003674 0.025918
v 0.010413 -0.003684 0.025713
v 0.010256 -0.003696 0.025519
v 0.010092 -0.003719 0.025316
v 0.009901 -0.003746 0.025115
v 0.009693 -0.003740 0.024931
v 0.009461 -0.003764 0.024738
v 0.009203 -0.003772 0.024563
v 0.008941 -0.003795 0.024378
v 0.008637 -0.003794 0.024214
v 0.008333 -0.003810 0.024051
v 0.008010 -0.003825 0.023898
v 0.007670 -0.003838 0.023750
v 0.007310 -0.003844 0.023606
v 0.006932 -0.003850 0.023478
v 0.006555 -0.003867 0.023355
v 0.006148 -0.003868 0.023230
v 0.005733 -0.003871 0.023135
v 0.005324 -0.003891 0.023044
v 0.004887 -0.003891 0.022950
v 0.004443 -0.003894 0.022878
v 0.003999 -0.003904 0.022813
v 0.003546 -0.003909 0.022769
v 0.003082 -0.003908 0.022709
v 0.002617 -0.003911 0.022667
v 0.002145 -0.003910 0.022647
v 0.001679 -0.003916 0.022623
v 0.001211 -0.003919 0.022617
v 0.001207 -0.004489 0.023756
v 0.000857 -0.004483 0.023766
v 0.000485 -0.004476 0.023784
v 0.000155 -0.004481 0.023798
v -0.000198 -0.004490 0.023814
v -0.000546 -0.004474 0.023863
v -0.000889 -0.004485 0.023893
v -0.001202 -0.004472 0.023952
v -0.001558 -0.004471 0.024007
v -0.001885 -0.004459 0.024080
v -0.002202 -0.004456 0.024151
v -0.002508 -0.004443 0.024237
v -0.002800 -0.004435 0.024325
v -0.003088 -0.004437 0.024409
v -0.003364 -0.004433 0.024505
v -0.003650 -0.004430 0.024606
v -0.003899 -0.004416 0.024723
v -0.004158 -0.004407 0.024841
v -0.004381 -0.004398 0.024962
v -0.004596 -0.004390 0.025088
v -0.004801 -0.004382 0.025218
v -0.004992 -0.004365 0.025361
v -0.005174 -0.004358 0.025498
v -0.005322 -0.004350 0.025638
v -0.005463 -0.004332 0.025792
v -0.005580 -0.004321 0.025943
v -0.005707 -0.004317 0.026088
v -0.005815 -0.004307 0.026242
v -0.005883 -0.004294 0.026400
v -0.005946 -0.004280 0.026561
v -0.005985 -0.004258 0.026731
v -0.006005 -0.004253 0.026885
v -0.006018 -0.004250 0.027036
v -0.006017 -0.004228 0.027207
v -0.005991 -0.004212 0.027371
v -0.005941 -0.004200 0.027531
v -0.005875 -0.004196 0.027681
v -0.005786 -0.004172 0.027850
v -0.005704 -0.004170 0.027995
v -0.005595 -0.004163 0.028144
v -0.005461 -0.004142 0.028304
v -0.005326 -0.004129 0.028452
v -0.005164 -0.004123 0.028592
v -0.004991 -0.004114 0.028728
v -0.004795 -0.004101 0.028868
v -0.004600 -0.004099 0.028990
v -0.004381 -0.004083 0.029123
v -0.004147 -0.004071 0.029246
v -0.003904 -0.004061 0.029357
v -0.003642 -0.004061 0.029467
v -0.003375 -0.004053 0.029575
v -0.003103 -0.004038 0.029674
v -0.002809 -0.004037 0.029759
v -0.002511 -0.004030 0.029851
v -0.002189 -0.004021 0.029929
v -0.001883 -0.003996 0.030002
v -0.001546 -0.004013 0.030064
v -0.001219 -0.004014 0.030124
v -0.000890 -0.004007 0.030172
v -0.000552 -0.004000 0.030220
v -0.000200 -0.003997 0.030244
v 0.000148 -0.004000 0.030283
v 0.000501 -0.003997 0.030298
v 0.000859 -0.003993 0.030309
v 0.001209 -0.003994 0.030324
v 0.001566 -0.004001 0.030306
v 0.001920 -0.003997 0.030298
v 0.002266 -0.003990 0.030272
v 0.002622 -0.003999 0.030237
v 0.002958 -0.004016 0.030216
v 0.003309 -0.004003 0.030167
v 0.003640 -0.004001 0.030122
v 0.003978 -0.004013 0.030058
v 0.004304 -0.004019 0.029992
v 0.004623 -0.004021 0.029929
v 0.004928 -0.004028 0.029837
v 0.005223 -0.004031 0.029753
v 0.005515 -0.004042 0.029664
v 0.005797 -0.004050 0.029564
v 0.006065 -0.004066 0.029472
v 0.006323 -0.004060 0.029342
v 0.006565 -0.004068 0.029231
v 0.006801 -0.004091 0.029108
v 0.007016 -0.004090 0.028983
v 0.007229 -0.004101 0.028859
v 0.007415 -0.004111 0.028711
v 0.007586 -0.004129 0.028574
v 0.007746 -0.004133 0.028436
v 0.007890 -0.004151 0.028278
v 0.008019 -0.004155 0.028125
v 0.008129 -0.004164 0.027980
v 0.008226 -0.004183 0.027822
v 0.008309 -0.004191 0.027667
v 0.008355 -0.004207 0.027513
v 0.008406 -0.004209 0.027348
v 0.008420 -0.004231 0.027182
v 0.008441 -0.004239 0.027031
v 0.008426 -0.004251 0.026877
v 0.008405 -0.004268 0.026710
v 0.008342 -0.004277 0.026542
v 0.008298 -0.004289 0.026395
v 0.008224 -0.004304 0.026240
v 0.008130 -0.004311 0.026080
v 0.008017 -0.004321 0.025925
v 0.007893 -0.004338 0.025767
v 0.007740 -0.004338 0.025630
v 0.007589 -0.004358 0.025510
v 0.007415 -0.004369 0.025343
v 0.007218 -0.004372 0.025206
v 0.007023 -0.004392 0.025078
v 0.006808 -0.004404 0.024947
v 0.006565 -0.004403 0.024830
v 0.006325 -0.004415 0.024716
v 0.006064 -0.004421 0.024597
v 0.005794 -0.004427 0.024500
v 0.005505 -0.004425 0.024400
v 0.005233 -0.004451 0.024299
v 0.004931 -0.004454 0.024212
v 0.004616 -0.004454 0.024145
v 0.004288 -0.004449 0.024067
v 0.003978 -0.004468 0.023991
v 0.003663 -0.004488 0.023953
v 0.003313 -0.004479 0.023891
v 0.002970 -0.004481 0.023857
v 0.002630 -0.004490 0.023824
v 0.002277 -0.004489 0.023792
v 0.001920 -0.004486 0.023774
v 0.001556 -0.004477 0.023762
v 0.001210 -0.004486 0.023762
v 0.001218 -0.004864 0.024888
v 0.000972 -0.004869 0.024886
v 0.000740 -0.004873 0.024889
v 0.000510 -0.004864 0.024911
v 0.000261 -0.004865 0.024927
v 0.000029 -0.004865 0.024950
v -0.000190 -0.004857 0.024984
v -0.000419 -0.004860 0.025012
v -0.000636 -0.004864 0.025045
v -0.000861 -0.004855 0.025094
v -0.001068 -0.004841 0.025153
v -0.001262 -0.004839 0.025204
v -0.001484 -0.004839 0.025257
v -0.001668 -0.004833 0.025321
v -0.001864 -0.004807 0.025408
v -0.002023 -0.004827 0.025454
v -0.002200 -0.004827 0.025521
v -0.002363 -0.004814 0.025608
v -0.002522 -0.004806 0.025691
v -0.002667 -0.004799 0.025777
v -0.002794 -0.004795 0.025862
v -0.002932 -0.004794 0.025946
v -0.003050 -0.004786 0.026042
v -0.003155 -0.004777 0.026139
v -0.003258 -0.004770 0.026237
v -0.003336 -0.004762 0.026338
v -0.003425 -0.004755 0.026441
v -0.003474 -0.004741 0.026550
v -0.003529 -0.004728 0.026660
v -0.003576 -0.004729 0.026757
v -0.003596 -0.004731 0.026853
v -0.003616 -0.004710 0.026974
v -0.003628 -0.004697 0.027086
v -0.003608 -0.004697 0.027186
v -0.003586 -0.004692 0.027290
v -0.003568 -0.004684 0.027396
v -0.003525 -0.004673 0.027505
v -0.003474 -0.004671 0.027604
v -0.003410 -0.004651 0.027720
v -0.003341 -0.004642 0.027823
v -0.003252 -0.004653 0.027905
v -0.003154 -0.004628 0.028020
v -0.003050 -0.004621 0.028115
v -0.002940 -0.004631 0.028193
v -0.002803 -0.004614 0.028294
v -0.002668 -0.004610 0.028378
v -0.002526 -0.004600 0.028466
v -0.002362 -0.004613 0.028545
v -0.002205 -0.004586 0.028627
v -0.002048 -0.004586 0.028702
v -0.001844 -0.004579 0.028768
v -0.001669 -0.004576 0.028831
v -0.001473 -0.004574 0.028891
v -0.001273 -0.004567 0.028957
v -0.001054 -0.004562 0.029002
v -0.000855 -0.004559 0.029046
v -0.000639 -0.004547 0.029099
v -0.000419 -0.004558 0.029123
v -0.000186 -0.004549 0.029160
v 0.000045 -0.004545 0.029190
v 0.000261 -0.004542 0.029228
v 0.000503 -0.004555 0.029234
v 0.000739 -0.004540 0.029244
v 0.000974 -0.004538 0.029251
v 0.001212 -0.004547 0.029263
v 0.001457 -0.004543 0.029257
v 0.001674 -0.004545 0.029251
v 0.001914 -0.004543 0.029230
v 0.002157 -0.004544 0.029216
v 0.002384 -0.004547 0.029191
v 0.002612 -0.004539 0.029168
v 0.002831 -0.004548 0.029133
v 0.003056 -0.004556 0.029083
v 0.003260 -0.004531 0.029047
v 0.003484 -0.004554 0.028999
v 0.003693 -0.004548 0.028946
v 0.003896 -0.004570 0.028889
v 0.004086 -0.004580 0.028823
v 0.004278 -0.004579 0.028759
v 0.004455 -0.004576 0.028688
v 0.004625 -0.004597 0.028619
v 0.004795 -0.004592 0.028539
v 0.004944 -0.004606 0.028459
v 0.005092 -0.004613 0.028370
v 0.005231 -0.004614 0.028285
v 0.005348 -0.004620 0.028193
v 0.005462 -0.004624 0.028099
v 0.005550 -0.004624 0.027997
v 0.005672 -0.004658 0.027898
v 0.005757 -0.004643 0.027804
v 0.005833 -0.004657 0.027696
v 0.005895 -0.004661 0.027600
v 0.005946 -0.004673 0.027505
v 0.005984 -0.004679 0.027386
v 0.006017 -0.004703 0.027270
v 0.006033 -0.004696 0.027174
v 0.006046 -0.004698 0.027066
v 0.006036 -0.004721 0.026938
v 0.006016 -0.004716 0.026853
v 0.005987 -0.004728 0.026741
v 0.005948 -0.004735 0.026639
v 0.005894 -0.004748 0.026532
v 0.005829 -0.004754 0.026431
v 0.005753 -0.004755 0.026328
v 0.005672 -0.004766 0.026251
v 0.005563 -0.004761 0.026131
v 0.005473 -0.004785 0.026037
v 0.005352 -0.004788 0.025945
v 0.005224 -0.004794 0.025848
v 0.005091 -0.004803 0.025747
v 0.004947 -0.004813 0.025680
v 0.004789 -0.004816 0.025592
v 0.004620 -0.004816 0.025523
v 0.004461 -0.004833 0.025444
v 0.004272 -0.004829 0.025379
v 0.004087 -0.004837 0.025302
v 0.003899 -0.004847 0.025254
v 0.003693 -0.004845 0.025171
v 0.003491 -0.004854 0.025140
v 0.003279 -0.004857 0.025080
v 0.003065 -0.004863 0.025052
v 0.002839 -0.004861 0.025011
v 0.002618 -0.004867 0.024978
v 0.002396 -0.004877 0.024958
v 0.002148 -0.004861 0.024929
v 0.001921 -0.004869 0.024905
v 0.001686 -0.004871 0.024884
v 0.001449 -0.004871 0.024885
v 0.001209 -0.004867 0.024867
v 0.001213 -0.005070 0.025995
v 0.001094 -0.005062 0.026004
v 0.000968 -0.005076 0.025994
v 0.000855 -0.005071 0.026006
v 0.000739 -0.005062 0.026023
v 0.000617 -0.005079 0.026016
v 0.000509 -0.005062 0.026047
v 0.000403 -0.005067 0.026058
v 0.000278 -0.005061 0.026083
v 0.000179 -0.005052 0.026112
v 0.000063 -0.005063 0.026123
v -0.000030 -0.005054 0.026157
v -0.000130 -0.005054 0.026183
v -0.000230 -0.005056 0.026210
v -0.000337 -0.005054 0.026243
v -0.000423 -0.005045 0.026285
v -0.000498 -0.005047 0.026317
v -0.000573 -0.005041 0.026358
v -0.000656 -0.005038 0.026400
v -0.000738 -0.005030 0.026447
v -0.000802 -0.005034 0.026483
v -0.000860 -0.005025 0.026535
v -0.000919 -0.005022 0.026581
v -0.000982 -0.005025 0.026622
v -0.001010 -0.005019 0.026674
v -0.001065 -0.005010 0.026729
v -0.001098 -0.005001 0.026786
v -0.001146 -0.005006 0.026829
v -0.001160 -0.004994 0.026889
v -0.001181 -0.005028 0.026904
v -0.001199 -0.004997 0.026985
v -0.001204 -0.004985 0.027047
v -0.001207 -0.004987 0.027094
v -0.001198 -0.004977 0.027154
v -0.001202 -0.004973 0.027208
v -0.001174 -0.004973 0.027257
v -0.001158 -0.004972 0.027306
v -0.001133 -0.004972 0.027355
v -0.001105 -0.004963 0.027412
v -0.001071 -0.004964 0.027459
v -0.001016 -0.004961 0.027507
v -0.000971 -0.004947 0.027568
v -0.000926 -0.004939 0.027620
v -0.000873 -0.004946 0.027656
v -0.000807 -0.004936 0.027708
v -0.000724 -0.004931 0.027753
v -0.000656 -0.004940 0.027786
v -0.000589 -0.004932 0.027818
v -0.000510 -0.004934 0.027870
v -0.000418 -0.004926 0.027911
v -0.000327 -0.004913 0.027955
v -0.000221 -0.004921 0.027975
v -0.000134 -0.004916 0.028004
v -0.000026 -0.004913 0.028022
v 0.000074 -0.004906 0.028059
v 0.000196 -0.004916 0.028086
v 0.000288 -0.004906 0.028109
v 0.000397 -0.004915 0.028125
v 0.000514 -0.004915 0.028144
v 0.000629 -0.004906 0.028158
v 0.000748 -0.004905 0.028169
v 0.000855 -0.004899 0.028171
v 0.000968 -0.004902 0.028181
v 0.001092 -0.004908 0.028187
v 0.001212 -0.004898 0.028189
v 0.001325 -0.004907 0.028185
v 0.001459 -0.004898 0.028189
v 0.001559 -0.004905 0.028179
v 0.001686 -0.004904 0.028160
v 0.001804 -0.004915 0.028156
v 0.001909 -0.004903 0.028141
v 0.002022 -0.004900 0.028132
v 0.002136 -0.004919 0.028101
v 0.002246 -0.004903 0.028082
v 0.002361 -0.004910 0.028058
v 0.002453 -0.004922 0.028038
v 0.002562 -0.004918 0.028010
v 0.002652 -0.004918 0.027966
v 0.002744 -0.004928 0.027939
v 0.002822 -0.004929 0.027902
v 0.002914 -0.004929 0.027870
v 0.002998 -0.004929 0.027819
v 0.003075 -0.004933 0.027786
v 0.003150 -0.004931 0.027744
v 0.003238 -0.004945 0.027692
v 0.003291 -0.004941 0.027654
v 0.003343 -0.004940 0.027607
v 0.003394 -0.004957 0.027557
v 0.003442 -0.004954 0.027511
v 0.003471 -0.004962 0.027464
v 0.003523 -0.004962 0.027412
v 0.003580 -0.004965 0.027358
v 0.003582 -0.004969 0.027298
v 0.003603 -0.004978 0.027255
v 0.003623 -0.004970 0.027197
v 0.003625 -0.004988 0.027148
v 0.003611 -0.004987 0.027084
v 0.003638 -0.004988 0.027041
v 0.003617 -0.004985 0.026989
v 0.003604 -0.004992 0.026941
v 0.003578 -0.004983 0.026863
v 0.003555 -0.005004 0.026823
v 0.003525 -0.005008 0.026766
v 0.003481 -0.005006 0.026725
v 0.003444 -0.005015 0.026670
v 0.003390 -0.005014 0.026612
v 0.003330 -0.005010 0.026575
v 0.003285 -0.005027 0.026534
v 0.003220 -0.005029 0.026480
v 0.003148 -0.005028 0.026441
v 0.003074 -0.005031 0.026406
v 0.003002 -0.005040 0.026350
v 0.002924 -0.005047 0.026316
v 0.002837 -0.005049 0.026303
v 0.002748 -0.005053 0.026243
v 0.002646 -0.005046 0.026218
v 0.002553 -0.005052 0.026183
v 0.002457 -0.005059 0.026157
v 0.002354 -0.005061 0.026124
v 0.002234 -0.005049 0.026102
v 0.002139 -0.005063 0.026095
v 0.002007 -0.005044 0.026059
v 0.001915 -0.005067 0.026043
v 0.001802 -0.005068 0.026038
v 0.001684 -0.005067 0.026031
v 0.001563 -0.005064 0.026004
v 0.001443 -0.005062 0.026010
v 0.001341 -0.005079 0.025987
v 0.001211 -0.005067 0.026005
v 0.001221 -0.005069 0.027109
v 0.001102 -0.005059 0.026007
v 0.001215 -0.005076 0.027102
v 0.000978 -0.005066 0.026004
v 0.001228 -0.005078 0.027100
v 0.000873 -0.005067 0.026009
v 0.001212 -0.005073 0.027106
v 0.000741 -0.005061 0.026024
v 0.001212 -0.005076 0.027102
v 0.000624 -0.005064 0.026032
v 0.001212 -0.005072 0.027106
v 0.000510 -0.005059 0.026051
v 0.001221 -0.005075 0.027104
v 0.000407 -0.005060 0.026065
v 0.001205 -0.005080 0.027099
v 0.000280 -0.005064 0.026079
v 0.001211 -0.005071 0.027107
v 0.000178 -0.005053 0.026110
v 0.001218 -0.005072 0.027106
v 0.000078 -0.005052 0.026134
v 0.001215 -0.005088 0.027090
v -0.000028 -0.005067 0.026144
v 0.001211 -0.005082 0.027096
v -0.000132 -0.005058 0.026179
v 0.001200 -0.005078 0.027101
v -0.000240 -0.005052 0.026215
v 0.001209 -0.005072 0.027106
v -0.000324 -0.005043 0.026253
v 0.001207 -0.005086 0.027093
v -0.000416 -0.005055 0.026275
v 0.001215 -0.005076 0.027102
v -0.000495 -0.005042 0.026321
v 0.001219 -0.005071 0.027107
v -0.000572 -0.005035 0.026365
v 0.001210 -0.005078 0.027100
v -0.000659 -0.005038 0.026400
v 0.001223 -0.005071 0.027108
v -0.000719 -0.005027 0.026449
v 0.001212 -0.005076 0.027102
v -0.000798 -0.005029 0.026488
v 0.001211 -0.005081 0.027098
v -0.000862 -0.005030 0.026529
v 0.001206 -0.005080 0.027099
v -0.000926 -0.005026 0.026577
v 0.001219 -0.005078 0.027100
v -0.000967 -0.005021 0.026626
v 0.001220 -0.005074 0.027105
v -0.001013 -0.005013 0.026680
v 0.001233 -0.005080 0.027099
v -0.001043 -0.005015 0.026724
v 0.001210 -0.005085 0.027093
v -0.001103 -0.005017 0.026770
v 0.001211 -0.005082 0.027097
v -0.001135 -0.005010 0.026825
v 0.001207 -0.005082 0.027097
v -0.001165 -0.005005 0.026878
v 0.001211 -0.005079 0.027100
v -0.001180 -0.004999 0.026934
v 0.001219 -0.005073 0.027106
v -0.001187 -0.004988 0.026993
v 0.001208 -0.005075 0.027104
v -0.001208 -0.004986 0.027046
v 0.001209 -0.005088 0.027091
v -0.001209 -0.004996 0.027086
v 0.001203 -0.005078 0.027100
v -0.001212 -0.004982 0.027149
v 0.001200 -0.005076 0.027102
v -0.001206 -0.004976 0.027205
v 0.001226 -0.005084 0.027094
v -0.001166 -0.004980 0.027250
v 0.001218 -0.005078 0.027100
v -0.001153 -0.004970 0.027309
v 0.001207 -0.005075 0.027103
v -0.001139 -0.004963 0.027365
v 0.001215 -0.005078 0.027100
v -0.001099 -0.004961 0.027414
v 0.001209 -0.005072 0.027107
v -0.001067 -0.004951 0.027471
v 0.001214 -0.005089 0.027089
v -0.001020 -0.004965 0.027503
v 0.001208 -0.005079 0.027100
v -0.000978 -0.004951 0.027563
v 0.001202 -0.005079 0.027099
v -0.000931 -0.004948 0.027610
v 0.001205 -0.005082 0.027097
v -0.000869 -0.004947 0.027655
v 0.001206 -0.005074 0.027104
v -0.000804 -0.004936 0.027708
v 0.001221 -0.005078 0.027101
v -0.000721 -0.004937 0.027748
v 0.001216 -0.005086 0.027092
v -0.000654 -0.004942 0.027782
v 0.001217 -0.005074 0.027104
v -0.000575 -0.004926 0.027835
v 0.001200 -0.005072 0.027106
v -0.000510 -0.004922 0.027875
v 0.001205 -0.005078 0.027097
v -0.000419 -0.004925 0.027903
v 0.001201 -0.005076 0.027101
v -0.000333 -0.004920 0.027942
v 0.001205 -0.005094 0.027106
v -0.000235 -0.004936 0.027980
v 0.001212 -0.005071 0.027100
v -0.000131 -0.004910 0.028006
v 0.001206 -0.005080 0.027101
v -0.000037 -0.004917 0.028035
v 0.001218 -0.005078 0.027102
v 0.000078 -0.004913 0.028062
v 0.001231 -0.005079 0.027085
v 0.000196 -0.004912 0.028069
v 0.001206 -0.005076 0.027098
v 0.000280 -0.004907 0.028105
v 0.001213 -0.005076 0.027106
v 0.000398 -0.004906 0.028131
v 0.001210 -0.005071 0.027097
v 0.000507 -0.004900 0.028139
v 0.001216 -0.005072 0.027100
v 0.000629 -0.004900 0.028156
v 0.001211 -0.005099 0.027099
v 0.000739 -0.004925 0.028167
v 0.001210 -0.005070 0.027099
v 0.000855 -0.004896 0.028176
v 0.001210 -0.005087 0.027100
v 0.000973 -0.004912 0.028184
v 0.001210 -0.005078 0.027113
v 0.001091 -0.004903 0.028200
v 0.001205 -0.005080 0.027100
v 0.001204 -0.004904 0.028189
v 0.001216 -0.005085 0.027103
v 0.001334 -0.004910 0.028190
v 0.001207 -0.005079 0.027094
v 0.001443 -0.004904 0.028177
v 0.001211 -0.005075 0.027095
v 0.001565 -0.004901 0.028171
v 0.001209 -0.005080 0.027095
v 0.001680 -0.004906 0.028162
v 0.001203 -0.005077 0.027101
v 0.001790 -0.004904 0.028157
v 0.001203 -0.005077 0.027110
v 0.001904 -0.004904 0.028151
v 0.001209 -0.005075 0.027100
v 0.002023 -0.004905 0.028124
v 0.001204 -0.005076 0.027096
v 0.002129 -0.004907 0.028100
v 0.001212 -0.005083 0.027106
v 0.002245 -0.004916 0.028088
v 0.001213 -0.005076 0.027096
v 0.002352 -0.004910 0.028054
v 0.001208 -0.005074 0.027102
v 0.002450 -0.004911 0.028033
v 0.001211 -0.005067 0.027094
v 0.002554 -0.004906 0.027997
v 0.001211 -0.005080 0.027093
v 0.002651 -0.004921 0.027964
v 0.001211 -0.005078 0.027102
v 0.002745 -0.004922 0.027939
v 0.001206 -0.005076 0.027101
v 0.002830 -0.004922 0.027904
v 0.001206 -0.005074 0.027100
v 0.002915 -0.004923 0.027866
v 0.001215 -0.005080 0.027096
v 0.003006 -0.004932 0.027823
v 0.001211 -0.005074 0.027094
v 0.003079 -0.004929 0.027780
v 0.001217 -0.005078 0.027101
v 0.003159 -0.004936 0.027744
v 0.001218 -0.005074 0.027100
v 0.003228 -0.004936 0.027699
v 0.001208 -0.005073 0.027100
v 0.003282 -0.004937 0.027653
v 0.001214 -0.005083 0.027093
v 0.003346 -0.004951 0.027600
v 0.001207 -0.005078 0.027097
v 0.003392 -0.004950 0.027556
v 0.001207 -0.005072 0.027107
v 0.003440 -0.004947 0.027517
v 0.001211 -0.005068 0.027097
v 0.003487 -0.004948 0.027456
v 0.001204 -0.005068 0.027100
v 0.003518 -0.004951 0.027409
v 0.001211 -0.005074 0.027103
v 0.003557 -0.004962 0.027360
v 0.001210 -0.005083 0.027106
v 0.003581 -0.004974 0.027310
v 0.001218 -0.005074 0.027098
v 0.003610 -0.004970 0.027249
v 0.001205 -0.005077 0.027100
v 0.003611 -0.004976 0.027198
v 0.001204 -0.005079 0.027093
v 0.003619 -0.004982 0.027137
v 0.001205 -0.005071 0.027102
v 0.003622 -0.004978 0.027092
v 0.001217 -0.005075 0.027099
v 0.003632 -0.004985 0.027035
v 0.001212 -0.005088 0.027101
v 0.003618 -0.005003 0.026984
v 0.001216 -0.005076 0.027104
v 0.003608 -0.004995 0.026934
v 0.001211 -0.005090 0.027110
v 0.003582 -0.005013 0.026886
v 0.001212 -0.005075 0.027109
v 0.003557 -0.005002 0.026833
v 0.001208 -0.005075 0.027100
v 0.003522 -0.005006 0.026772
v 0.001208 -0.005075 0.027122
v 0.003484 -0.005009 0.026743
v 0.001215 -0.005082 0.027089
v 0.003448 -0.005020 0.026660
v 0.001199 -0.005066 0.027092
v 0.003384 -0.005009 0.026614
v 0.001210 -0.005076 0.027111
v 0.003342 -0.005022 0.026585
v 0.001209 -0.005076 0.027106
v 0.003283 -0.005025 0.026534
v 0.001206 -0.005072 0.027098
v 0.003216 -0.005026 0.026480
v 0.001211 -0.005078 0.027111
v 0.003153 -0.005034 0.026449
v 0.001211 -0.005078 0.027099
v 0.003080 -0.005037 0.026395
v 0.001196 -0.005062 0.027108
v 0.002987 -0.005025 0.026363
v 0.001206 -0.005072 0.027102
v 0.002915 -0.005038 0.026317
v 0.001204 -0.005070 0.027107
v 0.002827 -0.005039 0.026286
v 0.001214 -0.005081 0.027094
v 0.002748 -0.005052 0.026238
v 0.001207 -0.005074 0.027087
v 0.002647 -0.005048 0.026198
v 0.001215 -0.005082 0.027105
v 0.002558 -0.005057 0.026186
v 0.001207 -0.005074 0.027110
v 0.002450 -0.005052 0.026162
v 0.001208 -0.005074 0.027099
v 0.002347 -0.005054 0.026124
v 0.001199 -0.005065 0.027096
v 0.002232 -0.005047 0.026097
v 0.001213 -0.005079 0.027101
v 0.002138 -0.005063 0.026080
v 0.001206 -0.005072 0.027105
v 0.002020 -0.005057 0.026065
v 0.001223 -0.005090 0.027102
v 0.001925 -0.005077 0.026045
v 0.001213 -0.005080 0.027093
v 0.001801 -0.005067 0.026022
v 0.001200 -0.005066 0.027074
v 0.001671 -0.005055 0.025991
v 0.001210 -0.005076 0.027103
v 0.001565 -0.005066 0.026011
v 0.001221 -0.005087 0.027090
v 0.001458 -0.005077 0.025991
v 0.001223 -0.005090 0.027088
v 0.001342 -0.005080 0.025986
v 0.001212 -0.005078 0.027111
v 0.001212 -0.005068 0.026007
v -0.073764 0.242208 -0.115038
v -0.089981 -0.074801 -0.265397
v -0.111810 -0.188585 -0.050968
v -0.095457 -0.054344 -0.108651
v -0.003464 -0.005389 0.030975
v -0.006897 -0.135104 -0.106968
v -0.043061 0.278855 -0.022088
v 0.034038 0.285818 -0.172894
v 0.106884 -0.054998 -0.134294
v 0.158172 -0.083026 -0.081483
v 0.164480 0.306792 -0.039476
v -0.112583 0.089384 0.011754
v -0.150075 0.041476 0.007398
v -0.036060 0.004036 0.012446
v -0.043356 0.125218 -0.024172
v -0.099335 0.061149 -0.009953
v -0.054684 0.065542 0.004746
v -0.055031 0.065412 0.004528
v -0.048397 0.040657 0.014921
v -0.017699 0.132955 -0.006430
v -0.037814 0.097795 -0.002750
v -0.036926 0.097167 -0.002049
v -0.081864 0.074845 0.030132
v -0.148418 0.039449 0.004806
v -0.129857 0.004479 0.005943
v -0.127443 0.001981 0.005036
v -0.147299 0.012566 0.009612
v -0.034135 0.003008 0.038844
v -0.048317 0.039789 0.014199
v -0.034596 -0.014068 0.007949
v -0.034561 0.007375 0.020111
v -0.068259 0.125492 -0.005443
v -0.068001 0.124738 -0.005445
v -0.017038 0.137366 -0.006073
v -0.100821 0.107986 0.008362
v -0.110182 0.100231 0.013519
v -0.149040 0.004812 0.013272
v -0.188890 0.011578 0.036077
v -0.188427 0.020714 0.027805
v -0.188774 0.018044 0.029449
v -0.185450 0.040625 0.015803
v -0.186240 0.029034 0.025177
v -0.188347 0.015620 0.033258
v -0.185768 0.033336 0.022448
v -0.209635 -0.006592 0.014797
v -0.217058 0.020886 0.014282
v -0.218925 -0.013573 0.008128
v -0.216525 0.001210 -0.000429
v -0.219090 -0.014684 0.008734
v -0.243266 0.004481 0.003779
v -0.260004 0.000027 0.048520
v -0.248033 -0.020888 0.018549
v -0.272347 0.011248 0.037672
v -0.256865 0.015187 0.037959
v -0.256547 0.016832 0.036828
v -0.245084 -0.005201 0.009419
v -0.245338 -0.000793 0.020279
v -0.267753 0.013550 0.038385
v -0.303369 -0.027915 0.063047
v -0.296160 -0.027478 0.063506
v -0.317887 -0.004087 0.049207
v -0.272149 -0.008472 0.049842
v -0.281587 0.000762 0.046388
v -0.319898 -0.015892 0.056440
v -0.297008 -0.032203 0.066761
v -0.320613 -0.015617 0.056279
v -0.318158 -0.005375 0.049981
v -0.329124 -0.010986 0.040201
v -0.341939 -0.061703 0.070707
v -0.371198 -0.064365 0.053221
v -0.372733 -0.052420 0.033611
v -0.377512 -0.039035 0.039650
v -0.344514 -0.017247 0.026777
v -0.346974 -0.043702 0.048095
v -0.328681 -0.036152 0.063749
v -0.346014 -0.026224 0.030226
v -0.353612 -0.065816 0.051271
v -0.364962 -0.039998 0.030515
v -0.371230 -0.027516 0.046552
v -0.396065 -0.069567 0.057640
v -0.369727 -0.073503 0.056171
v -0.359848 -0.070154 0.056332
v -0.382052 -0.057667 0.041613
v -0.356949 -0.138637 0.121614
v -0.414195 -0.171931 0.096414
v -0.432497 -0.146046 0.101943
v -0.396649 -0.100993 0.065520
v -0.398464 -0.127205 0.055398
v -0.412865 -0.152130 0.087469
v -0.412039 -0.154654 0.092493
v -0.395960 -0.096599 0.053415
v -0.408136 -0.107681 0.075127
v -0.408664 -0.157775 0.077952
v -0.429429 -0.130448 0.093045
v -0.444086 -0.104170 0.073720
v -0.410319 -0.150646 0.082668
v -0.390671 -0.133629 0.083406
v -0.415532 -0.080684 0.062309
v -0.366041 -0.062819 0.049649
v -0.365386 -0.094806 0.070616
v -0.374336 -0.123616 0.090610
v -0.417455 -0.076490 0.061347
v -0.361134 -0.062244 0.051324
v -0.384854 -0.161345 0.112265
v -0.383937 -0.065116 0.043907
v -0.404844 -0.145276 0.065597
v -0.476610 -0.297791 0.112233
v -0.488458 -0.313492 0.112112
v -0.477921 -0.292505 0.107411
v -0.469235 -0.275889 0.102256
v -0.474104 -0.289168 0.108564
v -0.476700 -0.300839 0.115779
v -0.468183 -0.275872 0.103702
v -0.454704 -0.227091 0.075875
v -0.465173 -0.238036 0.072821
v -0.454898 -0.228190 0.076219
v -0.476951 -0.282273 0.098215
v -0.463160 -0.261751 0.094574
v -0.467438 -0.267969 0.096313
v -0.468707 -0.271017 0.098749
v -0.413162 -0.175646 0.083004
v -0.442539 -0.183639 0.050591
v -0.458287 -0.244114 0.087090
v -0.460312 -0.252168 0.089404
v -0.454047 -0.311797 0.043510
v -0.469208 -0.267328 0.094327
v -0.419397 -0.201270 0.098729
v -0.457443 -0.240127 0.082894
v -0.409223 -0.299332 0.049953
v -0.442339 -0.236037 0.100753
v -0.463325 -0.256804 0.091926
v -0.448196 -0.211514 0.067398
v -0.420146 -0.206350 0.100056
v -0.433603 -0.161435 0.041793
v -0.431162 -0.153905 0.036240
v -0.406126 -0.155894 0.071580
v -0.437206 -0.174299 0.047273
v -0.405375 -0.161246 0.040373
v -0.405341 -0.147617 0.066897
v 0.056272 0.131558 -0.010812
v 0.021229 0.096578 -0.005403
v 0.042490 0.067003 0.001131
v 0.040557 0.065327 0.003746
v 0.011542 0.012645 0.026214
v 0.033422 0.040896 0.015004
v 0.022619 0.097525 -0.002005
v 0.129657 0.051727 0.037554
v 0.150815 0.045745 0.006174
v 0.147219 -0.003574 0.001064
v 0.115745 0.003568 0.004286
v 0.142927 0.006599 0.003228
v 0.116177 0.001857 0.002444
v 0.033497 0.039790 0.014213
v 0.003235 0.133420 -0.006945
v 0.096521 0.100960 0.013638
v 0.019765 0.007375 0.020109
v 0.019314 -0.013202 0.007047
v 0.001863 0.134034 -0.007017
v 0.104145 0.087414 0.016251
v 0.103672 0.089831 0.013163
v 0.019627 -0.002913 0.011985
v 0.054111 0.125295 -0.008222
v 0.088099 0.100702 0.008388
v 0.149532 0.043915 0.004076
v 0.174468 0.014557 0.040588
v 0.159181 0.018311 0.026786
v 0.175030 0.019977 0.031832
v 0.169181 0.041644 0.017476
v 0.149214 0.021062 0.016235
v 0.157923 0.011779 0.028173
v 0.162795 0.032340 0.021862
v 0.185588 0.004054 0.032288
v 0.195210 -0.010119 0.018268
v 0.202175 0.021281 0.015888
v 0.185413 0.006913 0.031024
v 0.183045 0.023442 0.021038
v 0.253613 0.031285 0.027251
v 0.224347 0.003035 0.062410
v 0.220442 0.025611 0.048247
v 0.258611 0.006179 0.042652
v 0.255876 0.020115 0.034085
v 0.218983 0.033993 0.042982
v 0.258145 0.008434 0.040966
v 0.255923 0.019908 0.034523
v 0.238869 0.011729 0.056577
v 0.269389 0.014543 0.038118
v 0.273874 -0.023397 0.059822
v 0.278706 -0.026948 0.062795
v 0.320094 0.001744 0.049017
v 0.260560 -0.000795 0.047296
v 0.267642 0.003167 0.043765
v 0.311060 -0.009770 0.054455
v 0.320021 -0.010780 0.053297
v 0.281784 -0.024346 0.063227
v 0.316640 -0.002074 0.048935
v 0.344496 -0.003323 0.049005
v 0.372327 -0.057556 0.064260
v 0.373609 -0.039571 0.045168
v 0.372490 -0.038111 0.045184
v 0.360686 -0.049763 0.072391
v 0.335913 -0.060987 0.083549
v 0.346532 -0.011531 0.054223
v 0.327722 -0.029628 0.064417
v 0.351520 -0.015523 0.051520
v 0.357447 -0.042562 0.069804
v 0.377497 -0.057661 0.057368
v 0.357634 -0.052065 0.078592
v 0.390785 -0.066087 0.047647
v 0.403806 -0.151684 0.087903
v 0.363304 -0.119750 0.126646
v 0.413925 -0.148177 0.088564
v 0.393337 -0.109398 0.056013
v 0.409575 -0.155550 0.081871
v 0.388097 -0.095192 0.053176
v 0.399748 -0.134543 0.059963
v 0.410979 -0.148150 0.088534
v 0.428604 -0.127925 0.091444
v 0.465417 -0.161838 0.048790
v 0.415689 -0.131708 0.085836
v 0.434864 -0.099496 0.074513
v 0.407324 -0.154665 0.070911
v 0.416174 -0.101327 0.077906
v 0.379820 -0.054201 0.038871
v 0.380458 -0.070186 0.040174
v 0.369680 -0.144597 0.142028
v 0.406963 -0.124993 0.089544
v 0.415347 -0.142383 0.096556
v 0.399533 -0.085082 0.055770
v 0.384666 -0.046025 0.042719
v 0.353144 -0.052235 0.078122
v 0.352335 -0.083207 0.093734
v 0.357026 -0.121430 0.084163
v 0.408782 -0.075988 0.058787
v 0.378558 -0.056619 0.036266
v 0.379989 -0.068932 0.039833
v 0.404541 -0.144204 0.064987
v 0.451077 -0.216082 0.070064
v 0.474823 -0.294573 0.112397
v 0.468586 -0.273510 0.101414
v 0.465567 -0.263630 0.095618
v 0.482948 -0.300783 0.107934
v 0.461599 -0.256539 0.093357
v 0.455059 -0.233762 0.080667
v 0.460748 -0.247230 0.086853
v 0.458227 -0.238617 0.082686
v 0.454342 -0.225783 0.075140
v 0.482990 -0.304454 0.110657
v 0.503707 -0.217417 0.062880
v 0.458073 -0.267949 0.109326
v 0.447781 -0.239590 0.096652
v 0.459224 -0.246812 0.086529
v 0.464780 -0.262058 0.095093
v 0.467901 -0.271354 0.099748
v 0.479543 -0.289807 0.101948
v 0.410679 -0.171995 0.084087
v 0.453020 -0.247632 0.096902
v 0.459005 -0.262454 0.094488
v 0.439232 -0.311856 0.043503
v 0.418325 -0.200271 0.100495
v 0.437465 -0.227281 0.098965
v 0.421753 -0.211979 0.106885
v 0.468199 -0.270148 0.097812
v 0.428127 -0.143482 0.030671
v 0.421538 -0.200854 0.095622
v 0.440888 -0.179889 0.052321
v 0.416946 -0.196392 0.094450
v 0.432992 -0.159629 0.040158
v 0.403364 -0.146210 0.066132
v 0.403620 -0.147066 0.066600
v 0.406072 -0.157397 0.072342
v 0.435561 -0.165708 0.043416
v 0.390552 -0.161246 0.040373
v -0.003614 0.191053 -0.031961
v -0.085342 0.180379 -0.006928
v -0.088451 0.180467 -0.006110
v -0.088563 0.201495 -0.012967
v -0.077760 0.212923 -0.015538
v -0.078973 0.215271 -0.019365
v -0.028990 0.201973 -0.028515
v -0.075902 0.188597 0.001011
v -0.004392 0.193160 -0.031363
v -0.028518 0.183841 -0.025756
v -0.029463 0.184884 -0.025789
v -0.028254 0.200403 -0.027523
v -0.073193 0.189944 -0.030958
v -0.084910 0.200392 -0.011399
v -0.073857 0.175582 -0.013132
v -0.075820 0.177571 -0.011887
v -0.060710 0.199853 -0.018805
v -0.096331 0.221645 -0.018662
v -0.102420 0.187542 -0.012665
v -0.101733 0.188462 -0.014338
v -0.095035 0.192413 -0.018287
v -0.095190 0.193028 -0.015214
v -0.100220 0.190202 -0.016191
v -0.095820 0.221096 -0.019533
v -0.097110 0.185062 -0.022934
v -0.100984 0.215932 -0.003195
v -0.098414 0.202544 -0.014170
v -0.062025 0.200482 -0.019332
v -0.086197 0.216523 -0.017438
v -0.100752 0.202569 -0.014036
v -0.087245 0.214893 -0.018526
v -0.093589 0.187498 -0.012283
v -0.095840 0.189967 -0.014883
v -0.137948 0.231845 -0.007955
v -0.136926 0.207593 -0.003755
v -0.140081 0.210291 0.004127
v -0.129003 0.206541 -0.023853
v -0.136423 0.206823 -0.003423
v -0.120016 0.231615 -0.020809
v -0.083191 0.207695 -0.019614
v -0.115965 0.227862 -0.019559
v -0.076407 0.200463 -0.020599
v -0.132811 0.195689 -0.009708
v -0.131282 0.194869 -0.012695
v -0.082460 0.208794 -0.019581
v -0.076820 0.200848 -0.020599
v -0.120310 0.195386 -0.013260
v -0.120631 0.196486 -0.014389
v -0.148439 0.232022 -0.012575
v -0.115971 0.209389 -0.014136
v -0.154311 0.217534 -0.003217
v -0.155139 0.212135 0.001567
v -0.153902 0.221004 -0.004345
v -0.150204 0.198736 0.009313
v -0.150259 0.197243 0.010270
v -0.150953 0.208181 0.004751
v -0.150246 0.199545 0.009071
v -0.126866 0.218443 -0.012944
v -0.115004 0.210047 -0.014121
v -0.126517 0.208176 -0.012856
v -0.156918 0.198367 0.010961
v -0.127588 0.218203 -0.013534
v -0.125965 0.208925 -0.012285
v -0.150921 0.230352 -0.010790
v -0.151255 0.231309 -0.011451
v -0.208752 0.222429 0.007165
v -0.208895 0.207338 -0.009128
v -0.213099 0.199072 0.023494
v -0.173865 0.223520 0.007351
v -0.213408 0.183389 0.007194
v -0.198641 0.214041 -0.013608
v -0.172261 0.230147 0.002749
v -0.196697 0.210594 -0.011255
v -0.206961 0.230944 0.001056
v -0.212384 0.202714 0.020939
v -0.208183 0.210991 -0.011564
v -0.246314 0.223168 -0.005923
v -0.201004 0.218375 0.001128
v -0.251705 0.199063 0.009148
v -0.249647 0.214643 0.000081
v -0.254079 0.188557 0.016425
v -0.253763 0.189892 0.015490
v -0.253232 0.192962 0.015050
v -0.250557 0.210700 0.002780
v -0.248176 0.214962 -0.000219
v -0.251261 0.207663 0.004867
v -0.247331 0.218759 -0.002803
v -0.286442 0.187612 0.003413
v -0.260394 0.167280 0.031077
v -0.285830 0.190280 0.001589
v -0.272441 0.164708 0.019435
v -0.253646 0.197175 0.012089
v -0.260678 0.166015 0.032014
v -0.250343 0.210574 0.002879
v -0.261636 0.209750 -0.011107
v -0.249221 0.210453 0.002739
v -0.248105 0.215314 -0.000479
v -0.258011 0.177782 0.023977
v -0.288977 0.177969 0.009959
v -0.257665 0.179468 0.022641
v -0.310341 0.159788 0.036113
v -0.310569 0.153599 0.039930
v -0.310742 0.158686 0.037025
v -0.304942 0.185319 0.018965
v -0.313836 0.152676 0.041466
v -0.306647 0.179179 0.023444
v -0.312430 0.158265 0.037314
v -0.309221 0.158593 0.036498
v -0.310472 0.159437 0.036498
v -0.307857 0.174639 0.026033
v -0.306811 0.178441 0.023578
v -0.303734 0.185599 0.019225
v -0.299616 0.199489 0.008855
v -0.302633 0.188444 0.016481
v -0.312200 0.158692 0.037030
v -0.310963 0.157896 0.037570
v -0.309550 0.162963 0.033963
v -0.301264 0.193729 0.013384
v -0.301434 0.192734 0.013765
v -0.302720 0.191156 0.015164
v -0.311382 0.161689 0.034965
v -0.308921 0.170810 0.029071
v -0.306760 0.174083 0.026675
v -0.009877 0.204861 -0.023610
v -0.011314 0.204785 -0.023475
v -0.069090 0.220406 -0.008718
v -0.066042 0.221556 -0.008771
v -0.057858 0.241496 -0.015254
v -0.055695 0.241696 -0.015971
v -0.055063 0.245302 -0.015665
v -0.054988 0.245426 -0.015163
v -0.058148 0.232560 -0.001352
v -0.012794 0.204034 -0.023420
v -0.041480 0.236625 -0.018419
v -0.041016 0.236783 -0.018040
v -0.056526 0.224437 -0.023133
v -0.051104 0.226516 -0.014960
v -0.050132 0.227178 -0.015133
v -0.050471 0.227446 -0.014062
v -0.073057 0.222821 -0.009597
v -0.067175 0.249103 -0.013647
v -0.076774 0.231940 -0.011905
v -0.074741 0.230848 -0.014993
v -0.076661 0.231017 -0.013176
v -0.067032 0.249371 -0.015079
v -0.069940 0.241513 -0.024876
v -0.069282 0.250360 -0.006218
v -0.076925 0.233049 -0.012418
v -0.051008 0.228665 -0.015005
v -0.071265 0.224307 -0.010178
v -0.072574 0.224584 -0.010438
v -0.098398 0.277333 -0.013120
v -0.108137 0.251414 -0.007807
v -0.108274 0.251577 -0.008167
v -0.061087 0.233652 -0.016307
v -0.063032 0.236107 -0.014661
v -0.060156 0.231985 -0.017152
v -0.100060 0.248605 -0.021851
v -0.096163 0.245357 -0.010434
v -0.096646 0.244643 -0.011738
v -0.072242 0.234363 -0.014447
v -0.099400 0.274589 -0.011126
v -0.078793 0.262668 -0.016161
v -0.072109 0.234689 -0.013958
v -0.126914 0.278461 -0.005235
v -0.127306 0.257740 0.000594
v -0.094486 0.251641 -0.011100
v -0.089351 0.258097 -0.011921
v -0.083275 0.248931 -0.012025
v -0.083202 0.247982 -0.011970
v -0.083375 0.248412 -0.011680
v -0.127662 0.258110 0.001369
v -0.126863 0.258361 -0.002407
v -0.121412 0.272506 -0.016877
v -0.089288 0.258674 -0.012067
v -0.084207 0.248765 -0.012116
v -0.115581 0.283616 -0.009835
v -0.093837 0.252202 -0.010955
v -0.127553 0.278649 -0.004200
v -0.147633 0.293388 0.005698
v -0.149522 0.275056 0.014532
v -0.146552 0.272684 0.016850
v -0.149473 0.273354 0.014710
v -0.145003 0.290505 0.003577
v -0.108937 0.270509 -0.001590
v -0.111675 0.268653 -0.004852
v -0.119386 0.271017 0.005723
v -0.129679 0.270434 0.005630
v -0.146919 0.293979 0.001792
v -0.140006 0.279905 -0.001021
v -0.140040 0.280346 -0.001520
v -0.169417 0.310686 0.039573
v -0.147680 0.278415 0.009682
v -0.169142 0.289028 0.032264
v -0.151303 0.277901 0.021770
v -0.167079 0.304481 0.020641
v -0.142255 0.292554 0.012650
v -0.151836 0.297989 0.018302
v -0.146574 0.286231 0.003891
v -0.171813 0.300004 0.049178
v -0.170417 0.297229 0.024024
v -0.173164 0.280973 0.036227
v -0.173066 0.281672 0.036008
v -0.167788 0.296025 0.025362
v -0.149657 0.296873 0.020984
v -0.146915 0.295214 0.016561
v -0.170342 0.296974 0.024144
v -0.170292 0.298761 0.024545
v -0.169785 0.300828 0.021184
v -0.207209 0.290277 0.015632
v -0.225737 0.291921 0.014315
v -0.212491 0.263802 0.035716
v -0.222983 0.272543 0.029081
v -0.230556 0.270765 0.030317
v -0.222078 0.276753 0.025888
v -0.229003 0.277833 0.024923
v -0.226018 0.290876 0.015050
v -0.210728 0.272281 0.029318
v -0.230188 0.272272 0.029156
v -0.231399 0.266747 0.033409
v -0.227214 0.285725 0.018873
v -0.225150 0.294777 0.012106
v -0.207737 0.286717 0.018427
v -0.222375 0.296179 0.011175
v -0.224079 0.288422 0.017042
v -0.222412 0.296224 0.011042
v -0.008167 0.210881 -0.028026
v -0.040269 0.251496 -0.018688
v -0.039257 0.251149 -0.018061
v -0.020391 0.257991 -0.023234
v -0.023136 0.253274 -0.017402
v -0.020754 0.256135 -0.021056
v -0.015617 0.215242 -0.029215
v 0.013590 0.187462 -0.063017
v -0.013730 0.239518 -0.026572
v 0.024272 0.226395 -0.053543
v -0.010953 0.235989 -0.027425
v -0.026972 0.214857 -0.063009
v -0.025779 0.250445 -0.022493
v -0.030068 0.266628 -0.011004
v -0.023282 0.271621 -0.022941
v -0.023734 0.271719 -0.021763
v -0.029044 0.266958 -0.031591
v -0.038401 0.265756 -0.020472
v -0.037503 0.264296 -0.021984
v -0.025436 0.250543 -0.023080
v -0.033689 0.260088 -0.020250
v -0.032238 0.257096 -0.022247
v -0.012332 0.310758 -0.015556
v -0.043355 0.297757 -0.010662
v -0.049849 0.294296 -0.018214
v -0.041207 0.289722 -0.029372
v -0.027545 0.270045 -0.022452
v -0.028236 0.257166 -0.024158
v -0.027313 0.255853 -0.024515
v -0.049089 0.295005 -0.018806
v -0.026070 0.270513 -0.022856
v -0.035138 0.264117 -0.022851
v -0.038121 0.267618 -0.022913
v -0.030908 0.302009 -0.021829
v -0.036139 0.331026 -0.008952
v -0.080638 0.312773 -0.016472
v -0.036775 0.278062 -0.026557
v -0.033894 0.279414 -0.020833
v -0.061427 0.315422 -0.006017
v -0.065114 0.313862 -0.015035
v -0.064352 0.294435 -0.047926
v -0.019310 0.297625 -0.026419
v -0.015909 0.308474 -0.014191
v -0.040064 0.287248 -0.020175
v -0.049699 0.328142 -0.010232
v -0.062379 0.348669 -0.015723
v -0.053463 0.316881 -0.026081
v -0.061364 0.316817 -0.013899
v -0.079861 0.332609 -0.012000
v -0.078012 0.333009 -0.012144
v -0.051701 0.317278 -0.014031
v -0.072216 0.332019 -0.023894
v -0.020956 0.308533 -0.013551
v -0.016488 0.308200 -0.012947
v -0.078819 0.332467 -0.014749
v -0.038885 0.344081 -0.015449
v -0.056332 0.330250 -0.013385
v -0.089827 0.345129 -0.009551
v -0.120169 0.294133 -0.079987
v -0.082866 0.351454 -0.000658
v -0.063432 0.336883 -0.013042
v -0.056473 0.330393 -0.012879
v -0.040744 0.319658 -0.037176
v -0.075702 0.357238 -0.012105
v -0.117813 0.322627 -0.035291
v -0.010021 0.465964 0.102096
v -0.114766 0.417119 0.033199
v -0.135964 0.338585 -0.026172
v -0.150774 0.350198 -0.019840
v -0.055991 0.294480 -0.073016
v 0.014020 0.312499 -0.047499
v -0.067184 0.324177 -0.037501
v -0.012791 0.330472 -0.048528
v 0.029463 0.445195 0.087302
v -0.062461 0.376896 -0.000236
v -0.102451 0.291239 -0.081652
v -0.225603 0.479434 0.102335
v -0.225170 0.480019 0.102913
v -0.134662 0.360467 -0.006172
v -0.017599 0.281636 -0.104622
v -0.026624 0.470943 0.100878
v -0.222478 0.456924 0.014493
v -0.159064 0.352029 -0.018140
v -0.119157 0.363283 -0.003198
v -0.017242 0.480868 0.099304
v -0.086940 0.374911 -0.013729
v -0.120312 0.349527 -0.022314
v -0.056931 0.335765 -0.042383
v -0.081617 0.382027 -0.005571
v -0.030508 0.482771 0.097874
v -0.113900 0.393760 -0.001416
v -0.110128 0.115866 -0.000670
v -0.108465 0.113053 0.000581
v -0.112405 0.146207 -0.007506
v -0.112332 0.145422 -0.007752
v -0.105222 0.127928 -0.007477
v -0.097474 0.122481 0.007151
v -0.009012 0.171287 -0.025780
v -0.031295 0.172331 -0.021400
v -0.008361 0.171291 -0.025486
v -0.039961 0.152049 -0.015413
v -0.108547 0.129867 -0.010860
v -0.036094 0.152362 -0.015877
v -0.031949 0.171597 -0.022395
v -0.083071 0.167735 -0.015619
v -0.096597 0.126025 -0.023527
v -0.109611 0.128722 -0.002585
v -0.095124 0.163504 -0.015374
v -0.094197 0.140618 -0.011179
v -0.133072 0.125112 -0.030484
v -0.137720 0.088917 -0.008722
v -0.139674 0.096708 -0.014615
v -0.149770 0.122327 -0.022647
v -0.094175 0.139747 -0.011083
v -0.152247 0.120145 -0.022982
v -0.112192 0.112431 -0.007416
v -0.137460 0.095457 -0.038328
v -0.149236 0.109628 -0.019075
v -0.150208 0.103571 -0.012450
v -0.134902 0.124844 -0.032254
v -0.195747 0.079010 -0.000287
v -0.190988 0.100789 -0.013391
v -0.193115 0.091281 -0.007526
v -0.175335 0.098042 -0.009583
v -0.178085 0.077997 0.001935
v -0.193836 0.082895 -0.002579
v -0.155975 0.073550 -0.002211
v -0.146776 0.075363 -0.000105
v -0.150711 0.115376 -0.022855
v -0.125426 0.114087 -0.020333
v -0.120043 0.123541 -0.019929
v -0.106850 0.123933 -0.025275
v -0.110083 0.131869 -0.014361
v -0.177960 0.097610 -0.013863
v -0.160724 0.114406 -0.023546
v -0.152497 0.094847 -0.012166
v -0.139582 0.104577 -0.016565
v -0.146248 0.094112 -0.013997
v -0.106875 0.109847 -0.008471
v -0.108710 0.119831 -0.022593
v -0.155889 0.100210 -0.010972
v -0.124695 0.110490 -0.017327
v -0.175274 0.115694 -0.024372
v -0.123764 0.111682 -0.015284
v -0.263257 0.063688 0.006237
v -0.261627 0.067110 0.002689
v -0.267354 0.089534 -0.007020
v -0.260061 0.088715 -0.003634
v -0.252336 0.105967 -0.013532
v -0.202007 0.089144 0.002942
v -0.179052 0.111577 -0.010995
v -0.165124 0.101716 -0.015655
v -0.258179 0.083308 -0.001384
v -0.259066 0.083547 -0.002415
v -0.259228 0.074895 0.005571
v -0.245111 0.082803 -0.003299
v -0.256996 0.081879 0.007054
v -0.179883 0.105393 -0.007184
v -0.237225 0.113344 -0.022650
v -0.238264 0.108033 -0.019571
v -0.258281 0.075841 0.010759
v -0.259979 0.072380 0.003805
v -0.252631 0.102672 -0.005893
v -0.242036 0.091215 -0.009079
v -0.304784 0.049463 0.016383
v -0.299933 0.069768 0.004262
v -0.302505 0.066835 0.009354
v -0.303438 0.061552 0.011628
v -0.298721 0.079134 -0.000051
v -0.302944 0.057608 0.013128
v -0.297494 0.080204 -0.000793
v -0.243106 0.086565 -0.004686
v -0.241232 0.095787 -0.010350
v -0.243896 0.082445 -0.002118
v -0.236082 0.085885 0.000243
v -0.274213 0.088201 -0.005677
v -0.291542 0.054685 0.012965
v -0.241879 0.092105 -0.009456
v -0.292529 0.051497 0.014938
v -0.292783 0.057915 0.010122
v -0.279884 0.084836 -0.003934
v -0.279966 0.082560 -0.002683
v -0.298088 0.071645 0.002866
v -0.280395 0.083276 0.003852
v -0.334049 0.020126 0.005433
v -0.333418 0.020758 0.005270
v -0.332036 0.031109 -0.002234
v -0.309768 0.039861 0.018808
v -0.306386 0.053077 0.010766
v -0.303390 0.065108 0.008501
v -0.296100 0.062606 0.009013
v -0.302460 0.068593 0.005873
v -0.314020 0.031906 0.020312
v -0.303156 0.056303 0.012039
v -0.300231 0.067949 0.004773
v -0.308872 0.043696 0.016418
v -0.304881 0.049227 0.016181
v -0.326360 0.040358 -0.003780
v -0.395034 0.002394 0.013711
v -0.393964 -0.004368 0.018523
v -0.398009 0.016731 0.005407
v -0.406733 0.020248 0.005772
v -0.394253 -0.004049 0.017237
v -0.342395 0.027376 0.000934
v -0.325007 0.050894 -0.014378
v -0.326696 0.049194 -0.012445
v -0.402266 0.021086 0.008405
v -0.402689 0.019927 0.009047
v -0.328356 0.047798 -0.012214
v -0.327439 0.041343 -0.008838
v -0.306345 0.055286 0.011206
v -0.382491 0.029297 -0.002628
v -0.399197 0.010825 0.011246
v -0.404774 0.007453 0.015168
v -0.346851 0.040535 -0.006650
v -0.392254 0.023383 0.001209
v -0.385153 0.024434 0.001963
v -0.398439 0.020977 0.002122
v -0.425514 -0.009819 0.020571
v -0.431149 -0.026512 0.031772
v -0.417491 -0.000302 0.016905
v -0.430768 -0.025427 0.031148
v -0.412100 0.004889 0.013320
v -0.425809 -0.007434 0.021230
v -0.429823 -0.022185 0.029723
v -0.414361 -0.005970 0.021438
v -0.421667 0.002856 0.014949
v -0.424678 -0.006391 0.020364
v -0.428208 -0.017503 0.026484
v -0.431104 -0.026124 0.032057
v -0.424450 -0.005630 0.019938
v -0.423759 -0.001958 0.017796
v -0.420590 0.005474 0.011869
v -0.422146 0.001329 0.015737
v -0.411639 -0.004484 0.019947
v -0.439229 0.003230 0.015836
v -0.438060 -0.004014 0.019178
v -0.428825 -0.017531 0.026963
v -0.414542 -0.009247 0.024419
v -0.405396 0.016331 0.007240
v -0.403716 0.015190 0.011210
v -0.411023 0.018467 0.006008
v -0.421412 0.003559 0.014280
v -0.426210 -0.020531 0.028648
v -0.428580 -0.018505 0.027557
v -0.431501 -0.027618 0.032414
v -0.419284 0.009510 0.010021
v -0.417015 0.014572 0.008017
v -0.415977 0.012925 0.007468
v -0.414684 -0.012155 0.023905
v -0.429413 -0.019179 0.027978
v -0.011296 0.185954 -0.041918
v -0.012080 0.191641 -0.032200
v 0.071977 0.184461 -0.005535
v 0.069366 0.204353 -0.013582
v 0.065367 0.202285 -0.042687
v 0.063495 0.209734 -0.016521
v 0.068002 0.216337 -0.015937
v 0.061711 0.189346 0.001125
v 0.002740 0.189728 -0.029764
v 0.002411 0.187800 -0.029591
v 0.067791 0.200786 -0.010582
v 0.005183 0.198912 -0.030161
v 0.075280 0.185626 -0.006459
v 0.070680 0.177607 -0.006210
v 0.059618 0.177002 -0.012196
v 0.059409 0.177148 -0.012749
v 0.059111 0.189424 -0.030508
v 0.004810 0.198231 -0.029374
v 0.070232 0.179237 -0.007116
v 0.051116 0.199540 -0.019060
v 0.080163 0.224682 -0.020251
v 0.085488 0.193866 -0.012420
v 0.085762 0.189292 -0.013122
v 0.084034 0.186958 -0.017002
v 0.085617 0.188241 -0.016930
v 0.087732 0.214726 -0.014022
v 0.083389 0.186684 -0.023262
v 0.086934 0.212913 -0.012971
v 0.079690 0.221778 -0.019992
v 0.075622 0.211725 -0.000514
v 0.062566 0.208347 -0.018544
v 0.050159 0.197619 -0.018597
v 0.064397 0.206448 -0.019434
v 0.062105 0.192222 -0.015716
v 0.081881 0.188521 -0.012989
v 0.085071 0.191475 -0.014543
v 0.061143 0.190768 -0.015174
v 0.060053 0.199636 -0.020609
v 0.133408 0.234747 -0.012568
v 0.126900 0.209776 0.002527
v 0.123875 0.192293 -0.008326
v 0.106664 0.233035 -0.020627
v 0.091138 0.203897 -0.026222
v 0.065967 0.206379 -0.019838
v 0.065289 0.207227 -0.020215
v 0.123869 0.197206 -0.010398
v 0.109955 0.193743 -0.013330
v 0.143054 0.225926 -0.015025
v 0.101476 0.228568 -0.019759
v 0.060313 0.199840 -0.020863
v 0.109880 0.194681 -0.013639
v 0.167283 0.214375 0.013876
v 0.112245 0.207685 -0.012932
v 0.177228 0.197117 -0.018979
v 0.109216 0.216559 -0.014006
v 0.101813 0.209741 -0.014201
v 0.111638 0.208170 -0.012853
v 0.171761 0.210726 -0.000572
v 0.165867 0.195378 -0.001961
v 0.165025 0.196953 -0.000415
v 0.101193 0.209756 -0.014196
v 0.176445 0.210601 -0.000191
v 0.158952 0.227046 -0.018546
v 0.109338 0.219383 -0.015028
v 0.175469 0.213300 -0.026382
v 0.171523 0.227507 -0.004819
v 0.205132 0.196981 0.018244
v 0.193563 0.189713 0.015488
v 0.177577 0.190805 -0.010075
v 0.144695 0.218635 -0.003673
v 0.208136 0.227825 -0.002527
v 0.216663 0.214636 0.001345
v 0.194548 0.191425 0.013035
v 0.144581 0.218834 -0.003939
v 0.202190 0.226587 0.013774
v 0.185915 0.218413 0.001111
v 0.228805 0.189138 0.017762
v 0.205422 0.213209 0.004289
v 0.226283 0.212954 0.001178
v 0.197403 0.205647 0.006646
v 0.223893 0.187954 0.019779
v 0.230220 0.193383 0.013119
v 0.185713 0.204262 0.002507
v 0.185563 0.217614 0.001900
v 0.230332 0.192895 0.013410
v 0.230980 0.189551 0.015735
v 0.210523 0.211554 0.002544
v 0.230527 0.192594 0.015267
v 0.235426 0.168601 0.030678
v 0.227269 0.167804 0.026186
v 0.276800 0.189823 -0.005474
v 0.234869 0.171163 0.028389
v 0.278292 0.183862 -0.001446
v 0.283043 0.165123 0.011099
v 0.229930 0.194568 0.010950
v 0.198665 0.207518 0.005277
v 0.229928 0.194834 0.012082
v 0.217112 0.210184 0.003445
v 0.282111 0.152823 -0.016647
v 0.289605 0.137644 0.022942
v 0.290031 0.135832 0.024093
v 0.288110 0.143471 0.019046
v 0.289804 0.136764 0.023859
v 0.287538 0.147450 0.016875
v 0.287634 0.145715 0.017714
v 0.288154 0.143433 0.019061
v 0.286707 0.143369 0.019109
v 0.282999 0.158349 0.009105
v 0.286482 0.150128 0.014593
v 0.284024 0.159920 0.008030
v 0.283214 0.163515 0.006066
v 0.281518 0.170433 0.001338
v 0.279864 0.176693 -0.003097
v 0.285749 0.152993 0.012691
v 0.287334 0.140953 0.020698
v 0.282493 0.159714 0.008451
v 0.278004 0.178384 -0.004233
v 0.277959 0.177878 -0.003961
v 0.279805 0.176862 -0.003189
v 0.277152 0.182004 -0.006651
v 0.280218 0.175543 -0.002098
v 0.281001 0.171969 -0.000009
v -0.003536 0.204071 -0.023614
v 0.048669 0.222194 -0.008293
v 0.039699 0.242433 -0.014490
v 0.041130 0.243626 -0.015240
v 0.010108 0.218643 -0.022477
v 0.031338 0.225192 -0.027416
v -0.003743 0.203730 -0.023860
v 0.048683 0.221961 -0.008777
v 0.010600 0.217837 -0.022100
v 0.034036 0.225417 -0.014780
v 0.047808 0.240921 -0.015416
v 0.050231 0.252988 -0.016421
v 0.063164 0.233459 -0.010645
v 0.064717 0.230393 -0.011194
v 0.064185 0.228256 -0.014092
v 0.064886 0.229617 -0.014054
v 0.058422 0.248474 -0.011823
v 0.063737 0.227871 -0.018777
v 0.058449 0.246999 -0.011032
v 0.050623 0.250992 -0.016298
v 0.044577 0.242466 -0.014656
v 0.034488 0.226643 -0.015353
v 0.045352 0.224225 -0.012015
v 0.056515 0.250581 -0.000098
v 0.062271 0.228701 -0.011059
v 0.063567 0.231691 -0.012251
v 0.045817 0.224843 -0.012828
v 0.085817 0.269159 -0.008844
v 0.087826 0.261034 0.000490
v 0.090694 0.253720 -0.017534
v 0.088229 0.246537 -0.007777
v 0.065233 0.265286 -0.017089
v 0.050805 0.229126 -0.018380
v 0.045903 0.236200 -0.015933
v 0.045386 0.232069 -0.016495
v 0.088450 0.246636 -0.009580
v 0.076627 0.240248 -0.011752
v 0.084251 0.269850 -0.011294
v 0.063671 0.262102 -0.016257
v 0.076263 0.241326 -0.012351
v 0.118210 0.261479 -0.014371
v 0.114185 0.285357 -0.005057
v 0.071923 0.249988 -0.012048
v 0.123270 0.252431 -0.000489
v 0.123740 0.260100 -0.000462
v 0.067928 0.249451 -0.012202
v 0.071394 0.258071 -0.013085
v 0.071477 0.258341 -0.012763
v 0.073751 0.248629 -0.011051
v 0.072549 0.248141 -0.011895
v 0.112580 0.283692 -0.006429
v 0.096403 0.268333 -0.004923
v 0.145249 0.273248 0.011114
v 0.142134 0.266019 -0.011044
v 0.118785 0.265898 -0.002070
v 0.137751 0.294525 -0.003782
v 0.170622 0.245378 -0.045776
v 0.150368 0.265263 0.001194
v 0.096250 0.268294 -0.005113
v 0.118984 0.260489 -0.006587
v 0.146918 0.291267 -0.002642
v 0.125021 0.280456 -0.001672
v 0.134084 0.256471 -0.038019
v 0.159781 0.242714 -0.034697
v 0.186927 0.373717 0.076949
v 0.188800 0.335724 0.045086
v 0.169763 0.278347 0.002923
v 0.126038 0.283575 0.002546
v 0.188617 0.256206 -0.019054
v 0.190936 0.273911 0.004070
v 0.117940 0.311029 0.033477
v 0.192943 0.263995 0.012263
v 0.193388 0.255583 -0.021814
v 0.189379 0.335365 0.048386
v 0.195604 0.270326 0.010227
v 0.194197 0.270456 0.010602
v 0.163597 0.278673 0.002770
v 0.124244 0.274900 -0.008364
v 0.163977 0.279099 0.002875
v 0.149045 0.284313 -0.000380
v 0.188651 0.350074 0.066677
v 0.190788 0.323147 0.056156
v 0.195263 0.257949 -0.006338
v 0.196980 0.259255 0.022682
v 0.199888 0.255288 0.016538
v 0.198780 0.273477 0.028732
v 0.198078 0.257502 0.021306
v 0.211776 0.295301 0.006261
v 0.225711 0.278132 0.021144
v 0.196378 0.272202 0.022489
v 0.200617 0.256209 0.012365
v 0.196202 0.267268 0.011669
v 0.193819 0.290649 0.022101
v 0.196032 0.286550 0.016968
v 0.193240 0.285902 0.008396
v 0.187566 0.366733 0.081233
v 0.196332 0.280851 0.030888
v 0.196678 0.268971 0.009102
v 0.184886 0.281946 0.006351
v 0.188001 0.364569 0.083100
v -0.006559 0.210580 -0.027718
v 0.025689 0.251607 -0.018612
v 0.027394 0.253534 -0.019765
v 0.006203 0.257225 -0.020905
v 0.004847 0.256898 -0.023181
v 0.011838 0.246475 -0.013263
v 0.023483 0.238944 -0.022199
v -0.001096 0.220109 -0.028755
v -0.006627 0.210493 -0.027919
v 0.017879 0.238947 -0.020660
v -0.003948 0.221861 -0.029028
v 0.008740 0.246421 -0.022725
v 0.006773 0.269017 -0.023066
v 0.027850 0.265762 -0.021357
v 0.028253 0.265943 -0.020137
v 0.027381 0.263764 -0.022802
v 0.027147 0.265035 -0.022772
v 0.013322 0.273315 -0.020292
v 0.027491 0.263004 -0.027219
v 0.026682 0.264282 -0.024547
v 0.018601 0.271731 -0.020138
v 0.006965 0.270433 -0.023317
v 0.008808 0.247685 -0.022863
v 0.026130 0.262784 -0.020131
v 0.025977 0.264837 -0.021244
v 0.014914 0.306493 -0.021769
v 0.033127 0.291357 -0.018848
v 0.031643 0.292175 -0.017737
v 0.026316 0.289726 -0.029365
v 0.012829 0.256371 -0.024007
v 0.012702 0.256781 -0.023879
v 0.029553 0.278212 -0.020964
v 0.010070 0.290534 -0.024151
v 0.027957 0.279547 -0.021788
v 0.016673 0.303909 -0.019252
v 0.047946 0.309521 -0.031637
v -0.000993 0.340224 0.010506
v 0.019229 0.279489 -0.020934
v 0.019442 0.279825 -0.020918
v 0.057270 0.295428 -0.034362
v 0.049748 0.315508 -0.013354
v 0.016473 0.287582 -0.021481
v -0.012668 0.258146 -0.051379
v 0.051916 0.322953 -0.020142
v 0.034705 0.322090 -0.015204
v 0.027585 0.305314 -0.015772
v 0.027444 0.305167 -0.015326
v 0.066205 0.333265 -0.012097
v 0.049120 0.346259 -0.014401
v 0.058534 0.336796 -0.002936
v 0.052377 0.311972 -0.022235
v 0.026418 0.307966 -0.015810
v 0.035528 0.311186 -0.013989
v 0.050683 0.319733 -0.013987
v 0.016405 0.307739 -0.014108
v 0.028047 0.305264 -0.015859
v 0.036207 0.360781 -0.003434
v 0.053125 0.335828 -0.024171
v 0.035443 0.311183 -0.013967
v 0.041362 0.330149 -0.013389
v 0.022463 0.320491 -0.038092
v -0.001440 0.337170 -0.020359
v 0.080090 0.324981 -0.036928
v 0.076984 0.416064 0.057427
v 0.041723 0.329723 -0.012898
v 0.061268 0.353359 -0.013231
v 0.062322 0.354569 -0.010721
v -0.032959 0.441792 0.086712
v 0.138571 0.340826 -0.039058
v -0.010449 0.466623 0.088455
v 0.091317 0.344849 -0.023492
v 0.082222 0.401946 0.029102
v -0.042866 0.330167 -0.037182
v 0.054463 0.318400 -0.045636
v 0.090961 0.360320 -0.005571
v 0.066182 0.366521 -0.012709
v 0.170119 0.361092 -0.036391
v 0.162505 0.464588 0.085844
v 0.180399 0.407737 0.017682
v 0.117486 0.290248 -0.086821
v 0.133065 0.480008 0.102848
v -0.000616 0.483948 0.095179
v 0.070065 0.483827 0.091072
v 0.135946 0.483546 0.092512
v 0.114127 0.341574 -0.033945
v -0.018705 0.461819 0.091279
v 0.022007 0.364915 -0.002982
v 0.113478 0.392956 0.004019
v 0.094725 0.115542 0.001067
v 0.099329 0.149314 -0.008974
v 0.104012 0.145819 -0.009803
v 0.084417 0.123603 0.007565
v -0.009022 0.158181 -0.045740
v -0.006402 0.171479 -0.025614
v 0.091220 0.134589 -0.028986
v 0.089688 0.135499 -0.009337
v 0.092051 0.134044 -0.008949
v 0.024359 0.151720 -0.015549
v 0.080581 0.115395 -0.003415
v 0.011173 0.172930 -0.021439
v 0.068181 0.167731 -0.015622
v 0.093934 0.127416 -0.001765
v 0.093912 0.123995 -0.002543
v 0.048809 0.168491 -0.018999
v 0.081945 0.119270 -0.003721
v 0.129693 0.138607 -0.013228
v 0.128837 0.110533 0.002254
v 0.142187 0.128395 -0.011850
v 0.143198 0.128827 -0.012656
v 0.131628 0.107100 -0.010038
v 0.098940 0.116115 -0.006784
v 0.099514 0.117002 -0.006704
v 0.079355 0.139765 -0.011086
v 0.079275 0.140453 -0.011071
v 0.131470 0.106908 -0.008416
v 0.127381 0.108171 -0.021903
v 0.130539 0.137571 -0.013832
v 0.189881 0.119849 0.003365
v 0.171118 0.067048 0.004501
v 0.165710 0.094162 -0.011045
v 0.171013 0.095032 0.010483
v 0.189325 0.099169 0.016820
v 0.096047 0.130842 -0.014115
v 0.140282 0.122093 -0.011981
v 0.140231 0.122983 -0.013515
v 0.168247 0.081149 -0.003078
v 0.186771 0.108301 0.010449
v 0.180173 0.130178 -0.004963
v 0.169668 0.104011 0.019373
v 0.165059 0.125148 -0.015128
v 0.134427 0.105755 -0.009618
v 0.135227 0.106810 -0.010214
v 0.103268 0.128090 -0.007774
v 0.097144 0.131118 -0.013824
v 0.186507 0.103303 0.014041
v 0.229703 0.108043 -0.007255
v 0.236189 0.074379 0.013727
v 0.175512 0.094723 0.012648
v 0.193219 0.099480 0.017183
v 0.235425 0.078230 0.011302
v 0.178546 0.088304 0.018906
v 0.157315 0.108352 -0.013439
v 0.182833 0.116464 0.007078
v 0.150634 0.108610 -0.007505
v 0.152894 0.120171 0.004590
v 0.233743 0.092258 0.000859
v 0.171983 0.112398 0.001123
v 0.184134 0.115562 -0.000453
v 0.196624 0.079391 0.031567
v 0.251746 0.091805 -0.011599
v 0.267836 0.046055 0.022304
v 0.307802 0.054422 0.020333
v 0.303575 0.074373 0.005719
v 0.305660 0.074975 0.003889
v 0.293138 0.079599 0.002559
v 0.284155 0.077579 -0.001319
v 0.290684 0.084788 -0.001079
v 0.246322 0.073983 0.001521
v 0.251674 0.075420 0.001436
v 0.242984 0.092981 -0.009365
v 0.289650 0.090505 -0.006474
v 0.296458 0.058046 0.011636
v 0.265218 0.061152 0.013453
v 0.242677 0.088635 -0.006099
v 0.242157 0.091078 -0.007992
v 0.296716 0.069087 0.007749
v 0.300247 0.077555 0.028173
v 0.302722 0.084228 0.000071
v 0.287295 0.090369 -0.003385
v 0.264818 0.051567 0.013581
v 0.268074 0.080880 -0.002461
v 0.275089 0.081346 -0.003639
v 0.328341 0.060834 0.010466
v 0.328608 0.034668 0.024704
v 0.325110 0.034434 0.023655
v 0.329134 0.057569 0.011650
v 0.330634 0.051763 0.014869
v 0.309533 0.046896 0.017729
v 0.326320 0.067741 0.006072
v 0.306744 0.069792 0.006600
v 0.300706 0.060531 0.016805
v 0.296110 0.062047 0.008817
v 0.306924 0.069331 0.005329
v 0.326113 0.067385 0.005969
v 0.301843 0.071984 0.019726
v 0.277067 0.081492 -0.002295
v 0.350045 0.058616 -0.017958
v 0.305583 0.076196 0.015556
v 0.380299 0.000072 0.019258
v 0.385872 0.000147 0.025350
v 0.385242 0.001055 0.026412
v 0.356534 0.019616 0.012253
v 0.329170 0.045251 0.018429
v 0.332131 0.034736 0.024706
v 0.352135 0.050669 -0.014626
v 0.308492 0.065786 0.006354
v 0.306555 0.065703 0.005500
v 0.399881 0.015151 0.007480
v 0.391527 0.029168 -0.000658
v 0.370035 0.010859 0.007061
v 0.367624 -0.005225 0.022636
v 0.374821 0.002568 0.013001
v 0.382402 0.039081 -0.007386
v 0.384094 0.014933 0.008587
v 0.377052 -0.003297 0.010953
v 0.379074 0.000567 0.016072
v 0.323531 0.050351 0.014808
v 0.401138 0.024422 0.005894
v 0.368200 0.019943 0.002902
v 0.417685 -0.023145 0.030292
v 0.417806 -0.014804 0.024443
v 0.420733 -0.026269 0.031230
v 0.423323 -0.024110 0.031688
v 0.422408 0.000242 0.016447
v 0.428281 -0.017532 0.026973
v 0.427732 -0.016036 0.026126
v 0.427502 -0.015424 0.025722
v 0.424424 -0.015597 0.025838
v 0.426180 -0.016476 0.026359
v 0.420538 0.002611 0.015061
v 0.369114 0.017913 0.006070
v 0.414315 0.008948 0.011572
v 0.405861 0.016087 0.008507
v 0.420851 0.004808 0.012549
v 0.411086 0.009527 0.010379
v 0.424759 -0.007503 0.021049
v 0.424730 -0.006532 0.020487
v 0.421603 0.002987 0.014763
v 0.365370 0.022606 0.000838
v 0.407853 0.015035 0.006242
v 0.375147 0.014146 0.008877
v 0.379743 -0.008653 0.022533
v 0.405516 -0.012052 0.024254
v 0.411395 -0.018613 0.027065
v 0.416358 0.014438 0.007118
v 0.367526 0.023303 0.003857
v 0.428272 -0.018798 0.027713
v 0.392770 -0.008891 0.021457
v 0.419745 0.008768 0.011455
v 0.449176 0.021054 0.012490
v 0.008243 -1.379613 -0.091151
v -0.006640 -1.381814 -0.091738
v 0.003838 -1.386805 -0.046575
v -0.012017 -1.407003 -0.100286
v -0.030312 -1.359338 -0.119432
v -0.031339 -1.368855 -0.089539
v 0.017277 -1.369913 -0.095843
v -0.035346 -1.376676 -0.088476
v -0.039101 -1.388594 -0.087785
v -0.043606 -1.395345 -0.084459
v 0.016547 -1.507286 -0.088511
v -0.042395 -1.402923 -0.086518
v 0.017765 -1.490893 -0.087914
v -0.026422 -1.516680 -0.089174
v -0.031020 -1.507890 -0.087953
v -0.009200 -1.569777 -0.084123
v 0.015584 -1.490567 -0.087071
v 0.013890 -1.507369 -0.088177
v -0.026600 -1.529057 -0.087981
v -0.013060 -1.570868 -0.084265
v -0.005201 -1.566262 -0.085400
v 0.010142 -1.553283 -0.087124
v -0.002896 -1.569069 -0.083786
v -0.006543 -1.573414 -0.077716
v -0.130743 -0.800332 -0.180399
v -0.142399 -0.796684 -0.167250
v 0.259578 -0.231414 -0.050291
v 0.106382 -0.254078 -0.140523
v -0.198984 -0.278374 -0.107250
v -0.179523 -0.251572 -0.109201
v -0.212901 -0.393714 -0.108906
v 0.120412 -0.796880 -0.183433
v 0.115723 -0.797734 -0.176192
v 0.118863 -0.786702 -0.173311
v 0.102002 -0.791195 -0.179482
v 0.192155 -0.149530 -0.141165
v -0.170975 -0.153936 -0.108600
v -0.169231 -0.140004 -0.114812
v 0.206530 -0.258047 -0.095583
v 0.162683 -0.388548 -0.083143
v 0.090862 -0.825737 -0.306248
v 0.103183 -0.779270 -0.209504
v 0.079335 -0.746120 -0.220478
v 0.093277 -0.755017 -0.217889
v 0.107338 -0.785539 -0.208788
v -0.149726 -0.801297 -0.173250
v -0.151963 -0.799898 -0.165926
v -0.210155 -0.571080 -0.050434
v -0.216776 -0.565794 -0.046894
v 0.161795 -0.327594 -0.114610
v 0.199220 -0.408751 -0.086245
v -0.209459 -0.443384 -0.091414
v 0.177534 -0.390418 -0.094273
v -0.173030 -0.240482 -0.121395
v 0.160559 -0.330733 -0.114252
v 0.136423 -0.228808 -0.106315
v -0.125977 -0.170951 -0.139948
v 0.255500 -0.221945 -0.063141
v -0.129100 -0.164191 -0.123934
v -0.128352 -0.161660 -0.138206
v 0.144471 -0.095124 -0.091473
v -0.107922 0.053165 -0.136334
v -0.217430 -0.415217 -0.101627
v 0.126623 -0.798674 -0.164759
v -0.050761 -0.845818 -0.060164
v 0.144906 -0.286743 -0.083458
v 0.136478 -0.218377 -0.116265
v 0.138021 -0.238872 -0.105035
v 0.212054 -0.257703 -0.148228
v 0.140130 -0.243267 -0.102073
v 0.149130 -0.247519 -0.138919
v 0.160455 -0.226567 -0.154957
v 0.178098 -0.222274 -0.154953
v 0.186261 -0.221778 -0.140838
v 0.157655 -0.226119 -0.154894
v 0.064467 -0.245405 -0.271625
v 0.109221 -0.200983 -0.192481
v -0.036223 -0.214280 -0.269207
v -0.026728 -0.383467 -0.288168
v -0.108995 -0.357560 -0.202644
v -0.119138 -0.353208 -0.177910
v -0.159568 -0.359413 -0.191230
v -0.233586 -0.380512 -0.160864
v -0.200761 -0.348129 -0.125434
v -0.210880 -0.383226 -0.088303
v -0.225596 -0.476453 -0.076396
v -0.204180 -0.434406 -0.048447
v -0.086356 -0.394555 0.008813
v -0.064346 -0.441584 -0.029435
v -0.018936 -0.440442 -0.041085
v 0.235167 -0.571287 -0.028918
v 0.145361 -0.538759 -0.034308
v 0.182745 -0.568439 -0.039425
v 0.237709 -0.573550 -0.039969
v 0.217219 -0.562939 -0.042361
v 0.228656 -0.547371 -0.032644
v 0.233613 -0.527955 -0.054397
v 0.236433 -0.551882 -0.061155
v 0.259060 -0.576413 -0.143093
v 0.273258 -0.587914 -0.150169
v 0.209414 -0.550202 -0.076806
v 0.279626 -0.588307 -0.140616
v 0.022379 -0.689093 -0.300474
v 0.120024 -0.662712 -0.244153
v 0.121688 -0.665225 -0.245835
v -0.049002 -0.681439 -0.303779
v 0.007690 -0.626124 -0.235100
v -0.004003 -0.617384 -0.236622
v -0.098321 -0.624749 -0.226417
v -0.106101 -0.739603 -0.153884
v -0.122891 -0.784886 -0.124347
v -0.124519 -0.821765 -0.171387
v -0.138122 -0.795880 -0.118848
v -0.133252 -0.765388 -0.076942
v -0.123028 -0.863845 -0.041490
v 0.049684 -0.833760 -0.014223
v 0.090046 -0.862026 -0.130154
v -0.109610 -0.857922 -0.119155
v 0.089940 -0.865342 -0.080509
v 0.062851 -0.871337 -0.058537
v -0.095128 -0.747765 -0.056851
v -0.099092 -0.766744 -0.061310
v -0.133698 -0.808586 -0.097415
v -0.133546 -0.803607 -0.115297
v 0.261321 -0.563662 -0.145516
v 0.234027 -0.531403 -0.053143
v 0.264721 -0.582952 -0.134642
v 0.235976 -0.546786 -0.047246
v -0.019309 -0.440011 -0.039507
v -0.051372 -0.446921 -0.041811
v -0.213195 -0.371286 -0.080211
v -0.215122 -0.380453 -0.078979
v 0.094076 -0.195867 -0.196769
v 0.128765 -0.241851 -0.156157
v 0.258552 -0.240003 -0.054981
v 0.267010 -0.271257 -0.124351
v 0.130288 -0.248015 -0.135552
v 0.239801 -0.386425 -0.079246
v 0.315987 -0.369804 -0.081111
v 0.192315 -0.406975 -0.083452
v 0.208780 -0.371323 -0.103901
v 0.211371 -0.373068 -0.108073
v 0.211038 -0.367903 -0.111161
v 0.248542 -0.383302 -0.122653
v 0.211115 -0.370695 -0.108972
v 0.148713 -0.340752 -0.118596
v 0.172660 -0.319385 -0.119423
v -0.054403 -0.443728 -0.232350
v -0.025794 -0.442278 -0.232861
v -0.201590 -0.539844 -0.066497
v -0.177098 -0.626031 -0.064475
v -0.208825 -0.559091 -0.053987
v -0.050518 -0.649219 -0.049706
v 0.004045 -0.641708 -0.032008
v -0.010085 -0.645403 -0.045954
v 0.058548 -0.621854 -0.045063
v 0.079572 -0.627202 -0.045591
v 0.137704 -0.815320 -0.153099
v 0.161857 -0.805353 -0.159806
v 0.161983 -0.817013 -0.163590
v 0.161393 -0.816263 -0.154636
v 0.135371 -0.821717 -0.170694
v 0.119404 -0.795793 -0.190342
v -0.010932 -0.908307 -0.333146
v -0.066127 -0.865175 -0.198207
v -0.089532 -0.874399 -0.214906
v -0.103409 -0.869076 -0.126597
v -0.110892 -0.871409 -0.134296
v -0.109712 -0.871143 -0.124621
v -0.127365 -0.876013 -0.156887
v -0.074936 -0.777059 -0.190991
v 0.025982 -0.740235 -0.229786
v 0.133935 -0.776168 -0.137325
v 0.128879 -0.775558 -0.113307
v 0.184059 -0.791180 -0.158340
v 0.126558 -0.648008 -0.062628
v 0.097451 -0.641123 -0.052763
v 0.048762 -0.651761 -0.050956
v -0.083750 -0.452846 -0.179024
v 0.116528 -0.313299 -0.145682
v 0.211666 -0.394920 -0.092926
v 0.312950 -0.353824 -0.087488
v 0.266603 -0.313273 -0.106103
v 0.202923 -0.325316 -0.118427
v 0.082430 -0.341662 -0.217019
v -0.017311 -0.393450 -0.271146
v -0.097737 -0.408110 -0.304054
v -0.109314 -0.386121 -0.270775
v -0.072162 -0.397663 -0.271937
v -0.041021 -0.325935 -0.185970
v -0.064343 -0.346691 -0.207162
v -0.193310 -0.432549 -0.106164
v -0.294014 -0.510446 -0.141591
v -0.227990 -0.497137 -0.071178
v -0.223526 -0.490089 -0.081109
v -0.290831 -0.506525 -0.092394
v -0.228306 -0.519095 -0.060995
v -0.235397 -0.561301 -0.016011
v -0.117277 -0.534103 -0.037219
v -0.098081 -0.541520 -0.053718
v 0.072193 -0.509574 -0.050534
v -0.051520 -0.510499 -0.043105
v -0.034515 -0.505014 -0.039366
v 0.134952 -0.717179 -0.096670
v 0.133534 -0.709599 -0.104340
v 0.125612 -0.666974 -0.154936
v 0.095129 -0.810933 -0.228003
v 0.058729 -0.784165 -0.227640
v 0.028074 -0.737308 -0.236437
v -0.010402 -0.816079 -0.339200
v -0.140662 -0.873545 -0.143359
v -0.129307 -0.873978 -0.151290
v -0.093353 -0.876975 -0.066338
v -0.093161 -0.901085 -0.137794
v -0.094543 -0.877392 -0.067290
v -0.111461 -0.883189 -0.106880
v -0.056388 -0.845870 -0.056109
v 0.065867 -0.855173 -0.077728
v 0.023114 -0.836053 -0.059165
v -0.141586 -0.868967 -0.141176
v -0.154942 -0.870945 -0.130416
v -0.016325 -0.723575 -0.236672
v -0.092365 -0.780391 -0.246239
v 0.059922 -0.779021 -0.227152
v 0.143265 -0.650439 -0.076591
v 0.140904 -0.696426 -0.110016
v 0.201299 -0.689158 -0.123719
v 0.160121 -0.681972 -0.056684
v 0.143166 -0.522924 -0.046853
v -0.085375 -0.342849 -0.202308
v -0.108530 -0.365936 -0.236590
v -0.083026 -0.320485 -0.187960
v 0.139345 -0.209161 -0.169510
v 0.146276 -0.209615 -0.167416
v -0.116296 -0.350454 -0.201566
v -0.225816 -0.472128 -0.054920
v -0.230167 -0.512446 -0.062739
v -0.230139 -0.504175 -0.040517
v -0.227334 -0.511539 -0.070720
v -0.223769 -0.472979 -0.055634
v -0.019416 -0.475115 0.003985
v -0.012861 -0.527123 -0.047161
v 0.024707 -0.535090 -0.048191
v 0.068178 -0.518283 -0.048407
v 0.078525 -0.520616 -0.049816
v 0.209702 -0.630715 -0.002991
v 0.124317 -0.658179 -0.172101
v 0.127984 -0.660816 -0.197227
v 0.018746 -0.879910 -0.353351
v -0.013592 -0.770950 -0.240214
v -0.083637 -0.768119 -0.226982
v -0.107501 -0.781957 -0.206329
v -0.109586 -0.779043 -0.209208
v -0.106080 -0.771270 -0.217608
v -0.115367 -0.791988 -0.206548
v -0.139554 -0.849610 -0.131920
v -0.141924 -0.866574 -0.133085
v -0.155373 -0.862304 -0.146299
v 0.025406 -0.840133 -0.049053
v -0.137599 -0.834886 -0.131014
v -0.135674 -0.820261 -0.129091
v -0.156515 -0.821270 -0.119417
v -0.140741 -0.798887 -0.116443
v -0.135108 -0.806016 -0.180528
v -0.139896 -0.799109 -0.116704
v -0.132015 -0.771831 -0.085620
v -0.159235 -0.796849 -0.132755
v -0.001304 -0.852638 -0.045741
v -0.001249 -0.851315 -0.045873
v -0.135791 -0.788630 -0.156642
v -0.130471 -0.804985 -0.207980
v -0.102547 -0.791577 -0.221793
v 0.128691 -0.651158 -0.199583
v 0.149908 -0.648280 -0.199870
v 0.126363 -0.689306 -0.127353
v 0.131635 -0.662537 -0.080057
v 0.224538 -0.545017 -0.045291
v 0.217863 -0.536938 -0.044461
v 0.089512 -0.521060 -0.051170
v 0.109915 -0.529530 -0.054799
v -0.012730 -0.529286 -0.046968
v -0.145001 -0.437571 -0.026568
v -0.222727 -0.462588 -0.041647
v -0.217589 -0.468835 -0.046933
v -0.224981 -0.426350 -0.063998
v -0.324762 -0.472938 -0.109850
v -0.157319 -0.436198 -0.020686
v 0.102458 -0.534006 -0.031794
v 0.125585 -0.665289 -0.209099
v 0.107106 -0.674621 -0.205140
v 0.047574 -0.631564 -0.236071
v -0.124969 -0.806767 -0.209314
v -0.124230 -0.792874 -0.214673
v -0.074763 -0.787045 -0.237127
v 0.085108 -0.631576 -0.221822
v 0.121153 -0.644589 -0.210887
v 0.177908 -0.689931 -0.186934
v 0.086199 -0.672939 -0.179771
v 0.137941 -0.628486 -0.087278
v 0.106511 -0.535652 -0.045126
v 0.024889 -0.534080 -0.047283
v -0.193695 -0.443412 -0.040470
v -0.188123 -0.446646 -0.037063
v -0.177719 -0.464506 -0.054681
v -0.213601 -0.460035 -0.033468
v -0.224570 -0.431501 -0.062229
v -0.317853 -0.449650 -0.106166
v 0.180481 -0.599221 -0.047665
v 0.159865 -0.598661 -0.051286
v 0.258055 -0.685925 -0.131708
v 0.128575 -0.682401 -0.192153
v 0.158058 -0.679426 -0.198660
v 0.102172 -0.635750 -0.219344
v 0.111302 -0.643260 -0.244223
v 0.233668 -0.572007 -0.045714
v 0.170747 -0.539034 -0.039618
v 0.151670 -0.532962 -0.031025
v -0.137389 -0.417106 -0.013503
v -0.143803 -0.452880 -0.030975
v -0.073780 -0.764837 -0.202916
v -0.065498 -0.748184 -0.224996
v -0.067155 -0.742486 -0.228043
v -0.058006 -0.738463 -0.231060
v 0.048531 -0.510366 -0.045636
v -0.086945 -0.344186 -0.207661
v -0.107885 -0.428898 -0.301820
v 0.140487 -0.722503 -0.098001
v 0.136564 -0.691705 -0.066258
v 0.160831 -0.651778 -0.064687
v 0.133777 -0.643229 -0.061465
v 0.132882 -0.649141 -0.058681
v 0.048653 -0.653977 -0.050129
v -0.188671 -0.575333 -0.066601
v -0.232896 -0.569823 -0.046620
v -0.170203 -0.509175 -0.100487
v 0.316719 -0.371409 -0.080493
v 0.293049 -0.397072 -0.120128
v 0.019278 -0.338613 -0.212834
v 0.039578 -0.336913 -0.213122
v -0.201315 -0.452942 -0.093149
v -0.176769 -0.431826 -0.117720
v -0.214327 -0.468525 -0.077218
v -0.229647 -0.533340 -0.059950
v -0.131380 -0.557902 -0.056250
v -0.120327 -0.559579 -0.069007
v -0.090383 -0.524139 -0.047968
v -0.048965 -0.509539 -0.044019
v 0.156987 -0.671722 -0.063324
v 0.213692 -0.739016 -0.150946
v 0.158862 -0.652860 -0.069131
v 0.142446 -0.665659 -0.050717
v -0.125722 -0.532703 -0.049050
v -0.109645 -0.445992 -0.170456
v -0.146828 -0.465585 -0.217109
v 0.126929 -0.343325 -0.179032
v 0.209492 -0.345523 -0.120191
v 0.137546 -0.351707 -0.172724
v 0.116419 -0.345996 -0.202096
v -0.124464 -0.342629 -0.181836
v -0.134898 -0.422235 -0.152069
v -0.136534 -0.424922 -0.150051
v -0.205016 -0.478637 -0.196012
v -0.156454 -0.442743 -0.130389
v -0.223533 -0.505089 -0.059532
v -0.206682 -0.555885 -0.044866
v -0.148446 -0.578709 -0.097949
v -0.118631 -0.547226 -0.071719
v -0.089936 -0.523779 -0.050469
v 0.104673 -0.659508 -0.061308
v 0.103956 -0.661520 -0.062057
v 0.159185 -0.632460 -0.071519
v 0.150998 -0.644104 -0.074208
v 0.133344 -0.749444 -0.109238
v 0.218061 -0.681443 -0.144446
v -0.198392 -0.582130 -0.067293
v -0.177917 -0.416708 -0.121218
v -0.218345 -0.487292 -0.190143
v 0.104919 -0.344744 -0.204192
v 0.093721 -0.342534 -0.206628
v 0.156916 -0.299088 -0.126421
v 0.010721 -0.336172 -0.214439
v -0.159876 -0.439962 -0.128045
v -0.318528 -0.525066 -0.122273
v -0.229783 -0.559407 -0.064551
v -0.199241 -0.447143 -0.110241
v 0.082695 -0.341958 -0.208144
v 0.101739 -0.343862 -0.193156
v 0.204708 -0.338447 -0.111272
v 0.290894 -0.322846 -0.114699
v 0.082214 -0.866867 -0.131460
v 0.102053 -0.887425 -0.112646
v 0.055457 -0.863609 -0.053025
v 0.054378 -0.861674 -0.058112
v -0.088872 -0.761944 -0.064699
v -0.045976 -0.628891 -0.230996
v -0.054892 -0.635187 -0.255370
v 0.034892 -0.646008 -0.234715
v 0.041236 -0.643012 -0.231631
v 0.143605 -0.493723 -0.088954
v 0.156511 -0.539783 -0.074873
v 0.261919 -0.579676 -0.142835
v 0.265858 -0.583421 -0.136469
v 0.211239 -0.520653 -0.039139
v 0.235445 -0.548095 -0.066460
v 0.040329 -0.447594 -0.043832
v 0.032414 -0.445445 -0.041159
v 0.011666 -0.177517 -0.212310
v 0.064583 -0.181396 -0.184257
v 0.034265 -0.182820 -0.210467
v 0.114398 -0.235476 -0.160188
v 0.162867 -0.230133 -0.184575
v 0.130834 -0.205965 -0.131605
v 0.255780 -0.224287 -0.062098
v 0.142332 -0.266312 -0.092372
v 0.210157 -0.378285 -0.100568
v 0.208916 -0.372431 -0.102812
v 0.251035 -0.377415 -0.128086
v 0.210296 -0.374861 -0.106803
v 0.207786 -0.364345 -0.105419
v 0.028556 -0.509295 -0.314367
v 0.109852 -0.477587 -0.293659
v -0.075083 -0.506563 -0.315886
v 0.024423 -0.429439 -0.208517
v -0.018344 -0.448443 -0.250775
v 0.021041 -0.447998 -0.255749
v -0.154370 -0.538087 -0.105222
v -0.143653 -0.555507 -0.103978
v -0.173121 -0.634724 -0.119373
v -0.168586 -0.578217 -0.139404
v -0.274142 -0.583160 -0.130204
v -0.273768 -0.589926 -0.142267
v -0.231701 -0.573920 -0.059240
v 0.134689 -0.807582 -0.201281
v 0.134691 -0.800806 -0.167749
v 0.124705 -0.802860 -0.136376
v 0.098948 -0.802683 -0.190399
v 0.134266 -0.795536 -0.144474
v 0.102238 -0.845982 -0.158314
v 0.095251 -0.942922 -0.322712
v -0.018037 -0.857250 -0.238979
v 0.048516 -0.866428 -0.231255
v 0.089174 -0.865347 -0.073644
v 0.041470 -0.729522 -0.035736
v -0.044857 -0.730976 -0.040959
v -0.064802 -0.740341 -0.051874
v -0.057206 -0.729113 -0.046343
v -0.124400 -0.770495 -0.107452
v 0.078313 -0.681881 -0.315554
v 0.213553 -0.518578 -0.038906
v 0.059733 -0.453571 -0.043573
v 0.059567 -0.454863 -0.043060
v -0.205113 -0.352838 -0.127758
v 0.124524 -0.118456 -0.154168
v 0.253633 -0.218913 -0.055348
v 0.121875 -0.229781 -0.057567
v 0.261430 -0.380080 -0.121264
v 0.107784 -0.473390 -0.191383
v 0.113140 -0.461766 -0.205755
v 0.101752 -0.399675 -0.145458
v 0.130576 -0.463335 -0.213771
v -0.003049 -0.534373 -0.233203
v -0.027116 -0.528372 -0.214741
v -0.042476 -0.536273 -0.235262
v -0.057420 -0.544730 -0.235815
v -0.028344 -0.532304 -0.238082
v -0.036471 -0.531245 -0.206140
v -0.049978 -0.535209 -0.231559
v -0.077860 -0.547965 -0.202926
v -0.118769 -0.543203 -0.210149
v -0.165671 -0.545430 -0.199750
v -0.112113 -0.521826 -0.141789
v -0.158407 -0.522832 -0.106587
v -0.189792 -0.598068 -0.057604
v -0.177300 -0.627712 -0.060299
v -0.240890 -0.611223 -0.030817
v -0.273297 -0.670909 -0.142242
v -0.215284 -0.639111 -0.035359
v -0.227174 -0.646330 -0.031136
v -0.154973 -0.657458 -0.046989
v -0.142768 -0.663312 -0.064544
v -0.142017 -0.665186 -0.065519
v -0.064796 -0.641193 -0.051276
v -0.028602 -0.621008 -0.041294
v -0.138226 -0.643515 -0.057080
v -0.051198 -0.623933 -0.044058
v 0.087048 -0.757164 -0.025874
v 0.127737 -0.796345 -0.043577
v 0.121482 -0.806044 -0.131790
v 0.137049 -0.785199 -0.113380
v 0.142036 -0.798418 -0.133931
v 0.134720 -0.794372 -0.135198
v 0.126850 -0.836933 -0.151100
v 0.102582 -0.877559 -0.168732
v 0.044505 -0.859195 -0.232925
v -0.002159 -0.725166 -0.034993
v -0.051398 -0.737469 -0.047397
v -0.038727 -0.735311 -0.048134
v -0.144381 -0.799789 -0.035979
v -0.169332 -0.669043 -0.061357
v -0.079232 -0.635471 -0.217431
v -0.118017 -0.639782 -0.251228
v -0.011665 -0.669044 -0.263927
v 0.103898 -0.542265 -0.180651
v 0.151480 -0.485516 -0.075192
v 0.286398 -0.594927 -0.126289
v 0.287120 -0.594605 -0.138978
v 0.155415 -0.461811 -0.058097
v -0.207697 -0.360202 -0.077114
v -0.213285 -0.380783 -0.077229
v 0.006333 -0.179722 -0.212576
v -0.020916 -0.179733 -0.213605
v 0.097113 -0.246661 -0.270413
v -0.086798 -0.189483 -0.205674
v -0.215806 -0.385681 -0.076155
v -0.212982 -0.392552 -0.113285
v -0.180612 -0.221321 -0.181486
v -0.014051 -0.257813 -0.277394
v 0.198219 -0.193094 -0.123071
v 0.244575 -0.142938 -0.090739
v 0.219369 -0.423788 -0.091505
v 0.291598 -0.424430 -0.120247
v 0.223054 -0.440797 -0.088260
v 0.223493 -0.454479 -0.080864
v 0.135323 -0.431694 -0.097707
v 0.084824 -0.570840 -0.243453
v -0.017559 -0.533559 -0.237028
v -0.006068 -0.533234 -0.237483
v -0.034386 -0.534858 -0.233959
v -0.053186 -0.532527 -0.233937
v -0.138074 -0.539854 -0.208134
v -0.079792 -0.528552 -0.174538
v 0.020792 -0.583670 -0.312633
v -0.053241 -0.648846 -0.207044
v -0.097893 -0.639149 -0.129079
v -0.175024 -0.617997 -0.065394
v -0.141653 -0.643869 -0.080629
v -0.136058 -0.645742 -0.060814
v 0.117719 -0.805620 -0.090675
v 0.113560 -0.807390 -0.087860
v 0.101800 -0.760699 -0.071356
v 0.142684 -0.871366 -0.150531
v 0.104296 -0.884935 -0.115000
v -0.024753 -0.733227 -0.044604
v -0.007193 -0.733259 -0.044197
v -0.098102 -0.795764 -0.067476
v -0.166655 -0.650387 -0.069519
v -0.116762 -0.635088 -0.146440
v -0.083693 -0.656226 -0.227608
v 0.105956 -0.537327 -0.163185
v 0.280809 -0.581108 -0.122718
v 0.230284 -0.519170 -0.080944
v 0.154047 -0.466009 -0.060308
v 0.120617 -0.460937 -0.049401
v -0.142252 -0.356030 -0.063107
v -0.204274 -0.376555 -0.069695
v -0.209327 -0.392487 -0.066957
v -0.121881 -0.210380 -0.219652
v -0.028637 -0.180129 -0.221383
v 0.045148 -0.244069 -0.271047
v 0.135914 -0.172034 -0.099712
v 0.132250 -0.166035 -0.106721
v 0.135184 -0.141494 -0.071793
v 0.127664 -0.211883 -0.036105
v -0.075783 -0.183074 -0.069308
v 0.048504 -0.169841 -0.060331
v 0.194263 -0.380466 -0.100189
v 0.202623 -0.489323 -0.059118
v 0.303195 -0.447314 -0.119699
v 0.118622 -0.475152 -0.187120
v 0.005026 -0.532669 -0.237791
v 0.019063 -0.534612 -0.236864
v -0.013700 -0.534873 -0.236117
v -0.111640 -0.550308 -0.259940
v -0.087740 -0.530040 -0.225138
v -0.110443 -0.535684 -0.215978
v -0.120092 -0.562515 -0.261942
v -0.172209 -0.676373 -0.072677
v -0.172081 -0.684754 -0.041841
v 0.127284 -0.774173 -0.090446
v 0.133473 -0.889965 -0.082217
v 0.102919 -0.890976 -0.170077
v 0.119947 -0.870693 -0.162379
v 0.010676 -0.733533 -0.047601
v -0.009854 -0.725451 -0.041638
v -0.043503 -0.771924 -0.050114
v -0.140058 -0.627548 -0.066235
v -0.128995 -0.651754 -0.198951
v -0.162179 -0.649517 -0.203031
v 0.115838 -0.547609 -0.141169
v 0.207732 -0.471330 -0.065197
v 0.148334 -0.472949 -0.058122
v 0.113014 -0.468021 -0.048809
v 0.114197 -0.461509 -0.054299
v -0.100932 -0.330513 -0.056096
v -0.168088 -0.360564 -0.067506
v -0.210770 -0.370534 -0.071252
v -0.208228 -0.340861 -0.128059
v -0.162078 -0.211082 -0.195608
v -0.100598 -0.193828 -0.193607
v 0.116492 -0.152259 -0.086012
v 0.074134 -0.358938 -0.074537
v 0.120576 -0.346147 -0.078632
v 0.128558 -0.355069 -0.090438
v 0.220804 -0.456717 -0.075396
v 0.306919 -0.474211 -0.119202
v 0.227284 -0.472685 -0.074483
v 0.196236 -0.446155 -0.068806
v 0.121779 -0.492593 -0.175547
v 0.171951 -0.394113 -0.089956
v 0.028460 -0.538049 -0.236009
v 0.037000 -0.540294 -0.235924
v 0.063679 -0.592436 -0.312548
v 0.045513 -0.543744 -0.231598
v -0.060127 -0.514534 -0.208139
v -0.174885 -0.704426 -0.091099
v -0.212935 -0.684872 -0.116434
v -0.168960 -0.668028 -0.067477
v 0.069946 -0.777998 -0.055447
v 0.070056 -0.778615 -0.056267
v 0.086092 -0.745569 -0.053313
v 0.031188 -0.736403 -0.049175
v 0.039443 -0.727183 -0.048356
v -0.049959 -0.770325 -0.048182
v -0.045794 -0.649853 -0.236358
v 0.076963 -0.546499 -0.245302
v 0.112751 -0.549011 -0.170955
v 0.219975 -0.462474 -0.060819
v 0.229391 -0.516218 -0.058494
v 0.228788 -0.527402 -0.053806
v 0.207241 -0.477315 -0.062946
v 0.180187 -0.474498 -0.060389
v 0.148631 -0.474509 -0.054669
v 0.147727 -0.477576 -0.060934
v -0.100079 -0.334032 -0.059099
v -0.196496 -0.294438 -0.145899
v -0.196153 -0.243908 -0.129172
v -0.106576 -0.206868 -0.177785
v -0.106050 -0.199301 -0.180695
v -0.139818 -0.202966 -0.124085
v -0.083187 -0.249461 -0.263364
v -0.011590 -0.238640 -0.269846
v 0.197188 -0.154536 -0.139211
v 0.199003 -0.167964 -0.133611
v 0.092617 -0.121130 -0.074063
v 0.027135 -0.185743 -0.078139
v 0.090182 -0.340423 -0.057781
v 0.301556 -0.498232 -0.118732
v 0.210766 -0.435997 -0.084920
v -0.214124 -0.686393 -0.121699
v -0.175373 -0.662049 -0.073169
v 0.051035 -0.741582 -0.050975
v -0.201809 -0.656751 -0.078255
v -0.232640 -0.692475 -0.122523
v -0.141712 -0.627497 -0.082354
v -0.116166 -0.647128 -0.143153
v -0.125531 -0.664433 -0.215561
v 0.116580 -0.571365 -0.267541
v 0.094333 -0.547764 -0.177119
v 0.285745 -0.513516 -0.128773
v 0.223803 -0.491301 -0.058287
v 0.185561 -0.479507 -0.060445
v 0.185282 -0.478565 -0.066293
v -0.012920 -0.322680 -0.054386
v -0.126819 -0.349693 -0.054902
v -0.126660 -0.348726 -0.059613
v -0.206876 -0.318333 -0.102484
v -0.196924 -0.257153 -0.120591
v -0.179480 -0.217092 -0.171447
v -0.097601 -0.189850 -0.162502
v -0.095513 -0.226364 -0.238468
v -0.015515 -0.105228 -0.191665
v 0.134825 -0.145811 -0.179355
v 0.193551 -0.168977 -0.127766
v 0.193638 -0.169008 -0.126511
v -0.001396 -0.335983 -0.037837
v 0.224727 -0.488875 -0.062972
v 0.219164 -0.436274 -0.083064
v 0.055278 -0.542431 -0.227686
v 0.033118 -0.549887 -0.269879
v -0.002524 -0.532597 -0.242771
v 0.003011 -0.510950 -0.208728
v -0.110584 -0.664591 -0.157855
v 0.007942 -0.772205 -0.048584
v 0.015059 -0.761900 -0.047236
v 0.099903 -0.758661 -0.068471
v 0.093794 -0.755101 -0.063401
v 0.076409 -0.751983 -0.058694
v 0.119809 -0.558720 -0.209959
v 0.226089 -0.486891 -0.063707
v 0.284311 -0.510970 -0.118191
v 0.278308 -0.509918 -0.108116
v 0.278437 -0.506799 -0.118252
v 0.223923 -0.480418 -0.066186
v -0.022768 -0.319916 -0.053370
v -0.079543 -0.343252 -0.049759
v -0.079887 -0.340278 -0.050079
v -0.228827 -0.447093 -0.085270
v 0.000977 -0.335519 -0.044728
v 0.035121 -0.314257 -0.052939
v 0.094572 -0.329582 -0.059049
v 0.230793 -0.483152 -0.081594
v 0.082903 -0.595280 -0.303109
v 0.077851 -0.546121 -0.205010
v 0.278335 -0.505163 -0.118541
v 0.275868 -0.507834 -0.126267
v 0.042668 -0.323151 -0.052721
v 0.086252 -0.322333 -0.057927
v 0.087112 -0.323311 -0.053967
v -0.040813 -0.305359 -0.034062
v -0.212237 -0.228435 -0.140937
v -0.199999 -0.224254 -0.160381
v 0.076969 -0.138746 -0.190666
v 0.198827 -0.167169 -0.133949
v 0.132016 -0.179947 -0.084727
v 0.077876 -0.118144 -0.070042
v 0.061082 -0.095237 -0.067589
v -0.103689 -0.231477 -0.065964
v -0.210775 -0.231716 -0.132574
v -0.099741 -0.208110 -0.196022
v 0.103795 -0.132606 -0.190617
v 0.121060 -0.147790 -0.211960
v 0.132837 -0.162601 -0.102758
v 0.135298 -0.179158 -0.097406
v 0.072709 -0.152630 -0.056294
v 0.010313 -0.192536 -0.024468
v -0.120602 -0.225120 -0.050966
v -0.143090 -0.253411 -0.106364
v -0.110296 -0.218407 -0.134913
v 0.156572 -0.162756 -0.058344
v 0.089648 -0.147258 -0.056446
v 0.026135 -0.139089 -0.061813
v -0.132572 -0.151059 -0.075435
v -0.061799 -0.196787 -0.096988
v -0.140886 -0.204661 -0.124435
v 0.108146 -0.140420 -0.202613
v 0.157962 -0.134853 -0.071555
v 0.038712 -0.144104 -0.059762
v -0.197884 -0.275698 -0.105638
v -0.195735 -0.242095 -0.130226
v -0.184143 -0.228516 -0.121662
v -0.198884 -0.285110 -0.100848
v 0.155702 -0.130771 -0.029280
v -0.131220 -0.159513 -0.064629
v -0.024284 -0.131418 -0.058194
v -0.015126 -0.135564 -0.061934
v -0.015229 -0.137488 -0.055879
v -0.042379 -0.135517 -0.057283
v -0.151209 -0.266273 -0.103265
v -0.173744 -0.239814 -0.070266
v -0.165971 -0.301088 -0.095181
v -0.118341 -0.131947 -0.164445
v -0.129660 -0.128346 -0.048116
v -0.158520 -0.293250 -0.095513
v -0.190635 -0.212014 -0.130406
v -0.205934 -0.158825 -0.114763
v -0.159740 -0.181866 -0.143057
v -0.179475 -0.214208 -0.133602
v -0.157478 -0.158769 -0.151351
v -0.002702 -0.051952 -0.073249
v -0.178188 -0.179251 -0.141952
v 0.126543 -0.119989 -0.115244
v 0.119588 -0.077729 -0.196551
v -0.120065 -0.066611 -0.176369
v -0.146694 -0.138673 -0.176039
v -0.138322 -0.133847 -0.166330
v -0.167605 -0.125165 -0.121268
v -0.163751 -0.143779 -0.167335
v -0.148407 -0.138506 -0.178338
v -0.131557 -0.138922 -0.185190
v 0.124983 -0.084033 -0.092381
v 0.111064 -0.076729 -0.077087
v 0.104912 -0.071131 -0.079164
v -0.168560 -0.132938 -0.117814
v 0.122907 -0.089269 -0.143493
v 0.101647 -0.068712 -0.074980
v 0.001716 -0.055170 -0.068247
v -0.065545 -0.056682 -0.071372
v -0.189132 -0.152669 -0.126447
v -0.152245 -0.168849 -0.149229
v 0.153316 -0.084738 -0.146890
v 0.154570 -0.085062 -0.139687
v 0.150246 -0.066530 -0.102865
v -0.124037 -0.080399 -0.102069
v -0.167508 -0.193731 -0.137554
v 0.153206 -0.071122 -0.051077
v -0.005394 -0.050647 -0.069012
v -0.123696 -0.060301 -0.076377
v -0.229295 -0.165716 -0.115830
v -0.114509 -0.073470 -0.076004
v -0.065057 -0.068420 -0.078832
v -0.150091 -0.184866 -0.140392
v -0.236859 -0.154079 -0.117591
v -0.121574 -0.084717 -0.170557
v 0.123308 -0.069496 -0.113014
v 0.149749 -0.062402 -0.105618
v 0.196329 -0.060104 -0.134915
v -0.124773 -0.077634 -0.080184
v -0.111985 -0.076374 -0.080509
v -0.125631 -0.067857 -0.076069
v -0.124643 -0.083096 -0.091983
v -0.126162 -0.109451 -0.101541
v -0.128172 -0.146780 -0.117426
v -0.111775 0.035970 -0.200631
v 0.097354 0.052928 -0.059005
v 0.114016 0.049610 -0.140465
v -0.123633 -0.082469 -0.117042
v -0.123179 -0.087300 -0.136291
v -0.164320 -0.083135 -0.155686
v -0.168925 -0.084048 -0.140603
v 0.139018 0.039075 -0.137480
v -0.123425 -0.071750 -0.102957
v -0.119738 -0.019114 -0.102479
v -0.113239 0.051977 -0.131967
v 0.099478 0.053763 -0.139098
v -0.119092 -0.021061 -0.120777
v -0.201505 -0.021925 -0.117416
v 0.102090 0.052328 -0.138129
v 0.044253 0.062123 -0.147523
v -0.105267 0.053757 -0.137154
v -0.118610 0.012664 -0.127872
v -0.117955 -0.006417 -0.124484
v -0.192216 -0.001544 -0.121618
v 0.044408 0.062377 -0.144571
v -0.059859 0.061914 -0.146959
v -0.115670 0.025674 -0.124930
v -0.059511 0.065136 -0.149224
v -0.231550 -0.257707 -0.142382
v -0.013718 -0.615938 -0.034741
v -0.245510 -0.592829 -0.032807
v -0.276768 -0.634486 -0.141725
v -0.135753 -0.527212 -0.120449
v -0.161330 -0.557579 -0.094438
v -0.119519 -0.514152 -0.135815
v -0.064326 -0.533839 -0.182113
v -0.038285 -0.500766 -0.313989
v -0.178830 -0.552338 -0.080024
v -0.228784 -0.524769 -0.065861
v -0.242535 -0.556972 -0.046252
v -0.283509 -0.610250 -0.141693
v 0.045681 -0.443694 -0.230855
v 0.209929 -0.362209 -0.110815
v 0.252244 -0.376834 -0.121574
v 0.122977 -0.786765 -0.170426
v 0.118155 -0.791050 -0.170977
v 0.051074 -1.377629 -0.039877
v -0.051347 -1.150122 -0.054334
v 0.038613 -0.912808 -0.234500
v -0.100354 -0.941341 -0.213331
v -0.103309 -0.941012 -0.119099
v -0.105412 -0.984119 -0.126447
v -0.113039 -0.933518 -0.117833
v -0.071195 -0.912923 -0.053782
v -0.034948 -1.059862 -0.042289
v 0.005234 -1.047924 -0.048352
v 0.046958 -1.066765 -0.051240
v 0.035017 -1.046584 -0.054432
v 0.014939 -1.051031 -0.056188
v 0.030310 -1.066368 -0.065285
v 0.067401 -1.043347 -0.123938
v 0.044665 -1.027637 -0.198936
v 0.082661 -1.062703 -0.137801
v 0.085190 -1.148690 -0.139611
v -0.008763 -1.183390 -0.214143
v -0.057661 -1.234040 -0.153080
v -0.071022 -1.211083 -0.112883
v -0.063710 -1.208556 -0.122825
v -0.062725 -1.203588 -0.108715
v -0.073119 -1.202384 -0.115879
v -0.065228 -1.196191 -0.086450
v -0.040977 -1.204150 -0.061309
v -0.053581 -1.198446 -0.098172
v -0.046492 -1.142817 -0.059946
v -0.008530 -1.152439 -0.049235
v 0.017231 -1.147123 -0.047229
v 0.028603 -1.144995 -0.047374
v 0.057733 -1.156060 -0.085486
v 0.063810 -1.192360 -0.109536
v 0.066184 -1.197587 -0.111505
v 0.064648 -1.196978 -0.101449
v 0.063406 -1.368305 -0.115603
v 0.009300 -1.156393 -0.178854
v 0.006994 -1.380591 -0.158204
v -0.066097 -1.415711 -0.144985
v -0.074129 -1.345212 -0.098571
v -0.046269 -1.379077 -0.105654
v -0.037675 -1.381985 -0.017599
v -0.066956 -1.344052 -0.102056
v 0.067741 -1.177475 -0.105745
v 0.067245 -1.171643 -0.107124
v 0.065660 -1.172710 -0.116551
v 0.014213 -1.147407 -0.054669
v 0.025630 -1.147493 -0.056860
v -0.078271 -1.216616 -0.079025
v 0.067652 -1.041051 -0.124837
v 0.056483 -1.051143 -0.074193
v 0.045256 -1.047668 -0.063437
v -0.074354 -0.932715 -0.089409
v 0.061775 -0.913943 -0.049425
v 0.067161 -1.059418 -0.093167
v 0.073487 -1.063225 -0.110569
v 0.061826 -1.041764 -0.141013
v 0.045606 -1.027117 -0.172249
v 0.046141 -1.028827 -0.164835
v -0.075626 -1.018834 -0.183578
v -0.101850 -1.133311 -0.119571
v -0.095076 -1.128912 -0.119281
v -0.053142 -1.207203 -0.035235
v -0.048292 -1.187828 -0.053023
v 0.054396 -1.163092 -0.103976
v 0.071561 -1.175784 -0.117594
v -0.088722 -1.259102 -0.102392
v -0.075879 -1.278289 -0.092052
v -0.083287 -1.299048 -0.087564
v -0.091452 -1.296063 -0.095221
v -0.083779 -1.299772 -0.098485
v 0.037892 -1.373647 -0.111915
v -0.086326 -1.258268 -0.091019
v 0.012535 -1.198431 -0.049510
v -0.102334 -1.033099 -0.115344
v 0.004939 -1.033193 -0.195353
v 0.060139 -1.071387 -0.130985
v 0.072954 -1.069309 -0.147215
v 0.053002 -1.051889 -0.125315
v -0.048117 -0.932987 -0.073835
v -0.067571 -0.928839 -0.079336
v -0.114731 -0.970827 -0.122614
v -0.115331 -0.971735 -0.135031
v 0.001928 -1.046597 -0.045660
v 0.009789 -1.047861 -0.046381
v 0.054085 -1.074945 -0.114018
v 0.068565 -1.035508 -0.116703
v 0.077017 -1.074275 -0.133173
v 0.083315 -1.062050 -0.127241
v -0.022825 -1.226701 -0.166567
v -0.063414 -1.163424 -0.097727
v -0.052310 -1.175906 -0.098195
v -0.037469 -1.140238 -0.051280
v -0.045654 -1.150535 -0.056867
v -0.050388 -1.150691 -0.068735
v 0.069622 -1.234823 -0.106288
v 0.068371 -1.231003 -0.109453
v 0.068545 -1.235551 -0.117089
v 0.070285 -1.243430 -0.116821
v 0.068933 -1.242746 -0.105340
v -0.069695 -1.386157 -0.103289
v -0.038472 -1.392732 -0.123289
v 0.009544 -1.409354 -0.128058
v -0.077669 -1.251543 -0.095556
v -0.082042 -1.237980 -0.094112
v -0.069173 -1.154420 -0.153967
v 0.015034 -1.179758 -0.040859
v -0.034793 -1.182721 -0.042322
v -0.100190 -1.131594 -0.107888
v 0.006837 -1.029545 -0.185627
v 0.100824 -1.043031 -0.134735
v -0.031811 -0.900831 -0.060194
v -0.029947 -0.897373 -0.058467
v -0.115700 -0.995947 -0.121706
v -0.115756 -0.997018 -0.134098
v -0.115248 -1.021923 -0.120213
v -0.075751 -1.065801 -0.080285
v -0.022020 -1.059096 -0.046937
v -0.014308 -1.058229 -0.046327
v 0.075670 -1.128194 -0.130105
v 0.084066 -1.085773 -0.135307
v 0.085161 -1.084967 -0.124740
v 0.084769 -1.109928 -0.132339
v -0.052690 -1.226292 -0.150158
v -0.048905 -1.165716 -0.107957
v -0.053411 -1.176443 -0.103539
v -0.068881 -1.165874 -0.098872
v 0.057698 -1.260200 -0.109382
v 0.068164 -1.267196 -0.113567
v 0.068923 -1.266511 -0.102737
v 0.008404 -1.384899 -0.110941
v -0.015173 -1.157790 -0.157227
v 0.012742 -1.150568 -0.144981
v 0.041628 -1.167825 -0.111668
v 0.036167 -1.171222 -0.108610
v 0.035771 -1.171852 -0.114117
v 0.036686 -1.208135 -0.090010
v 0.034293 -1.186130 -0.053753
v 0.015916 -1.188854 -0.037814
v -0.095646 -1.101696 -0.113968
v -0.100952 -1.108474 -0.121818
v -0.100656 -1.107369 -0.111126
v -0.100362 -1.088401 -0.123989
v -0.034749 -1.029010 -0.183030
v 0.034615 -1.077139 -0.189443
v 0.070462 -1.084005 -0.157535
v 0.078766 -1.050692 -0.131866
v 0.095867 -1.043524 -0.145909
v 0.088634 -0.942427 -0.141474
v -0.100036 -1.037473 -0.127087
v -0.114334 -1.023060 -0.132269
v -0.057159 -1.043731 -0.058462
v -0.043286 -1.037288 -0.054691
v -0.046548 -1.046795 -0.060969
v 0.025144 -1.020904 -0.053377
v 0.085075 -1.108927 -0.121609
v -0.022986 -1.226064 -0.166627
v 0.057622 -1.302453 -0.107153
v 0.067451 -1.291157 -0.111328
v 0.068353 -1.290504 -0.100556
v 0.066004 -1.315409 -0.109239
v -0.078004 -1.168566 -0.105764
v 0.010171 -1.147391 -0.140724
v -0.015413 -1.156055 -0.141768
v 0.049861 -1.193359 -0.071439
v 0.040554 -1.196047 -0.066066
v -0.100423 -1.088399 -0.124000
v -0.068488 -1.059137 -0.116194
v -0.029981 -1.020641 -0.184015
v 0.032311 -1.075307 -0.185274
v 0.084074 -1.004082 -0.140345
v 0.101703 -1.016872 -0.138284
v 0.101305 -1.017864 -0.150629
v -0.073181 -1.051478 -0.131627
v -0.080434 -1.057100 -0.087659
v 0.028484 -1.012945 -0.051604
v 0.083742 -1.146886 -0.126462
v 0.079872 -1.168715 -0.132649
v 0.066852 -1.314799 -0.098715
v -0.081951 -1.172800 -0.094880
v -0.032680 -1.161890 -0.154486
v -0.028938 -1.157473 -0.156809
v -0.015266 -1.157242 -0.160011
v -0.023946 -1.157991 -0.156107
v -0.008394 -1.165737 -0.155036
v 0.081230 -1.199419 -0.078254
v -0.065854 -1.035040 -0.147320
v -0.054079 -1.026729 -0.180518
v -0.049145 -1.029404 -0.173703
v -0.018522 -1.077164 -0.201642
v 0.101659 -0.991729 -0.141147
v 0.101086 -0.992386 -0.153915
v 0.080735 -1.171354 -0.121336
v 0.080649 -1.167172 -0.122024
v 0.016629 -1.214345 -0.156670
v 0.018630 -1.221859 -0.162132
v -0.063346 -1.166169 -0.118613
v -0.055025 -1.167465 -0.135263
v -0.022096 -1.169330 -0.158885
v -0.034422 -1.163705 -0.150650
v 0.059137 -1.200029 -0.102868
v 0.066038 -1.221740 -0.091949
v 0.045859 -1.200398 -0.124883
v 0.054207 -1.221780 -0.092624
v -0.071285 -1.034081 -0.128605
v -0.070820 -1.027261 -0.162238
v -0.063970 -1.030840 -0.157769
v 0.096896 -0.943032 -0.145628
v 0.043992 -0.941759 -0.086522
v 0.051348 -0.915653 -0.079278
v 0.051842 -0.911231 -0.069341
v 0.084216 -0.920707 -0.113562
v -0.070261 -1.075120 -0.159723
v -0.041369 -1.078630 -0.194387
v -0.069634 -1.073039 -0.112966
v -0.062103 -1.012312 -0.056758
v 0.050463 -1.223548 -0.141016
v -0.044056 -1.165954 -0.144461
v -0.047095 -1.155691 -0.137885
v 0.049372 -1.198222 -0.117509
v 0.042450 -1.231934 -0.141475
v 0.050390 -1.230154 -0.146565
v 0.078698 -1.176874 -0.130613
v -0.084688 -1.076735 -0.155611
v -0.087591 -1.091647 -0.117957
v -0.099215 -1.086745 -0.118317
v 0.084271 -0.950729 -0.131475
v 0.090021 -0.930094 -0.132712
v -0.077106 -1.301023 -0.095320
v 0.044155 -1.162797 -0.108943
v -0.082257 -1.307229 -0.087121
v 0.069772 -0.950572 -0.142477
v -0.004762 -0.946536 -0.200935
v -0.085457 -0.953878 -0.133722
v -0.049795 -0.944988 -0.189657
v -0.038896 -0.941405 -0.194802
v -0.057912 -0.943017 -0.186137
v -0.059097 -0.990080 -0.235197
v 0.046940 -0.944500 -0.180747
v 0.068903 -1.011271 -0.207477
v 0.079835 -0.952496 -0.146945
v 0.085356 -0.961530 -0.152501
v 0.097061 -0.983543 -0.111203
v 0.123373 -0.941366 -0.149024
v 0.123685 -0.877253 -0.140197
v 0.066917 -0.970705 -0.048193
v 0.042795 -0.826819 -0.047538
v 0.005480 -0.963374 -0.028466
v -0.010949 -0.847559 -0.064739
v -0.047247 -0.815407 -0.059080
v -0.056332 -0.850842 -0.071692
v -0.015640 -0.818825 -0.033728
v 0.088051 -0.983831 -0.172949
v -0.048947 -0.951552 -0.196864
v -0.069473 -0.947244 -0.175954
v -0.057896 -0.941225 -0.189256
v 0.046840 -0.985437 -0.211996
v 0.120607 -1.086949 -0.313206
v 0.098738 -0.930922 -0.151093
v 0.118701 -0.941073 -0.160884
v 0.121022 -0.908143 -0.151087
v 0.090956 -0.840519 -0.093602
v 0.024332 -0.845864 -0.065202
v 0.002221 -0.814364 -0.053356
v 0.001687 -0.812547 -0.062598
v -0.095559 -0.841637 -0.086995
v -0.059393 -0.819465 -0.042282
v 0.104070 -0.989629 -0.127415
v 0.024456 -0.942317 -0.193596
v -0.004789 -0.943589 -0.200093
v -0.077797 -0.949281 -0.163196
v 0.120851 -0.912854 -0.162914
v 0.123345 -0.876158 -0.141000
v 0.049040 -0.850185 -0.078263
v 0.034562 -0.816475 -0.058366
v 0.032115 -0.813968 -0.067199
v -0.110609 -0.834419 -0.087404
v -0.082304 -0.843922 -0.083394
v -0.088287 -0.845110 -0.088029
v -0.054827 -0.968740 -0.027043
v 0.080046 -0.972508 -0.087005
v 0.070780 -0.973001 -0.143453
v 0.033863 -0.946090 -0.188889
v -0.082457 -0.952474 -0.134611
v -0.007422 -0.982321 -0.222511
v -0.029478 -0.986745 -0.228925
v 0.103668 -0.927902 -0.333626
v 0.103880 -0.888488 -0.142860
v 0.091287 -0.841749 -0.143715
v 0.121360 -0.875959 -0.152974
v 0.070364 -0.851566 -0.091223
v 0.067144 -0.830499 -0.080831
v -0.044775 -0.844927 -0.192625
v -0.113918 -0.858653 -0.126962
v -0.125015 -0.852289 -0.127480
v 0.071983 -0.989465 -0.127569
v 0.043370 -0.944511 -0.185217
v 0.052914 -0.946342 -0.177558
v 0.043357 -0.944513 -0.183237
v -0.082533 -0.966543 -0.123410
v -0.011537 -1.060675 -0.348626
v 0.093918 -0.852018 -0.143260
v 0.090884 -0.847910 -0.115519
v 0.050180 -0.951967 -0.056314
v 0.070401 -0.988547 -0.112427
v 0.058356 -0.964787 -0.139137
v 0.071450 -0.972983 -0.135757
v 0.059016 -0.949104 -0.168129
v 0.034015 -0.944359 -0.191241
v -0.035964 -0.984517 -0.214499
v -0.101938 -0.976101 -0.073665
v 0.014861 -0.943059 -0.041202
v 0.018744 -0.946868 -0.045899
v 0.068893 -0.952150 -0.144931
v 0.069798 -0.954832 -0.137657
v -0.057784 -0.932544 -0.073229
v -0.108683 -0.989200 -0.166935
v -0.074884 -0.986027 -0.204658
v -0.073326 -0.988417 -0.204248
v -0.141521 -0.926523 -0.131371
v -0.005037 -0.941646 -0.041688
v 0.008905 -0.962738 -0.053748
v 0.052843 -0.943448 -0.067043
v -0.046872 -0.929642 -0.066160
v 0.004116 -0.910923 -0.057446
v -0.030165 -0.924084 -0.064258
v -0.006575 -0.899658 -0.048711
v -0.138785 -0.918231 -0.128060
v -0.138559 -0.919096 -0.141848
v -0.038973 -0.943801 -0.046812
v 0.039812 -0.934974 -0.076053
v 0.054053 -0.941310 -0.088679
v 0.044937 -0.937952 -0.080647
v -0.038656 -0.965270 -0.061683
v -0.076161 -0.955151 -0.064083
v -0.115739 -0.959238 -0.131645
v -0.050935 -0.995009 -0.136557
v -0.121772 -0.986678 -0.137312
v -0.105146 -0.981342 -0.076237
v -0.099675 -0.975977 -0.118057
v -0.111512 -0.980745 -0.084288
v 0.002295 -0.920692 -0.046285
v 0.027590 -0.928766 -0.061447
v 0.041677 -0.934808 -0.072014
v 0.009216 -0.921893 -0.063448
v -0.111492 -0.980532 -0.149611
f 1 2 6
f 1 4 3
f 1 5 4
f 7 4 5
f 1 8 2
f 6 5 1
f 9 6 2
f 10 2 8
f 4 11 3
f 7 5 15
f 2 10 9
f 13 6 9
f 6 16 5
f 6 12 16
f 14 11 4
f 15 4 7
f 5 16 15
f 6 13 12
f 9 10 17
f 18 3 11
f 4 15 14
f 11 21 18
f 11 14 21
f 9 19 13
f 20 16 12
f 19 9 17
f 8 22 10
f 22 17 10
f 29 14 15
f 23 15 16
f 8 25 22
f 27 17 22
f 15 23 29
f 16 26 23
f 26 16 20
f 28 12 13
f 13 19 24
f 30 20 12
f 30 12 28
f 22 25 27
f 31 21 14
f 32 29 23
f 28 13 24
f 17 38 19
f 38 17 27
f 21 31 18
f 31 14 29
f 23 26 33
f 20 34 26
f 34 20 30
f 18 31 36
f 23 33 32
f 37 28 24
f 39 31 29
f 35 38 27
f 40 33 26
f 41 26 34
f 19 38 24
f 42 36 31
f 29 32 39
f 27 43 35
f 43 27 25
f 46 30 28
f 35 45 38
f 40 26 41
f 46 34 30
f 50 28 37
f 47 24 38
f 31 44 42
f 44 31 39
f 48 32 33
f 24 47 37
f 49 33 40
f 28 50 46
f 25 52 43
f 48 39 32
f 34 54 41
f 51 38 45
f 42 55 36
f 53 44 39
f 39 48 53
f 54 34 46
f 37 56 50
f 47 38 51
f 35 43 45
f 42 44 55
f 49 40 41
f 57 33 49
f 37 47 56
f 45 58 51
f 48 33 57
f 59 55 44
f 44 60 59
f 60 44 53
f 61 50 56
f 43 52 45
f 53 65 60
f 65 53 48
f 62 49 41
f 62 41 54
f 63 45 52
f 61 46 50
f 51 68 47
f 68 51 58
f 58 45 63
f 49 62 57
f 46 66 54
f 46 67 66
f 46 61 67
f 47 64 56
f 47 68 64
f 48 69 65
f 69 48 57
f 54 66 62
f 59 70 55
f 71 59 60
f 58 63 68
f 61 56 64
f 59 71 70
f 60 72 71
f 72 60 65
f 62 66 73
f 73 57 62
f 69 57 73
f 68 74 64
f 74 68 63
f 75 63 52
f 76 66 67
f 83 71 72
f 77 73 66
f 65 69 78
f 66 79 77
f 76 67 61
f 74 63 75
f 78 72 65
f 61 84 76
f 61 64 84
f 71 83 70
f 81 64 74
f 82 74 75
f 69 80 78
f 80 69 73
f 64 81 84
f 74 82 81
f 83 72 78
f 73 77 80
f 88 78 80
f 77 79 80
f 75 85 82
f 86 70 83
f 87 76 84
f 88 83 78
f 83 89 86
f 83 88 89
f 80 90 88
f 90 80 79
f 84 81 87
f 82 85 81
f 91 87 85
f 87 81 85
f 90 89 88
f 93 94 92
f 94 95 92
f 97 96 92
f 92 95 97
f 92 96 98
f 92 98 99
f 97 100 96
f 93 101 94
f 95 94 102
f 102 94 101
f 100 103 96
f 103 98 96
f 102 104 95
f 104 105 95
f 105 106 95
f 97 95 106
f 101 93 107
f 106 100 97
f 109 99 98
f 108 112 93
f 107 93 112
f 103 109 98
f 106 105 110
f 109 111 99
f 102 113 104
f 103 100 114
f 109 103 117
f 104 115 105
f 102 101 116
f 116 113 102
f 115 110 105
f 100 106 120
f 112 118 107
f 101 107 121
f 120 114 100
f 117 103 114
f 116 101 121
f 106 110 119
f 119 120 106
f 118 121 107
f 117 114 122
f 109 117 123
f 111 109 123
f 113 116 124
f 104 113 124
f 124 115 104
f 123 117 125
f 108 126 112
f 112 126 118
f 110 115 127
f 127 119 110
f 120 128 114
f 122 132 117
f 125 117 132
f 121 118 129
f 124 130 115
f 122 114 128
f 131 124 116
f 125 138 123
f 111 123 133
f 126 129 118
f 129 131 121
f 116 121 131
f 127 115 134
f 120 119 135
f 126 108 136
f 124 131 137
f 130 134 115
f 132 138 125
f 139 135 119
f 128 120 135
f 132 122 128
f 129 126 140
f 134 119 127
f 137 141 124
f 130 124 141
f 132 128 142
f 131 129 148
f 134 139 119
f 138 144 123
f 133 123 144
f 128 135 146
f 138 132 147
f 144 143 133
f 137 131 155
f 141 137 149
f 134 130 141
f 134 150 139
f 142 128 146
f 144 138 147
f 126 136 151
f 140 126 151
f 140 148 129
f 149 137 155
f 145 150 134
f 135 139 152
f 147 132 142
f 145 134 141
f 148 140 153
f 146 135 152
f 152 154 146
f 150 152 139
f 147 142 156
f 148 155 131
f 141 149 160
f 145 141 160
f 146 156 142
f 151 157 140
f 153 140 157
f 145 158 150
f 156 159 147
f 144 147 159
f 143 144 159
f 160 158 145
f 152 150 161
f 154 152 161
f 158 160 162
f 163 161 150
f 148 153 164
f 155 148 165
f 157 164 153
f 164 165 148
f 155 166 149
f 149 166 160
f 162 160 166
f 158 167 150
f 154 168 146
f 156 146 168
f 159 156 169
f 157 151 170
f 165 166 155
f 143 159 171
f 167 158 162
f 169 171 159
f 168 154 176
f 168 169 156
f 162 166 175
f 161 163 172
f 169 168 173
f 171 169 173
f 164 174 165
f 174 175 165
f 166 165 175
f 167 162 175
f 154 161 176
f 157 170 177
f 164 157 177
f 172 176 161
f 176 173 168
f 177 174 164
f 173 178 171
f 179 177 170
f 167 175 181
f 173 176 183
f 175 174 180
f 175 180 181
f 178 173 183
f 182 178 183
f 177 180 174
f 176 172 183
f 180 177 181
f 184 185 186
f 187 186 188
f 189 188 190
f 191 190 192
f 193 192 194
f 195 194 196
f 197 196 198
f 199 198 200
f 201 200 202
f 203 202 204
f 205 204 206
f 207 206 208
f 209 208 210
f 211 210 212
f 213 212 214
f 215 214 216
f 217 216 218
f 219 218 220
f 221 220 222
f 223 222 224
f 225 224 226
f 227 226 228
f 229 228 230
f 231 230 232
f 233 232 234
f 235 234 236
f 237 236 238
f 239 238 240
f 241 240 242
f 243 242 244
f 245 244 246
f 247 246 248
f 249 248 250
f 251 250 252
f 253 252 254
f 255 254 256
f 257 256 258
f 259 258 260
f 261 260 262
f 263 262 264
f 265 264 266
f 267 266 268
f 269 268 270
f 271 270 272
f 273 272 274
f 275 274 276
f 277 276 278
f 279 278 280
f 281 280 282
f 283 282 284
f 285 284 286
f 287 286 288
f 289 288 290
f 291 290 292
f 293 292 294
f 295 294 296
f 297 296 298
f 299 298 300
f 301 300 302
f 303 302 304
f 305 304 306
f 307 306 308
f 309 308 310
f 311 310 312
f 313 312 314
f 315 314 316
f 317 316 318
f 319 318 320
f 321 320 322
f 323 322 324
f 325 324 326
f 327 326 328
f 329 328 330
f 331 330 332
f 333 332 334
f 335 334 336
f 337 336 338
f 339 338 340
f 341 340 342
f 343 342 344
f 345 344 346
f 347 346 348
f 349 348 350
f 351 350 352
f 353 352 354
f 355 354 356
f 357 356 358
f 359 358 360
f 361 360 362
f 363 362 364
f 365 364 366
f 367 366 368
f 369 368 370
f 371 370 372
f 373 372 374
f 375 374 376
f 377 376 378
f 379 378 380
f 381 380 382
f 383 382 384
f 385 384 386
f 387 386 388
f 389 388 390
f 391 390 392
f 393 392 394
f 395 394 396
f 397 396 398
f 399 398 400
f 401 400 402
f 403 402 404
f 405 404 406
f 407 406 408
f 409 408 410
f 411 410 412
f 413 412 414
f 415 414 416
f 417 416 418
f 419 418 420
f 421 420 422
f 423 422 424
f 425 424 426
f 427 426 428
f 429 428 430
f 431 430 432
f 433 432 434
f 435 434 436
f 437 436 438
f 439 438 440
f 186 185 441
f 441 442 186
f 188 186 442
f 442 443 188
f 190 188 443
f 443 444 190
f 192 190 444
f 444 445 192
f 194 192 445
f 445 446 194
f 196 194 446
f 446 447 196
f 198 196 447
f 447 448 198
f 200 198 448
f 448 449 200
f 202 200 449
f 449 450 202
f 204 202 450
f 450 451 204
f 206 204 451
f 451 452 206
f 208 206 452
f 452 453 208
f 210 208 453
f 453 454 210
f 212 210 454
f 454 455 212
f 214 212 455
f 455 456 214
f 216 214 456
f 456 457 216
f 218 216 457
f 457 458 218
f 220 218 458
f 458 459 220
f 222 220 459
f 459 460 222
f 224 222 460
f 460 461 224
f 226 224 461
f 461 462 226
f 228 226 462
f 462 463 228
f 230 228 463
f 463 464 230
f 232 230 464
f 464 465 232
f 234 232 465
f 465 466 234
f 236 234 466
f 466 467 236
f 238 236 467
f 467 468 238
f 240 238 468
f 468 469 240
f 242 240 469
f 469 470 242
f 244 242 470
f 470 471 244
f 246 244 471
f 471 472 246
f 248 246 472
f 472 473 248
f 250 248 473
f 473 474 250
f 252 250 474
f 474 475 252
f 254 252 475
f 475 476 254
f 256 254 476
f 476 477 256
f 258 256 477
f 477 478 258
f 260 258 478
f 478 479 260
f 262 260 479
f 479 480 262
f 264 262 480
f 480 481 264
f 266 264 481
f 481 482 266
f 268 266 482
f 482 483 268
f 270 268 483
f 483 484 270
f 272 270 484
f 484 485 272
f 274 272 485
f 485 486 274
f 276 274 486
f 486 487 276
f 278 276 487
f 487 488 278
f 280 278 488
f 488 489 280
f 282 280 489
f 489 490 282
f 284 282 490
f 490 491 284
f 286 284 491
f 491 492 286
f 288 286 492
f 492 493 288
f 290 288 493
f 493 494 290
f 292 290 494
f 494 495 292
f 294 292 495
f 495 496 294
f 296 294 496
f 496 497 296
f 298 296 497
f 497 498 298
f 300 298 498
f 498 499 300
f 302 300 499
f 499 500 302
f 304 302 500
f 500 501 304
f 306 304 501
f 501 502 306
f 308 306 502
f 502 503 308
f 310 308 503
f 503 504 310
f 312 310 504
f 504 505 312
f 314 312 505
f 505 506 314
f 316 314 506
f 506 507 316
f 318 316 507
f 507 508 318
f 320 318 508
f 508 509 320
f 322 320 509
f 509 510 322
f 324 322 510
f 510 511 324
f 326 324 511
f 511 512 326
f 328 326 512
f 512 513 328
f 330 328 513
f 513 514 330
f 332 330 514
f 514 515 332
f 334 332 515
f 515 516 334
f 336 334 516
f 516 517 336
f 338 336 517
f 517 518 338
f 340 338 518
f 518 519 340
f 342 340 519
f 519 520 342
f 344 342 520
f 520 521 344
f 346 344 521
f 521 522 346
f 348 346 522
f 522 523 348
f 350 348 523
f 523 524 350
f 352 350 524
f 524 525 352
f 354 352 525
f 525 526 354
f 356 354 526
f 526 527 356
f 358 356 527
f 527 528 358
f 360 358 528
f 528 529 360
f 362 360 529
f 529 530 362
f 364 362 530
f 530 531 364
f 366 364 531
f 531 532 366
f 368 366 532
f 532 533 368
f 370 368 533
f 533 534 370
f 372 370 534
f 534 535 372
f 374 372 535
f 535 536 374
f 376 374 536
f 536 537 376
f 378 376 537
f 537 538 378
f 380 378 538
f 538 539 380
f 382 380 539
f 539 540 382
f 384 382 540
f 540 541 384
f 386 384 541
f 541 542 386
f 388 386 542
f 542 543 388
f 390 388 543
f 543 544 390
f 392 390 544
f 544 545 392
f 394 392 545
f 545 546 394
f 396 394 546
f 546 547 396
f 398 396 547
f 547 548 398
f 400 398 548
f 548 549 400
f 402 400 549
f 549 550 402
f 404 402 550
f 550 551 404
f 406 404 551
f 551 552 406
f 408 406 552
f 552 553 408
f 410 408 553
f 553 554 410
f 412 410 554
f 554 555 412
f 414 412 555
f 555 556 414
f 416 414 556
f 556 557 416
f 418 416 557
f 557 558 418
f 420 418 558
f 558 559 420
f 422 420 559
f 559 560 422
f 424 422 560
f 560 561 424
f 426 424 561
f 561 562 426
f 428 426 562
f 562 563 428
f 430 428 563
f 563 564 430
f 432 430 564
f 564 565 432
f 434 432 565
f 565 566 434
f 436 434 566
f 566 567 436
f 438 436 567
f 567 568 438
f 440 438 568
f 568 569 440
f 442 441 570
f 570 571 442
f 443 442 571
f 571 572 443
f 444 443 572
f 572 573 444
f 445 444 573
f 573 574 445
f 446 445 574
f 574 575 446
f 447 446 575
f 575 576 447
f 448 447 576
f 576 577 448
f 449 448 577
f 577 578 449
f 450 449 578
f 578 579 450
f 451 450 579
f 579 580 451
f 452 451 580
f 580 581 452
f 453 452 581
f 581 582 453
f 454 453 582
f 582 583 454
f 455 454 583
f 583 584 455
f 456 455 584
f 584 585 456
f 457 456 585
f 585 586 457
f 458 457 586
f 586 587 458
f 459 458 587
f 587 588 459
f 460 459 588
f 588 589 460
f 461 460 589
f 589 590 461
f 462 461 590
f 590 591 462
f 463 462 591
f 591 592 463
f 464 463 592
f 592 593 464
f 465 464 593
f 593 594 465
f 466 465 594
f 594 595 466
f 467 466 595
f 595 596 467
f 468 467 596
f 596 597 468
f 469 468 597
f 597 598 469
f 470 469 598
f 598 599 470
f 471 470 599
f 599 600 471
f 472 471 600
f 600 601 472
f 473 472 601
f 601 602 473
f 474 473 602
f 602 603 474
f 475 474 603
f 603 604 475
f 476 475 604
f 604 605 476
f 477 476 605
f 605 606 477
f 478 477 606
f 606 607 478
f 479 478 607
f 607 608 479
f 480 479 608
f 608 609 480
f 481 480 609
f 609 610 481
f 482 481 610
f 610 611 482
f 483 482 611
f 611 612 483
f 484 483 612
f 612 613 484
f 485 484 613
f 613 614 485
f 486 485 614
f 614 615 486
f 487 486 615
f 615 616 487
f 488 487 616
f 616 617 488
f 489 488 617
f 617 618 489
f 490 489 618
f 618 619 490
f 491 490 619
f 619 620 491
f 492 491 620
f 620 621 492
f 493 492 621
f 621 622 493
f 494 493 622
f 622 623 494
f 495 494 623
f 623 624 495
f 496 495 624
f 624 625 496
f 497 496 625
f 625 626 497
f 498 497 626
f 626 627 498
f 499 498 627
f 627 628 499
f 500 499 628
f 628 629 500
f 501 500 629
f 629 630 501
f 502 501 630
f 630 631 502
f 503 502 631
f 631 632 503
f 504 503 632
f 632 633 504
f 505 504 633
f 633 634 505
f 506 505 634
f 634 635 506
f 507 506 635
f 635 636 507
f 508 507 636
f 636 637 508
f 509 508 637
f 637 638 509
f 510 509 638
f 638 639 510
f 511 510 639
f 639 640 511
f 512 511 640
f 640 641 512
f 513 512 641
f 641 642 513
f 514 513 642
f 642 643 514
f 515 514 643
f 643 644 515
f 516 515 644
f 644 645 516
f 517 516 645
f 645 646 517
f 518 517 646
f 646 647 518
f 519 518 647
f 647 648 519
f 520 519 648
f 648 649 520
f 521 520 649
f 649 650 521
f 522 521 650
f 650 651 522
f 523 522 651
f 651 652 523
f 524 523 652
f 652 653 524
f 525 524 653
f 653 654 525
f 526 525 654
f 654 655 526
f 527 526 655
f 655 656 527
f 528 527 656
f 656 657 528
f 529 528 657
f 657 658 529
f 530 529 658
f 658 659 530
f 531 530 659
f 659 660 531
f 532 531 660
f 660 661 532
f 533 532 661
f 661 662 533
f 534 533 662
f 662 663 534
f 535 534 663
f 663 664 535
f 536 535 664
f 664 665 536
f 537 536 665
f 665 666 537
f 538 537 666
f 666 667 538
f 539 538 667
f 667 668 539
f 540 539 668
f 668 669 540
f 541 540 669
f 669 670 541
f 542 541 670
f 670 671 542
f 543 542 671
f 671 672 543
f 544 543 672
f 672 673 544
f 545 544 673
f 673 674 545
f 546 545 674
f 674 675 546
f 547 546 675
f 675 676 547
f 548 547 676
f 676 677 548
f 549 548 677
f 677 678 549
f 550 549 678
f 678 679 550
f 551 550 679
f 679 680 551
f 552 551 680
f 680 681 552
f 553 552 681
f 681 682 553
f 554 553 682
f 682 683 554
f 555 554 683
f 683 684 555
f 556 555 684
f 684 685 556
f 557 556 685
f 685 686 557
f 558 557 686
f 686 687 558
f 559 558 687
f 687 688 559
f 560 559 688
f 688 689 560
f 561 560 689
f 689 690 561
f 562 561 690
f 690 691 562
f 563 562 691
f 691 692 563
f 564 563 692
f 692 693 564
f 565 564 693
f 693 694 565
f 566 565 694
f 694 695 566
f 567 566 695
f 695 696 567
f 568 567 696
f 696 697 568
f 569 568 697
f 697 698 569
f 571 570 699
f 699 700 571
f 572 571 700
f 700 701 572
f 573 572 701
f 701 702 573
f 574 573 702
f 702 703 574
f 575 574 703
f 703 704 575
f 576 575 704
f 704 705 576
f 577 576 705
f 705 706 577
f 578 577 706
f 706 707 578
f 579 578 707
f 707 708 579
f 580 579 708
f 708 709 580
f 581 580 709
f 709 710 581
f 582 581 710
f 710 711 582
f 583 582 711
f 711 712 583
f 584 583 712
f 712 713 584
f 585 584 713
f 713 714 585
f 586 585 714
f 714 715 586
f 587 586 715
f 715 716 587
f 588 587 716
f 716 717 588
f 589 588 717
f 717 718 589
f 590 589 718
f 718 719 590
f 591 590 719
f 719 720 591
f 592 591 720
f 720 721 592
f 593 592 721
f 721 722 593
f 594 593 722
f 722 723 594
f 595 594 723
f 723 724 595
f 596 595 724
f 724 725 596
f 597 596 725
f 725 726 597
f 598 597 726
f 726 727 598
f 599 598 727
f 727 728 599
f 600 599 728
f 728 729 600
f 601 600 729
f 729 730 601
f 602 601 730
f 730 731 602
f 603 602 731
f 731 732 603
f 604 603 732
f 732 733 604
f 605 604 733
f 733 734 605
f 606 605 734
f 734 735 606
f 607 606 735
f 735 736 607
f 608 607 736
f 736 737 608
f 609 608 737
f 737 738 609
f 610 609 738
f 738 739 610
f 611 610 739
f 739 740 611
f 612 611 740
f 740 741 612
f 613 612 741
f 741 742 613
f 614 613 742
f 742 743 614
f 615 614 743
f 743 744 615
f 616 615 744
f 744 745 616
f 617 616 745
f 745 746 617
f 618 617 746
f 746 747 618
f 619 618 747
f 747 748 619
f 620 619 748
f 748 749 620
f 621 620 749
f 749 750 621
f 622 621 750
f 750 751 622
f 623 622 751
f 751 752 623
f 624 623 752
f 752 753 624
f 625 624 753
f 753 754 625
f 626 625 754
f 754 755 626
f 627 626 755
f 755 756 627
f 628 627 756
f 756 757 628
f 629 628 757
f 757 758 629
f 630 629 758
f 758 759 630
f 631 630 759
f 759 760 631
f 632 631 760
f 760 761 632
f 633 632 761
f 761 762 633
f 634 633 762
f 762 763 634
f 635 634 763
f 763 764 635
f 636 635 764
f 764 765 636
f 637 636 765
f 765 766 637
f 638 637 766
f 766 767 638
f 639 638 767
f 767 768 639
f 640 639 768
f 768 769 640
f 641 640 769
f 769 770 641
f 642 641 770
f 770 771 642
f 643 642 771
f 771 772 643
f 644 643 772
f 772 773 644
f 645 644 773
f 773 774 645
f 646 645 774
f 774 775 646
f 647 646 775
f 775 776 647
f 648 647 776
f 776 777 648
f 649 648 777
f 777 778 649
f 650 649 778
f 778 779 650
f 651 650 779
f 779 780 651
f 652 651 780
f 780 781 652
f 653 652 781
f 781 782 653
f 654 653 782
f 782 783 654
f 655 654 783
f 783 784 655
f 656 655 784
f 784 785 656
f 657 656 785
f 785 786 657
f 658 657 786
f 786 787 658
f 659 658 787
f 787 788 659
f 660 659 788
f 788 789 660
f 661 660 789
f 789 790 661
f 662 661 790
f 790 791 662
f 663 662 791
f 791 792 663
f 664 663 792
f 792 793 664
f 665 664 793
f 793 794 665
f 666 665 794
f 794 795 666
f 667 666 795
f 795 796 667
f 668 667 796
f 796 797 668
f 669 668 797
f 797 798 669
f 670 669 798
f 798 799 670
f 671 670 799
f 799 800 671
f 672 671 800
f 800 801 672
f 673 672 801
f 801 802 673
f 674 673 802
f 802 803 674
f 675 674 803
f 803 804 675
f 676 675 804
f 804 805 676
f 677 676 805
f 805 806 677
f 678 677 806
f 806 807 678
f 679 678 807
f 807 808 679
f 680 679 808
f 808 809 680
f 681 680 809
f 809 810 681
f 682 681 810
f 810 811 682
f 683 682 811
f 811 812 683
f 684 683 812
f 812 813 684
f 685 684 813
f 813 814 685
f 686 685 814
f 814 815 686
f 687 686 815
f 815 816 687
f 688 687 816
f 816 817 688
f 689 688 817
f 817 818 689
f 690 689 818
f 818 819 690
f 691 690 819
f 819 820 691
f 692 691 820
f 820 821 692
f 693 692 821
f 821 822 693
f 694 693 822
f 822 823 694
f 695 694 823
f 823 824 695
f 696 695 824
f 824 825 696
f 697 696 825
f 825 826 697
f 698 697 826
f 826 827 698
f 700 699 828
f 828 829 700
f 701 700 829
f 829 830 701
f 702 701 830
f 830 831 702
f 703 702 831
f 831 832 703
f 704 703 832
f 832 833 704
f 705 704 833
f 833 834 705
f 706 705 834
f 834 835 706
f 707 706 835
f 835 836 707
f 708 707 836
f 836 837 708
f 709 708 837
f 837 838 709
f 710 709 838
f 838 839 710
f 711 710 839
f 839 840 711
f 712 711 840
f 840 841 712
f 713 712 841
f 841 842 713
f 714 713 842
f 842 843 714
f 715 714 843
f 843 844 715
f 716 715 844
f 844 845 716
f 717 716 845
f 845 846 717
f 718 717 846
f 846 847 718
f 719 718 847
f 847 848 719
f 720 719 848
f 848 849 720
f 721 720 849
f 849 850 721
f 722 721 850
f 850 851 722
f 723 722 851
f 851 852 723
f 724 723 852
f 852 853 724
f 725 724 853
f 853 854 725
f 726 725 854
f 854 855 726
f 727 726 855
f 855 856 727
f 728 727 856
f 856 857 728
f 729 728 857
f 857 858 729
f 730 729 858
f 858 859 730
f 731 730 859
f 859 860 731
f 732 731 860
f 860 861 732
f 733 732 861
f 861 862 733
f 734 733 862
f 862 863 734
f 735 734 863
f 863 864 735
f 736 735 864
f 864 865 736
f 737 736 865
f 865 866 737
f 738 737 866
f 866 867 738
f 739 738 867
f 867 868 739
f 740 739 868
f 868 869 740
f 741 740 869
f 869 870 741
f 742 741 870
f 870 871 742
f 743 742 871
f 871 872 743
f 744 743 872
f 872 873 744
f 745 744 873
f 873 874 745
f 746 745 874
f 874 875 746
f 747 746 875
f 875 876 747
f 748 747 876
f 876 877 748
f 749 748 877
f 877 878 749
f 750 749 878
f 878 879 750
f 751 750 879
f 879 880 751
f 752 751 880
f 880 881 752
f 753 752 881
f 881 882 753
f 754 753 882
f 882 883 754
f 755 754 883
f 883 884 755
f 756 755 884
f 884 885 756
f 757 756 885
f 885 886 757
f 758 757 886
f 886 887 758
f 759 758 887
f 887 888 759
f 760 759 888
f 888 889 760
f 761 760 889
f 889 890 761
f 762 761 890
f 890 891 762
f 763 762 891
f 891 892 763
f 764 763 892
f 892 893 764
f 765 764 893
f 893 894 765
f 766 765 894
f 894 895 766
f 767 766 895
f 895 896 767
f 768 767 896
f 896 897 768
f 769 768 897
f 897 898 769
f 770 769 898
f 898 899 770
f 771 770 899
f 899 900 771
f 772 771 900
f 900 901 772
f 773 772 901
f 901 902 773
f 774 773 902
f 902 903 774
f 775 774 903
f 903 904 775
f 776 775 904
f 904 905 776
f 777 776 905
f 905 906 777
f 778 777 906
f 906 907 778
f 779 778 907
f 907 908 779
f 780 779 908
f 908 909 780
f 781 780 909
f 909 910 781
f 782 781 910
f 910 911 782
f 783 782 911
f 911 912 783
f 784 783 912
f 912 913 784
f 785 784 913
f 913 914 785
f 786 785 914
f 914 915 786
f 787 786 915
f 915 916 787
f 788 787 916
f 916 917 788
f 789 788 917
f 917 918 789
f 790 789 918
f 918 919 790
f 791 790 919
f 919 920 791
f 792 791 920
f 920 921 792
f 793 792 921
f 921 922 793
f 794 793 922
f 922 923 794
f 795 794 923
f 923 924 795
f 796 795 924
f 924 925 796
f 797 796 925
f 925 926 797
f 798 797 926
f 926 927 798
f 799 798 927
f 927 928 799
f 800 799 928
f 928 929 800
f 801 800 929
f 929 930 801
f 802 801 930
f 930 931 802
f 803 802 931
f 931 932 803
f 804 803 932
f 932 933 804
f 805 804 933
f 933 934 805
f 806 805 934
f 934 935 806
f 807 806 935
f 935 936 807
f 808 807 936
f 936 937 808
f 809 808 937
f 937 938 809
f 810 809 938
f 938 939 810
f 811 810 939
f 939 940 811
f 812 811 940
f 940 941 812
f 813 812 941
f 941 942 813
f 814 813 942
f 942 943 814
f 815 814 943
f 943 944 815
f 816 815 944
f 944 945 816
f 817 816 945
f 945 946 817
f 818 817 946
f 946 947 818
f 819 818 947
f 947 948 819
f 820 819 948
f 948 949 820
f 821 820 949
f 949 950 821
f 822 821 950
f 950 951 822
f 823 822 951
f 951 952 823
f 824 823 952
f 952 953 824
f 825 824 953
f 953 954 825
f 826 825 954
f 954 955 826
f 827 826 955
f 955 956 827
f 829 828 957
f 957 958 829
f 830 829 958
f 958 959 830
f 831 830 959
f 959 960 831
f 832 831 960
f 960 961 832
f 833 832 961
f 961 962 833
f 834 833 962
f 962 963 834
f 835 834 963
f 963 964 835
f 836 835 964
f 964 965 836
f 837 836 965
f 965 966 837
f 838 837 966
f 966 967 838
f 839 838 967
f 967 968 839
f 840 839 968
f 968 969 840
f 841 840 969
f 969 970 841
f 842 841 970
f 970 971 842
f 843 842 971
f 971 972 843
f 844 843 972
f 972 973 844
f 845 844 973
f 973 974 845
f 846 845 974
f 974 975 846
f 847 846 975
f 975 976 847
f 848 847 976
f 976 977 848
f 849 848 977
f 977 978 849
f 850 849 978
f 978 979 850
f 851 850 979
f 979 980 851
f 852 851 980
f 980 981 852
f 853 852 981
f 981 982 853
f 854 853 982
f 982 983 854
f 855 854 983
f 983 984 855
f 856 855 984
f 984 985 856
f 857 856 985
f 985 986 857
f 858 857 986
f 986 987 858
f 859 858 987
f 987 988 859
f 860 859 988
f 988 989 860
f 861 860 989
f 989 990 861
f 862 861 990
f 990 991 862
f 863 862 991
f 991 992 863
f 864 863 992
f 992 993 864
f 865 864 993
f 993 994 865
f 866 865 994
f 994 995 866
f 867 866 995
f 995 996 867
f 868 867 996
f 996 997 868
f 869 868 997
f 997 998 869
f 870 869 998
f 998 999 870
f 871 870 999
f 999 1000 871
f 872 871 1000
f 1000 1001 872
f 873 872 1001
f 1001 1002 873
f 874 873 1002
f 1002 1003 874
f 875 874 1003
f 1003 1004 875
f 876 875 1004
f 1004 1005 876
f 877 876 1005
f 1005 1006 877
f 878 877 1006
f 1006 1007 878
f 879 878 1007
f 1007 1008 879
f 880 879 1008
f 1008 1009 880
f 881 880 1009
f 1009 1010 881
f 882 881 1010
f 1010 1011 882
f 883 882 1011
f 1011 1012 883
f 884 883 1012
f 1012 1013 884
f 885 884 1013
f 1013 1014 885
f 886 885 1014
f 1014 1015 886
f 887 886 1015
f 1015 1016 887
f 888 887 1016
f 1016 1017 888
f 889 888 1017
f 1017 1018 889
f 890 889 1018
f 1018 1019 890
f 891 890 1019
f 1019 1020 891
f 892 891 1020
f 1020 1021 892
f 893 892 1021
f 1021 1022 893
f 894 893 1022
f 1022 1023 894
f 895 894 1023
f 1023 1024 895
f 896 895 1024
f 1024 1025 896
f 897 896 1025
f 1025 1026 897
f 898 897 1026
f 1026 1027 898
f 899 898 1027
f 1027 1028 899
f 900 899 1028
f 1028 1029 900
f 901 900 1029
f 1029 1030 901
f 902 901 1030
f 1030 1031 902
f 903 902 1031
f 1031 1032 903
f 904 903 1032
f 1032 1033 904
f 905 904 1033
f 1033 1034 905
f 906 905 1034
f 1034 1035 906
f 907 906 1035
f 1035 1036 907
f 908 907 1036
f 1036 1037 908
f 909 908 1037
f 1037 1038 909
f 910 909 1038
f 1038 1039 910
f 911 910 1039
f 1039 1040 911
f 912 911 1040
f 1040 1041 912
f 913 912 1041
f 1041 1042 913
f 914 913 1042
f 1042 1043 914
f 915 914 1043
f 1043 1044 915
f 916 915 1044
f 1044 1045 916
f 917 916 1045
f 1045 1046 917
f 918 917 1046
f 1046 1047 918
f 919 918 1047
f 1047 1048 919
f 920 919 1048
f 1048 1049 920
f 921 920 1049
f 1049 1050 921
f 922 921 1050
f 1050 1051 922
f 923 922 1051
f 1051 1052 923
f 924 923 1052
f 1052 1053 924
f 925 924 1053
f 1053 1054 925
f 926 925 1054
f 1054 1055 926
f 927 926 1055
f 1055 1056 927
f 928 927 1056
f 1056 1057 928
f 929 928 1057
f 1057 1058 929
f 930 929 1058
f 1058 1059 930
f 931 930 1059
f 1059 1060 931
f 932 931 1060
f 1060 1061 932
f 933 932 1061
f 1061 1062 933
f 934 933 1062
f 1062 1063 934
f 935 934 1063
f 1063 1064 935
f 936 935 1064
f 1064 1065 936
f 937 936 1065
f 1065 1066 937
f 938 937 1066
f 1066 1067 938
f 939 938 1067
f 1067 1068 939
f 940 939 1068
f 1068 1069 940
f 941 940 1069
f 1069 1070 941
f 942 941 1070
f 1070 1071 942
f 943 942 1071
f 1071 1072 943
f 944 943 1072
f 1072 1073 944
f 945 944 1073
f 1073 1074 945
f 946 945 1074
f 1074 1075 946
f 947 946 1075
f 1075 1076 947
f 948 947 1076
f 1076 1077 948
f 949 948 1077
f 1077 1078 949
f 950 949 1078
f 1078 1079 950
f 951 950 1079
f 1079 1080 951
f 952 951 1080
f 1080 1081 952
f 953 952 1081
f 1081 1082 953
f 954 953 1082
f 1082 1083 954
f 955 954 1083
f 1083 1084 955
f 956 955 1084
f 1084 1085 956
f 958 957 1086
f 1086 1087 958
f 959 958 1087
f 1087 1088 959
f 960 959 1088
f 1088 1089 960
f 961 960 1089
f 1089 1090 961
f 962 961 1090
f 1090 1091 962
f 963 962 1091
f 1091 1092 963
f 964 963 1092
f 1092 1093 964
f 965 964 1093
f 1093 1094 965
f 966 965 1094
f 1094 1095 966
f 967 966 1095
f 1095 1096 967
f 968 967 1096
f 1096 1097 968
f 969 968 1097
f 1097 1098 969
f 970 969 1098
f 1098 1099 970
f 971 970 1099
f 1099 1100 971
f 972 971 1100
f 1100 1101 972
f 973 972 1101
f 1101 1102 973
f 974 973 1102
f 1102 1103 974
f 975 974 1103
f 1103 1104 975
f 976 975 1104
f 1104 1105 976
f 977 976 1105
f 1105 1106 977
f 978 977 1106
f 1106 1107 978
f 979 978 1107
f 1107 1108 979
f 980 979 1108
f 1108 1109 980
f 981 980 1109
f 1109 1110 981
f 982 981 1110
f 1110 1111 982
f 983 982 1111
f 1111 1112 983
f 984 983 1112
f 1112 1113 984
f 985 984 1113
f 1113 1114 985
f 986 985 1114
f 1114 1115 986
f 987 986 1115
f 1115 1116 987
f 988 987 1116
f 1116 1117 988
f 989 988 1117
f 1117 1118 989
f 990 989 1118
f 1118 1119 990
f 991 990 1119
f 1119 1120 991
f 992 991 1120
f 1120 1121 992
f 993 992 1121
f 1121 1122 993
f 994 993 1122
f 1122 1123 994
f 995 994 1123
f 1123 1124 995
f 996 995 1124
f 1124 1125 996
f 997 996 1125
f 1125 1126 997
f 998 997 1126
f 1126 1127 998
f 999 998 1127
f 1127 1128 999
f 1000 999 1128
f 1128 1129 1000
f 1001 1000 1129
f 1129 1130 1001
f 1002 1001 1130
f 1130 1131 1002
f 1003 1002 1131
f 1131 1132 1003
f 1004 1003 1132
f 1132 1133 1004
f 1005 1004 1133
f 1133 1134 1005
f 1006 1005 1134
f 1134 1135 1006
f 1007 1006 1135
f 1135 1136 1007
f 1008 1007 1136
f 1136 1137 1008
f 1009 1008 1137
f 1137 1138 1009
f 1010 1009 1138
f 1138 1139 1010
f 1011 1010 1139
f 1139 1140 1011
f 1012 1011 1140
f 1140 1141 1012
f 1013 1012 1141
f 1141 1142 1013
f 1014 1013 1142
f 1142 1143 1014
f 1015 1014 1143
f 1143 1144 1015
f 1016 1015 1144
f 1144 1145 1016
f 1017 1016 1145
f 1145 1146 1017
f 1018 1017 1146
f 1146 1147 1018
f 1019 1018 1147
f 1147 1148 1019
f 1020 1019 1148
f 1148 1149 1020
f 1021 1020 1149
f 1149 1150 1021
f 1022 1021 1150
f 1150 1151 1022
f 1023 1022 1151
f 1151 1152 1023
f 1024 1023 1152
f 1152 1153 1024
f 1025 1024 1153
f 1153 1154 1025
f 1026 1025 1154
f 1154 1155 1026
f 1027 1026 1155
f 1155 1156 1027
f 1028 1027 1156
f 1156 1157 1028
f 1029 1028 1157
f 1157 1158 1029
f 1030 1029 1158
f 1158 1159 1030
f 1031 1030 1159
f 1159 1160 1031
f 1032 1031 1160
f 1160 1161 1032
f 1033 1032 1161
f 1161 1162 1033
f 1034 1033 1162
f 1162 1163 1034
f 1035 1034 1163
f 1163 1164 1035
f 1036 1035 1164
f 1164 1165 1036
f 1037 1036 1165
f 1165 1166 1037
f 1038 1037 1166
f 1166 1167 1038
f 1039 1038 1167
f 1167 1168 1039
f 1040 1039 1168
f 1168 1169 1040
f 1041 1040 1169
f 1169 1170 1041
f 1042 1041 1170
f 1170 1171 1042
f 1043 1042 1171
f 1171 1172 1043
f 1044 1043 1172
f 1172 1173 1044
f 1045 1044 1173
f 1173 1174 1045
f 1046 1045 1174
f 1174 1175 1046
f 1047 1046 1175
f 1175 1176 1047
f 1048 1047 1176
f 1176 1177 1048
f 1049 1048 1177
f 1177 1178 1049
f 1050 1049 1178
f 1178 1179 1050
f 1051 1050 1179
f 1179 1180 1051
f 1052 1051 1180
f 1180 1181 1052
f 1053 1052 1181
f 1181 1182 1053
f 1054 1053 1182
f 1182 1183 1054
f 1055 1054 1183
f 1183 1184 1055
f 1056 1055 1184
f 1184 1185 1056
f 1057 1056 1185
f 1185 1186 1057
f 1058 1057 1186
f 1186 1187 1058
f 1059 1058 1187
f 1187 1188 1059
f 1060 1059 1188
f 1188 1189 1060
f 1061 1060 1189
f 1189 1190 1061
f 1062 1061 1190
f 1190 1191 1062
f 1063 1062 1191
f 1191 1192 1063
f 1064 1063 1192
f 1192 1193 1064
f 1065 1064 1193
f 1193 1194 1065
f 1066 1065 1194
f 1194 1195 1066
f 1067 1066 1195
f 1195 1196 1067
f 1068 1067 1196
f 1196 1197 1068
f 1069 1068 1197
f 1197 1198 1069
f 1070 1069 1198
f 1198 1199 1070
f 1071 1070 1199
f 1199 1200 1071
f 1072 1071 1200
f 1200 1201 1072
f 1073 1072 1201
f 1201 1202 1073
f 1074 1073 1202
f 1202 1203 1074
f 1075 1074 1203
f 1203 1204 1075
f 1076 1075 1204
f 1204 1205 1076
f 1077 1076 1205
f 1205 1206 1077
f 1078 1077 1206
f 1206 1207 1078
f 1079 1078 1207
f 1207 1208 1079
f 1080 1079 1208
f 1208 1209 1080
f 1081 1080 1209
f 1209 1210 1081
f 1082 1081 1210
f 1210 1211 1082
f 1083 1082 1211
f 1211 1212 1083
f 1084 1083 1212
f 1212 1213 1084
f 1085 1084 1213
f 1213 1214 1085
f 1087 1086 1215
f 1215 1216 1087
f 1088 1087 1216
f 1216 1217 1088
f 1089 1088 1217
f 1217 1218 1089
f 1090 1089 1218
f 1218 1219 1090
f 1091 1090 1219
f 1219 1220 1091
f 1092 1091 1220
f 1220 1221 1092
f 1093 1092 1221
f 1221 1222 1093
f 1094 1093 1222
f 1222 1223 1094
f 1095 1094 1223
f 1223 1224 1095
f 1096 1095 1224
f 1224 1225 1096
f 1097 1096 1225
f 1225 1226 1097
f 1098 1097 1226
f 1226 1227 1098
f 1099 1098 1227
f 1227 1228 1099
f 1100 1099 1228
f 1228 1229 1100
f 1101 1100 1229
f 1229 1230 1101
f 1102 1101 1230
f 1230 1231 1102
f 1103 1102 1231
f 1231 1232 1103
f 1104 1103 1232
f 1232 1233 1104
f 1105 1104 1233
f 1233 1234 1105
f 1106 1105 1234
f 1234 1235 1106
f 1107 1106 1235
f 1235 1236 1107
f 1108 1107 1236
f 1236 1237 1108
f 1109 1108 1237
f 1237 1238 1109
f 1110 1109 1238
f 1238 1239 1110
f 1111 1110 1239
f 1239 1240 1111
f 1112 1111 1240
f 1240 1241 1112
f 1113 1112 1241
f 1241 1242 1113
f 1114 1113 1242
f 1242 1243 1114
f 1115 1114 1243
f 1243 1244 1115
f 1116 1115 1244
f 1244 1245 1116
f 1117 1116 1245
f 1245 1246 1117
f 1118 1117 1246
f 1246 1247 1118
f 1119 1118 1247
f 1247 1248 1119
f 1120 1119 1248
f 1248 1249 1120
f 1121 1120 1249
f 1249 1250 1121
f 1122 1121 1250
f 1250 1251 1122
f 1123 1122 1251
f 1251 1252 1123
f 1124 1123 1252
f 1252 1253 1124
f 1125 1124 1253
f 1253 1254 1125
f 1126 1125 1254
f 1254 1255 1126
f 1127 1126 1255
f 1255 1256 1127
f 1128 1127 1256
f 1256 1257 1128
f 1129 1128 1257
f 1257 1258 1129
f 1130 1129 1258
f 1258 1259 1130
f 1131 1130 1259
f 1259 1260 1131
f 1132 1131 1260
f 1260 1261 1132
f 1133 1132 1261
f 1261 1262 1133
f 1134 1133 1262
f 1262 1263 1134
f 1135 1134 1263
f 1263 1264 1135
f 1136 1135 1264
f 1264 1265 1136
f 1137 1136 1265
f 1265 1266 1137
f 1138 1137 1266
f 1266 1267 1138
f 1139 1138 1267
f 1267 1268 1139
f 1140 1139 1268
f 1268 1269 1140
f 1141 1140 1269
f 1269 1270 1141
f 1142 1141 1270
f 1270 1271 1142
f 1143 1142 1271
f 1271 1272 1143
f 1144 1143 1272
f 1272 1273 1144
f 1145 1144 1273
f 1273 1274 1145
f 1146 1145 1274
f 1274 1275 1146
f 1147 1146 1275
f 1275 1276 1147
f 1148 1147 1276
f 1276 1277 1148
f 1149 1148 1277
f 1277 1278 1149
f 1150 1149 1278
f 1278 1279 1150
f 1151 1150 1279
f 1279 1280 1151
f 1152 1151 1280
f 1280 1281 1152
f 1153 1152 1281
f 1281 1282 1153
f 1154 1153 1282
f 1282 1283 1154
f 1155 1154 1283
f 1283 1284 1155
f 1156 1155 1284
f 1284 1285 1156
f 1157 1156 1285
f 1285 1286 1157
f 1158 1157 1286
f 1286 1287 1158
f 1159 1158 1287
f 1287 1288 1159
f 1160 1159 1288
f 1288 1289 1160
f 1161 1160 1289
f 1289 1290 1161
f 1162 1161 1290
f 1290 1291 1162
f 1163 1162 1291
f 1291 1292 1163
f 1164 1163 1292
f 1292 1293 1164
f 1165 1164 1293
f 1293 1294 1165
f 1166 1165 1294
f 1294 1295 1166
f 1167 1166 1295
f 1295 1296 1167
f 1168 1167 1296
f 1296 1297 1168
f 1169 1168 1297
f 1297 1298 1169
f 1170 1169 1298
f 1298 1299 1170
f 1171 1170 1299
f 1299 1300 1171
f 1172 1171 1300
f 1300 1301 1172
f 1173 1172 1301
f 1301 1302 1173
f 1174 1173 1302
f 1302 1303 1174
f 1175 1174 1303
f 1303 1304 1175
f 1176 1175 1304
f 1304 1305 1176
f 1177 1176 1305
f 1305 1306 1177
f 1178 1177 1306
f 1306 1307 1178
f 1179 1178 1307
f 1307 1308 1179
f 1180 1179 1308
f 1308 1309 1180
f 1181 1180 1309
f 1309 1310 1181
f 1182 1181 1310
f 1310 1311 1182
f 1183 1182 1311
f 1311 1312 1183
f 1184 1183 1312
f 1312 1313 1184
f 1185 1184 1313
f 1313 1314 1185
f 1186 1185 1314
f 1314 1315 1186
f 1187 1186 1315
f 1315 1316 1187
f 1188 1187 1316
f 1316 1317 1188
f 1189 1188 1317
f 1317 1318 1189
f 1190 1189 1318
f 1318 1319 1190
f 1191 1190 1319
f 1319 1320 1191
f 1192 1191 1320
f 1320 1321 1192
f 1193 1192 1321
f 1321 1322 1193
f 1194 1193 1322
f 1322 1323 1194
f 1195 1194 1323
f 1323 1324 1195
f 1196 1195 1324
f 1324 1325 1196
f 1197 1196 1325
f 1325 1326 1197
f 1198 1197 1326
f 1326 1327 1198
f 1199 1198 1327
f 1327 1328 1199
f 1200 1199 1328
f 1328 1329 1200
f 1201 1200 1329
f 1329 1330 1201
f 1202 1201 1330
f 1330 1331 1202
f 1203 1202 1331
f 1331 1332 1203
f 1204 1203 1332
f 1332 1333 1204
f 1205 1204 1333
f 1333 1334 1205
f 1206 1205 1334
f 1334 1335 1206
f 1207 1206 1335
f 1335 1336 1207
f 1208 1207 1336
f 1336 1337 1208
f 1209 1208 1337
f 1337 1338 1209
f 1210 1209 1338
f 1338 1339 1210
f 1211 1210 1339
f 1339 1340 1211
f 1212 1211 1340
f 1340 1341 1212
f 1213 1212 1341
f 1341 1342 1213
f 1214 1213 1342
f 1342 1343 1214
f 1216 1215 1344
f 1344 1345 1216
f 1217 1216 1345
f 1345 1346 1217
f 1218 1217 1346
f 1346 1347 1218
f 1219 1218 1347
f 1347 1348 1219
f 1220 1219 1348
f 1348 1349 1220
f 1221 1220 1349
f 1349 1350 1221
f 1222 1221 1350
f 1350 1351 1222
f 1223 1222 1351
f 1351 1352 1223
f 1224 1223 1352
f 1352 1353 1224
f 1225 1224 1353
f 1353 1354 1225
f 1226 1225 1354
f 1354 1355 1226
f 1227 1226 1355
f 1355 1356 1227
f 1228 1227 1356
f 1356 1357 1228
f 1229 1228 1357
f 1357 1358 1229
f 1230 1229 1358
f 1358 1359 1230
f 1231 1230 1359
f 1359 1360 1231
f 1232 1231 1360
f 1360 1361 1232
f 1233 1232 1361
f 1361 1362 1233
f 1234 1233 1362
f 1362 1363 1234
f 1235 1234 1363
f 1363 1364 1235
f 1236 1235 1364
f 1364 1365 1236
f 1237 1236 1365
f 1365 1366 1237
f 1238 1237 1366
f 1366 1367 1238
f 1239 1238 1367
f 1367 1368 1239
f 1240 1239 1368
f 1368 1369 1240
f 1241 1240 1369
f 1369 1370 1241
f 1242 1241 1370
f 1370 1371 1242
f 1243 1242 1371
f 1371 1372 1243
f 1244 1243 1372
f 1372 1373 1244
f 1245 1244 1373
f 1373 1374 1245
f 1246 1245 1374
f 1374 1375 1246
f 1247 1246 1375
f 1375 1376 1247
f 1248 1247 1376
f 1376 1377 1248
f 1249 1248 1377
f 1377 1378 1249
f 1250 1249 1378
f 1378 1379 1250
f 1251 1250 1379
f 1379 1380 1251
f 1252 1251 1380
f 1380 1381 1252
f 1253 1252 1381
f 1381 1382 1253
f 1254 1253 1382
f 1382 1383 1254
f 1255 1254 1383
f 1383 1384 1255
f 1256 1255 1384
f 1384 1385 1256
f 1257 1256 1385
f 1385 1386 1257
f 1258 1257 1386
f 1386 1387 1258
f 1259 1258 1387
f 1387 1388 1259
f 1260 1259 1388
f 1388 1389 1260
f 1261 1260 1389
f 1389 1390 1261
f 1262 1261 1390
f 1390 1391 1262
f 1263 1262 1391
f 1391 1392 1263
f 1264 1263 1392
f 1392 1393 1264
f 1265 1264 1393
f 1393 1394 1265
f 1266 1265 1394
f 1394 1395 1266
f 1267 1266 1395
f 1395 1396 1267
f 1268 1267 1396
f 1396 1397 1268
f 1269 1268 1397
f 1397 1398 1269
f 1270 1269 1398
f 1398 1399 1270
f 1271 1270 1399
f 1399 1400 1271
f 1272 1271 1400
f 1400 1401 1272
f 1273 1272 1401
f 1401 1402 1273
f 1274 1273 1402
f 1402 1403 1274
f 1275 1274 1403
f 1403 1404 1275
f 1276 1275 1404
f 1404 1405 1276
f 1277 1276 1405
f 1405 1406 1277
f 1278 1277 1406
f 1406 1407 1278
f 1279 1278 1407
f 1407 1408 1279
f 1280 1279 1408
f 1408 1409 1280
f 1281 1280 1409
f 1409 1410 1281
f 1282 1281 1410
f 1410 1411 1282
f 1283 1282 1411
f 1411 1412 1283
f 1284 1283 1412
f 1412 1413 1284
f 1285 1284 1413
f 1413 1414 1285
f 1286 1285 1414
f 1414 1415 1286
f 1287 1286 1415
f 1415 1416 1287
f 1288 1287 1416
f 1416 1417 1288
f 1289 1288 1417
f 1417 1418 1289
f 1290 1289 1418
f 1418 1419 1290
f 1291 1290 1419
f 1419 1420 1291
f 1292 1291 1420
f 1420 1421 1292
f 1293 1292 1421
f 1421 1422 1293
f 1294 1293 1422
f 1422 1423 1294
f 1295 1294 1423
f 1423 1424 1295
f 1296 1295 1424
f 1424 1425 1296
f 1297 1296 1425
f 1425 1426 1297
f 1298 1297 1426
f 1426 1427 1298
f 1299 1298 1427
f 1427 1428 1299
f 1300 1299 1428
f 1428 1429 1300
f 1301 1300 1429
f 1429 1430 1301
f 1302 1301 1430
f 1430 1431 1302
f 1303 1302 1431
f 1431 1432 1303
f 1304 1303 1432
f 1432 1433 1304
f 1305 1304 1433
f 1433 1434 1305
f 1306 1305 1434
f 1434 1435 1306
f 1307 1306 1435
f 1435 1436 1307
f 1308 1307 1436
f 1436 1437 1308
f 1309 1308 1437
f 1437 1438 1309
f 1310 1309 1438
f 1438 1439 1310
f 1311 1310 1439
f 1439 1440 1311
f 1312 1311 1440
f 1440 1441 1312
f 1313 1312 1441
f 1441 1442 1313
f 1314 1313 1442
f 1442 1443 1314
f 1315 1314 1443
f 1443 1444 1315
f 1316 1315 1444
f 1444 1445 1316
f 1317 1316 1445
f 1445 1446 1317
f 1318 1317 1446
f 1446 1447 1318
f 1319 1318 1447
f 1447 1448 1319
f 1320 1319 1448
f 1448 1449 1320
f 1321 1320 1449
f 1449 1450 1321
f 1322 1321 1450
f 1450 1451 1322
f 1323 1322 1451
f 1451 1452 1323
f 1324 1323 1452
f 1452 1453 1324
f 1325 1324 1453
f 1453 1454 1325
f 1326 1325 1454
f 1454 1455 1326
f 1327 1326 1455
f 1455 1456 1327
f 1328 1327 1456
f 1456 1457 1328
f 1329 1328 1457
f 1457 1458 1329
f 1330 1329 1458
f 1458 1459 1330
f 1331 1330 1459
f 1459 1460 1331
f 1332 1331 1460
f 1460 1461 1332
f 1333 1332 1461
f 1461 1462 1333
f 1334 1333 1462
f 1462 1463 1334
f 1335 1334 1463
f 1463 1464 1335
f 1336 1335 1464
f 1464 1465 1336
f 1337 1336 1465
f 1465 1466 1337
f 1338 1337 1466
f 1466 1467 1338
f 1339 1338 1467
f 1467 1468 1339
f 1340 1339 1468
f 1468 1469 1340
f 1341 1340 1469
f 1469 1470 1341
f 1342 1341 1470
f 1470 1471 1342
f 1343 1342 1471
f 1471 1472 1343
f 1345 1344 1473
f 1473 1474 1345
f 1346 1345 1474
f 1474 1475 1346
f 1347 1346 1475
f 1475 1476 1347
f 1348 1347 1476
f 1476 1477 1348
f 1349 1348 1477
f 1477 1478 1349
f 1350 1349 1478
f 1478 1479 1350
f 1351 1350 1479
f 1479 1480 1351
f 1352 1351 1480
f 1480 1481 1352
f 1353 1352 1481
f 1481 1482 1353
f 1354 1353 1482
f 1482 1483 1354
f 1355 1354 1483
f 1483 1484 1355
f 1356 1355 1484
f 1484 1485 1356
f 1357 1356 1485
f 1485 1486 1357
f 1358 1357 1486
f 1486 1487 1358
f 1359 1358 1487
f 1487 1488 1359
f 1360 1359 1488
f 1488 1489 1360
f 1361 1360 1489
f 1489 1490 1361
f 1362 1361 1490
f 1490 1491 1362
f 1363 1362 1491
f 1491 1492 1363
f 1364 1363 1492
f 1492 1493 1364
f 1365 1364 1493
f 1493 1494 1365
f 1366 1365 1494
f 1494 1495 1366
f 1367 1366 1495
f 1495 1496 1367
f 1368 1367 1496
f 1496 1497 1368
f 1369 1368 1497
f 1497 1498 1369
f 1370 1369 1498
f 1498 1499 1370
f 1371 1370 1499
f 1499 1500 1371
f 1372 1371 1500
f 1500 1501 1372
f 1373 1372 1501
f 1501 1502 1373
f 1374 1373 1502
f 1502 1503 1374
f 1375 1374 1503
f 1503 1504 1375
f 1376 1375 1504
f 1504 1505 1376
f 1377 1376 1505
f 1505 1506 1377
f 1378 1377 1506
f 1506 1507 1378
f 1379 1378 1507
f 1507 1508 1379
f 1380 1379 1508
f 1508 1509 1380
f 1381 1380 1509
f 1509 1510 1381
f 1382 1381 1510
f 1510 1511 1382
f 1383 1382 1511
f 1511 1512 1383
f 1384 1383 1512
f 1512 1513 1384
f 1385 1384 1513
f 1513 1514 1385
f 1386 1385 1514
f 1514 1515 1386
f 1387 1386 1515
f 1515 1516 1387
f 1388 1387 1516
f 1516 1517 1388
f 1389 1388 1517
f 1517 1518 1389
f 1390 1389 1518
f 1518 1519 1390
f 1391 1390 1519
f 1519 1520 1391
f 1392 1391 1520
f 1520 1521 1392
f 1393 1392 1521
f 1521 1522 1393
f 1394 1393 1522
f 1522 1523 1394
f 1395 1394 1523
f 1523 1524 1395
f 1396 1395 1524
f 1524 1525 1396
f 1397 1396 1525
f 1525 1526 1397
f 1398 1397 1526
f 1526 1527 1398
f 1399 1398 1527
f 1527 1528 1399
f 1400 1399 1528
f 1528 1529 1400
f 1401 1400 1529
f 1529 1530 1401
f 1402 1401 1530
f 1530 1531 1402
f 1403 1402 1531
f 1531 1532 1403
f 1404 1403 1532
f 1532 1533 1404
f 1405 1404 1533
f 1533 1534 1405
f 1406 1405 1534
f 1534 1535 1406
f 1407 1406 1535
f 1535 1536 1407
f 1408 1407 1536
f 1536 1537 1408
f 1409 1408 1537
f 1537 1538 1409
f 1410 1409 1538
f 1538 1539 1410
f 1411 1410 1539
f 1539 1540 1411
f 1412 1411 1540
f 1540 1541 1412
f 1413 1412 1541
f 1541 1542 1413
f 1414 1413 1542
f 1542 1543 1414
f 1415 1414 1543
f 1543 1544 1415
f 1416 1415 1544
f 1544 1545 1416
f 1417 1416 1545
f 1545 1546 1417
f 1418 1417 1546
f 1546 1547 1418
f 1419 1418 1547
f 1547 1548 1419
f 1420 1419 1548
f 1548 1549 1420
f 1421 1420 1549
f 1549 1550 1421
f 1422 1421 1550
f 1550 1551 1422
f 1423 1422 1551
f 1551 1552 1423
f 1424 1423 1552
f 1552 1553 1424
f 1425 1424 1553
f 1553 1554 1425
f 1426 1425 1554
f 1554 1555 1426
f 1427 1426 1555
f 1555 1556 1427
f 1428 1427 1556
f 1556 1557 1428
f 1429 1428 1557
f 1557 1558 1429
f 1430 1429 1558
f 1558 1559 1430
f 1431 1430 1559
f 1559 1560 1431
f 1432 1431 1560
f 1560 1561 1432
f 1433 1432 1561
f 1561 1562 1433
f 1434 1433 1562
f 1562 1563 1434
f 1435 1434 1563
f 1563 1564 1435
f 1436 1435 1564
f 1564 1565 1436
f 1437 1436 1565
f 1565 1566 1437
f 1438 1437 1566
f 1566 1567 1438
f 1439 1438 1567
f 1567 1568 1439
f 1440 1439 1568
f 1568 1569 1440
f 1441 1440 1569
f 1569 1570 1441
f 1442 1441 1570
f 1570 1571 1442
f 1443 1442 1571
f 1571 1572 1443
f 1444 1443 1572
f 1572 1573 1444
f 1445 1444 1573
f 1573 1574 1445
f 1446 1445 1574
f 1574 1575 1446
f 1447 1446 1575
f 1575 1576 1447
f 1448 1447 1576
f 1576 1577 1448
f 1449 1448 1577
f 1577 1578 1449
f 1450 1449 1578
f 1578 1579 1450
f 1451 1450 1579
f 1579 1580 1451
f 1452 1451 1580
f 1580 1581 1452
f 1453 1452 1581
f 1581 1582 1453
f 1454 1453 1582
f 1582 1583 1454
f 1455 1454 1583
f 1583 1584 1455
f 1456 1455 1584
f 1584 1585 1456
f 1457 1456 1585
f 1585 1586 1457
f 1458 1457 1586
f 1586 1587 1458
f 1459 1458 1587
f 1587 1588 1459
f 1460 1459 1588
f 1588 1589 1460
f 1461 1460 1589
f 1589 1590 1461
f 1462 1461 1590
f 1590 1591 1462
f 1463 1462 1591
f 1591 1592 1463
f 1464 1463 1592
f 1592 1593 1464
f 1465 1464 1593
f 1593 1594 1465
f 1466 1465 1594
f 1594 1595 1466
f 1467 1466 1595
f 1595 1596 1467
f 1468 1467 1596
f 1596 1597 1468
f 1469 1468 1597
f 1597 1598 1469
f 1470 1469 1598
f 1598 1599 1470
f 1471 1470 1599
f 1599 1600 1471
f 1472 1471 1600
f 1600 1601 1472
f 1474 1473 1602
f 1602 1603 1474
f 1475 1474 1603
f 1603 1604 1475
f 1476 1475 1604
f 1604 1605 1476
f 1477 1476 1605
f 1605 1606 1477
f 1478 1477 1606
f 1606 1607 1478
f 1479 1478 1607
f 1607 1608 1479
f 1480 1479 1608
f 1608 1609 1480
f 1481 1480 1609
f 1609 1610 1481
f 1482 1481 1610
f 1610 1611 1482
f 1483 1482 1611
f 1611 1612 1483
f 1484 1483 1612
f 1612 1613 1484
f 1485 1484 1613
f 1613 1614 1485
f 1486 1485 1614
f 1614 1615 1486
f 1487 1486 1615
f 1615 1616 1487
f 1488 1487 1616
f 1616 1617 1488
f 1489 1488 1617
f 1617 1618 1489
f 1490 1489 1618
f 1618 1619 1490
f 1491 1490 1619
f 1619 1620 1491
f 1492 1491 1620
f 1620 1621 1492
f 1493 1492 1621
f 1621 1622 1493
f 1494 1493 1622
f 1622 1623 1494
f 1495 1494 1623
f 1623 1624 1495
f 1496 1495 1624
f 1624 1625 1496
f 1497 1496 1625
f 1625 1626 1497
f 1498 1497 1626
f 1626 1627 1498
f 1499 1498 1627
f 1627 1628 1499
f 1500 1499 1628
f 1628 1629 1500
f 1501 1500 1629
f 1629 1630 1501
f 1502 1501 1630
f 1630 1631 1502
f 1503 1502 1631
f 1631 1632 1503
f 1504 1503 1632
f 1632 1633 1504
f 1505 1504 1633
f 1633 1634 1505
f 1506 1505 1634
f 1634 1635 1506
f 1507 1506 1635
f 1635 1636 1507
f 1508 1507 1636
f 1636 1637 1508
f 1509 1508 1637
f 1637 1638 1509
f 1510 1509 1638
f 1638 1639 1510
f 1511 1510 1639
f 1639 1640 1511
f 1512 1511 1640
f 1640 1641 1512
f 1513 1512 1641
f 1641 1642 1513
f 1514 1513 1642
f 1642 1643 1514
f 1515 1514 1643
f 1643 1644 1515
f 1516 1515 1644
f 1644 1645 1516
f 1517 1516 1645
f 1645 1646 1517
f 1518 1517 1646
f 1646 1647 1518
f 1519 1518 1647
f 1647 1648 1519
f 1520 1519 1648
f 1648 1649 1520
f 1521 1520 1649
f 1649 1650 1521
f 1522 1521 1650
f 1650 1651 1522
f 1523 1522 1651
f 1651 1652 1523
f 1524 1523 1652
f 1652 1653 1524
f 1525 1524 1653
f 1653 1654 1525
f 1526 1525 1654
f 1654 1655 1526
f 1527 1526 1655
f 1655 1656 1527
f 1528 1527 1656
f 1656 1657 1528
f 1529 1528 1657
f 1657 1658 1529
f 1530 1529 1658
f 1658 1659 1530
f 1531 1530 1659
f 1659 1660 1531
f 1532 1531 1660
f 1660 1661 1532
f 1533 1532 1661
f 1661 1662 1533
f 1534 1533 1662
f 1662 1663 1534
f 1535 1534 1663
f 1663 1664 1535
f 1536 1535 1664
f 1664 1665 1536
f 1537 1536 1665
f 1665 1666 1537
f 1538 1537 1666
f 1666 1667 1538
f 1539 1538 1667
f 1667 1668 1539
f 1540 1539 1668
f 1668 1669 1540
f 1541 1540 1669
f 1669 1670 1541
f 1542 1541 1670
f 1670 1671 1542
f 1543 1542 1671
f 1671 1672 1543
f 1544 1543 1672
f 1672 1673 1544
f 1545 1544 1673
f 1673 1674 1545
f 1546 1545 1674
f 1674 1675 1546
f 1547 1546 1675
f 1675 1676 1547
f 1548 1547 1676
f 1676 1677 1548
f 1549 1548 1677
f 1677 1678 1549
f 1550 1549 1678
f 1678 1679 1550
f 1551 1550 1679
f 1679 1680 1551
f 1552 1551 1680
f 1680 1681 1552
f 1553 1552 1681
f 1681 1682 1553
f 1554 1553 1682
f 1682 1683 1554
f 1555 1554 1683
f 1683 1684 1555
f 1556 1555 1684
f 1684 1685 1556
f 1557 1556 1685
f 1685 1686 1557
f 1558 1557 1686
f 1686 1687 1558
f 1559 1558 1687
f 1687 1688 1559
f 1560 1559 1688
f 1688 1689 1560
f 1561 1560 1689
f 1689 1690 1561
f 1562 1561 1690
f 1690 1691 1562
f 1563 1562 1691
f 1691 1692 1563
f 1564 1563 1692
f 1692 1693 1564
f 1565 1564 1693
f 1693 1694 1565
f 1566 1565 1694
f 1694 1695 1566
f 1567 1566 1695
f 1695 1696 1567
f 1568 1567 1696
f 1696 1697 1568
f 1569 1568 1697
f 1697 1698 1569
f 1570 1569 1698
f 1698 1699 1570
f 1571 1570 1699
f 1699 1700 1571
f 1572 1571 1700
f 1700 1701 1572
f 1573 1572 1701
f 1701 1702 1573
f 1574 1573 1702
f 1702 1703 1574
f 1575 1574 1703
f 1703 1704 1575
f 1576 1575 1704
f 1704 1705 1576
f 1577 1576 1705
f 1705 1706 1577
f 1578 1577 1706
f 1706 1707 1578
f 1579 1578 1707
f 1707 1708 1579
f 1580 1579 1708
f 1708 1709 1580
f 1581 1580 1709
f 1709 1710 1581
f 1582 1581 1710
f 1710 1711 1582
f 1583 1582 1711
f 1711 1712 1583
f 1584 1583 1712
f 1712 1713 1584
f 1585 1584 1713
f 1713 1714 1585
f 1586 1585 1714
f 1714 1715 1586
f 1587 1586 1715
f 1715 1716 1587
f 1588 1587 1716
f 1716 1717 1588
f 1589 1588 1717
f 1717 1718 1589
f 1590 1589 1718
f 1718 1719 1590
f 1591 1590 1719
f 1719 1720 1591
f 1592 1591 1720
f 1720 1721 1592
f 1593 1592 1721
f 1721 1722 1593
f 1594 1593 1722
f 1722 1723 1594
f 1595 1594 1723
f 1723 1724 1595
f 1596 1595 1724
f 1724 1725 1596
f 1597 1596 1725
f 1725 1726 1597
f 1598 1597 1726
f 1726 1727 1598
f 1599 1598 1727
f 1727 1728 1599
f 1600 1599 1728
f 1728 1729 1600
f 1601 1600 1729
f 1729 1730 1601
f 1603 1602 1731
f 1731 1732 1603
f 1604 1603 1732
f 1732 1733 1604
f 1605 1604 1733
f 1733 1734 1605
f 1606 1605 1734
f 1734 1735 1606
f 1607 1606 1735
f 1735 1736 1607
f 1608 1607 1736
f 1736 1737 1608
f 1609 1608 1737
f 1737 1738 1609
f 1610 1609 1738
f 1738 1739 1610
f 1611 1610 1739
f 1739 1740 1611
f 1612 1611 1740
f 1740 1741 1612
f 1613 1612 1741
f 1741 1742 1613
f 1614 1613 1742
f 1742 1743 1614
f 1615 1614 1743
f 1743 1744 1615
f 1616 1615 1744
f 1744 1745 1616
f 1617 1616 1745
f 1745 1746 1617
f 1618 1617 1746
f 1746 1747 1618
f 1619 1618 1747
f 1747 1748 1619
f 1620 1619 1748
f 1748 1749 1620
f 1621 1620 1749
f 1749 1750 1621
f 1622 1621 1750
f 1750 1751 1622
f 1623 1622 1751
f 1751 1752 1623
f 1624 1623 1752
f 1752 1753 1624
f 1625 1624 1753
f 1753 1754 1625
f 1626 1625 1754
f 1754 1755 1626
f 1627 1626 1755
f 1755 1756 1627
f 1628 1627 1756
f 1756 1757 1628
f 1629 1628 1757
f 1757 1758 1629
f 1630 1629 1758
f 1758 1759 1630
f 1631 1630 1759
f 1759 1760 1631
f 1632 1631 1760
f 1760 1761 1632
f 1633 1632 1761
f 1761 1762 1633
f 1634 1633 1762
f 1762 1763 1634
f 1635 1634 1763
f 1763 1764 1635
f 1636 1635 1764
f 1764 1765 1636
f 1637 1636 1765
f 1765 1766 1637
f 1638 1637 1766
f 1766 1767 1638
f 1639 1638 1767
f 1767 1768 1639
f 1640 1639 1768
f 1768 1769 1640
f 1641 1640 1769
f 1769 1770 1641
f 1642 1641 1770
f 1770 1771 1642
f 1643 1642 1771
f 1771 1772 1643
f 1644 1643 1772
f 1772 1773 1644
f 1645 1644 1773
f 1773 1774 1645
f 1646 1645 1774
f 1774 1775 1646
f 1647 1646 1775
f 1775 1776 1647
f 1648 1647 1776
f 1776 1777 1648
f 1649 1648 1777
f 1777 1778 1649
f 1650 1649 1778
f 1778 1779 1650
f 1651 1650 1779
f 1779 1780 1651
f 1652 1651 1780
f 1780 1781 1652
f 1653 1652 1781
f 1781 1782 1653
f 1654 1653 1782
f 1782 1783 1654
f 1655 1654 1783
f 1783 1784 1655
f 1656 1655 1784
f 1784 1785 1656
f 1657 1656 1785
f 1785 1786 1657
f 1658 1657 1786
f 1786 1787 1658
f 1659 1658 1787
f 1787 1788 1659
f 1660 1659 1788
f 1788 1789 1660
f 1661 1660 1789
f 1789 1790 1661
f 1662 1661 1790
f 1790 1791 1662
f 1663 1662 1791
f 1791 1792 1663
f 1664 1663 1792
f 1792 1793 1664
f 1665 1664 1793
f 1793 1794 1665
f 1666 1665 1794
f 1794 1795 1666
f 1667 1666 1795
f 1795 1796 1667
f 1668 1667 1796
f 1796 1797 1668
f 1669 1668 1797
f 1797 1798 1669
f 1670 1669 1798
f 1798 1799 1670
f 1671 1670 1799
f 1799 1800 1671
f 1672 1671 1800
f 1800 1801 1672
f 1673 1672 1801
f 1801 1802 1673
f 1674 1673 1802
f 1802 1803 1674
f 1675 1674 1803
f 1803 1804 1675
f 1676 1675 1804
f 1804 1805 1676
f 1677 1676 1805
f 1805 1806 1677
f 1678 1677 1806
f 1806 1807 1678
f 1679 1678 1807
f 1807 1808 1679
f 1680 1679 1808
f 1808 1809 1680
f 1681 1680 1809
f 1809 1810 1681
f 1682 1681 1810
f 1810 1811 1682
f 1683 1682 1811
f 1811 1812 1683
f 1684 1683 1812
f 1812 1813 1684
f 1685 1684 1813
f 1813 1814 1685
f 1686 1685 1814
f 1814 1815 1686
f 1687 1686 1815
f 1815 1816 1687
f 1688 1687 1816
f 1816 1817 1688
f 1689 1688 1817
f 1817 1818 1689
f 1690 1689 1818
f 1818 1819 1690
f 1691 1690 1819
f 1819 1820 1691
f 1692 1691 1820
f 1820 1821 1692
f 1693 1692 1821
f 1821 1822 1693
f 1694 1693 1822
f 1822 1823 1694
f 1695 1694 1823
f 1823 1824 1695
f 1696 1695 1824
f 1824 1825 1696
f 1697 1696 1825
f 1825 1826 1697
f 1698 1697 1826
f 1826 1827 1698
f 1699 1698 1827
f 1827 1828 1699
f 1700 1699 1828
f 1828 1829 1700
f 1701 1700 1829
f 1829 1830 1701
f 1702 1701 1830
f 1830 1831 1702
f 1703 1702 1831
f 1831 1832 1703
f 1704 1703 1832
f 1832 1833 1704
f 1705 1704 1833
f 1833 1834 1705
f 1706 1705 1834
f 1834 1835 1706
f 1707 1706 1835
f 1835 1836 1707
f 1708 1707 1836
f 1836 1837 1708
f 1709 1708 1837
f 1837 1838 1709
f 1710 1709 1838
f 1838 1839 1710
f 1711 1710 1839
f 1839 1840 1711
f 1712 1711 1840
f 1840 1841 1712
f 1713 1712 1841
f 1841 1842 1713
f 1714 1713 1842
f 1842 1843 1714
f 1715 1714 1843
f 1843 1844 1715
f 1716 1715 1844
f 1844 1845 1716
f 1717 1716 1845
f 1845 1846 1717
f 1718 1717 1846
f 1846 1847 1718
f 1719 1718 1847
f 1847 1848 1719
f 1720 1719 1848
f 1848 1849 1720
f 1721 1720 1849
f 1849 1850 1721
f 1722 1721 1850
f 1850 1851 1722
f 1723 1722 1851
f 1851 1852 1723
f 1724 1723 1852
f 1852 1853 1724
f 1725 1724 1853
f 1853 1854 1725
f 1726 1725 1854
f 1854 1855 1726
f 1727 1726 1855
f 1855 1856 1727
f 1728 1727 1856
f 1856 1857 1728
f 1729 1728 1857
f 1857 1858 1729
f 1730 1729 1858
f 1858 1859 1730
f 1732 1731 1860
f 1860 1861 1732
f 1733 1732 1861
f 1861 1862 1733
f 1734 1733 1862
f 1862 1863 1734
f 1735 1734 1863
f 1863 1864 1735
f 1736 1735 1864
f 1864 1865 1736
f 1737 1736 1865
f 1865 1866 1737
f 1738 1737 1866
f 1866 1867 1738
f 1739 1738 1867
f 1867 1868 1739
f 1740 1739 1868
f 1868 1869 1740
f 1741 1740 1869
f 1869 1870 1741
f 1742 1741 1870
f 1870 1871 1742
f 1743 1742 1871
f 1871 1872 1743
f 1744 1743 1872
f 1872 1873 1744
f 1745 1744 1873
f 1873 1874 1745
f 1746 1745 1874
f 1874 1875 1746
f 1747 1746 1875
f 1875 1876 1747
f 1748 1747 1876
f 1876 1877 1748
f 1749 1748 1877
f 1877 1878 1749
f 1750 1749 1878
f 1878 1879 1750
f 1751 1750 1879
f 1879 1880 1751
f 1752 1751 1880
f 1880 1881 1752
f 1753 1752 1881
f 1881 1882 1753
f 1754 1753 1882
f 1882 1883 1754
f 1755 1754 1883
f 1883 1884 1755
f 1756 1755 1884
f 1884 1885 1756
f 1757 1756 1885
f 1885 1886 1757
f 1758 1757 1886
f 1886 1887 1758
f 1759 1758 1887
f 1887 1888 1759
f 1760 1759 1888
f 1888 1889 1760
f 1761 1760 1889
f 1889 1890 1761
f 1762 1761 1890
f 1890 1891 1762
f 1763 1762 1891
f 1891 1892 1763
f 1764 1763 1892
f 1892 1893 1764
f 1765 1764 1893
f 1893 1894 1765
f 1766 1765 1894
f 1894 1895 1766
f 1767 1766 1895
f 1895 1896 1767
f 1768 1767 1896
f 1896 1897 1768
f 1769 1768 1897
f 1897 1898 1769
f 1770 1769 1898
f 1898 1899 1770
f 1771 1770 1899
f 1899 1900 1771
f 1772 1771 1900
f 1900 1901 1772
f 1773 1772 1901
f 1901 1902 1773
f 1774 1773 1902
f 1902 1903 1774
f 1775 1774 1903
f 1903 1904 1775
f 1776 1775 1904
f 1904 1905 1776
f 1777 1776 1905
f 1905 1906 1777
f 1778 1777 1906
f 1906 1907 1778
f 1779 1778 1907
f 1907 1908 1779
f 1780 1779 1908
f 1908 1909 1780
f 1781 1780 1909
f 1909 1910 1781
f 1782 1781 1910
f 1910 1911 1782
f 1783 1782 1911
f 1911 1912 1783
f 1784 1783 1912
f 1912 1913 1784
f 1785 1784 1913
f 1913 1914 1785
f 1786 1785 1914
f 1914 1915 1786
f 1787 1786 1915
f 1915 1916 1787
f 1788 1787 1916
f 1916 1917 1788
f 1789 1788 1917
f 1917 1918 1789
f 1790 1789 1918
f 1918 1919 1790
f 1791 1790 1919
f 1919 1920 1791
f 1792 1791 1920
f 1920 1921 1792
f 1793 1792 1921
f 1921 1922 1793
f 1794 1793 1922
f 1922 1923 1794
f 1795 1794 1923
f 1923 1924 1795
f 1796 1795 1924
f 1924 1925 1796
f 1797 1796 1925
f 1925 1926 1797
f 1798 1797 1926
f 1926 1927 1798
f 1799 1798 1927
f 1927 1928 1799
f 1800 1799 1928
f 1928 1929 1800
f 1801 1800 1929
f 1929 1930 1801
f 1802 1801 1930
f 1930 1931 1802
f 1803 1802 1931
f 1931 1932 1803
f 1804 1803 1932
f 1932 1933 1804
f 1805 1804 1933
f 1933 1934 1805
f 1806 1805 1934
f 1934 1935 1806
f 1807 1806 1935
f 1935 1936 1807
f 1808 1807 1936
f 1936 1937 1808
f 1809 1808 1937
f 1937 1938 1809
f 1810 1809 1938
f 1938 1939 1810
f 1811 1810 1939
f 1939 1940 1811
f 1812 1811 1940
f 1940 1941 1812
f 1813 1812 1941
f 1941 1942 1813
f 1814 1813 1942
f 1942 1943 1814
f 1815 1814 1943
f 1943 1944 1815
f 1816 1815 1944
f 1944 1945 1816
f 1817 1816 1945
f 1945 1946 1817
f 1818 1817 1946
f 1946 1947 1818
f 1819 1818 1947
f 1947 1948 1819
f 1820 1819 1948
f 1948 1949 1820
f 1821 1820 1949
f 1949 1950 1821
f 1822 1821 1950
f 1950 1951 1822
f 1823 1822 1951
f 1951 1952 1823
f 1824 1823 1952
f 1952 1953 1824
f 1825 1824 1953
f 1953 1954 1825
f 1826 1825 1954
f 1954 1955 1826
f 1827 1826 1955
f 1955 1956 1827
f 1828 1827 1956
f 1956 1957 1828
f 1829 1828 1957
f 1957 1958 1829
f 1830 1829 1958
f 1958 1959 1830
f 1831 1830 1959
f 1959 1960 1831
f 1832 1831 1960
f 1960 1961 1832
f 1833 1832 1961
f 1961 1962 1833
f 1834 1833 1962
f 1962 1963 1834
f 1835 1834 1963
f 1963 1964 1835
f 1836 1835 1964
f 1964 1965 1836
f 1837 1836 1965
f 1965 1966 1837
f 1838 1837 1966
f 1966 1967 1838
f 1839 1838 1967
f 1967 1968 1839
f 1840 1839 1968
f 1968 1969 1840
f 1841 1840 1969
f 1969 1970 1841
f 1842 1841 1970
f 1970 1971 1842
f 1843 1842 1971
f 1971 1972 1843
f 1844 1843 1972
f 1972 1973 1844
f 1845 1844 1973
f 1973 1974 1845
f 1846 1845 1974
f 1974 1975 1846
f 1847 1846 1975
f 1975 1976 1847
f 1848 1847 1976
f 1976 1977 1848
f 1849 1848 1977
f 1977 1978 1849
f 1850 1849 1978
f 1978 1979 1850
f 1851 1850 1979
f 1979 1980 1851
f 1852 1851 1980
f 1980 1981 1852
f 1853 1852 1981
f 1981 1982 1853
f 1854 1853 1982
f 1982 1983 1854
f 1855 1854 1983
f 1983 1984 1855
f 1856 1855 1984
f 1984 1985 1856
f 1857 1856 1985
f 1985 1986 1857
f 1858 1857 1986
f 1986 1987 1858
f 1859 1858 1987
f 1987 1988 1859
f 1861 1860 1989
f 1989 1990 1861
f 1862 1861 1990
f 1990 1991 1862
f 1863 1862 1991
f 1991 1992 1863
f 1864 1863 1992
f 1992 1993 1864
f 1865 1864 1993
f 1993 1994 1865
f 1866 1865 1994
f 1994 1995 1866
f 1867 1866 1995
f 1995 1996 1867
f 1868 1867 1996
f 1996 1997 1868
f 1869 1868 1997
f 1997 1998 1869
f 1870 1869 1998
f 1998 1999 1870
f 1871 1870 1999
f 1999 2000 1871
f 1872 1871 2000
f 2000 2001 1872
f 1873 1872 2001
f 2001 2002 1873
f 1874 1873 2002
f 2002 2003 1874
f 1875 1874 2003
f 2003 2004 1875
f 1876 1875 2004
f 2004 2005 1876
f 1877 1876 2005
f 2005 2006 1877
f 1878 1877 2006
f 2006 2007 1878
f 1879 1878 2007
f 2007 2008 1879
f 1880 1879 2008
f 2008 2009 1880
f 1881 1880 2009
f 2009 2010 1881
f 1882 1881 2010
f 2010 2011 1882
f 1883 1882 2011
f 2011 2012 1883
f 1884 1883 2012
f 2012 2013 1884
f 1885 1884 2013
f 2013 2014 1885
f 1886 1885 2014
f 2014 2015 1886
f 1887 1886 2015
f 2015 2016 1887
f 1888 1887 2016
f 2016 2017 1888
f 1889 1888 2017
f 2017 2018 1889
f 1890 1889 2018
f 2018 2019 1890
f 1891 1890 2019
f 2019 2020 1891
f 1892 1891 2020
f 2020 2021 1892
f 1893 1892 2021
f 2021 2022 1893
f 1894 1893 2022
f 2022 2023 1894
f 1895 1894 2023
f 2023 2024 1895
f 1896 1895 2024
f 2024 2025 1896
f 1897 1896 2025
f 2025 2026 1897
f 1898 1897 2026
f 2026 2027 1898
f 1899 1898 2027
f 2027 2028 1899
f 1900 1899 2028
f 2028 2029 1900
f 1901 1900 2029
f 2029 2030 1901
f 1902 1901 2030
f 2030 2031 1902
f 1903 1902 2031
f 2031 2032 1903
f 1904 1903 2032
f 2032 2033 1904
f 1905 1904 2033
f 2033 2034 1905
f 1906 1905 2034
f 2034 2035 1906
f 1907 1906 2035
f 2035 2036 1907
f 1908 1907 2036
f 2036 2037 1908
f 1909 1908 2037
f 2037 2038 1909
f 1910 1909 2038
f 2038 2039 1910
f 1911 1910 2039
f 2039 2040 1911
f 1912 1911 2040
f 2040 2041 1912
f 1913 1912 2041
f 2041 2042 1913
f 1914 1913 2042
f 2042 2043 1914
f 1915 1914 2043
f 2043 2044 1915
f 1916 1915 2044
f 2044 2045 1916
f 1917 1916 2045
f 2045 2046 1917
f 1918 1917 2046
f 2046 2047 1918
f 1919 1918 2047
f 2047 2048 1919
f 1920 1919 2048
f 2048 2049 1920
f 1921 1920 2049
f 2049 2050 1921
f 1922 1921 2050
f 2050 2051 1922
f 1923 1922 2051
f 2051 2052 1923
f 1924 1923 2052
f 2052 2053 1924
f 1925 1924 2053
f 2053 2054 1925
f 1926 1925 2054
f 2054 2055 1926
f 1927 1926 2055
f 2055 2056 1927
f 1928 1927 2056
f 2056 2057 1928
f 1929 1928 2057
f 2057 2058 1929
f 1930 1929 2058
f 2058 2059 1930
f 1931 1930 2059
f 2059 2060 1931
f 1932 1931 2060
f 2060 2061 1932
f 1933 1932 2061
f 2061 2062 1933
f 1934 1933 2062
f 2062 2063 1934
f 1935 1934 2063
f 2063 2064 1935
f 1936 1935 2064
f 2064 2065 1936
f 1937 1936 2065
f 2065 2066 1937
f 1938 1937 2066
f 2066 2067 1938
f 1939 1938 2067
f 2067 2068 1939
f 1940 1939 2068
f 2068 2069 1940
f 1941 1940 2069
f 2069 2070 1941
f 1942 1941 2070
f 2070 2071 1942
f 1943 1942 2071
f 2071 2072 1943
f 1944 1943 2072
f 2072 2073 1944
f 1945 1944 2073
f 2073 2074 1945
f 1946 1945 2074
f 2074 2075 1946
f 1947 1946 2075
f 2075 2076 1947
f 1948 1947 2076
f 2076 2077 1948
f 1949 1948 2077
f 2077 2078 1949
f 1950 1949 2078
f 2078 2079 1950
f 1951 1950 2079
f 2079 2080 1951
f 1952 1951 2080
f 2080 2081 1952
f 1953 1952 2081
f 2081 2082 1953
f 1954 1953 2082
f 2082 2083 1954
f 1955 1954 2083
f 2083 2084 1955
f 1956 1955 2084
f 2084 2085 1956
f 1957 1956 2085
f 2085 2086 1957
f 1958 1957 2086
f 2086 2087 1958
f 1959 1958 2087
f 2087 2088 1959
f 1960 1959 2088
f 2088 2089 1960
f 1961 1960 2089
f 2089 2090 1961
f 1962 1961 2090
f 2090 2091 1962
f 1963 1962 2091
f 2091 2092 1963
f 1964 1963 2092
f 2092 2093 1964
f 1965 1964 2093
f 2093 2094 1965
f 1966 1965 2094
f 2094 2095 1966
f 1967 1966 2095
f 2095 2096 1967
f 1968 1967 2096
f 2096 2097 1968
f 1969 1968 2097
f 2097 2098 1969
f 1970 1969 2098
f 2098 2099 1970
f 1971 1970 2099
f 2099 2100 1971
f 1972 1971 2100
f 2100 2101 1972
f 1973 1972 2101
f 2101 2102 1973
f 1974 1973 2102
f 2102 2103 1974
f 1975 1974 2103
f 2103 2104 1975
f 1976 1975 2104
f 2104 2105 1976
f 1977 1976 2105
f 2105 2106 1977
f 1978 1977 2106
f 2106 2107 1978
f 1979 1978 2107
f 2107 2108 1979
f 1980 1979 2108
f 2108 2109 1980
f 1981 1980 2109
f 2109 2110 1981
f 1982 1981 2110
f 2110 2111 1982
f 1983 1982 2111
f 2111 2112 1983
f 1984 1983 2112
f 2112 2113 1984
f 1985 1984 2113
f 2113 2114 1985
f 1986 1985 2114
f 2114 2115 1986
f 1987 1986 2115
f 2115 2116 1987
f 1988 1987 2116
f 2116 2117 1988
f 1990 1989 2118
f 2118 2119 1990
f 1991 1990 2119
f 2119 2120 1991
f 1992 1991 2120
f 2120 2121 1992
f 1993 1992 2121
f 2121 2122 1993
f 1994 1993 2122
f 2122 2123 1994
f 1995 1994 2123
f 2123 2124 1995
f 1996 1995 2124
f 2124 2125 1996
f 1997 1996 2125
f 2125 2126 1997
f 1998 1997 2126
f 2126 2127 1998
f 1999 1998 2127
f 2127 2128 1999
f 2000 1999 2128
f 2128 2129 2000
f 2001 2000 2129
f 2129 2130 2001
f 2002 2001 2130
f 2130 2131 2002
f 2003 2002 2131
f 2131 2132 2003
f 2004 2003 2132
f 2132 2133 2004
f 2005 2004 2133
f 2133 2134 2005
f 2006 2005 2134
f 2134 2135 2006
f 2007 2006 2135
f 2135 2136 2007
f 2008 2007 2136
f 2136 2137 2008
f 2009 2008 2137
f 2137 2138 2009
f 2010 2009 2138
f 2138 2139 2010
f 2011 2010 2139
f 2139 2140 2011
f 2012 2011 2140
f 2140 2141 2012
f 2013 2012 2141
f 2141 2142 2013
f 2014 2013 2142
f 2142 2143 2014
f 2015 2014 2143
f 2143 2144 2015
f 2016 2015 2144
f 2144 2145 2016
f 2017 2016 2145
f 2145 2146 2017
f 2018 2017 2146
f 2146 2147 2018
f 2019 2018 2147
f 2147 2148 2019
f 2020 2019 2148
f 2148 2149 2020
f 2021 2020 2149
f 2149 2150 2021
f 2022 2021 2150
f 2150 2151 2022
f 2023 2022 2151
f 2151 2152 2023
f 2024 2023 2152
f 2152 2153 2024
f 2025 2024 2153
f 2153 2154 2025
f 2026 2025 2154
f 2154 2155 2026
f 2027 2026 2155
f 2155 2156 2027
f 2028 2027 2156
f 2156 2157 2028
f 2029 2028 2157
f 2157 2158 2029
f 2030 2029 2158
f 2158 2159 2030
f 2031 2030 2159
f 2159 2160 2031
f 2032 2031 2160
f 2160 2161 2032
f 2033 2032 2161
f 2161 2162 2033
f 2034 2033 2162
f 2162 2163 2034
f 2035 2034 2163
f 2163 2164 2035
f 2036 2035 2164
f 2164 2165 2036
f 2037 2036 2165
f 2165 2166 2037
f 2038 2037 2166
f 2166 2167 2038
f 2039 2038 2167
f 2167 2168 2039
f 2040 2039 2168
f 2168 2169 2040
f 2041 2040 2169
f 2169 2170 2041
f 2042 2041 2170
f 2170 2171 2042
f 2043 2042 2171
f 2171 2172 2043
f 2044 2043 2172
f 2172 2173 2044
f 2045 2044 2173
f 2173 2174 2045
f 2046 2045 2174
f 2174 2175 2046
f 2047 2046 2175
f 2175 2176 2047
f 2048 2047 2176
f 2176 2177 2048
f 2049 2048 2177
f 2177 2178 2049
f 2050 2049 2178
f 2178 2179 2050
f 2051 2050 2179
f 2179 2180 2051
f 2052 2051 2180
f 2180 2181 2052
f 2053 2052 2181
f 2181 2182 2053
f 2054 2053 2182
f 2182 2183 2054
f 2055 2054 2183
f 2183 2184 2055
f 2056 2055 2184
f 2184 2185 2056
f 2057 2056 2185
f 2185 2186 2057
f 2058 2057 2186
f 2186 2187 2058
f 2059 2058 2187
f 2187 2188 2059
f 2060 2059 2188
f 2188 2189 2060
f 2061 2060 2189
f 2189 2190 2061
f 2062 2061 2190
f 2190 2191 2062
f 2063 2062 2191
f 2191 2192 2063
f 2064 2063 2192
f 2192 2193 2064
f 2065 2064 2193
f 2193 2194 2065
f 2066 2065 2194
f 2194 2195 2066
f 2067 2066 2195
f 2195 2196 2067
f 2068 2067 2196
f 2196 2197 2068
f 2069 2068 2197
f 2197 2198 2069
f 2070 2069 2198
f 2198 2199 2070
f 2071 2070 2199
f 2199 2200 2071
f 2072 2071 2200
f 2200 2201 2072
f 2073 2072 2201
f 2201 2202 2073
f 2074 2073 2202
f 2202 2203 2074
f 2075 2074 2203
f 2203 2204 2075
f 2076 2075 2204
f 2204 2205 2076
f 2077 2076 2205
f 2205 2206 2077
f 2078 2077 2206
f 2206 2207 2078
f 2079 2078 2207
f 2207 2208 2079
f 2080 2079 2208
f 2208 2209 2080
f 2081 2080 2209
f 2209 2210 2081
f 2082 2081 2210
f 2210 2211 2082
f 2083 2082 2211
f 2211 2212 2083
f 2084 2083 2212
f 2212 2213 2084
f 2085 2084 2213
f 2213 2214 2085
f 2086 2085 2214
f 2214 2215 2086
f 2087 2086 2215
f 2215 2216 2087
f 2088 2087 2216
f 2216 2217 2088
f 2089 2088 2217
f 2217 2218 2089
f 2090 2089 2218
f 2218 2219 2090
f 2091 2090 2219
f 2219 2220 2091
f 2092 2091 2220
f 2220 2221 2092
f 2093 2092 2221
f 2221 2222 2093
f 2094 2093 2222
f 2222 2223 2094
f 2095 2094 2223
f 2223 2224 2095
f 2096 2095 2224
f 2224 2225 2096
f 2097 2096 2225
f 2225 2226 2097
f 2098 2097 2226
f 2226 2227 2098
f 2099 2098 2227
f 2227 2228 2099
f 2100 2099 2228
f 2228 2229 2100
f 2101 2100 2229
f 2229 2230 2101
f 2102 2101 2230
f 2230 2231 2102
f 2103 2102 2231
f 2231 2232 2103
f 2104 2103 2232
f 2232 2233 2104
f 2105 2104 2233
f 2233 2234 2105
f 2106 2105 2234
f 2234 2235 2106
f 2107 2106 2235
f 2235 2236 2107
f 2108 2107 2236
f 2236 2237 2108
f 2109 2108 2237
f 2237 2238 2109
f 2110 2109 2238
f 2238 2239 2110
f 2111 2110 2239
f 2239 2240 2111
f 2112 2111 2240
f 2240 2241 2112
f 2113 2112 2241
f 2241 2242 2113
f 2114 2113 2242
f 2242 2243 2114
f 2115 2114 2243
f 2243 2244 2115
f 2116 2115 2244
f 2244 2245 2116
f 2117 2116 2245
f 2245 2246 2117
f 2119 2118 2247
f 2247 2248 2119
f 2120 2119 2248
f 2248 2249 2120
f 2121 2120 2249
f 2249 2250 2121
f 2122 2121 2250
f 2250 2251 2122
f 2123 2122 2251
f 2251 2252 2123
f 2124 2123 2252
f 2252 2253 2124
f 2125 2124 2253
f 2253 2254 2125
f 2126 2125 2254
f 2254 2255 2126
f 2127 2126 2255
f 2255 2256 2127
f 2128 2127 2256
f 2256 2257 2128
f 2129 2128 2257
f 2257 2258 2129
f 2130 2129 2258
f 2258 2259 2130
f 2131 2130 2259
f 2259 2260 2131
f 2132 2131 2260
f 2260 2261 2132
f 2133 2132 2261
f 2261 2262 2133
f 2134 2133 2262
f 2262 2263 2134
f 2135 2134 2263
f 2263 2264 2135
f 2136 2135 2264
f 2264 2265 2136
f 2137 2136 2265
f 2265 2266 2137
f 2138 2137 2266
f 2266 2267 2138
f 2139 2138 2267
f 2267 2268 2139
f 2140 2139 2268
f 2268 2269 2140
f 2141 2140 2269
f 2269 2270 2141
f 2142 2141 2270
f 2270 2271 2142
f 2143 2142 2271
f 2271 2272 2143
f 2144 2143 2272
f 2272 2273 2144
f 2145 2144 2273
f 2273 2274 2145
f 2146 2145 2274
f 2274 2275 2146
f 2147 2146 2275
f 2275 2276 2147
f 2148 2147 2276
f 2276 2277 2148
f 2149 2148 2277
f 2277 2278 2149
f 2150 2149 2278
f 2278 2279 2150
f 2151 2150 2279
f 2279 2280 2151
f 2152 2151 2280
f 2280 2281 2152
f 2153 2152 2281
f 2281 2282 2153
f 2154 2153 2282
f 2282 2283 2154
f 2155 2154 2283
f 2283 2284 2155
f 2156 2155 2284
f 2284 2285 2156
f 2157 2156 2285
f 2285 2286 2157
f 2158 2157 2286
f 2286 2287 2158
f 2159 2158 2287
f 2287 2288 2159
f 2160 2159 2288
f 2288 2289 2160
f 2161 2160 2289
f 2289 2290 2161
f 2162 2161 2290
f 2290 2291 2162
f 2163 2162 2291
f 2291 2292 2163
f 2164 2163 2292
f 2292 2293 2164
f 2165 2164 2293
f 2293 2294 2165
f 2166 2165 2294
f 2294 2295 2166
f 2167 2166 2295
f 2295 2296 2167
f 2168 2167 2296
f 2296 2297 2168
f 2169 2168 2297
f 2297 2298 2169
f 2170 2169 2298
f 2298 2299 2170
f 2171 2170 2299
f 2299 2300 2171
f 2172 2171 2300
f 2300 2301 2172
f 2173 2172 2301
f 2301 2302 2173
f 2174 2173 2302
f 2302 2303 2174
f 2175 2174 2303
f 2303 2304 2175
f 2176 2175 2304
f 2304 2305 2176
f 2177 2176 2305
f 2305 2306 2177
f 2178 2177 2306
f 2306 2307 2178
f 2179 2178 2307
f 2307 2308 2179
f 2180 2179 2308
f 2308 2309 2180
f 2181 2180 2309
f 2309 2310 2181
f 2182 2181 2310
f 2310 2311 2182
f 2183 2182 2311
f 2311 2312 2183
f 2184 2183 2312
f 2312 2313 2184
f 2185 2184 2313
f 2313 2314 2185
f 2186 2185 2314
f 2314 2315 2186
f 2187 2186 2315
f 2315 2316 2187
f 2188 2187 2316
f 2316 2317 2188
f 2189 2188 2317
f 2317 2318 2189
f 2190 2189 2318
f 2318 2319 2190
f 2191 2190 2319
f 2319 2320 2191
f 2192 2191 2320
f 2320 2321 2192
f 2193 2192 2321
f 2321 2322 2193
f 2194 2193 2322
f 2322 2323 2194
f 2195 2194 2323
f 2323 2324 2195
f 2196 2195 2324
f 2324 2325 2196
f 2197 2196 2325
f 2325 2326 2197
f 2198 2197 2326
f 2326 2327 2198
f 2199 2198 2327
f 2327 2328 2199
f 2200 2199 2328
f 2328 2329 2200
f 2201 2200 2329
f 2329 2330 2201
f 2202 2201 2330
f 2330 2331 2202
f 2203 2202 2331
f 2331 2332 2203
f 2204 2203 2332
f 2332 2333 2204
f 2205 2204 2333
f 2333 2334 2205
f 2206 2205 2334
f 2334 2335 2206
f 2207 2206 2335
f 2335 2336 2207
f 2208 2207 2336
f 2336 2337 2208
f 2209 2208 2337
f 2337 2338 2209
f 2210 2209 2338
f 2338 2339 2210
f 2211 2210 2339
f 2339 2340 2211
f 2212 2211 2340
f 2340 2341 2212
f 2213 2212 2341
f 2341 2342 2213
f 2214 2213 2342
f 2342 2343 2214
f 2215 2214 2343
f 2343 2344 2215
f 2216 2215 2344
f 2344 2345 2216
f 2217 2216 2345
f 2345 2346 2217
f 2218 2217 2346
f 2346 2347 2218
f 2219 2218 2347
f 2347 2348 2219
f 2220 2219 2348
f 2348 2349 2220
f 2221 2220 2349
f 2349 2350 2221
f 2222 2221 2350
f 2350 2351 2222
f 2223 2222 2351
f 2351 2352 2223
f 2224 2223 2352
f 2352 2353 2224
f 2225 2224 2353
f 2353 2354 2225
f 2226 2225 2354
f 2354 2355 2226
f 2227 2226 2355
f 2355 2356 2227
f 2228 2227 2356
f 2356 2357 2228
f 2229 2228 2357
f 2357 2358 2229
f 2230 2229 2358
f 2358 2359 2230
f 2231 2230 2359
f 2359 2360 2231
f 2232 2231 2360
f 2360 2361 2232
f 2233 2232 2361
f 2361 2362 2233
f 2234 2233 2362
f 2362 2363 2234
f 2235 2234 2363
f 2363 2364 2235
f 2236 2235 2364
f 2364 2365 2236
f 2237 2236 2365
f 2365 2366 2237
f 2238 2237 2366
f 2366 2367 2238
f 2239 2238 2367
f 2367 2368 2239
f 2240 2239 2368
f 2368 2369 2240
f 2241 2240 2369
f 2369 2370 2241
f 2242 2241 2370
f 2370 2371 2242
f 2243 2242 2371
f 2371 2372 2243
f 2244 2243 2372
f 2372 2373 2244
f 2245 2244 2373
f 2373 2374 2245
f 2246 2245 2374
f 2374 2375 2246
f 2248 2247 2376
f 2376 2377 2248
f 2249 2248 2377
f 2377 2378 2249
f 2250 2249 2378
f 2378 2379 2250
f 2251 2250 2379
f 2379 2380 2251
f 2252 2251 2380
f 2380 2381 2252
f 2253 2252 2381
f 2381 2382 2253
f 2254 2253 2382
f 2382 2383 2254
f 2255 2254 2383
f 2383 2384 2255
f 2256 2255 2384
f 2384 2385 2256
f 2257 2256 2385
f 2385 2386 2257
f 2258 2257 2386
f 2386 2387 2258
f 2259 2258 2387
f 2387 2388 2259
f 2260 2259 2388
f 2388 2389 2260
f 2261 2260 2389
f 2389 2390 2261
f 2262 2261 2390
f 2390 2391 2262
f 2263 2262 2391
f 2391 2392 2263
f 2264 2263 2392
f 2392 2393 2264
f 2265 2264 2393
f 2393 2394 2265
f 2266 2265 2394
f 2394 2395 2266
f 2267 2266 2395
f 2395 2396 2267
f 2268 2267 2396
f 2396 2397 2268
f 2269 2268 2397
f 2397 2398 2269
f 2270 2269 2398
f 2398 2399 2270
f 2271 2270 2399
f 2399 2400 2271
f 2272 2271 2400
f 2400 2401 2272
f 2273 2272 2401
f 2401 2402 2273
f 2274 2273 2402
f 2402 2403 2274
f 2275 2274 2403
f 2403 2404 2275
f 2276 2275 2404
f 2404 2405 2276
f 2277 2276 2405
f 2405 2406 2277
f 2278 2277 2406
f 2406 2407 2278
f 2279 2278 2407
f 2407 2408 2279
f 2280 2279 2408
f 2408 2409 2280
f 2281 2280 2409
f 2409 2410 2281
f 2282 2281 2410
f 2410 2411 2282
f 2283 2282 2411
f 2411 2412 2283
f 2284 2283 2412
f 2412 2413 2284
f 2285 2284 2413
f 2413 2414 2285
f 2286 2285 2414
f 2414 2415 2286
f 2287 2286 2415
f 2415 2416 2287
f 2288 2287 2416
f 2416 2417 2288
f 2289 2288 2417
f 2417 2418 2289
f 2290 2289 2418
f 2418 2419 2290
f 2291 2290 2419
f 2419 2420 2291
f 2292 2291 2420
f 2420 2421 2292
f 2293 2292 2421
f 2421 2422 2293
f 2294 2293 2422
f 2422 2423 2294
f 2295 2294 2423
f 2423 2424 2295
f 2296 2295 2424
f 2424 2425 2296
f 2297 2296 2425
f 2425 2426 2297
f 2298 2297 2426
f 2426 2427 2298
f 2299 2298 2427
f 2427 2428 2299
f 2300 2299 2428
f 2428 2429 2300
f 2301 2300 2429
f 2429 2430 2301
f 2302 2301 2430
f 2430 2431 2302
f 2303 2302 2431
f 2431 2432 2303
f 2304 2303 2432
f 2432 2433 2304
f 2305 2304 2433
f 2433 2434 2305
f 2306 2305 2434
f 2434 2435 2306
f 2307 2306 2435
f 2435 2436 2307
f 2308 2307 2436
f 2436 2437 2308
f 2309 2308 2437
f 2437 2438 2309
f 2310 2309 2438
f 2438 2439 2310
f 2311 2310 2439
f 2439 2440 2311
f 2312 2311 2440
f 2440 2441 2312
f 2313 2312 2441
f 2441 2442 2313
f 2314 2313 2442
f 2442 2443 2314
f 2315 2314 2443
f 2443 2444 2315
f 2316 2315 2444
f 2444 2445 2316
f 2317 2316 2445
f 2445 2446 2317
f 2318 2317 2446
f 2446 2447 2318
f 2319 2318 2447
f 2447 2448 2319
f 2320 2319 2448
f 2448 2449 2320
f 2321 2320 2449
f 2449 2450 2321
f 2322 2321 2450
f 2450 2451 2322
f 2323 2322 2451
f 2451 2452 2323
f 2324 2323 2452
f 2452 2453 2324
f 2325 2324 2453
f 2453 2454 2325
f 2326 2325 2454
f 2454 2455 2326
f 2327 2326 2455
f 2455 2456 2327
f 2328 2327 2456
f 2456 2457 2328
f 2329 2328 2457
f 2457 2458 2329
f 2330 2329 2458
f 2458 2459 2330
f 2331 2330 2459
f 2459 2460 2331
f 2332 2331 2460
f 2460 2461 2332
f 2333 2332 2461
f 2461 2462 2333
f 2334 2333 2462
f 2462 2463 2334
f 2335 2334 2463
f 2463 2464 2335
f 2336 2335 2464
f 2464 2465 2336
f 2337 2336 2465
f 2465 2466 2337
f 2338 2337 2466
f 2466 2467 2338
f 2339 2338 2467
f 2467 2468 2339
f 2340 2339 2468
f 2468 2469 2340
f 2341 2340 2469
f 2469 2470 2341
f 2342 2341 2470
f 2470 2471 2342
f 2343 2342 2471
f 2471 2472 2343
f 2344 2343 2472
f 2472 2473 2344
f 2345 2344 2473
f 2473 2474 2345
f 2346 2345 2474
f 2474 2475 2346
f 2347 2346 2475
f 2475 2476 2347
f 2348 2347 2476
f 2476 2477 2348
f 2349 2348 2477
f 2477 2478 2349
f 2350 2349 2478
f 2478 2479 2350
f 2351 2350 2479
f 2479 2480 2351
f 2352 2351 2480
f 2480 2481 2352
f 2353 2352 2481
f 2481 2482 2353
f 2354 2353 2482
f 2482 2483 2354
f 2355 2354 2483
f 2483 2484 2355
f 2356 2355 2484
f 2484 2485 2356
f 2357 2356 2485
f 2485 2486 2357
f 2358 2357 2486
f 2486 2487 2358
f 2359 2358 2487
f 2487 2488 2359
f 2360 2359 2488
f 2488 2489 2360
f 2361 2360 2489
f 2489 2490 2361
f 2362 2361 2490
f 2490 2491 2362
f 2363 2362 2491
f 2491 2492 2363
f 2364 2363 2492
f 2492 2493 2364
f 2365 2364 2493
f 2493 2494 2365
f 2366 2365 2494
f 2494 2495 2366
f 2367 2366 2495
f 2495 2496 2367
f 2368 2367 2496
f 2496 2497 2368
f 2369 2368 2497
f 2497 2498 2369
f 2370 2369 2498
f 2498 2499 2370
f 2371 2370 2499
f 2499 2500 2371
f 2372 2371 2500
f 2500 2501 2372
f 2373 2372 2501
f 2501 2502 2373
f 2374 2373 2502
f 2502 2503 2374
f 2375 2374 2503
f 2503 2504 2375
f 2377 2376 2505
f 2505 2506 2377
f 2378 2377 2506
f 2506 2507 2378
f 2379 2378 2507
f 2507 2508 2379
f 2380 2379 2508
f 2508 2509 2380
f 2381 2380 2509
f 2509 2510 2381
f 2382 2381 2510
f 2510 2511 2382
f 2383 2382 2511
f 2511 2512 2383
f 2384 2383 2512
f 2512 2513 2384
f 2385 2384 2513
f 2513 2514 2385
f 2386 2385 2514
f 2514 2515 2386
f 2387 2386 2515
f 2515 2516 2387
f 2388 2387 2516
f 2516 2517 2388
f 2389 2388 2517
f 2517 2518 2389
f 2390 2389 2518
f 2518 2519 2390
f 2391 2390 2519
f 2519 2520 2391
f 2392 2391 2520
f 2520 2521 2392
f 2393 2392 2521
f 2521 2522 2393
f 2394 2393 2522
f 2522 2523 2394
f 2395 2394 2523
f 2523 2524 2395
f 2396 2395 2524
f 2524 2525 2396
f 2397 2396 2525
f 2525 2526 2397
f 2398 2397 2526
f 2526 2527 2398
f 2399 2398 2527
f 2527 2528 2399
f 2400 2399 2528
f 2528 2529 2400
f 2401 2400 2529
f 2529 2530 2401
f 2402 2401 2530
f 2530 2531 2402
f 2403 2402 2531
f 2531 2532 2403
f 2404 2403 2532
f 2532 2533 2404
f 2405 2404 2533
f 2533 2534 2405
f 2406 2405 2534
f 2534 2535 2406
f 2407 2406 2535
f 2535 2536 2407
f 2408 2407 2536
f 2536 2537 2408
f 2409 2408 2537
f 2537 2538 2409
f 2410 2409 2538
f 2538 2539 2410
f 2411 2410 2539
f 2539 2540 2411
f 2412 2411 2540
f 2540 2541 2412
f 2413 2412 2541
f 2541 2542 2413
f 2414 2413 2542
f 2542 2543 2414
f 2415 2414 2543
f 2543 2544 2415
f 2416 2415 2544
f 2544 2545 2416
f 2417 2416 2545
f 2545 2546 2417
f 2418 2417 2546
f 2546 2547 2418
f 2419 2418 2547
f 2547 2548 2419
f 2420 2419 2548
f 2548 2549 2420
f 2421 2420 2549
f 2549 2550 2421
f 2422 2421 2550
f 2550 2551 2422
f 2423 2422 2551
f 2551 2552 2423
f 2424 2423 2552
f 2552 2553 2424
f 2425 2424 2553
f 2553 2554 2425
f 2426 2425 2554
f 2554 2555 2426
f 2427 2426 2555
f 2555 2556 2427
f 2428 2427 2556
f 2556 2557 2428
f 2429 2428 2557
f 2557 2558 2429
f 2430 2429 2558
f 2558 2559 2430
f 2431 2430 2559
f 2559 2560 2431
f 2432 2431 2560
f 2560 2561 2432
f 2433 2432 2561
f 2561 2562 2433
f 2434 2433 2562
f 2562 2563 2434
f 2435 2434 2563
f 2563 2564 2435
f 2436 2435 2564
f 2564 2565 2436
f 2437 2436 2565
f 2565 2566 2437
f 2438 2437 2566
f 2566 2567 2438
f 2439 2438 2567
f 2567 2568 2439
f 2440 2439 2568
f 2568 2569 2440
f 2441 2440 2569
f 2569 2570 2441
f 2442 2441 2570
f 2570 2571 2442
f 2443 2442 2571
f 2571 2572 2443
f 2444 2443 2572
f 2572 2573 2444
f 2445 2444 2573
f 2573 2574 2445
f 2446 2445 2574
f 2574 2575 2446
f 2447 2446 2575
f 2575 2576 2447
f 2448 2447 2576
f 2576 2577 2448
f 2449 2448 2577
f 2577 2578 2449
f 2450 2449 2578
f 2578 2579 2450
f 2451 2450 2579
f 2579 2580 2451
f 2452 2451 2580
f 2580 2581 2452
f 2453 2452 2581
f 2581 2582 2453
f 2454 2453 2582
f 2582 2583 2454
f 2455 2454 2583
f 2583 2584 2455
f 2456 2455 2584
f 2584 2585 2456
f 2457 2456 2585
f 2585 2586 2457
f 2458 2457 2586
f 2586 2587 2458
f 2459 2458 2587
f 2587 2588 2459
f 2460 2459 2588
f 2588 2589 2460
f 2461 2460 2589
f 2589 2590 2461
f 2462 2461 2590
f 2590 2591 2462
f 2463 2462 2591
f 2591 2592 2463
f 2464 2463 2592
f 2592 2593 2464
f 2465 2464 2593
f 2593 2594 2465
f 2466 2465 2594
f 2594 2595 2466
f 2467 2466 2595
f 2595 2596 2467
f 2468 2467 2596
f 2596 2597 2468
f 2469 2468 2597
f 2597 2598 2469
f 2470 2469 2598
f 2598 2599 2470
f 2471 2470 2599
f 2599 2600 2471
f 2472 2471 2600
f 2600 2601 2472
f 2473 2472 2601
f 2601 2602 2473
f 2474 2473 2602
f 2602 2603 2474
f 2475 2474 2603
f 2603 2604 2475
f 2476 2475 2604
f 2604 2605 2476
f 2477 2476 2605
f 2605 2606 2477
f 2478 2477 2606
f 2606 2607 2478
f 2479 2478 2607
f 2607 2608 2479
f 2480 2479 2608
f 2608 2609 2480
f 2481 2480 2609
f 2609 2610 2481
f 2482 2481 2610
f 2610 2611 2482
f 2483 2482 2611
f 2611 2612 2483
f 2484 2483 2612
f 2612 2613 2484
f 2485 2484 2613
f 2613 2614 2485
f 2486 2485 2614
f 2614 2615 2486
f 2487 2486 2615
f 2615 2616 2487
f 2488 2487 2616
f 2616 2617 2488
f 2489 2488 2617
f 2617 2618 2489
f 2490 2489 2618
f 2618 2619 2490
f 2491 2490 2619
f 2619 2620 2491
f 2492 2491 2620
f 2620 2621 2492
f 2493 2492 2621
f 2621 2622 2493
f 2494 2493 2622
f 2622 2623 2494
f 2495 2494 2623
f 2623 2624 2495
f 2496 2495 2624
f 2624 2625 2496
f 2497 2496 2625
f 2625 2626 2497
f 2498 2497 2626
f 2626 2627 2498
f 2499 2498 2627
f 2627 2628 2499
f 2500 2499 2628
f 2628 2629 2500
f 2501 2500 2629
f 2629 2630 2501
f 2502 2501 2630
f 2630 2631 2502
f 2503 2502 2631
f 2631 2632 2503
f 2504 2503 2632
f 2632 2633 2504
f 2506 2505 2634
f 2634 2635 2506
f 2507 2506 2635
f 2635 2636 2507
f 2508 2507 2636
f 2636 2637 2508
f 2509 2508 2637
f 2637 2638 2509
f 2510 2509 2638
f 2638 2639 2510
f 2511 2510 2639
f 2639 2640 2511
f 2512 2511 2640
f 2640 2641 2512
f 2513 2512 2641
f 2641 2642 2513
f 2514 2513 2642
f 2642 2643 2514
f 2515 2514 2643
f 2643 2644 2515
f 2516 2515 2644
f 2644 2645 2516
f 2517 2516 2645
f 2645 2646 2517
f 2518 2517 2646
f 2646 2647 2518
f 2519 2518 2647
f 2647 2648 2519
f 2520 2519 2648
f 2648 2649 2520
f 2521 2520 2649
f 2649 2650 2521
f 2522 2521 2650
f 2650 2651 2522
f 2523 2522 2651
f 2651 2652 2523
f 2524 2523 2652
f 2652 2653 2524
f 2525 2524 2653
f 2653 2654 2525
f 2526 2525 2654
f 2654 2655 2526
f 2527 2526 2655
f 2655 2656 2527
f 2528 2527 2656
f 2656 2657 2528
f 2529 2528 2657
f 2657 2658 2529
f 2530 2529 2658
f 2658 2659 2530
f 2531 2530 2659
f 2659 2660 2531
f 2532 2531 2660
f 2660 2661 2532
f 2533 2532 2661
f 2661 2662 2533
f 2534 2533 2662
f 2662 2663 2534
f 2535 2534 2663
f 2663 2664 2535
f 2536 2535 2664
f 2664 2665 2536
f 2537 2536 2665
f 2665 2666 2537
f 2538 2537 2666
f 2666 2667 2538
f 2539 2538 2667
f 2667 2668 2539
f 2540 2539 2668
f 2668 2669 2540
f 2541 2540 2669
f 2669 2670 2541
f 2542 2541 2670
f 2670 2671 2542
f 2543 2542 2671
f 2671 2672 2543
f 2544 2543 2672
f 2672 2673 2544
f 2545 2544 2673
f 2673 2674 2545
f 2546 2545 2674
f 2674 2675 2546
f 2547 2546 2675
f 2675 2676 2547
f 2548 2547 2676
f 2676 2677 2548
f 2549 2548 2677
f 2677 2678 2549
f 2550 2549 2678
f 2678 2679 2550
f 2551 2550 2679
f 2679 2680 2551
f 2552 2551 2680
f 2680 2681 2552
f 2553 2552 2681
f 2681 2682 2553
f 2554 2553 2682
f 2682 2683 2554
f 2555 2554 2683
f 2683 2684 2555
f 2556 2555 2684
f 2684 2685 2556
f 2557 2556 2685
f 2685 2686 2557
f 2558 2557 2686
f 2686 2687 2558
f 2559 2558 2687
f 2687 2688 2559
f 2560 2559 2688
f 2688 2689 2560
f 2561 2560 2689
f 2689 2690 2561
f 2562 2561 2690
f 2690 2691 2562
f 2563 2562 2691
f 2691 2692 2563
f 2564 2563 2692
f 2692 2693 2564
f 2565 2564 2693
f 2693 2694 2565
f 2566 2565 2694
f 2694 2695 2566
f 2567 2566 2695
f 2695 2696 2567
f 2568 2567 2696
f 2696 2697 2568
f 2569 2568 2697
f 2697 2698 2569
f 2570 2569 2698
f 2698 2699 2570
f 2571 2570 2699
f 2699 2700 2571
f 2572 2571 2700
f 2700 2701 2572
f 2573 2572 2701
f 2701 2702 2573
f 2574 2573 2702
f 2702 2703 2574
f 2575 2574 2703
f 2703 2704 2575
f 2576 2575 2704
f 2704 2705 2576
f 2577 2576 2705
f 2705 2706 2577
f 2578 2577 2706
f 2706 2707 2578
f 2579 2578 2707
f 2707 2708 2579
f 2580 2579 2708
f 2708 2709 2580
f 2581 2580 2709
f 2709 2710 2581
f 2582 2581 2710
f 2710 2711 2582
f 2583 2582 2711
f 2711 2712 2583
f 2584 2583 2712
f 2712 2713 2584
f 2585 2584 2713
f 2713 2714 2585
f 2586 2585 2714
f 2714 2715 2586
f 2587 2586 2715
f 2715 2716 2587
f 2588 2587 2716
f 2716 2717 2588
f 2589 2588 2717
f 2717 2718 2589
f 2590 2589 2718
f 2718 2719 2590
f 2591 2590 2719
f 2719 2720 2591
f 2592 2591 2720
f 2720 2721 2592
f 2593 2592 2721
f 2721 2722 2593
f 2594 2593 2722
f 2722 2723 2594
f 2595 2594 2723
f 2723 2724 2595
f 2596 2595 2724
f 2724 2725 2596
f 2597 2596 2725
f 2725 2726 2597
f 2598 2597 2726
f 2726 2727 2598
f 2599 2598 2727
f 2727 2728 2599
f 2600 2599 2728
f 2728 2729 2600
f 2601 2600 2729
f 2729 2730 2601
f 2602 2601 2730
f 2730 2731 2602
f 2603 2602 2731
f 2731 2732 2603
f 2604 2603 2732
f 2732 2733 2604
f 2605 2604 2733
f 2733 2734 2605
f 2606 2605 2734
f 2734 2735 2606
f 2607 2606 2735
f 2735 2736 2607
f 2608 2607 2736
f 2736 2737 2608
f 2609 2608 2737
f 2737 2738 2609
f 2610 2609 2738
f 2738 2739 2610
f 2611 2610 2739
f 2739 2740 2611
f 2612 2611 2740
f 2740 2741 2612
f 2613 2612 2741
f 2741 2742 2613
f 2614 2613 2742
f 2742 2743 2614
f 2615 2614 2743
f 2743 2744 2615
f 2616 2615 2744
f 2744 2745 2616
f 2617 2616 2745
f 2745 2746 2617
f 2618 2617 2746
f 2746 2747 2618
f 2619 2618 2747
f 2747 2748 2619
f 2620 2619 2748
f 2748 2749 2620
f 2621 2620 2749
f 2749 2750 2621
f 2622 2621 2750
f 2750 2751 2622
f 2623 2622 2751
f 2751 2752 2623
f 2624 2623 2752
f 2752 2753 2624
f 2625 2624 2753
f 2753 2754 2625
f 2626 2625 2754
f 2754 2755 2626
f 2627 2626 2755
f 2755 2756 2627
f 2628 2627 2756
f 2756 2757 2628
f 2629 2628 2757
f 2757 2758 2629
f 2630 2629 2758
f 2758 2759 2630
f 2631 2630 2759
f 2759 2760 2631
f 2632 2631 2760
f 2760 2761 2632
f 2633 2632 2761
f 2761 2762 2633
f 2635 2634 2763
f 2763 2764 2635
f 2636 2635 2764
f 2764 2765 2636
f 2637 2636 2765
f 2765 2766 2637
f 2638 2637 2766
f 2766 2767 2638
f 2639 2638 2767
f 2767 2768 2639
f 2640 2639 2768
f 2768 2769 2640
f 2641 2640 2769
f 2769 2770 2641
f 2642 2641 2770
f 2770 2771 2642
f 2643 2642 2771
f 2771 2772 2643
f 2644 2643 2772
f 2772 2773 2644
f 2645 2644 2773
f 2773 2774 2645
f 2646 2645 2774
f 2774 2775 2646
f 2647 2646 2775
f 2775 2776 2647
f 2648 2647 2776
f 2776 2777 2648
f 2649 2648 2777
f 2777 2778 2649
f 2650 2649 2778
f 2778 2779 2650
f 2651 2650 2779
f 2779 2780 2651
f 2652 2651 2780
f 2780 2781 2652
f 2653 2652 2781
f 2781 2782 2653
f 2654 2653 2782
f 2782 2783 2654
f 2655 2654 2783
f 2783 2784 2655
f 2656 2655 2784
f 2784 2785 2656
f 2657 2656 2785
f 2785 2786 2657
f 2658 2657 2786
f 2786 2787 2658
f 2659 2658 2787
f 2787 2788 2659
f 2660 2659 2788
f 2788 2789 2660
f 2661 2660 2789
f 2789 2790 2661
f 2662 2661 2790
f 2790 2791 2662
f 2663 2662 2791
f 2791 2792 2663
f 2664 2663 2792
f 2792 2793 2664
f 2665 2664 2793
f 2793 2794 2665
f 2666 2665 2794
f 2794 2795 2666
f 2667 2666 2795
f 2795 2796 2667
f 2668 2667 2796
f 2796 2797 2668
f 2669 2668 2797
f 2797 2798 2669
f 2670 2669 2798
f 2798 2799 2670
f 2671 2670 2799
f 2799 2800 2671
f 2672 2671 2800
f 2800 2801 2672
f 2673 2672 2801
f 2801 2802 2673
f 2674 2673 2802
f 2802 2803 2674
f 2675 2674 2803
f 2803 2804 2675
f 2676 2675 2804
f 2804 2805 2676
f 2677 2676 2805
f 2805 2806 2677
f 2678 2677 2806
f 2806 2807 2678
f 2679 2678 2807
f 2807 2808 2679
f 2680 2679 2808
f 2808 2809 2680
f 2681 2680 2809
f 2809 2810 2681
f 2682 2681 2810
f 2810 2811 2682
f 2683 2682 2811
f 2811 2812 2683
f 2684 2683 2812
f 2812 2813 2684
f 2685 2684 2813
f 2813 2814 2685
f 2686 2685 2814
f 2814 2815 2686
f 2687 2686 2815
f 2815 2816 2687
f 2688 2687 2816
f 2816 2817 2688
f 2689 2688 2817
f 2817 2818 2689
f 2690 2689 2818
f 2818 2819 2690
f 2691 2690 2819
f 2819 2820 2691
f 2692 2691 2820
f 2820 2821 2692
f 2693 2692 2821
f 2821 2822 2693
f 2694 2693 2822
f 2822 2823 2694
f 2695 2694 2823
f 2823 2824 2695
f 2696 2695 2824
f 2824 2825 2696
f 2697 2696 2825
f 2825 2826 2697
f 2698 2697 2826
f 2826 2827 2698
f 2699 2698 2827
f 2827 2828 2699
f 2700 2699 2828
f 2828 2829 2700
f 2701 2700 2829
f 2829 2830 2701
f 2702 2701 2830
f 2830 2831 2702
f 2703 2702 2831
f 2831 2832 2703
f 2704 2703 2832
f 2832 2833 2704
f 2705 2704 2833
f 2833 2834 2705
f 2706 2705 2834
f 2834 2835 2706
f 2707 2706 2835
f 2835 2836 2707
f 2708 2707 2836
f 2836 2837 2708
f 2709 2708 2837
f 2837 2838 2709
f 2710 2709 2838
f 2838 2839 2710
f 2711 2710 2839
f 2839 2840 2711
f 2712 2711 2840
f 2840 2841 2712
f 2713 2712 2841
f 2841 2842 2713
f 2714 2713 2842
f 2842 2843 2714
f 2715 2714 2843
f 2843 2844 2715
f 2716 2715 2844
f 2844 2845 2716
f 2717 2716 2845
f 2845 2846 2717
f 2718 2717 2846
f 2846 2847 2718
f 2719 2718 2847
f 2847 2848 2719
f 2720 2719 2848
f 2848 2849 2720
f 2721 2720 2849
f 2849 2850 2721
f 2722 2721 2850
f 2850 2851 2722
f 2723 2722 2851
f 2851 2852 2723
f 2724 2723 2852
f 2852 2853 2724
f 2725 2724 2853
f 2853 2854 2725
f 2726 2725 2854
f 2854 2855 2726
f 2727 2726 2855
f 2855 2856 2727
f 2728 2727 2856
f 2856 2857 2728
f 2729 2728 2857
f 2857 2858 2729
f 2730 2729 2858
f 2858 2859 2730
f 2731 2730 2859
f 2859 2860 2731
f 2732 2731 2860
f 2860 2861 2732
f 2733 2732 2861
f 2861 2862 2733
f 2734 2733 2862
f 2862 2863 2734
f 2735 2734 2863
f 2863 2864 2735
f 2736 2735 2864
f 2864 2865 2736
f 2737 2736 2865
f 2865 2866 2737
f 2738 2737 2866
f 2866 2867 2738
f 2739 2738 2867
f 2867 2868 2739
f 2740 2739 2868
f 2868 2869 2740
f 2741 2740 2869
f 2869 2870 2741
f 2742 2741 2870
f 2870 2871 2742
f 2743 2742 2871
f 2871 2872 2743
f 2744 2743 2872
f 2872 2873 2744
f 2745 2744 2873
f 2873 2874 2745
f 2746 2745 2874
f 2874 2875 2746
f 2747 2746 2875
f 2875 2876 2747
f 2748 2747 2876
f 2876 2877 2748
f 2749 2748 2877
f 2877 2878 2749
f 2750 2749 2878
f 2878 2879 2750
f 2751 2750 2879
f 2879 2880 2751
f 2752 2751 2880
f 2880 2881 2752
f 2753 2752 2881
f 2881 2882 2753
f 2754 2753 2882
f 2882 2883 2754
f 2755 2754 2883
f 2883 2884 2755
f 2756 2755 2884
f 2884 2885 2756
f 2757 2756 2885
f 2885 2886 2757
f 2758 2757 2886
f 2886 2887 2758
f 2759 2758 2887
f 2887 2888 2759
f 2760 2759 2888
f 2888 2889 2760
f 2761 2760 2889
f 2889 2890 2761
f 2762 2761 2890
f 2890 2891 2762
f 2764 2763 2892
f 2892 2893 2764
f 2765 2764 2893
f 2893 2894 2765
f 2766 2765 2894
f 2894 2895 2766
f 2767 2766 2895
f 2895 2896 2767
f 2768 2767 2896
f 2896 2897 2768
f 2769 2768 2897
f 2897 2898 2769
f 2770 2769 2898
f 2898 2899 2770
f 2771 2770 2899
f 2899 2900 2771
f 2772 2771 2900
f 2900 2901 2772
f 2773 2772 2901
f 2901 2902 2773
f 2774 2773 2902
f 2902 2903 2774
f 2775 2774 2903
f 2903 2904 2775
f 2776 2775 2904
f 2904 2905 2776
f 2777 2776 2905
f 2905 2906 2777
f 2778 2777 2906
f 2906 2907 2778
f 2779 2778 2907
f 2907 2908 2779
f 2780 2779 2908
f 2908 2909 2780
f 2781 2780 2909
f 2909 2910 2781
f 2782 2781 2910
f 2910 2911 2782
f 2783 2782 2911
f 2911 2912 2783
f 2784 2783 2912
f 2912 2913 2784
f 2785 2784 2913
f 2913 2914 2785
f 2786 2785 2914
f 2914 2915 2786
f 2787 2786 2915
f 2915 2916 2787
f 2788 2787 2916
f 2916 2917 2788
f 2789 2788 2917
f 2917 2918 2789
f 2790 2789 2918
f 2918 2919 2790
f 2791 2790 2919
f 2919 2920 2791
f 2792 2791 2920
f 2920 2921 2792
f 2793 2792 2921
f 2921 2922 2793
f 2794 2793 2922
f 2922 2923 2794
f 2795 2794 2923
f 2923 2924 2795
f 2796 2795 2924
f 2924 2925 2796
f 2797 2796 2925
f 2925 2926 2797
f 2798 2797 2926
f 2926 2927 2798
f 2799 2798 2927
f 2927 2928 2799
f 2800 2799 2928
f 2928 2929 2800
f 2801 2800 2929
f 2929 2930 2801
f 2802 2801 2930
f 2930 2931 2802
f 2803 2802 2931
f 2931 2932 2803
f 2804 2803 2932
f 2932 2933 2804
f 2805 2804 2933
f 2933 2934 2805
f 2806 2805 2934
f 2934 2935 2806
f 2807 2806 2935
f 2935 2936 2807
f 2808 2807 2936
f 2936 2937 2808
f 2809 2808 2937
f 2937 2938 2809
f 2810 2809 2938
f 2938 2939 2810
f 2811 2810 2939
f 2939 2940 2811
f 2812 2811 2940
f 2940 2941 2812
f 2813 2812 2941
f 2941 2942 2813
f 2814 2813 2942
f 2942 2943 2814
f 2815 2814 2943
f 2943 2944 2815
f 2816 2815 2944
f 2944 2945 2816
f 2817 2816 2945
f 2945 2946 2817
f 2818 2817 2946
f 2946 2947 2818
f 2819 2818 2947
f 2947 2948 2819
f 2820 2819 2948
f 2948 2949 2820
f 2821 2820 2949
f 2949 2950 2821
f 2822 2821 2950
f 2950 2951 2822
f 2823 2822 2951
f 2951 2952 2823
f 2824 2823 2952
f 2952 2953 2824
f 2825 2824 2953
f 2953 2954 2825
f 2826 2825 2954
f 2954 2955 2826
f 2827 2826 2955
f 2955 2956 2827
f 2828 2827 2956
f 2956 2957 2828
f 2829 2828 2957
f 2957 2958 2829
f 2830 2829 2958
f 2958 2959 2830
f 2831 2830 2959
f 2959 2960 2831
f 2832 2831 2960
f 2960 2961 2832
f 2833 2832 2961
f 2961 2962 2833
f 2834 2833 2962
f 2962 2963 2834
f 2835 2834 2963
f 2963 2964 2835
f 2836 2835 2964
f 2964 2965 2836
f 2837 2836 2965
f 2965 2966 2837
f 2838 2837 2966
f 2966 2967 2838
f 2839 2838 2967
f 2967 2968 2839
f 2840 2839 2968
f 2968 2969 2840
f 2841 2840 2969
f 2969 2970 2841
f 2842 2841 2970
f 2970 2971 2842
f 2843 2842 2971
f 2971 2972 2843
f 2844 2843 2972
f 2972 2973 2844
f 2845 2844 2973
f 2973 2974 2845
f 2846 2845 2974
f 2974 2975 2846
f 2847 2846 2975
f 2975 2976 2847
f 2848 2847 2976
f 2976 2977 2848
f 2849 2848 2977
f 2977 2978 2849
f 2850 2849 2978
f 2978 2979 2850
f 2851 2850 2979
f 2979 2980 2851
f 2852 2851 2980
f 2980 2981 2852
f 2853 2852 2981
f 2981 2982 2853
f 2854 2853 2982
f 2982 2983 2854
f 2855 2854 2983
f 2983 2984 2855
f 2856 2855 2984
f 2984 2985 2856
f 2857 2856 2985
f 2985 2986 2857
f 2858 2857 2986
f 2986 2987 2858
f 2859 2858 2987
f 2987 2988 2859
f 2860 2859 2988
f 2988 2989 2860
f 2861 2860 2989
f 2989 2990 2861
f 2862 2861 2990
f 2990 2991 2862
f 2863 2862 2991
f 2991 2992 2863
f 2864 2863 2992
f 2992 2993 2864
f 2865 2864 2993
f 2993 2994 2865
f 2866 2865 2994
f 2994 2995 2866
f 2867 2866 2995
f 2995 2996 2867
f 2868 2867 2996
f 2996 2997 2868
f 2869 2868 2997
f 2997 2998 2869
f 2870 2869 2998
f 2998 2999 2870
f 2871 2870 2999
f 2999 3000 2871
f 2872 2871 3000
f 3000 3001 2872
f 2873 2872 3001
f 3001 3002 2873
f 2874 2873 3002
f 3002 3003 2874
f 2875 2874 3003
f 3003 3004 2875
f 2876 2875 3004
f 3004 3005 2876
f 2877 2876 3005
f 3005 3006 2877
f 2878 2877 3006
f 3006 3007 2878
f 2879 2878 3007
f 3007 3008 2879
f 2880 2879 3008
f 3008 3009 2880
f 2881 2880 3009
f 3009 3010 2881
f 2882 2881 3010
f 3010 3011 2882
f 2883 2882 3011
f 3011 3012 2883
f 2884 2883 3012
f 3012 3013 2884
f 2885 2884 3013
f 3013 3014 2885
f 2886 2885 3014
f 3014 3015 2886
f 2887 2886 3015
f 3015 3016 2887
f 2888 2887 3016
f 3016 3017 2888
f 2889 2888 3017
f 3017 3018 2889
f 2890 2889 3018
f 3018 3019 2890
f 2891 2890 3019
f 3019 3020 2891
f 2893 2892 3021
f 3021 3022 2893
f 2894 2893 3022
f 3022 3023 2894
f 2895 2894 3023
f 3023 3024 2895
f 2896 2895 3024
f 3024 3025 2896
f 2897 2896 3025
f 3025 3026 2897
f 2898 2897 3026
f 3026 3027 2898
f 2899 2898 3027
f 3027 3028 2899
f 2900 2899 3028
f 3028 3029 2900
f 2901 2900 3029
f 3029 3030 2901
f 2902 2901 3030
f 3030 3031 2902
f 2903 2902 3031
f 3031 3032 2903
f 2904 2903 3032
f 3032 3033 2904
f 2905 2904 3033
f 3033 3034 2905
f 2906 2905 3034
f 3034 3035 2906
f 2907 2906 3035
f 3035 3036 2907
f 2908 2907 3036
f 3036 3037 2908
f 2909 2908 3037
f 3037 3038 2909
f 2910 2909 3038
f 3038 3039 2910
f 2911 2910 3039
f 3039 3040 2911
f 2912 2911 3040
f 3040 3041 2912
f 2913 2912 3041
f 3041 3042 2913
f 2914 2913 3042
f 3042 3043 2914
f 2915 2914 3043
f 3043 3044 2915
f 2916 2915 3044
f 3044 3045 2916
f 2917 2916 3045
f 3045 3046 2917
f 2918 2917 3046
f 3046 3047 2918
f 2919 2918 3047
f 3047 3048 2919
f 2920 2919 3048
f 3048 3049 2920
f 2921 2920 3049
f 3049 3050 2921
f 2922 2921 3050
f 3050 3051 2922
f 2923 2922 3051
f 3051 3052 2923
f 2924 2923 3052
f 3052 3053 2924
f 2925 2924 3053
f 3053 3054 2925
f 2926 2925 3054
f 3054 3055 2926
f 2927 2926 3055
f 3055 3056 2927
f 2928 2927 3056
f 3056 3057 2928
f 2929 2928 3057
f 3057 3058 2929
f 2930 2929 3058
f 3058 3059 2930
f 2931 2930 3059
f 3059 3060 2931
f 2932 2931 3060
f 3060 3061 2932
f 2933 2932 3061
f 3061 3062 2933
f 2934 2933 3062
f 3062 3063 2934
f 2935 2934 3063
f 3063 3064 2935
f 2936 2935 3064
f 3064 3065 2936
f 2937 2936 3065
f 3065 3066 2937
f 2938 2937 3066
f 3066 3067 2938
f 2939 2938 3067
f 3067 3068 2939
f 2940 2939 3068
f 3068 3069 2940
f 2941 2940 3069
f 3069 3070 2941
f 2942 2941 3070
f 3070 3071 2942
f 2943 2942 3071
f 3071 3072 2943
f 2944 2943 3072
f 3072 3073 2944
f 2945 2944 3073
f 3073 3074 2945
f 2946 2945 3074
f 3074 3075 2946
f 2947 2946 3075
f 3075 3076 2947
f 2948 2947 3076
f 3076 3077 2948
f 2949 2948 3077
f 3077 3078 2949
f 2950 2949 3078
f 3078 3079 2950
f 2951 2950 3079
f 3079 3080 2951
f 2952 2951 3080
f 3080 3081 2952
f 2953 2952 3081
f 3081 3082 2953
f 2954 2953 3082
f 3082 3083 2954
f 2955 2954 3083
f 3083 3084 2955
f 2956 2955 3084
f 3084 3085 2956
f 2957 2956 3085
f 3085 3086 2957
f 2958 2957 3086
f 3086 3087 2958
f 2959 2958 3087
f 3087 3088 2959
f 2960 2959 3088
f 3088 3089 2960
f 2961 2960 3089
f 3089 3090 2961
f 2962 2961 3090
f 3090 3091 2962
f 2963 2962 3091
f 3091 3092 2963
f 2964 2963 3092
f 3092 3093 2964
f 2965 2964 3093
f 3093 3094 2965
f 2966 2965 3094
f 3094 3095 2966
f 2967 2966 3095
f 3095 3096 2967
f 2968 2967 3096
f 3096 3097 2968
f 2969 2968 3097
f 3097 3098 2969
f 2970 2969 3098
f 3098 3099 2970
f 2971 2970 3099
f 3099 3100 2971
f 2972 2971 3100
f 3100 3101 2972
f 2973 2972 3101
f 3101 3102 2973
f 2974 2973 3102
f 3102 3103 2974
f 2975 2974 3103
f 3103 3104 2975
f 2976 2975 3104
f 3104 3105 2976
f 2977 2976 3105
f 3105 3106 2977
f 2978 2977 3106
f 3106 3107 2978
f 2979 2978 3107
f 3107 3108 2979
f 2980 2979 3108
f 3108 3109 2980
f 2981 2980 3109
f 3109 3110 2981
f 2982 2981 3110
f 3110 3111 2982
f 2983 2982 3111
f 3111 3112 2983
f 2984 2983 3112
f 3112 3113 2984
f 2985 2984 3113
f 3113 3114 2985
f 2986 2985 3114
f 3114 3115 2986
f 2987 2986 3115
f 3115 3116 2987
f 2988 2987 3116
f 3116 3117 2988
f 2989 2988 3117
f 3117 3118 2989
f 2990 2989 3118
f 3118 3119 2990
f 2991 2990 3119
f 3119 3120 2991
f 2992 2991 3120
f 3120 3121 2992
f 2993 2992 3121
f 3121 3122 2993
f 2994 2993 3122
f 3122 3123 2994
f 2995 2994 3123
f 3123 3124 2995
f 2996 2995 3124
f 3124 3125 2996
f 2997 2996 3125
f 3125 3126 2997
f 2998 2997 3126
f 3126 3127 2998
f 2999 2998 3127
f 3127 3128 2999
f 3000 2999 3128
f 3128 3129 3000
f 3001 3000 3129
f 3129 3130 3001
f 3002 3001 3130
f 3130 3131 3002
f 3003 3002 3131
f 3131 3132 3003
f 3004 3003 3132
f 3132 3133 3004
f 3005 3004 3133
f 3133 3134 3005
f 3006 3005 3134
f 3134 3135 3006
f 3007 3006 3135
f 3135 3136 3007
f 3008 3007 3136
f 3136 3137 3008
f 3009 3008 3137
f 3137 3138 3009
f 3010 3009 3138
f 3138 3139 3010
f 3011 3010 3139
f 3139 3140 3011
f 3012 3011 3140
f 3140 3141 3012
f 3013 3012 3141
f 3141 3142 3013
f 3014 3013 3142
f 3142 3143 3014
f 3015 3014 3143
f 3143 3144 3015
f 3016 3015 3144
f 3144 3145 3016
f 3017 3016 3145
f 3145 3146 3017
f 3018 3017 3146
f 3146 3147 3018
f 3019 3018 3147
f 3147 3148 3019
f 3020 3019 3148
f 3148 3149 3020
f 3022 3021 3150
f 3150 3151 3022
f 3023 3022 3151
f 3151 3152 3023
f 3024 3023 3152
f 3152 3153 3024
f 3025 3024 3153
f 3153 3154 3025
f 3026 3025 3154
f 3154 3155 3026
f 3027 3026 3155
f 3155 3156 3027
f 3028 3027 3156
f 3156 3157 3028
f 3029 3028 3157
f 3157 3158 3029
f 3030 3029 3158
f 3158 3159 3030
f 3031 3030 3159
f 3159 3160 3031
f 3032 3031 3160
f 3160 3161 3032
f 3033 3032 3161
f 3161 3162 3033
f 3034 3033 3162
f 3162 3163 3034
f 3035 3034 3163
f 3163 3164 3035
f 3036 3035 3164
f 3164 3165 3036
f 3037 3036 3165
f 3165 3166 3037
f 3038 3037 3166
f 3166 3167 3038
f 3039 3038 3167
f 3167 3168 3039
f 3040 3039 3168
f 3168 3169 3040
f 3041 3040 3169
f 3169 3170 3041
f 3042 3041 3170
f 3170 3171 3042
f 3043 3042 3171
f 3171 3172 3043
f 3044 3043 3172
f 3172 3173 3044
f 3045 3044 3173
f 3173 3174 3045
f 3046 3045 3174
f 3174 3175 3046
f 3047 3046 3175
f 3175 3176 3047
f 3048 3047 3176
f 3176 3177 3048
f 3049 3048 3177
f 3177 3178 3049
f 3050 3049 3178
f 3178 3179 3050
f 3051 3050 3179
f 3179 3180 3051
f 3052 3051 3180
f 3180 3181 3052
f 3053 3052 3181
f 3181 3182 3053
f 3054 3053 3182
f 3182 3183 3054
f 3055 3054 3183
f 3183 3184 3055
f 3056 3055 3184
f 3184 3185 3056
f 3057 3056 3185
f 3185 3186 3057
f 3058 3057 3186
f 3186 3187 3058
f 3059 3058 3187
f 3187 3188 3059
f 3060 3059 3188
f 3188 3189 3060
f 3061 3060 3189
f 3189 3190 3061
f 3062 3061 3190
f 3190 3191 3062
f 3063 3062 3191
f 3191 3192 3063
f 3064 3063 3192
f 3192 3193 3064
f 3065 3064 3193
f 3193 3194 3065
f 3066 3065 3194
f 3194 3195 3066
f 3067 3066 3195
f 3195 3196 3067
f 3068 3067 3196
f 3196 3197 3068
f 3069 3068 3197
f 3197 3198 3069
f 3070 3069 3198
f 3198 3199 3070
f 3071 3070 3199
f 3199 3200 3071
f 3072 3071 3200
f 3200 3201 3072
f 3073 3072 3201
f 3201 3202 3073
f 3074 3073 3202
f 3202 3203 3074
f 3075 3074 3203
f 3203 3204 3075
f 3076 3075 3204
f 3204 3205 3076
f 3077 3076 3205
f 3205 3206 3077
f 3078 3077 3206
f 3206 3207 3078
f 3079 3078 3207
f 3207 3208 3079
f 3080 3079 3208
f 3208 3209 3080
f 3081 3080 3209
f 3209 3210 3081
f 3082 3081 3210
f 3210 3211 3082
f 3083 3082 3211
f 3211 3212 3083
f 3084 3083 3212
f 3212 3213 3084
f 3085 3084 3213
f 3213 3214 3085
f 3086 3085 3214
f 3214 3215 3086
f 3087 3086 3215
f 3215 3216 3087
f 3088 3087 3216
f 3216 3217 3088
f 3089 3088 3217
f 3217 3218 3089
f 3090 3089 3218
f 3218 3219 3090
f 3091 3090 3219
f 3219 3220 3091
f 3092 3091 3220
f 3220 3221 3092
f 3093 3092 3221
f 3221 3222 3093
f 3094 3093 3222
f 3222 3223 3094
f 3095 3094 3223
f 3223 3224 3095
f 3096 3095 3224
f 3224 3225 3096
f 3097 3096 3225
f 3225 3226 3097
f 3098 3097 3226
f 3226 3227 3098
f 3099 3098 3227
f 3227 3228 3099
f 3100 3099 3228
f 3228 3229 3100
f 3101 3100 3229
f 3229 3230 3101
f 3102 3101 3230
f 3230 3231 3102
f 3103 3102 3231
f 3231 3232 3103
f 3104 3103 3232
f 3232 3233 3104
f 3105 3104 3233
f 3233 3234 3105
f 3106 3105 3234
f 3234 3235 3106
f 3107 3106 3235
f 3235 3236 3107
f 3108 3107 3236
f 3236 3237 3108
f 3109 3108 3237
f 3237 3238 3109
f 3110 3109 3238
f 3238 3239 3110
f 3111 3110 3239
f 3239 3240 3111
f 3112 3111 3240
f 3240 3241 3112
f 3113 3112 3241
f 3241 3242 3113
f 3114 3113 3242
f 3242 3243 3114
f 3115 3114 3243
f 3243 3244 3115
f 3116 3115 3244
f 3244 3245 3116
f 3117 3116 3245
f 3245 3246 3117
f 3118 3117 3246
f 3246 3247 3118
f 3119 3118 3247
f 3247 3248 3119
f 3120 3119 3248
f 3248 3249 3120
f 3121 3120 3249
f 3249 3250 3121
f 3122 3121 3250
f 3250 3251 3122
f 3123 3122 3251
f 3251 3252 3123
f 3124 3123 3252
f 3252 3253 3124
f 3125 3124 3253
f 3253 3254 3125
f 3126 3125 3254
f 3254 3255 3126
f 3127 3126 3255
f 3255 3256 3127
f 3128 3127 3256
f 3256 3257 3128
f 3129 3128 3257
f 3257 3258 3129
f 3130 3129 3258
f 3258 3259 3130
f 3131 3130 3259
f 3259 3260 3131
f 3132 3131 3260
f 3260 3261 3132
f 3133 3132 3261
f 3261 3262 3133
f 3134 3133 3262
f 3262 3263 3134
f 3135 3134 3263
f 3263 3264 3135
f 3136 3135 3264
f 3264 3265 3136
f 3137 3136 3265
f 3265 3266 3137
f 3138 3137 3266
f 3266 3267 3138
f 3139 3138 3267
f 3267 3268 3139
f 3140 3139 3268
f 3268 3269 3140
f 3141 3140 3269
f 3269 3270 3141
f 3142 3141 3270
f 3270 3271 3142
f 3143 3142 3271
f 3271 3272 3143
f 3144 3143 3272
f 3272 3273 3144
f 3145 3144 3273
f 3273 3274 3145
f 3146 3145 3274
f 3274 3275 3146
f 3147 3146 3275
f 3275 3276 3147
f 3148 3147 3276
f 3276 3277 3148
f 3149 3148 3277
f 3277 3278 3149
f 3151 3150 3279
f 3279 3280 3151
f 3152 3151 3280
f 3280 3281 3152
f 3153 3152 3281
f 3281 3282 3153
f 3154 3153 3282
f 3282 3283 3154
f 3155 3154 3283
f 3283 3284 3155
f 3156 3155 3284
f 3284 3285 3156
f 3157 3156 3285
f 3285 3286 3157
f 3158 3157 3286
f 3286 3287 3158
f 3159 3158 3287
f 3287 3288 3159
f 3160 3159 3288
f 3288 3289 3160
f 3161 3160 3289
f 3289 3290 3161
f 3162 3161 3290
f 3290 3291 3162
f 3163 3162 3291
f 3291 3292 3163
f 3164 3163 3292
f 3292 3293 3164
f 3165 3164 3293
f 3293 3294 3165
f 3166 3165 3294
f 3294 3295 3166
f 3167 3166 3295
f 3295 3296 3167
f 3168 3167 3296
f 3296 3297 3168
f 3169 3168 3297
f 3297 3298 3169
f 3170 3169 3298
f 3298 3299 3170
f 3171 3170 3299
f 3299 3300 3171
f 3172 3171 3300
f 3300 3301 3172
f 3173 3172 3301
f 3301 3302 3173
f 3174 3173 3302
f 3302 3303 3174
f 3175 3174 3303
f 3303 3304 3175
f 3176 3175 3304
f 3304 3305 3176
f 3177 3176 3305
f 3305 3306 3177
f 3178 3177 3306
f 3306 3307 3178
f 3179 3178 3307
f 3307 3308 3179
f 3180 3179 3308
f 3308 3309 3180
f 3181 3180 3309
f 3309 3310 3181
f 3182 3181 3310
f 3310 3311 3182
f 3183 3182 3311
f 3311 3312 3183
f 3184 3183 3312
f 3312 3313 3184
f 3185 3184 3313
f 3313 3314 3185
f 3186 3185 3314
f 3314 3315 3186
f 3187 3186 3315
f 3315 3316 3187
f 3188 3187 3316
f 3316 3317 3188
f 3189 3188 3317
f 3317 3318 3189
f 3190 3189 3318
f 3318 3319 3190
f 3191 3190 3319
f 3319 3320 3191
f 3192 3191 3320
f 3320 3321 3192
f 3193 3192 3321
f 3321 3322 3193
f 3194 3193 3322
f 3322 3323 3194
f 3195 3194 3323
f 3323 3324 3195
f 3196 3195 3324
f 3324 3325 3196
f 3197 3196 3325
f 3325 3326 3197
f 3198 3197 3326
f 3326 3327 3198
f 3199 3198 3327
f 3327 3328 3199
f 3200 3199 3328
f 3328 3329 3200
f 3201 3200 3329
f 3329 3330 3201
f 3202 3201 3330
f 3330 3331 3202
f 3203 3202 3331
f 3331 3332 3203
f 3204 3203 3332
f 3332 3333 3204
f 3205 3204 3333
f 3333 3334 3205
f 3206 3205 3334
f 3334 3335 3206
f 3207 3206 3335
f 3335 3336 3207
f 3208 3207 3336
f 3336 3337 3208
f 3209 3208 3337
f 3337 3338 3209
f 3210 3209 3338
f 3338 3339 3210
f 3211 3210 3339
f 3339 3340 3211
f 3212 3211 3340
f 3340 3341 3212
f 3213 3212 3341
f 3341 3342 3213
f 3214 3213 3342
f 3342 3343 3214
f 3215 3214 3343
f 3343 3344 3215
f 3216 3215 3344
f 3344 3345 3216
f 3217 3216 3345
f 3345 3346 3217
f 3218 3217 3346
f 3346 3347 3218
f 3219 3218 3347
f 3347 3348 3219
f 3220 3219 3348
f 3348 3349 3220
f 3221 3220 3349
f 3349 3350 3221
f 3222 3221 3350
f 3350 3351 3222
f 3223 3222 3351
f 3351 3352 3223
f 3224 3223 3352
f 3352 3353 3224
f 3225 3224 3353
f 3353 3354 3225
f 3226 3225 3354
f 3354 3355 3226
f 3227 3226 3355
f 3355 3356 3227
f 3228 3227 3356
f 3356 3357 3228
f 3229 3228 3357
f 3357 3358 3229
f 3230 3229 3358
f 3358 3359 3230
f 3231 3230 3359
f 3359 3360 3231
f 3232 3231 3360
f 3360 3361 3232
f 3233 3232 3361
f 3361 3362 3233
f 3234 3233 3362
f 3362 3363 3234
f 3235 3234 3363
f 3363 3364 3235
f 3236 3235 3364
f 3364 3365 3236
f 3237 3236 3365
f 3365 3366 3237
f 3238 3237 3366
f 3366 3367 3238
f 3239 3238 3367
f 3367 3368 3239
f 3240 3239 3368
f 3368 3369 3240
f 3241 3240 3369
f 3369 3370 3241
f 3242 3241 3370
f 3370 3371 3242
f 3243 3242 3371
f 3371 3372 3243
f 3244 3243 3372
f 3372 3373 3244
f 3245 3244 3373
f 3373 3374 3245
f 3246 3245 3374
f 3374 3375 3246
f 3247 3246 3375
f 3375 3376 3247
f 3248 3247 3376
f 3376 3377 3248
f 3249 3248 3377
f 3377 3378 3249
f 3250 3249 3378
f 3378 3379 3250
f 3251 3250 3379
f 3379 3380 3251
f 3252 3251 3380
f 3380 3381 3252
f 3253 3252 3381
f 3381 3382 3253
f 3254 3253 3382
f 3382 3383 3254
f 3255 3254 3383
f 3383 3384 3255
f 3256 3255 3384
f 3384 3385 3256
f 3257 3256 3385
f 3385 3386 3257
f 3258 3257 3386
f 3386 3387 3258
f 3259 3258 3387
f 3387 3388 3259
f 3260 3259 3388
f 3388 3389 3260
f 3261 3260 3389
f 3389 3390 3261
f 3262 3261 3390
f 3390 3391 3262
f 3263 3262 3391
f 3391 3392 3263
f 3264 3263 3392
f 3392 3393 3264
f 3265 3264 3393
f 3393 3394 3265
f 3266 3265 3394
f 3394 3395 3266
f 3267 3266 3395
f 3395 3396 3267
f 3268 3267 3396
f 3396 3397 3268
f 3269 3268 3397
f 3397 3398 3269
f 3270 3269 3398
f 3398 3399 3270
f 3271 3270 3399
f 3399 3400 3271
f 3272 3271 3400
f 3400 3401 3272
f 3273 3272 3401
f 3401 3402 3273
f 3274 3273 3402
f 3402 3403 3274
f 3275 3274 3403
f 3403 3404 3275
f 3276 3275 3404
f 3404 3405 3276
f 3277 3276 3405
f 3405 3406 3277
f 3278 3277 3406
f 3406 3407 3278
f 3280 3279 3408
f 3408 3409 3280
f 3281 3280 3409
f 3409 3410 3281
f 3282 3281 3410
f 3410 3411 3282
f 3283 3282 3411
f 3411 3412 3283
f 3284 3283 3412
f 3412 3413 3284
f 3285 3284 3413
f 3413 3414 3285
f 3286 3285 3414
f 3414 3415 3286
f 3287 3286 3415
f 3415 3416 3287
f 3288 3287 3416
f 3416 3417 3288
f 3289 3288 3417
f 3417 3418 3289
f 3290 3289 3418
f 3418 3419 3290
f 3291 3290 3419
f 3419 3420 3291
f 3292 3291 3420
f 3420 3421 3292
f 3293 3292 3421
f 3421 3422 3293
f 3294 3293 3422
f 3422 3423 3294
f 3295 3294 3423
f 3423 3424 3295
f 3296 3295 3424
f 3424 3425 3296
f 3297 3296 3425
f 3425 3426 3297
f 3298 3297 3426
f 3426 3427 3298
f 3299 3298 3427
f 3427 3428 3299
f 3300 3299 3428
f 3428 3429 3300
f 3301 3300 3429
f 3429 3430 3301
f 3302 3301 3430
f 3430 3431 3302
f 3303 3302 3431
f 3431 3432 3303
f 3304 3303 3432
f 3432 3433 3304
f 3305 3304 3433
f 3433 3434 3305
f 3306 3305 3434
f 3434 3435 3306
f 3307 3306 3435
f 3435 3436 3307
f 3308 3307 3436
f 3436 3437 3308
f 3309 3308 3437
f 3437 3438 3309
f 3310 3309 3438
f 3438 3439 3310
f 3311 3310 3439
f 3439 3440 3311
f 3312 3311 3440
f 3440 3441 3312
f 3313 3312 3441
f 3441 3442 3313
f 3314 3313 3442
f 3442 3443 3314
f 3315 3314 3443
f 3443 3444 3315
f 3316 3315 3444
f 3444 3445 3316
f 3317 3316 3445
f 3445 3446 3317
f 3318 3317 3446
f 3446 3447 3318
f 3319 3318 3447
f 3447 3448 3319
f 3320 3319 3448
f 3448 3449 3320
f 3321 3320 3449
f 3449 3450 3321
f 3322 3321 3450
f 3450 3451 3322
f 3323 3322 3451
f 3451 3452 3323
f 3324 3323 3452
f 3452 3453 3324
f 3325 3324 3453
f 3453 3454 3325
f 3326 3325 3454
f 3454 3455 3326
f 3327 3326 3455
f 3455 3456 3327
f 3328 3327 3456
f 3456 3457 3328
f 3329 3328 3457
f 3457 3458 3329
f 3330 3329 3458
f 3458 3459 3330
f 3331 3330 3459
f 3459 3460 3331
f 3332 3331 3460
f 3460 3461 3332
f 3333 3332 3461
f 3461 3462 3333
f 3334 3333 3462
f 3462 3463 3334
f 3335 3334 3463
f 3463 3464 3335
f 3336 3335 3464
f 3464 3465 3336
f 3337 3336 3465
f 3465 3466 3337
f 3338 3337 3466
f 3466 3467 3338
f 3339 3338 3467
f 3467 3468 3339
f 3340 3339 3468
f 3468 3469 3340
f 3341 3340 3469
f 3469 3470 3341
f 3342 3341 3470
f 3470 3471 3342
f 3343 3342 3471
f 3471 3472 3343
f 3344 3343 3472
f 3472 3473 3344
f 3345 3344 3473
f 3473 3474 3345
f 3346 3345 3474
f 3474 3475 3346
f 3347 3346 3475
f 3475 3476 3347
f 3348 3347 3476
f 3476 3477 3348
f 3349 3348 3477
f 3477 3478 3349
f 3350 3349 3478
f 3478 3479 3350
f 3351 3350 3479
f 3479 3480 3351
f 3352 3351 3480
f 3480 3481 3352
f 3353 3352 3481
f 3481 3482 3353
f 3354 3353 3482
f 3482 3483 3354
f 3355 3354 3483
f 3483 3484 3355
f 3356 3355 3484
f 3484 3485 3356
f 3357 3356 3485
f 3485 3486 3357
f 3358 3357 3486
f 3486 3487 3358
f 3359 3358 3487
f 3487 3488 3359
f 3360 3359 3488
f 3488 3489 3360
f 3361 3360 3489
f 3489 3490 3361
f 3362 3361 3490
f 3490 3491 3362
f 3363 3362 3491
f 3491 3492 3363
f 3364 3363 3492
f 3492 3493 3364
f 3365 3364 3493
f 3493 3494 3365
f 3366 3365 3494
f 3494 3495 3366
f 3367 3366 3495
f 3495 3496 3367
f 3368 3367 3496
f 3496 3497 3368
f 3369 3368 3497
f 3497 3498 3369
f 3370 3369 3498
f 3498 3499 3370
f 3371 3370 3499
f 3499 3500 3371
f 3372 3371 3500
f 3500 3501 3372
f 3373 3372 3501
f 3501 3502 3373
f 3374 3373 3502
f 3502 3503 3374
f 3375 3374 3503
f 3503 3504 3375
f 3376 3375 3504
f 3504 3505 3376
f 3377 3376 3505
f 3505 3506 3377
f 3378 3377 3506
f 3506 3507 3378
f 3379 3378 3507
f 3507 3508 3379
f 3380 3379 3508
f 3508 3509 3380
f 3381 3380 3509
f 3509 3510 3381
f 3382 3381 3510
f 3510 3511 3382
f 3383 3382 3511
f 3511 3512 3383
f 3384 3383 3512
f 3512 3513 3384
f 3385 3384 3513
f 3513 3514 3385
f 3386 3385 3514
f 3514 3515 3386
f 3387 3386 3515
f 3515 3516 3387
f 3388 3387 3516
f 3516 3517 3388
f 3389 3388 3517
f 3517 3518 3389
f 3390 3389 3518
f 3518 3519 3390
f 3391 3390 3519
f 3519 3520 3391
f 3392 3391 3520
f 3520 3521 3392
f 3393 3392 3521
f 3521 3522 3393
f 3394 3393 3522
f 3522 3523 3394
f 3395 3394 3523
f 3523 3524 3395
f 3396 3395 3524
f 3524 3525 3396
f 3397 3396 3525
f 3525 3526 3397
f 3398 3397 3526
f 3526 3527 3398
f 3399 3398 3527
f 3527 3528 3399
f 3400 3399 3528
f 3528 3529 3400
f 3401 3400 3529
f 3529 3530 3401
f 3402 3401 3530
f 3530 3531 3402
f 3403 3402 3531
f 3531 3532 3403
f 3404 3403 3532
f 3532 3533 3404
f 3405 3404 3533
f 3533 3534 3405
f 3406 3405 3534
f 3534 3535 3406
f 3407 3406 3535
f 3535 3536 3407
f 3409 3408 3537
f 3537 3538 3409
f 3410 3409 3538
f 3538 3539 3410
f 3411 3410 3539
f 3539 3540 3411
f 3412 3411 3540
f 3540 3541 3412
f 3413 3412 3541
f 3541 3542 3413
f 3414 3413 3542
f 3542 3543 3414
f 3415 3414 3543
f 3543 3544 3415
f 3416 3415 3544
f 3544 3545 3416
f 3417 3416 3545
f 3545 3546 3417
f 3418 3417 3546
f 3546 3547 3418
f 3419 3418 3547
f 3547 3548 3419
f 3420 3419 3548
f 3548 3549 3420
f 3421 3420 3549
f 3549 3550 3421
f 3422 3421 3550
f 3550 3551 3422
f 3423 3422 3551
f 3551 3552 3423
f 3424 3423 3552
f 3552 3553 3424
f 3425 3424 3553
f 3553 3554 3425
f 3426 3425 3554
f 3554 3555 3426
f 3427 3426 3555
f 3555 3556 3427
f 3428 3427 3556
f 3556 3557 3428
f 3429 3428 3557
f 3557 3558 3429
f 3430 3429 3558
f 3558 3559 3430
f 3431 3430 3559
f 3559 3560 3431
f 3432 3431 3560
f 3560 3561 3432
f 3433 3432 3561
f 3561 3562 3433
f 3434 3433 3562
f 3562 3563 3434
f 3435 3434 3563
f 3563 3564 3435
f 3436 3435 3564
f 3564 3565 3436
f 3437 3436 3565
f 3565 3566 3437
f 3438 3437 3566
f 3566 3567 3438
f 3439 3438 3567
f 3567 3568 3439
f 3440 3439 3568
f 3568 3569 3440
f 3441 3440 3569
f 3569 3570 3441
f 3442 3441 3570
f 3570 3571 3442
f 3443 3442 3571
f 3571 3572 3443
f 3444 3443 3572
f 3572 3573 3444
f 3445 3444 3573
f 3573 3574 3445
f 3446 3445 3574
f 3574 3575 3446
f 3447 3446 3575
f 3575 3576 3447
f 3448 3447 3576
f 3576 3577 3448
f 3449 3448 3577
f 3577 3578 3449
f 3450 3449 3578
f 3578 3579 3450
f 3451 3450 3579
f 3579 3580 3451
f 3452 3451 3580
f 3580 3581 3452
f 3453 3452 3581
f 3581 3582 3453
f 3454 3453 3582
f 3582 3583 3454
f 3455 3454 3583
f 3583 3584 3455
f 3456 3455 3584
f 3584 3585 3456
f 3457 3456 3585
f 3585 3586 3457
f 3458 3457 3586
f 3586 3587 3458
f 3459 3458 3587
f 3587 3588 3459
f 3460 3459 3588
f 3588 3589 3460
f 3461 3460 3589
f 3589 3590 3461
f 3462 3461 3590
f 3590 3591 3462
f 3463 3462 3591
f 3591 3592 3463
f 3464 3463 3592
f 3592 3593 3464
f 3465 3464 3593
f 3593 3594 3465
f 3466 3465 3594
f 3594 3595 3466
f 3467 3466 3595
f 3595 3596 3467
f 3468 3467 3596
f 3596 3597 3468
f 3469 3468 3597
f 3597 3598 3469
f 3470 3469 3598
f 3598 3599 3470
f 3471 3470 3599
f 3599 3600 3471
f 3472 3471 3600
f 3600 3601 3472
f 3473 3472 3601
f 3601 3602 3473
f 3474 3473 3602
f 3602 3603 3474
f 3475 3474 3603
f 3603 3604 3475
f 3476 3475 3604
f 3604 3605 3476
f 3477 3476 3605
f 3605 3606 3477
f 3478 3477 3606
f 3606 3607 3478
f 3479 3478 3607
f 3607 3608 3479
f 3480 3479 3608
f 3608 3609 3480
f 3481 3480 3609
f 3609 3610 3481
f 3482 3481 3610
f 3610 3611 3482
f 3483 3482 3611
f 3611 3612 3483
f 3484 3483 3612
f 3612 3613 3484
f 3485 3484 3613
f 3613 3614 3485
f 3486 3485 3614
f 3614 3615 3486
f 3487 3486 3615
f 3615 3616 3487
f 3488 3487 3616
f 3616 3617 3488
f 3489 3488 3617
f 3617 3618 3489
f 3490 3489 3618
f 3618 3619 3490
f 3491 3490 3619
f 3619 3620 3491
f 3492 3491 3620
f 3620 3621 3492
f 3493 3492 3621
f 3621 3622 3493
f 3494 3493 3622
f 3622 3623 3494
f 3495 3494 3623
f 3623 3624 3495
f 3496 3495 3624
f 3624 3625 3496
f 3497 3496 3625
f 3625 3626 3497
f 3498 3497 3626
f 3626 3627 3498
f 3499 3498 3627
f 3627 3628 3499
f 3500 3499 3628
f 3628 3629 3500
f 3501 3500 3629
f 3629 3630 3501
f 3502 3501 3630
f 3630 3631 3502
f 3503 3502 3631
f 3631 3632 3503
f 3504 3503 3632
f 3632 3633 3504
f 3505 3504 3633
f 3633 3634 3505
f 3506 3505 3634
f 3634 3635 3506
f 3507 3506 3635
f 3635 3636 3507
f 3508 3507 3636
f 3636 3637 3508
f 3509 3508 3637
f 3637 3638 3509
f 3510 3509 3638
f 3638 3639 3510
f 3511 3510 3639
f 3639 3640 3511
f 3512 3511 3640
f 3640 3641 3512
f 3513 3512 3641
f 3641 3642 3513
f 3514 3513 3642
f 3642 3643 3514
f 3515 3514 3643
f 3643 3644 3515
f 3516 3515 3644
f 3644 3645 3516
f 3517 3516 3645
f 3645 3646 3517
f 3518 3517 3646
f 3646 3647 3518
f 3519 3518 3647
f 3647 3648 3519
f 3520 3519 3648
f 3648 3649 3520
f 3521 3520 3649
f 3649 3650 3521
f 3522 3521 3650
f 3650 3651 3522
f 3523 3522 3651
f 3651 3652 3523
f 3524 3523 3652
f 3652 3653 3524
f 3525 3524 3653
f 3653 3654 3525
f 3526 3525 3654
f 3654 3655 3526
f 3527 3526 3655
f 3655 3656 3527
f 3528 3527 3656
f 3656 3657 3528
f 3529 3528 3657
f 3657 3658 3529
f 3530 3529 3658
f 3658 3659 3530
f 3531 3530 3659
f 3659 3660 3531
f 3532 3531 3660
f 3660 3661 3532
f 3533 3532 3661
f 3661 3662 3533
f 3534 3533 3662
f 3662 3663 3534
f 3535 3534 3663
f 3663 3664 3535
f 3536 3535 3664
f 3664 3665 3536
f 3538 3537 3666
f 3666 3667 3538
f 3539 3538 3667
f 3667 3668 3539
f 3540 3539 3668
f 3668 3669 3540
f 3541 3540 3669
f 3669 3670 3541
f 3542 3541 3670
f 3670 3671 3542
f 3543 3542 3671
f 3671 3672 3543
f 3544 3543 3672
f 3672 3673 3544
f 3545 3544 3673
f 3673 3674 3545
f 3546 3545 3674
f 3674 3675 3546
f 3547 3546 3675
f 3675 3676 3547
f 3548 3547 3676
f 3676 3677 3548
f 3549 3548 3677
f 3677 3678 3549
f 3550 3549 3678
f 3678 3679 3550
f 3551 3550 3679
f 3679 3680 3551
f 3552 3551 3680
f 3680 3681 3552
f 3553 3552 3681
f 3681 3682 3553
f 3554 3553 3682
f 3682 3683 3554
f 3555 3554 3683
f 3683 3684 3555
f 3556 3555 3684
f 3684 3685 3556
f 3557 3556 3685
f 3685 3686 3557
f 3558 3557 3686
f 3686 3687 3558
f 3559 3558 3687
f 3687 3688 3559
f 3560 3559 3688
f 3688 3689 3560
f 3561 3560 3689
f 3689 3690 3561
f 3562 3561 3690
f 3690 3691 3562
f 3563 3562 3691
f 3691 3692 3563
f 3564 3563 3692
f 3692 3693 3564
f 3565 3564 3693
f 3693 3694 3565
f 3566 3565 3694
f 3694 3695 3566
f 3567 3566 3695
f 3695 3696 3567
f 3568 3567 3696
f 3696 3697 3568
f 3569 3568 3697
f 3697 3698 3569
f 3570 3569 3698
f 3698 3699 3570
f 3571 3570 3699
f 3699 3700 3571
f 3572 3571 3700
f 3700 3701 3572
f 3573 3572 3701
f 3701 3702 3573
f 3574 3573 3702
f 3702 3703 3574
f 3575 3574 3703
f 3703 3704 3575
f 3576 3575 3704
f 3704 3705 3576
f 3577 3576 3705
f 3705 3706 3577
f 3578 3577 3706
f 3706 3707 3578
f 3579 3578 3707
f 3707 3708 3579
f 3580 3579 3708
f 3708 3709 3580
f 3581 3580 3709
f 3709 3710 3581
f 3582 3581 3710
f 3710 3711 3582
f 3583 3582 3711
f 3711 3712 3583
f 3584 3583 3712
f 3712 3713 3584
f 3585 3584 3713
f 3713 3714 3585
f 3586 3585 3714
f 3714 3715 3586
f 3587 3586 3715
f 3715 3716 3587
f 3588 3587 3716
f 3716 3717 3588
f 3589 3588 3717
f 3717 3718 3589
f 3590 3589 3718
f 3718 3719 3590
f 3591 3590 3719
f 3719 3720 3591
f 3592 3591 3720
f 3720 3721 3592
f 3593 3592 3721
f 3721 3722 3593
f 3594 3593 3722
f 3722 3723 3594
f 3595 3594 3723
f 3723 3724 3595
f 3596 3595 3724
f 3724 3725 3596
f 3597 3596 3725
f 3725 3726 3597
f 3598 3597 3726
f 3726 3727 3598
f 3599 3598 3727
f 3727 3728 3599
f 3600 3599 3728
f 3728 3729 3600
f 3601 3600 3729
f 3729 3730 3601
f 3602 3601 3730
f 3730 3731 3602
f 3603 3602 3731
f 3731 3732 3603
f 3604 3603 3732
f 3732 3733 3604
f 3605 3604 3733
f 3733 3734 3605
f 3606 3605 3734
f 3734 3735 3606
f 3607 3606 3735
f 3735 3736 3607
f 3608 3607 3736
f 3736 3737 3608
f 3609 3608 3737
f 3737 3738 3609
f 3610 3609 3738
f 3738 3739 3610
f 3611 3610 3739
f 3739 3740 3611
f 3612 3611 3740
f 3740 3741 3612
f 3613 3612 3741
f 3741 3742 3613
f 3614 3613 3742
f 3742 3743 3614
f 3615 3614 3743
f 3743 3744 3615
f 3616 3615 3744
f 3744 3745 3616
f 3617 3616 3745
f 3745 3746 3617
f 3618 3617 3746
f 3746 3747 3618
f 3619 3618 3747
f 3747 3748 3619
f 3620 3619 3748
f 3748 3749 3620
f 3621 3620 3749
f 3749 3750 3621
f 3622 3621 3750
f 3750 3751 3622
f 3623 3622 3751
f 3751 3752 3623
f 3624 3623 3752
f 3752 3753 3624
f 3625 3624 3753
f 3753 3754 3625
f 3626 3625 3754
f 3754 3755 3626
f 3627 3626 3755
f 3755 3756 3627
f 3628 3627 3756
f 3756 3757 3628
f 3629 3628 3757
f 3757 3758 3629
f 3630 3629 3758
f 3758 3759 3630
f 3631 3630 3759
f 3759 3760 3631
f 3632 3631 3760
f 3760 3761 3632
f 3633 3632 3761
f 3761 3762 3633
f 3634 3633 3762
f 3762 3763 3634
f 3635 3634 3763
f 3763 3764 3635
f 3636 3635 3764
f 3764 3765 3636
f 3637 3636 3765
f 3765 3766 3637
f 3638 3637 3766
f 3766 3767 3638
f 3639 3638 3767
f 3767 3768 3639
f 3640 3639 3768
f 3768 3769 3640
f 3641 3640 3769
f 3769 3770 3641
f 3642 3641 3770
f 3770 3771 3642
f 3643 3642 3771
f 3771 3772 3643
f 3644 3643 3772
f 3772 3773 3644
f 3645 3644 3773
f 3773 3774 3645
f 3646 3645 3774
f 3774 3775 3646
f 3647 3646 3775
f 3775 3776 3647
f 3648 3647 3776
f 3776 3777 3648
f 3649 3648 3777
f 3777 3778 3649
f 3650 3649 3778
f 3778 3779 3650
f 3651 3650 3779
f 3779 3780 3651
f 3652 3651 3780
f 3780 3781 3652
f 3653 3652 3781
f 3781 3782 3653
f 3654 3653 3782
f 3782 3783 3654
f 3655 3654 3783
f 3783 3784 3655
f 3656 3655 3784
f 3784 3785 3656
f 3657 3656 3785
f 3785 3786 3657
f 3658 3657 3786
f 3786 3787 3658
f 3659 3658 3787
f 3787 3788 3659
f 3660 3659 3788
f 3788 3789 3660
f 3661 3660 3789
f 3789 3790 3661
f 3662 3661 3790
f 3790 3791 3662
f 3663 3662 3791
f 3791 3792 3663
f 3664 3663 3792
f 3792 3793 3664
f 3665 3664 3793
f 3793 3794 3665
f 3667 3666 3795
f 3795 3796 3667
f 3668 3667 3796
f 3796 3797 3668
f 3669 3668 3797
f 3797 3798 3669
f 3670 3669 3798
f 3798 3799 3670
f 3671 3670 3799
f 3799 3800 3671
f 3672 3671 3800
f 3800 3801 3672
f 3673 3672 3801
f 3801 3802 3673
f 3674 3673 3802
f 3802 3803 3674
f 3675 3674 3803
f 3803 3804 3675
f 3676 3675 3804
f 3804 3805 3676
f 3677 3676 3805
f 3805 3806 3677
f 3678 3677 3806
f 3806 3807 3678
f 3679 3678 3807
f 3807 3808 3679
f 3680 3679 3808
f 3808 3809 3680
f 3681 3680 3809
f 3809 3810 3681
f 3682 3681 3810
f 3810 3811 3682
f 3683 3682 3811
f 3811 3812 3683
f 3684 3683 3812
f 3812 3813 3684
f 3685 3684 3813
f 3813 3814 3685
f 3686 3685 3814
f 3814 3815 3686
f 3687 3686 3815
f 3815 3816 3687
f 3688 3687 3816
f 3816 3817 3688
f 3689 3688 3817
f 3817 3818 3689
f 3690 3689 3818
f 3818 3819 3690
f 3691 3690 3819
f 3819 3820 3691
f 3692 3691 3820
f 3820 3821 3692
f 3693 3692 3821
f 3821 3822 3693
f 3694 3693 3822
f 3822 3823 3694
f 3695 3694 3823
f 3823 3824 3695
f 3696 3695 3824
f 3824 3825 3696
f 3697 3696 3825
f 3825 3826 3697
f 3698 3697 3826
f 3826 3827 3698
f 3699 3698 3827
f 3827 3828 3699
f 3700 3699 3828
f 3828 3829 3700
f 3701 3700 3829
f 3829 3830 3701
f 3702 3701 3830
f 3830 3831 3702
f 3703 3702 3831
f 3831 3832 3703
f 3704 3703 3832
f 3832 3833 3704
f 3705 3704 3833
f 3833 3834 3705
f 3706 3705 3834
f 3834 3835 3706
f 3707 3706 3835
f 3835 3836 3707
f 3708 3707 3836
f 3836 3837 3708
f 3709 3708 3837
f 3837 3838 3709
f 3710 3709 3838
f 3838 3839 3710
f 3711 3710 3839
f 3839 3840 3711
f 3712 3711 3840
f 3840 3841 3712
f 3713 3712 3841
f 3841 3842 3713
f 3714 3713 3842
f 3842 3843 3714
f 3715 3714 3843
f 3843 3844 3715
f 3716 3715 3844
f 3844 3845 3716
f 3717 3716 3845
f 3845 3846 3717
f 3718 3717 3846
f 3846 3847 3718
f 3719 3718 3847
f 3847 3848 3719
f 3720 3719 3848
f 3848 3849 3720
f 3721 3720 3849
f 3849 3850 3721
f 3722 3721 3850
f 3850 3851 3722
f 3723 3722 3851
f 3851 3852 3723
f 3724 3723 3852
f 3852 3853 3724
f 3725 3724 3853
f 3853 3854 3725
f 3726 3725 3854
f 3854 3855 3726
f 3727 3726 3855
f 3855 3856 3727
f 3728 3727 3856
f 3856 3857 3728
f 3729 3728 3857
f 3857 3858 3729
f 3730 3729 3858
f 3858 3859 3730
f 3731 3730 3859
f 3859 3860 3731
f 3732 3731 3860
f 3860 3861 3732
f 3733 3732 3861
f 3861 3862 3733
f 3734 3733 3862
f 3862 3863 3734
f 3735 3734 3863
f 3863 3864 3735
f 3736 3735 3864
f 3864 3865 3736
f 3737 3736 3865
f 3865 3866 3737
f 3738 3737 3866
f 3866 3867 3738
f 3739 3738 3867
f 3867 3868 3739
f 3740 3739 3868
f 3868 3869 3740
f 3741 3740 3869
f 3869 3870 3741
f 3742 3741 3870
f 3870 3871 3742
f 3743 3742 3871
f 3871 3872 3743
f 3744 3743 3872
f 3872 3873 3744
f 3745 3744 3873
f 3873 3874 3745
f 3746 3745 3874
f 3874 3875 3746
f 3747 3746 3875
f 3875 3876 3747
f 3748 3747 3876
f 3876 3877 3748
f 3749 3748 3877
f 3877 3878 3749
f 3750 3749 3878
f 3878 3879 3750
f 3751 3750 3879
f 3879 3880 3751
f 3752 3751 3880
f 3880 3881 3752
f 3753 3752 3881
f 3881 3882 3753
f 3754 3753 3882
f 3882 3883 3754
f 3755 3754 3883
f 3883 3884 3755
f 3756 3755 3884
f 3884 3885 3756
f 3757 3756 3885
f 3885 3886 3757
f 3758 3757 3886
f 3886 3887 3758
f 3759 3758 3887
f 3887 3888 3759
f 3760 3759 3888
f 3888 3889 3760
f 3761 3760 3889
f 3889 3890 3761
f 3762 3761 3890
f 3890 3891 3762
f 3763 3762 3891
f 3891 3892 3763
f 3764 3763 3892
f 3892 3893 3764
f 3765 3764 3893
f 3893 3894 3765
f 3766 3765 3894
f 3894 3895 3766
f 3767 3766 3895
f 3895 3896 3767
f 3768 3767 3896
f 3896 3897 3768
f 3769 3768 3897
f 3897 3898 3769
f 3770 3769 3898
f 3898 3899 3770
f 3771 3770 3899
f 3899 3900 3771
f 3772 3771 3900
f 3900 3901 3772
f 3773 3772 3901
f 3901 3902 3773
f 3774 3773 3902
f 3902 3903 3774
f 3775 3774 3903
f 3903 3904 3775
f 3776 3775 3904
f 3904 3905 3776
f 3777 3776 3905
f 3905 3906 3777
f 3778 3777 3906
f 3906 3907 3778
f 3779 3778 3907
f 3907 3908 3779
f 3780 3779 3908
f 3908 3909 3780
f 3781 3780 3909
f 3909 3910 3781
f 3782 3781 3910
f 3910 3911 3782
f 3783 3782 3911
f 3911 3912 3783
f 3784 3783 3912
f 3912 3913 3784
f 3785 3784 3913
f 3913 3914 3785
f 3786 3785 3914
f 3914 3915 3786
f 3787 3786 3915
f 3915 3916 3787
f 3788 3787 3916
f 3916 3917 3788
f 3789 3788 3917
f 3917 3918 3789
f 3790 3789 3918
f 3918 3919 3790
f 3791 3790 3919
f 3919 3920 3791
f 3792 3791 3920
f 3920 3921 3792
f 3793 3792 3921
f 3921 3922 3793
f 3794 3793 3922
f 3922 3923 3794
f 3796 3795 3924
f 3924 3925 3796
f 3797 3796 3925
f 3925 3926 3797
f 3798 3797 3926
f 3926 3927 3798
f 3799 3798 3927
f 3927 3928 3799
f 3800 3799 3928
f 3928 3929 3800
f 3801 3800 3929
f 3929 3930 3801
f 3802 3801 3930
f 3930 3931 3802
f 3803 3802 3931
f 3931 3932 3803
f 3804 3803 3932
f 3932 3933 3804
f 3805 3804 3933
f 3933 3934 3805
f 3806 3805 3934
f 3934 3935 3806
f 3807 3806 3935
f 3935 3936 3807
f 3808 3807 3936
f 3936 3937 3808
f 3809 3808 3937
f 3937 3938 3809
f 3810 3809 3938
f 3938 3939 3810
f 3811 3810 3939
f 3939 3940 3811
f 3812 3811 3940
f 3940 3941 3812
f 3813 3812 3941
f 3941 3942 3813
f 3814 3813 3942
f 3942 3943 3814
f 3815 3814 3943
f 3943 3944 3815
f 3816 3815 3944
f 3944 3945 3816
f 3817 3816 3945
f 3945 3946 3817
f 3818 3817 3946
f 3946 3947 3818
f 3819 3818 3947
f 3947 3948 3819
f 3820 3819 3948
f 3948 3949 3820
f 3821 3820 3949
f 3949 3950 3821
f 3822 3821 3950
f 3950 3951 3822
f 3823 3822 3951
f 3951 3952 3823
f 3824 3823 3952
f 3952 3953 3824
f 3825 3824 3953
f 3953 3954 3825
f 3826 3825 3954
f 3954 3955 3826
f 3827 3826 3955
f 3955 3956 3827
f 3828 3827 3956
f 3956 3957 3828
f 3829 3828 3957
f 3957 3958 3829
f 3830 3829 3958
f 3958 3959 3830
f 3831 3830 3959
f 3959 3960 3831
f 3832 3831 3960
f 3960 3961 3832
f 3833 3832 3961
f 3961 3962 3833
f 3834 3833 3962
f 3962 3963 3834
f 3835 3834 3963
f 3963 3964 3835
f 3836 3835 3964
f 3964 3965 3836
f 3837 3836 3965
f 3965 3966 3837
f 3838 3837 3966
f 3966 3967 3838
f 3839 3838 3967
f 3967 3968 3839
f 3840 3839 3968
f 3968 3969 3840
f 3841 3840 3969
f 3969 3970 3841
f 3842 3841 3970
f 3970 3971 3842
f 3843 3842 3971
f 3971 3972 3843
f 3844 3843 3972
f 3972 3973 3844
f 3845 3844 3973
f 3973 3974 3845
f 3846 3845 3974
f 3974 3975 3846
f 3847 3846 3975
f 3975 3976 3847
f 3848 3847 3976
f 3976 3977 3848
f 3849 3848 3977
f 3977 3978 3849
f 3850 3849 3978
f 3978 3979 3850
f 3851 3850 3979
f 3979 3980 3851
f 3852 3851 3980
f 3980 3981 3852
f 3853 3852 3981
f 3981 3982 3853
f 3854 3853 3982
f 3982 3983 3854
f 3855 3854 3983
f 3983 3984 3855
f 3856 3855 3984
f 3984 3985 3856
f 3857 3856 3985
f 3985 3986 3857
f 3858 3857 3986
f 3986 3987 3858
f 3859 3858 3987
f 3987 3988 3859
f 3860 3859 3988
f 3988 3989 3860
f 3861 3860 3989
f 3989 3990 3861
f 3862 3861 3990
f 3990 3991 3862
f 3863 3862 3991
f 3991 3992 3863
f 3864 3863 3992
f 3992 3993 3864
f 3865 3864 3993
f 3993 3994 3865
f 3866 3865 3994
f 3994 3995 3866
f 3867 3866 3995
f 3995 3996 3867
f 3868 3867 3996
f 3996 3997 3868
f 3869 3868 3997
f 3997 3998 3869
f 3870 3869 3998
f 3998 3999 3870
f 3871 3870 3999
f 3999 4000 3871
f 3872 3871 4000
f 4000 4001 3872
f 3873 3872 4001
f 4001 4002 3873
f 3874 3873 4002
f 4002 4003 3874
f 3875 3874 4003
f 4003 4004 3875
f 3876 3875 4004
f 4004 4005 3876
f 3877 3876 4005
f 4005 4006 3877
f 3878 3877 4006
f 4006 4007 3878
f 3879 3878 4007
f 4007 4008 3879
f 3880 3879 4008
f 4008 4009 3880
f 3881 3880 4009
f 4009 4010 3881
f 3882 3881 4010
f 4010 4011 3882
f 3883 3882 4011
f 4011 4012 3883
f 3884 3883 4012
f 4012 4013 3884
f 3885 3884 4013
f 4013 4014 3885
f 3886 3885 4014
f 4014 4015 3886
f 3887 3886 4015
f 4015 4016 3887
f 3888 3887 4016
f 4016 4017 3888
f 3889 3888 4017
f 4017 4018 3889
f 3890 3889 4018
f 4018 4019 3890
f 3891 3890 4019
f 4019 4020 3891
f 3892 3891 4020
f 4020 4021 3892
f 3893 3892 4021
f 4021 4022 3893
f 3894 3893 4022
f 4022 4023 3894
f 3895 3894 4023
f 4023 4024 3895
f 3896 3895 4024
f 4024 4025 3896
f 3897 3896 4025
f 4025 4026 3897
f 3898 3897 4026
f 4026 4027 3898
f 3899 3898 4027
f 4027 4028 3899
f 3900 3899 4028
f 4028 4029 3900
f 3901 3900 4029
f 4029 4030 3901
f 3902 3901 4030
f 4030 4031 3902
f 3903 3902 4031
f 4031 4032 3903
f 3904 3903 4032
f 4032 4033 3904
f 3905 3904 4033
f 4033 4034 3905
f 3906 3905 4034
f 4034 4035 3906
f 3907 3906 4035
f 4035 4036 3907
f 3908 3907 4036
f 4036 4037 3908
f 3909 3908 4037
f 4037 4038 3909
f 3910 3909 4038
f 4038 4039 3910
f 3911 3910 4039
f 4039 4040 3911
f 3912 3911 4040
f 4040 4041 3912
f 3913 3912 4041
f 4041 4042 3913
f 3914 3913 4042
f 4042 4043 3914
f 3915 3914 4043
f 4043 4044 3915
f 3916 3915 4044
f 4044 4045 3916
f 3917 3916 4045
f 4045 4046 3917
f 3918 3917 4046
f 4046 4047 3918
f 3919 3918 4047
f 4047 4048 3919
f 3920 3919 4048
f 4048 4049 3920
f 3921 3920 4049
f 4049 4050 3921
f 3922 3921 4050
f 4050 4051 3922
f 3923 3922 4051
f 4051 4052 3923
f 3925 3924 4053
f 4053 4054 3925
f 3926 3925 4054
f 4054 4055 3926
f 3927 3926 4055
f 4055 4056 3927
f 3928 3927 4056
f 4056 4057 3928
f 3929 3928 4057
f 4057 4058 3929
f 3930 3929 4058
f 4058 4059 3930
f 3931 3930 4059
f 4059 4060 3931
f 3932 3931 4060
f 4060 4061 3932
f 3933 3932 4061
f 4061 4062 3933
f 3934 3933 4062
f 4062 4063 3934
f 3935 3934 4063
f 4063 4064 3935
f 3936 3935 4064
f 4064 4065 3936
f 3937 3936 4065
f 4065 4066 3937
f 3938 3937 4066
f 4066 4067 3938
f 3939 3938 4067
f 4067 4068 3939
f 3940 3939 4068
f 4068 4069 3940
f 3941 3940 4069
f 4069 4070 3941
f 3942 3941 4070
f 4070 4071 3942
f 3943 3942 4071
f 4071 4072 3943
f 3944 3943 4072
f 4072 4073 3944
f 3945 3944 4073
f 4073 4074 3945
f 3946 3945 4074
f 4074 4075 3946
f 3947 3946 4075
f 4075 4076 3947
f 3948 3947 4076
f 4076 4077 3948
f 3949 3948 4077
f 4077 4078 3949
f 3950 3949 4078
f 4078 4079 3950
f 3951 3950 4079
f 4079 4080 3951
f 3952 3951 4080
f 4080 4081 3952
f 3953 3952 4081
f 4081 4082 3953
f 3954 3953 4082
f 4082 4083 3954
f 3955 3954 4083
f 4083 4084 3955
f 3956 3955 4084
f 4084 4085 3956
f 3957 3956 4085
f 4085 4086 3957
f 3958 3957 4086
f 4086 4087 3958
f 3959 3958 4087
f 4087 4088 3959
f 3960 3959 4088
f 4088 4089 3960
f 3961 3960 4089
f 4089 4090 3961
f 3962 3961 4090
f 4090 4091 3962
f 3963 3962 4091
f 4091 4092 3963
f 3964 3963 4092
f 4092 4093 3964
f 3965 3964 4093
f 4093 4094 3965
f 3966 3965 4094
f 4094 4095 3966
f 3967 3966 4095
f 4095 4096 3967
f 3968 3967 4096
f 4096 4097 3968
f 3969 3968 4097
f 4097 4098 3969
f 3970 3969 4098
f 4098 4099 3970
f 3971 3970 4099
f 4099 4100 3971
f 3972 3971 4100
f 4100 4101 3972
f 3973 3972 4101
f 4101 4102 3973
f 3974 3973 4102
f 4102 4103 3974
f 3975 3974 4103
f 4103 4104 3975
f 3976 3975 4104
f 4104 4105 3976
f 3977 3976 4105
f 4105 4106 3977
f 3978 3977 4106
f 4106 4107 3978
f 3979 3978 4107
f 4107 4108 3979
f 3980 3979 4108
f 4108 4109 3980
f 3981 3980 4109
f 4109 4110 3981
f 3982 3981 4110
f 4110 4111 3982
f 3983 3982 4111
f 4111 4112 3983
f 3984 3983 4112
f 4112 4113 3984
f 3985 3984 4113
f 4113 4114 3985
f 3986 3985 4114
f 4114 4115 3986
f 3987 3986 4115
f 4115 4116 3987
f 3988 3987 4116
f 4116 4117 3988
f 3989 3988 4117
f 4117 4118 3989
f 3990 3989 4118
f 4118 4119 3990
f 3991 3990 4119
f 4119 4120 3991
f 3992 3991 4120
f 4120 4121 3992
f 3993 3992 4121
f 4121 4122 3993
f 3994 3993 4122
f 4122 4123 3994
f 3995 3994 4123
f 4123 4124 3995
f 3996 3995 4124
f 4124 4125 3996
f 3997 3996 4125
f 4125 4126 3997
f 3998 3997 4126
f 4126 4127 3998
f 3999 3998 4127
f 4127 4128 3999
f 4000 3999 4128
f 4128 4129 4000
f 4001 4000 4129
f 4129 4130 4001
f 4002 4001 4130
f 4130 4131 4002
f 4003 4002 4131
f 4131 4132 4003
f 4004 4003 4132
f 4132 4133 4004
f 4005 4004 4133
f 4133 4134 4005
f 4006 4005 4134
f 4134 4135 4006
f 4007 4006 4135
f 4135 4136 4007
f 4008 4007 4136
f 4136 4137 4008
f 4009 4008 4137
f 4137 4138 4009
f 4010 4009 4138
f 4138 4139 4010
f 4011 4010 4139
f 4139 4140 4011
f 4012 4011 4140
f 4140 4141 4012
f 4013 4012 4141
f 4141 4142 4013
f 4014 4013 4142
f 4142 4143 4014
f 4015 4014 4143
f 4143 4144 4015
f 4016 4015 4144
f 4144 4145 4016
f 4017 4016 4145
f 4145 4146 4017
f 4018 4017 4146
f 4146 4147 4018
f 4019 4018 4147
f 4147 4148 4019
f 4020 4019 4148
f 4148 4149 4020
f 4021 4020 4149
f 4149 4150 4021
f 4022 4021 4150
f 4150 4151 4022
f 4023 4022 4151
f 4151 4152 4023
f 4024 4023 4152
f 4152 4153 4024
f 4025 4024 4153
f 4153 4154 4025
f 4026 4025 4154
f 4154 4155 4026
f 4027 4026 4155
f 4155 4156 4027
f 4028 4027 4156
f 4156 4157 4028
f 4029 4028 4157
f 4157 4158 4029
f 4030 4029 4158
f 4158 4159 4030
f 4031 4030 4159
f 4159 4160 4031
f 4032 4031 4160
f 4160 4161 4032
f 4033 4032 4161
f 4161 4162 4033
f 4034 4033 4162
f 4162 4163 4034
f 4035 4034 4163
f 4163 4164 4035
f 4036 4035 4164
f 4164 4165 4036
f 4037 4036 4165
f 4165 4166 4037
f 4038 4037 4166
f 4166 4167 4038
f 4039 4038 4167
f 4167 4168 4039
f 4040 4039 4168
f 4168 4169 4040
f 4041 4040 4169
f 4169 4170 4041
f 4042 4041 4170
f 4170 4171 4042
f 4043 4042 4171
f 4171 4172 4043
f 4044 4043 4172
f 4172 4173 4044
f 4045 4044 4173
f 4173 4174 4045
f 4046 4045 4174
f 4174 4175 4046
f 4047 4046 4175
f 4175 4176 4047
f 4048 4047 4176
f 4176 4177 4048
f 4049 4048 4177
f 4177 4178 4049
f 4050 4049 4178
f 4178 4179 4050
f 4051 4050 4179
f 4179 4180 4051
f 4052 4051 4180
f 4180 4181 4052
f 4054 4053 4182
f 4182 4183 4054
f 4055 4054 4183
f 4183 4184 4055
f 4056 4055 4184
f 4184 4185 4056
f 4057 4056 4185
f 4185 4186 4057
f 4058 4057 4186
f 4186 4187 4058
f 4059 4058 4187
f 4187 4188 4059
f 4060 4059 4188
f 4188 4189 4060
f 4061 4060 4189
f 4189 4190 4061
f 4062 4061 4190
f 4190 4191 4062
f 4063 4062 4191
f 4191 4192 4063
f 4064 4063 4192
f 4192 4193 4064
f 4065 4064 4193
f 4193 4194 4065
f 4066 4065 4194
f 4194 4195 4066
f 4067 4066 4195
f 4195 4196 4067
f 4068 4067 4196
f 4196 4197 4068
f 4069 4068 4197
f 4197 4198 4069
f 4070 4069 4198
f 4198 4199 4070
f 4071 4070 4199
f 4199 4200 4071
f 4072 4071 4200
f 4200 4201 4072
f 4073 4072 4201
f 4201 4202 4073
f 4074 4073 4202
f 4202 4203 4074
f 4075 4074 4203
f 4203 4204 4075
f 4076 4075 4204
f 4204 4205 4076
f 4077 4076 4205
f 4205 4206 4077
f 4078 4077 4206
f 4206 4207 4078
f 4079 4078 4207
f 4207 4208 4079
f 4080 4079 4208
f 4208 4209 4080
f 4081 4080 4209
f 4209 4210 4081
f 4082 4081 4210
f 4210 4211 4082
f 4083 4082 4211
f 4211 4212 4083
f 4084 4083 4212
f 4212 4213 4084
f 4085 4084 4213
f 4213 4214 4085
f 4086 4085 4214
f 4214 4215 4086
f 4087 4086 4215
f 4215 4216 4087
f 4088 4087 4216
f 4216 4217 4088
f 4089 4088 4217
f 4217 4218 4089
f 4090 4089 4218
f 4218 4219 4090
f 4091 4090 4219
f 4219 4220 4091
f 4092 4091 4220
f 4220 4221 4092
f 4093 4092 4221
f 4221 4222 4093
f 4094 4093 4222
f 4222 4223 4094
f 4095 4094 4223
f 4223 4224 4095
f 4096 4095 4224
f 4224 4225 4096
f 4097 4096 4225
f 4225 4226 4097
f 4098 4097 4226
f 4226 4227 4098
f 4099 4098 4227
f 4227 4228 4099
f 4100 4099 4228
f 4228 4229 4100
f 4101 4100 4229
f 4229 4230 4101
f 4102 4101 4230
f 4230 4231 4102
f 4103 4102 4231
f 4231 4232 4103
f 4104 4103 4232
f 4232 4233 4104
f 4105 4104 4233
f 4233 4234 4105
f 4106 4105 4234
f 4234 4235 4106
f 4107 4106 4235
f 4235 4236 4107
f 4108 4107 4236
f 4236 4237 4108
f 4109 4108 4237
f 4237 4238 4109
f 4110 4109 4238
f 4238 4239 4110
f 4111 4110 4239
f 4239 4240 4111
f 4112 4111 4240
f 4240 4241 4112
f 4113 4112 4241
f 4241 4242 4113
f 4114 4113 4242
f 4242 4243 4114
f 4115 4114 4243
f 4243 4244 4115
f 4116 4115 4244
f 4244 4245 4116
f 4117 4116 4245
f 4245 4246 4117
f 4118 4117 4246
f 4246 4247 4118
f 4119 4118 4247
f 4247 4248 4119
f 4120 4119 4248
f 4248 4249 4120
f 4121 4120 4249
f 4249 4250 4121
f 4122 4121 4250
f 4250 4251 4122
f 4123 4122 4251
f 4251 4252 4123
f 4124 4123 4252
f 4252 4253 4124
f 4125 4124 4253
f 4253 4254 4125
f 4126 4125 4254
f 4254 4255 4126
f 4127 4126 4255
f 4255 4256 4127
f 4128 4127 4256
f 4256 4257 4128
f 4129 4128 4257
f 4257 4258 4129
f 4130 4129 4258
f 4258 4259 4130
f 4131 4130 4259
f 4259 4260 4131
f 4132 4131 4260
f 4260 4261 4132
f 4133 4132 4261
f 4261 4262 4133
f 4134 4133 4262
f 4262 4263 4134
f 4135 4134 4263
f 4263 4264 4135
f 4136 4135 4264
f 4264 4265 4136
f 4137 4136 4265
f 4265 4266 4137
f 4138 4137 4266
f 4266 4267 4138
f 4139 4138 4267
f 4267 4268 4139
f 4140 4139 4268
f 4268 4269 4140
f 4141 4140 4269
f 4269 4270 4141
f 4142 4141 4270
f 4270 4271 4142
f 4143 4142 4271
f 4271 4272 4143
f 4144 4143 4272
f 4272 4273 4144
f 4145 4144 4273
f 4273 4274 4145
f 4146 4145 4274
f 4274 4275 4146
f 4147 4146 4275
f 4275 4276 4147
f 4148 4147 4276
f 4276 4277 4148
f 4149 4148 4277
f 4277 4278 4149
f 4150 4149 4278
f 4278 4279 4150
f 4151 4150 4279
f 4279 4280 4151
f 4152 4151 4280
f 4280 4281 4152
f 4153 4152 4281
f 4281 4282 4153
f 4154 4153 4282
f 4282 4283 4154
f 4155 4154 4283
f 4283 4284 4155
f 4156 4155 4284
f 4284 4285 4156
f 4157 4156 4285
f 4285 4286 4157
f 4158 4157 4286
f 4286 4287 4158
f 4159 4158 4287
f 4287 4288 4159
f 4160 4159 4288
f 4288 4289 4160
f 4161 4160 4289
f 4289 4290 4161
f 4162 4161 4290
f 4290 4291 4162
f 4163 4162 4291
f 4291 4292 4163
f 4164 4163 4292
f 4292 4293 4164
f 4165 4164 4293
f 4293 4294 4165
f 4166 4165 4294
f 4294 4295 4166
f 4167 4166 4295
f 4295 4296 4167
f 4168 4167 4296
f 4296 4297 4168
f 4169 4168 4297
f 4297 4298 4169
f 4170 4169 4298
f 4298 4299 4170
f 4171 4170 4299
f 4299 4300 4171
f 4172 4171 4300
f 4300 4301 4172
f 4173 4172 4301
f 4301 4302 4173
f 4174 4173 4302
f 4302 4303 4174
f 4175 4174 4303
f 4303 4304 4175
f 4176 4175 4304
f 4304 4305 4176
f 4177 4176 4305
f 4305 4306 4177
f 4178 4177 4306
f 4306 4307 4178
f 4179 4178 4307
f 4307 4308 4179
f 4180 4179 4308
f 4308 4309 4180
f 4181 4180 4309
f 4309 4310 4181
f 4183 4182 4311
f 4311 4312 4183
f 4184 4183 4312
f 4312 4313 4184
f 4185 4184 4313
f 4313 4314 4185
f 4186 4185 4314
f 4314 4315 4186
f 4187 4186 4315
f 4315 4316 4187
f 4188 4187 4316
f 4316 4317 4188
f 4189 4188 4317
f 4317 4318 4189
f 4190 4189 4318
f 4318 4319 4190
f 4191 4190 4319
f 4319 4320 4191
f 4192 4191 4320
f 4320 4321 4192
f 4193 4192 4321
f 4321 4322 4193
f 4194 4193 4322
f 4322 4323 4194
f 4195 4194 4323
f 4323 4324 4195
f 4196 4195 4324
f 4324 4325 4196
f 4197 4196 4325
f 4325 4326 4197
f 4198 4197 4326
f 4326 4327 4198
f 4199 4198 4327
f 4327 4328 4199
f 4200 4199 4328
f 4328 4329 4200
f 4201 4200 4329
f 4329 4330 4201
f 4202 4201 4330
f 4330 4331 4202
f 4203 4202 4331
f 4331 4332 4203
f 4204 4203 4332
f 4332 4333 4204
f 4205 4204 4333
f 4333 4334 4205
f 4206 4205 4334
f 4334 4335 4206
f 4207 4206 4335
f 4335 4336 4207
f 4208 4207 4336
f 4336 4337 4208
f 4209 4208 4337
f 4337 4338 4209
f 4210 4209 4338
f 4338 4339 4210
f 4211 4210 4339
f 4339 4340 4211
f 4212 4211 4340
f 4340 4341 4212
f 4213 4212 4341
f 4341 4342 4213
f 4214 4213 4342
f 4342 4343 4214
f 4215 4214 4343
f 4343 4344 4215
f 4216 4215 4344
f 4344 4345 4216
f 4217 4216 4345
f 4345 4346 4217
f 4218 4217 4346
f 4346 4347 4218
f 4219 4218 4347
f 4347 4348 4219
f 4220 4219 4348
f 4348 4349 4220
f 4221 4220 4349
f 4349 4350 4221
f 4222 4221 4350
f 4350 4351 4222
f 4223 4222 4351
f 4351 4352 4223
f 4224 4223 4352
f 4352 4353 4224
f 4225 4224 4353
f 4353 4354 4225
f 4226 4225 4354
f 4354 4355 4226
f 4227 4226 4355
f 4355 4356 4227
f 4228 4227 4356
f 4356 4357 4228
f 4229 4228 4357
f 4357 4358 4229
f 4230 4229 4358
f 4358 4359 4230
f 4231 4230 4359
f 4359 4360 4231
f 4232 4231 4360
f 4360 4361 4232
f 4233 4232 4361
f 4361 4362 4233
f 4234 4233 4362
f 4362 4363 4234
f 4235 4234 4363
f 4363 4364 4235
f 4236 4235 4364
f 4364 4365 4236
f 4237 4236 4365
f 4365 4366 4237
f 4238 4237 4366
f 4366 4367 4238
f 4239 4238 4367
f 4367 4368 4239
f 4240 4239 4368
f 4368 4369 4240
f 4241 4240 4369
f 4369 4370 4241
f 4242 4241 4370
f 4370 4371 4242
f 4243 4242 4371
f 4371 4372 4243
f 4244 4243 4372
f 4372 4373 4244
f 4245 4244 4373
f 4373 4374 4245
f 4246 4245 4374
f 4374 4375 4246
f 4247 4246 4375
f 4375 4376 4247
f 4248 4247 4376
f 4376 4377 4248
f 4249 4248 4377
f 4377 4378 4249
f 4250 4249 4378
f 4378 4379 4250
f 4251 4250 4379
f 4379 4380 4251
f 4252 4251 4380
f 4380 4381 4252
f 4253 4252 4381
f 4381 4382 4253
f 4254 4253 4382
f 4382 4383 4254
f 4255 4254 4383
f 4383 4384 4255
f 4256 4255 4384
f 4384 4385 4256
f 4257 4256 4385
f 4385 4386 4257
f 4258 4257 4386
f 4386 4387 4258
f 4259 4258 4387
f 4387 4388 4259
f 4260 4259 4388
f 4388 4389 4260
f 4261 4260 4389
f 4389 4390 4261
f 4262 4261 4390
f 4390 4391 4262
f 4263 4262 4391
f 4391 4392 4263
f 4264 4263 4392
f 4392 4393 4264
f 4265 4264 4393
f 4393 4394 4265
f 4266 4265 4394
f 4394 4395 4266
f 4267 4266 4395
f 4395 4396 4267
f 4268 4267 4396
f 4396 4397 4268
f 4269 4268 4397
f 4397 4398 4269
f 4270 4269 4398
f 4398 4399 4270
f 4271 4270 4399
f 4399 4400 4271
f 4272 4271 4400
f 4400 4401 4272
f 4273 4272 4401
f 4401 4402 4273
f 4274 4273 4402
f 4402 4403 4274
f 4275 4274 4403
f 4403 4404 4275
f 4276 4275 4404
f 4404 4405 4276
f 4277 4276 4405
f 4405 4406 4277
f 4278 4277 4406
f 4406 4407 4278
f 4279 4278 4407
f 4407 4408 4279
f 4280 4279 4408
f 4408 4409 4280
f 4281 4280 4409
f 4409 4410 4281
f 4282 4281 4410
f 4410 4411 4282
f 4283 4282 4411
f 4411 4412 4283
f 4284 4283 4412
f 4412 4413 4284
f 4285 4284 4413
f 4413 4414 4285
f 4286 4285 4414
f 4414 4415 4286
f 4287 4286 4415
f 4415 4416 4287
f 4288 4287 4416
f 4416 4417 4288
f 4289 4288 4417
f 4417 4418 4289
f 4290 4289 4418
f 4418 4419 4290
f 4291 4290 4419
f 4419 4420 4291
f 4292 4291 4420
f 4420 4421 4292
f 4293 4292 4421
f 4421 4422 4293
f 4294 4293 4422
f 4422 4423 4294
f 4295 4294 4423
f 4423 4424 4295
f 4296 4295 4424
f 4424 4425 4296
f 4297 4296 4425
f 4425 4426 4297
f 4298 4297 4426
f 4426 4427 4298
f 4299 4298 4427
f 4427 4428 4299
f 4300 4299 4428
f 4428 4429 4300
f 4301 4300 4429
f 4429 4430 4301
f 4302 4301 4430
f 4430 4431 4302
f 4303 4302 4431
f 4431 4432 4303
f 4304 4303 4432
f 4432 4433 4304
f 4305 4304 4433
f 4433 4434 4305
f 4306 4305 4434
f 4434 4435 4306
f 4307 4306 4435
f 4435 4436 4307
f 4308 4307 4436
f 4436 4437 4308
f 4309 4308 4437
f 4437 4438 4309
f 4310 4309 4438
f 4438 4439 4310
f 4312 4311 4440
f 4440 4441 4312
f 4313 4312 4441
f 4441 4442 4313
f 4314 4313 4442
f 4442 4443 4314
f 4315 4314 4443
f 4443 4444 4315
f 4316 4315 4444
f 4444 4445 4316
f 4317 4316 4445
f 4445 4446 4317
f 4318 4317 4446
f 4446 4447 4318
f 4319 4318 4447
f 4447 4448 4319
f 4320 4319 4448
f 4448 4449 4320
f 4321 4320 4449
f 4449 4450 4321
f 4322 4321 4450
f 4450 4451 4322
f 4323 4322 4451
f 4451 4452 4323
f 4324 4323 4452
f 4452 4453 4324
f 4325 4324 4453
f 4453 4454 4325
f 4326 4325 4454
f 4454 4455 4326
f 4327 4326 4455
f 4455 4456 4327
f 4328 4327 4456
f 4456 4457 4328
f 4329 4328 4457
f 4457 4458 4329
f 4330 4329 4458
f 4458 4459 4330
f 4331 4330 4459
f 4459 4460 4331
f 4332 4331 4460
f 4460 4461 4332
f 4333 4332 4461
f 4461 4462 4333
f 4334 4333 4462
f 4462 4463 4334
f 4335 4334 4463
f 4463 4464 4335
f 4336 4335 4464
f 4464 4465 4336
f 4337 4336 4465
f 4465 4466 4337
f 4338 4337 4466
f 4466 4467 4338
f 4339 4338 4467
f 4467 4468 4339
f 4340 4339 4468
f 4468 4469 4340
f 4341 4340 4469
f 4469 4470 4341
f 4342 4341 4470
f 4470 4471 4342
f 4343 4342 4471
f 4471 4472 4343
f 4344 4343 4472
f 4472 4473 4344
f 4345 4344 4473
f 4473 4474 4345
f 4346 4345 4474
f 4474 4475 4346
f 4347 4346 4475
f 4475 4476 4347
f 4348 4347 4476
f 4476 4477 4348
f 4349 4348 4477
f 4477 4478 4349
f 4350 4349 4478
f 4478 4479 4350
f 4351 4350 4479
f 4479 4480 4351
f 4352 4351 4480
f 4480 4481 4352
f 4353 4352 4481
f 4481 4482 4353
f 4354 4353 4482
f 4482 4483 4354
f 4355 4354 4483
f 4483 4484 4355
f 4356 4355 4484
f 4484 4485 4356
f 4357 4356 4485
f 4485 4486 4357
f 4358 4357 4486
f 4486 4487 4358
f 4359 4358 4487
f 4487 4488 4359
f 4360 4359 4488
f 4488 4489 4360
f 4361 4360 4489
f 4489 4490 4361
f 4362 4361 4490
f 4490 4491 4362
f 4363 4362 4491
f 4491 4492 4363
f 4364 4363 4492
f 4492 4493 4364
f 4365 4364 4493
f 4493 4494 4365
f 4366 4365 4494
f 4494 4495 4366
f 4367 4366 4495
f 4495 4496 4367
f 4368 4367 4496
f 4496 4497 4368
f 4369 4368 4497
f 4497 4498 4369
f 4370 4369 4498
f 4498 4499 4370
f 4371 4370 4499
f 4499 4500 4371
f 4372 4371 4500
f 4500 4501 4372
f 4373 4372 4501
f 4501 4502 4373
f 4374 4373 4502
f 4502 4503 4374
f 4375 4374 4503
f 4503 4504 4375
f 4376 4375 4504
f 4504 4505 4376
f 4377 4376 4505
f 4505 4506 4377
f 4378 4377 4506
f 4506 4507 4378
f 4379 4378 4507
f 4507 4508 4379
f 4380 4379 4508
f 4508 4509 4380
f 4381 4380 4509
f 4509 4510 4381
f 4382 4381 4510
f 4510 4511 4382
f 4383 4382 4511
f 4511 4512 4383
f 4384 4383 4512
f 4512 4513 4384
f 4385 4384 4513
f 4513 4514 4385
f 4386 4385 4514
f 4514 4515 4386
f 4387 4386 4515
f 4515 4516 4387
f 4388 4387 4516
f 4516 4517 4388
f 4389 4388 4517
f 4517 4518 4389
f 4390 4389 4518
f 4518 4519 4390
f 4391 4390 4519
f 4519 4520 4391
f 4392 4391 4520
f 4520 4521 4392
f 4393 4392 4521
f 4521 4522 4393
f 4394 4393 4522
f 4522 4523 4394
f 4395 4394 4523
f 4523 4524 4395
f 4396 4395 4524
f 4524 4525 4396
f 4397 4396 4525
f 4525 4526 4397
f 4398 4397 4526
f 4526 4527 4398
f 4399 4398 4527
f 4527 4528 4399
f 4400 4399 4528
f 4528 4529 4400
f 4401 4400 4529
f 4529 4530 4401
f 4402 4401 4530
f 4530 4531 4402
f 4403 4402 4531
f 4531 4532 4403
f 4404 4403 4532
f 4532 4533 4404
f 4405 4404 4533
f 4533 4534 4405
f 4406 4405 4534
f 4534 4535 4406
f 4407 4406 4535
f 4535 4536 4407
f 4408 4407 4536
f 4536 4537 4408
f 4409 4408 4537
f 4537 4538 4409
f 4410 4409 4538
f 4538 4539 4410
f 4411 4410 4539
f 4539 4540 4411
f 4412 4411 4540
f 4540 4541 4412
f 4413 4412 4541
f 4541 4542 4413
f 4414 4413 4542
f 4542 4543 4414
f 4415 4414 4543
f 4543 4544 4415
f 4416 4415 4544
f 4544 4545 4416
f 4417 4416 4545
f 4545 4546 4417
f 4418 4417 4546
f 4546 4547 4418
f 4419 4418 4547
f 4547 4548 4419
f 4420 4419 4548
f 4548 4549 4420
f 4421 4420 4549
f 4549 4550 4421
f 4422 4421 4550
f 4550 4551 4422
f 4423 4422 4551
f 4551 4552 4423
f 4424 4423 4552
f 4552 4553 4424
f 4425 4424 4553
f 4553 4554 4425
f 4426 4425 4554
f 4554 4555 4426
f 4427 4426 4555
f 4555 4556 4427
f 4428 4427 4556
f 4556 4557 4428
f 4429 4428 4557
f 4557 4558 4429
f 4430 4429 4558
f 4558 4559 4430
f 4431 4430 4559
f 4559 4560 4431
f 4432 4431 4560
f 4560 4561 4432
f 4433 4432 4561
f 4561 4562 4433
f 4434 4433 4562
f 4562 4563 4434
f 4435 4434 4563
f 4563 4564 4435
f 4436 4435 4564
f 4564 4565 4436
f 4437 4436 4565
f 4565 4566 4437
f 4438 4437 4566
f 4566 4567 4438
f 4439 4438 4567
f 4567 4568 4439
f 4441 4440 4569
f 4569 4570 4441
f 4442 4441 4570
f 4570 4571 4442
f 4443 4442 4571
f 4571 4572 4443
f 4444 4443 4572
f 4572 4573 4444
f 4445 4444 4573
f 4573 4574 4445
f 4446 4445 4574
f 4574 4575 4446
f 4447 4446 4575
f 4575 4576 4447
f 4448 4447 4576
f 4576 4577 4448
f 4449 4448 4577
f 4577 4578 4449
f 4450 4449 4578
f 4578 4579 4450
f 4451 4450 4579
f 4579 4580 4451
f 4452 4451 4580
f 4580 4581 4452
f 4453 4452 4581
f 4581 4582 4453
f 4454 4453 4582
f 4582 4583 4454
f 4455 4454 4583
f 4583 4584 4455
f 4456 4455 4584
f 4584 4585 4456
f 4457 4456 4585
f 4585 4586 4457
f 4458 4457 4586
f 4586 4587 4458
f 4459 4458 4587
f 4587 4588 4459
f 4460 4459 4588
f 4588 4589 4460
f 4461 4460 4589
f 4589 4590 4461
f 4462 4461 4590
f 4590 4591 4462
f 4463 4462 4591
f 4591 4592 4463
f 4464 4463 4592
f 4592 4593 4464
f 4465 4464 4593
f 4593 4594 4465
f 4466 4465 4594
f 4594 4595 4466
f 4467 4466 4595
f 4595 4596 4467
f 4468 4467 4596
f 4596 4597 4468
f 4469 4468 4597
f 4597 4598 4469
f 4470 4469 4598
f 4598 4599 4470
f 4471 4470 4599
f 4599 4600 4471
f 4472 4471 4600
f 4600 4601 4472
f 4473 4472 4601
f 4601 4602 4473
f 4474 4473 4602
f 4602 4603 4474
f 4475 4474 4603
f 4603 4604 4475
f 4476 4475 4604
f 4604 4605 4476
f 4477 4476 4605
f 4605 4606 4477
f 4478 4477 4606
f 4606 4607 4478
f 4479 4478 4607
f 4607 4608 4479
f 4480 4479 4608
f 4608 4609 4480
f 4481 4480 4609
f 4609 4610 4481
f 4482 4481 4610
f 4610 4611 4482
f 4483 4482 4611
f 4611 4612 4483
f 4484 4483 4612
f 4612 4613 4484
f 4485 4484 4613
f 4613 4614 4485
f 4486 4485 4614
f 4614 4615 4486
f 4487 4486 4615
f 4615 4616 4487
f 4488 4487 4616
f 4616 4617 4488
f 4489 4488 4617
f 4617 4618 4489
f 4490 4489 4618
f 4618 4619 4490
f 4491 4490 4619
f 4619 4620 4491
f 4492 4491 4620
f 4620 4621 4492
f 4493 4492 4621
f 4621 4622 4493
f 4494 4493 4622
f 4622 4623 4494
f 4495 4494 4623
f 4623 4624 4495
f 4496 4495 4624
f 4624 4625 4496
f 4497 4496 4625
f 4625 4626 4497
f 4498 4497 4626
f 4626 4627 4498
f 4499 4498 4627
f 4627 4628 4499
f 4500 4499 4628
f 4628 4629 4500
f 4501 4500 4629
f 4629 4630 4501
f 4502 4501 4630
f 4630 4631 4502
f 4503 4502 4631
f 4631 4632 4503
f 4504 4503 4632
f 4632 4633 4504
f 4505 4504 4633
f 4633 4634 4505
f 4506 4505 4634
f 4634 4635 4506
f 4507 4506 4635
f 4635 4636 4507
f 4508 4507 4636
f 4636 4637 4508
f 4509 4508 4637
f 4637 4638 4509
f 4510 4509 4638
f 4638 4639 4510
f 4511 4510 4639
f 4639 4640 4511
f 4512 4511 4640
f 4640 4641 4512
f 4513 4512 4641
f 4641 4642 4513
f 4514 4513 4642
f 4642 4643 4514
f 4515 4514 4643
f 4643 4644 4515
f 4516 4515 4644
f 4644 4645 4516
f 4517 4516 4645
f 4645 4646 4517
f 4518 4517 4646
f 4646 4647 4518
f 4519 4518 4647
f 4647 4648 4519
f 4520 4519 4648
f 4648 4649 4520
f 4521 4520 4649
f 4649 4650 4521
f 4522 4521 4650
f 4650 4651 4522
f 4523 4522 4651
f 4651 4652 4523
f 4524 4523 4652
f 4652 4653 4524
f 4525 4524 4653
f 4653 4654 4525
f 4526 4525 4654
f 4654 4655 4526
f 4527 4526 4655
f 4655 4656 4527
f 4528 4527 4656
f 4656 4657 4528
f 4529 4528 4657
f 4657 4658 4529
f 4530 4529 4658
f 4658 4659 4530
f 4531 4530 4659
f 4659 4660 4531
f 4532 4531 4660
f 4660 4661 4532
f 4533 4532 4661
f 4661 4662 4533
f 4534 4533 4662
f 4662 4663 4534
f 4535 4534 4663
f 4663 4664 4535
f 4536 4535 4664
f 4664 4665 4536
f 4537 4536 4665
f 4665 4666 4537
f 4538 4537 4666
f 4666 4667 4538
f 4539 4538 4667
f 4667 4668 4539
f 4540 4539 4668
f 4668 4669 4540
f 4541 4540 4669
f 4669 4670 4541
f 4542 4541 4670
f 4670 4671 4542
f 4543 4542 4671
f 4671 4672 4543
f 4544 4543 4672
f 4672 4673 4544
f 4545 4544 4673
f 4673 4674 4545
f 4546 4545 4674
f 4674 4675 4546
f 4547 4546 4675
f 4675 4676 4547
f 4548 4547 4676
f 4676 4677 4548
f 4549 4548 4677
f 4677 4678 4549
f 4550 4549 4678
f 4678 4679 4550
f 4551 4550 4679
f 4679 4680 4551
f 4552 4551 4680
f 4680 4681 4552
f 4553 4552 4681
f 4681 4682 4553
f 4554 4553 4682
f 4682 4683 4554
f 4555 4554 4683
f 4683 4684 4555
f 4556 4555 4684
f 4684 4685 4556
f 4557 4556 4685
f 4685 4686 4557
f 4558 4557 4686
f 4686 4687 4558
f 4559 4558 4687
f 4687 4688 4559
f 4560 4559 4688
f 4688 4689 4560
f 4561 4560 4689
f 4689 4690 4561
f 4562 4561 4690
f 4690 4691 4562
f 4563 4562 4691
f 4691 4692 4563
f 4564 4563 4692
f 4692 4693 4564
f 4565 4564 4693
f 4693 4694 4565
f 4566 4565 4694
f 4694 4695 4566
f 4567 4566 4695
f 4695 4696 4567
f 4568 4567 4696
f 4696 4697 4568
f 4570 4569 4698
f 4698 4699 4570
f 4571 4570 4699
f 4699 4700 4571
f 4572 4571 4700
f 4700 4701 4572
f 4573 4572 4701
f 4701 4702 4573
f 4574 4573 4702
f 4702 4703 4574
f 4575 4574 4703
f 4703 4704 4575
f 4576 4575 4704
f 4704 4705 4576
f 4577 4576 4705
f 4705 4706 4577
f 4578 4577 4706
f 4706 4707 4578
f 4579 4578 4707
f 4707 4708 4579
f 4580 4579 4708
f 4708 4709 4580
f 4581 4580 4709
f 4709 4710 4581
f 4582 4581 4710
f 4710 4711 4582
f 4583 4582 4711
f 4711 4712 4583
f 4584 4583 4712
f 4712 4713 4584
f 4585 4584 4713
f 4713 4714 4585
f 4586 4585 4714
f 4714 4715 4586
f 4587 4586 4715
f 4715 4716 4587
f 4588 4587 4716
f 4716 4717 4588
f 4589 4588 4717
f 4717 4718 4589
f 4590 4589 4718
f 4718 4719 4590
f 4591 4590 4719
f 4719 4720 4591
f 4592 4591 4720
f 4720 4721 4592
f 4593 4592 4721
f 4721 4722 4593
f 4594 4593 4722
f 4722 4723 4594
f 4595 4594 4723
f 4723 4724 4595
f 4596 4595 4724
f 4724 4725 4596
f 4597 4596 4725
f 4725 4726 4597
f 4598 4597 4726
f 4726 4727 4598
f 4599 4598 4727
f 4727 4728 4599
f 4600 4599 4728
f 4728 4729 4600
f 4601 4600 4729
f 4729 4730 4601
f 4602 4601 4730
f 4730 4731 4602
f 4603 4602 4731
f 4731 4732 4603
f 4604 4603 4732
f 4732 4733 4604
f 4605 4604 4733
f 4733 4734 4605
f 4606 4605 4734
f 4734 4735 4606
f 4607 4606 4735
f 4735 4736 4607
f 4608 4607 4736
f 4736 4737 4608
f 4609 4608 4737
f 4737 4738 4609
f 4610 4609 4738
f 4738 4739 4610
f 4611 4610 4739
f 4739 4740 4611
f 4612 4611 4740
f 4740 4741 4612
f 4613 4612 4741
f 4741 4742 4613
f 4614 4613 4742
f 4742 4743 4614
f 4615 4614 4743
f 4743 4744 4615
f 4616 4615 4744
f 4744 4745 4616
f 4617 4616 4745
f 4745 4746 4617
f 4618 4617 4746
f 4746 4747 4618
f 4619 4618 4747
f 4747 4748 4619
f 4620 4619 4748
f 4748 4749 4620
f 4621 4620 4749
f 4749 4750 4621
f 4622 4621 4750
f 4750 4751 4622
f 4623 4622 4751
f 4751 4752 4623
f 4624 4623 4752
f 4752 4753 4624
f 4625 4624 4753
f 4753 4754 4625
f 4626 4625 4754
f 4754 4755 4626
f 4627 4626 4755
f 4755 4756 4627
f 4628 4627 4756
f 4756 4757 4628
f 4629 4628 4757
f 4757 4758 4629
f 4630 4629 4758
f 4758 4759 4630
f 4631 4630 4759
f 4759 4760 4631
f 4632 4631 4760
f 4760 4761 4632
f 4633 4632 4761
f 4761 4762 4633
f 4634 4633 4762
f 4762 4763 4634
f 4635 4634 4763
f 4763 4764 4635
f 4636 4635 4764
f 4764 4765 4636
f 4637 4636 4765
f 4765 4766 4637
f 4638 4637 4766
f 4766 4767 4638
f 4639 4638 4767
f 4767 4768 4639
f 4640 4639 4768
f 4768 4769 4640
f 4641 4640 4769
f 4769 4770 4641
f 4642 4641 4770
f 4770 4771 4642
f 4643 4642 4771
f 4771 4772 4643
f 4644 4643 4772
f 4772 4773 4644
f 4645 4644 4773
f 4773 4774 4645
f 4646 4645 4774
f 4774 4775 4646
f 4647 4646 4775
f 4775 4776 4647
f 4648 4647 4776
f 4776 4777 4648
f 4649 4648 4777
f 4777 4778 4649
f 4650 4649 4778
f 4778 4779 4650
f 4651 4650 4779
f 4779 4780 4651
f 4652 4651 4780
f 4780 4781 4652
f 4653 4652 4781
f 4781 4782 4653
f 4654 4653 4782
f 4782 4783 4654
f 4655 4654 4783
f 4783 4784 4655
f 4656 4655 4784
f 4784 4785 4656
f 4657 4656 4785
f 4785 4786 4657
f 4658 4657 4786
f 4786 4787 4658
f 4659 4658 4787
f 4787 4788 4659
f 4660 4659 4788
f 4788 4789 4660
f 4661 4660 4789
f 4789 4790 4661
f 4662 4661 4790
f 4790 4791 4662
f 4663 4662 4791
f 4791 4792 4663
f 4664 4663 4792
f 4792 4793 4664
f 4665 4664 4793
f 4793 4794 4665
f 4666 4665 4794
f 4794 4795 4666
f 4667 4666 4795
f 4795 4796 4667
f 4668 4667 4796
f 4796 4797 4668
f 4669 4668 4797
f 4797 4798 4669
f 4670 4669 4798
f 4798 4799 4670
f 4671 4670 4799
f 4799 4800 4671
f 4672 4671 4800
f 4800 4801 4672
f 4673 4672 4801
f 4801 4802 4673
f 4674 4673 4802
f 4802 4803 4674
f 4675 4674 4803
f 4803 4804 4675
f 4676 4675 4804
f 4804 4805 4676
f 4677 4676 4805
f 4805 4806 4677
f 4678 4677 4806
f 4806 4807 4678
f 4679 4678 4807
f 4807 4808 4679
f 4680 4679 4808
f 4808 4809 4680
f 4681 4680 4809
f 4809 4810 4681
f 4682 4681 4810
f 4810 4811 4682
f 4683 4682 4811
f 4811 4812 4683
f 4684 4683 4812
f 4812 4813 4684
f 4685 4684 4813
f 4813 4814 4685
f 4686 4685 4814
f 4814 4815 4686
f 4687 4686 4815
f 4815 4816 4687
f 4688 4687 4816
f 4816 4817 4688
f 4689 4688 4817
f 4817 4818 4689
f 4690 4689 4818
f 4818 4819 4690
f 4691 4690 4819
f 4819 4820 4691
f 4692 4691 4820
f 4820 4821 4692
f 4693 4692 4821
f 4821 4822 4693
f 4694 4693 4822
f 4822 4823 4694
f 4695 4694 4823
f 4823 4824 4695
f 4696 4695 4824
f 4824 4825 4696
f 4697 4696 4825
f 4825 4826 4697
f 4699 4698 4827
f 4827 4828 4699
f 4700 4699 4828
f 4828 4829 4700
f 4701 4700 4829
f 4829 4830 4701
f 4702 4701 4830
f 4830 4831 4702
f 4703 4702 4831
f 4831 4832 4703
f 4704 4703 4832
f 4832 4833 4704
f 4705 4704 4833
f 4833 4834 4705
f 4706 4705 4834
f 4834 4835 4706
f 4707 4706 4835
f 4835 4836 4707
f 4708 4707 4836
f 4836 4837 4708
f 4709 4708 4837
f 4837 4838 4709
f 4710 4709 4838
f 4838 4839 4710
f 4711 4710 4839
f 4839 4840 4711
f 4712 4711 4840
f 4840 4841 4712
f 4713 4712 4841
f 4841 4842 4713
f 4714 4713 4842
f 4842 4843 4714
f 4715 4714 4843
f 4843 4844 4715
f 4716 4715 4844
f 4844 4845 4716
f 4717 4716 4845
f 4845 4846 4717
f 4718 4717 4846
f 4846 4847 4718
f 4719 4718 4847
f 4847 4848 4719
f 4720 4719 4848
f 4848 4849 4720
f 4721 4720 4849
f 4849 4850 4721
f 4722 4721 4850
f 4850 4851 4722
f 4723 4722 4851
f 4851 4852 4723
f 4724 4723 4852
f 4852 4853 4724
f 4725 4724 4853
f 4853 4854 4725
f 4726 4725 4854
f 4854 4855 4726
f 4727 4726 4855
f 4855 4856 4727
f 4728 4727 4856
f 4856 4857 4728
f 4729 4728 4857
f 4857 4858 4729
f 4730 4729 4858
f 4858 4859 4730
f 4731 4730 4859
f 4859 4860 4731
f 4732 4731 4860
f 4860 4861 4732
f 4733 4732 4861
f 4861 4862 4733
f 4734 4733 4862
f 4862 4863 4734
f 4735 4734 4863
f 4863 4864 4735
f 4736 4735 4864
f 4864 4865 4736
f 4737 4736 4865
f 4865 4866 4737
f 4738 4737 4866
f 4866 4867 4738
f 4739 4738 4867
f 4867 4868 4739
f 4740 4739 4868
f 4868 4869 4740
f 4741 4740 4869
f 4869 4870 4741
f 4742 4741 4870
f 4870 4871 4742
f 4743 4742 4871
f 4871 4872 4743
f 4744 4743 4872
f 4872 4873 4744
f 4745 4744 4873
f 4873 4874 4745
f 4746 4745 4874
f 4874 4875 4746
f 4747 4746 4875
f 4875 4876 4747
f 4748 4747 4876
f 4876 4877 4748
f 4749 4748 4877
f 4877 4878 4749
f 4750 4749 4878
f 4878 4879 4750
f 4751 4750 4879
f 4879 4880 4751
f 4752 4751 4880
f 4880 4881 4752
f 4753 4752 4881
f 4881 4882 4753
f 4754 4753 4882
f 4882 4883 4754
f 4755 4754 4883
f 4883 4884 4755
f 4756 4755 4884
f 4884 4885 4756
f 4757 4756 4885
f 4885 4886 4757
f 4758 4757 4886
f 4886 4887 4758
f 4759 4758 4887
f 4887 4888 4759
f 4760 4759 4888
f 4888 4889 4760
f 4761 4760 4889
f 4889 4890 4761
f 4762 4761 4890
f 4890 4891 4762
f 4763 4762 4891
f 4891 4892 4763
f 4764 4763 4892
f 4892 4893 4764
f 4765 4764 4893
f 4893 4894 4765
f 4766 4765 4894
f 4894 4895 4766
f 4767 4766 4895
f 4895 4896 4767
f 4768 4767 4896
f 4896 4897 4768
f 4769 4768 4897
f 4897 4898 4769
f 4770 4769 4898
f 4898 4899 4770
f 4771 4770 4899
f 4899 4900 4771
f 4772 4771 4900
f 4900 4901 4772
f 4773 4772 4901
f 4901 4902 4773
f 4774 4773 4902
f 4902 4903 4774
f 4775 4774 4903
f 4903 4904 4775
f 4776 4775 4904
f 4904 4905 4776
f 4777 4776 4905
f 4905 4906 4777
f 4778 4777 4906
f 4906 4907 4778
f 4779 4778 4907
f 4907 4908 4779
f 4780 4779 4908
f 4908 4909 4780
f 4781 4780 4909
f 4909 4910 4781
f 4782 4781 4910
f 4910 4911 4782
f 4783 4782 4911
f 4911 4912 4783
f 4784 4783 4912
f 4912 4913 4784
f 4785 4784 4913
f 4913 4914 4785
f 4786 4785 4914
f 4914 4915 4786
f 4787 4786 4915
f 4915 4916 4787
f 4788 4787 4916
f 4916 4917 4788
f 4789 4788 4917
f 4917 4918 4789
f 4790 4789 4918
f 4918 4919 4790
f 4791 4790 4919
f 4919 4920 4791
f 4792 4791 4920
f 4920 4921 4792
f 4793 4792 4921
f 4921 4922 4793
f 4794 4793 4922
f 4922 4923 4794
f 4795 4794 4923
f 4923 4924 4795
f 4796 4795 4924
f 4924 4925 4796
f 4797 4796 4925
f 4925 4926 4797
f 4798 4797 4926
f 4926 4927 4798
f 4799 4798 4927
f 4927 4928 4799
f 4800 4799 4928
f 4928 4929 4800
f 4801 4800 4929
f 4929 4930 4801
f 4802 4801 4930
f 4930 4931 4802
f 4803 4802 4931
f 4931 4932 4803
f 4804 4803 4932
f 4932 4933 4804
f 4805 4804 4933
f 4933 4934 4805
f 4806 4805 4934
f 4934 4935 4806
f 4807 4806 4935
f 4935 4936 4807
f 4808 4807 4936
f 4936 4937 4808
f 4809 4808 4937
f 4937 4938 4809
f 4810 4809 4938
f 4938 4939 4810
f 4811 4810 4939
f 4939 4940 4811
f 4812 4811 4940
f 4940 4941 4812
f 4813 4812 4941
f 4941 4942 4813
f 4814 4813 4942
f 4942 4943 4814
f 4815 4814 4943
f 4943 4944 4815
f 4816 4815 4944
f 4944 4945 4816
f 4817 4816 4945
f 4945 4946 4817
f 4818 4817 4946
f 4946 4947 4818
f 4819 4818 4947
f 4947 4948 4819
f 4820 4819 4948
f 4948 4949 4820
f 4821 4820 4949
f 4949 4950 4821
f 4822 4821 4950
f 4950 4951 4822
f 4823 4822 4951
f 4951 4952 4823
f 4824 4823 4952
f 4952 4953 4824
f 4825 4824 4953
f 4953 4954 4825
f 4826 4825 4954
f 4954 4955 4826
f 4828 4827 4956
f 4956 4957 4828
f 4829 4828 4957
f 4957 4958 4829
f 4830 4829 4958
f 4958 4959 4830
f 4831 4830 4959
f 4959 4960 4831
f 4832 4831 4960
f 4960 4961 4832
f 4833 4832 4961
f 4961 4962 4833
f 4834 4833 4962
f 4962 4963 4834
f 4835 4834 4963
f 4963 4964 4835
f 4836 4835 4964
f 4964 4965 4836
f 4837 4836 4965
f 4965 4966 4837
f 4838 4837 4966
f 4966 4967 4838
f 4839 4838 4967
f 4967 4968 4839
f 4840 4839 4968
f 4968 4969 4840
f 4841 4840 4969
f 4969 4970 4841
f 4842 4841 4970
f 4970 4971 4842
f 4843 4842 4971
f 4971 4972 4843
f 4844 4843 4972
f 4972 4973 4844
f 4845 4844 4973
f 4973 4974 4845
f 4846 4845 4974
f 4974 4975 4846
f 4847 4846 4975
f 4975 4976 4847
f 4848 4847 4976
f 4976 4977 4848
f 4849 4848 4977
f 4977 4978 4849
f 4850 4849 4978
f 4978 4979 4850
f 4851 4850 4979
f 4979 4980 4851
f 4852 4851 4980
f 4980 4981 4852
f 4853 4852 4981
f 4981 4982 4853
f 4854 4853 4982
f 4982 4983 4854
f 4855 4854 4983
f 4983 4984 4855
f 4856 4855 4984
f 4984 4985 4856
f 4857 4856 4985
f 4985 4986 4857
f 4858 4857 4986
f 4986 4987 4858
f 4859 4858 4987
f 4987 4988 4859
f 4860 4859 4988
f 4988 4989 4860
f 4861 4860 4989
f 4989 4990 4861
f 4862 4861 4990
f 4990 4991 4862
f 4863 4862 4991
f 4991 4992 4863
f 4864 4863 4992
f 4992 4993 4864
f 4865 4864 4993
f 4993 4994 4865
f 4866 4865 4994
f 4994 4995 4866
f 4867 4866 4995
f 4995 4996 4867
f 4868 4867 4996
f 4996 4997 4868
f 4869 4868 4997
f 4997 4998 4869
f 4870 4869 4998
f 4998 4999 4870
f 4871 4870 4999
f 4999 5000 4871
f 4872 4871 5000
f 5000 5001 4872
f 4873 4872 5001
f 5001 5002 4873
f 4874 4873 5002
f 5002 5003 4874
f 4875 4874 5003
f 5003 5004 4875
f 4876 4875 5004
f 5004 5005 4876
f 4877 4876 5005
f 5005 5006 4877
f 4878 4877 5006
f 5006 5007 4878
f 4879 4878 5007
f 5007 5008 4879
f 4880 4879 5008
f 5008 5009 4880
f 4881 4880 5009
f 5009 5010 4881
f 4882 4881 5010
f 5010 5011 4882
f 4883 4882 5011
f 5011 5012 4883
f 4884 4883 5012
f 5012 5013 4884
f 4885 4884 5013
f 5013 5014 4885
f 4886 4885 5014
f 5014 5015 4886
f 4887 4886 5015
f 5015 5016 4887
f 4888 4887 5016
f 5016 5017 4888
f 4889 4888 5017
f 5017 5018 4889
f 4890 4889 5018
f 5018 5019 4890
f 4891 4890 5019
f 5019 5020 4891
f 4892 4891 5020
f 5020 5021 4892
f 4893 4892 5021
f 5021 5022 4893
f 4894 4893 5022
f 5022 5023 4894
f 4895 4894 5023
f 5023 5024 4895
f 4896 4895 5024
f 5024 5025 4896
f 4897 4896 5025
f 5025 5026 4897
f 4898 4897 5026
f 5026 5027 4898
f 4899 4898 5027
f 5027 5028 4899
f 4900 4899 5028
f 5028 5029 4900
f 4901 4900 5029
f 5029 5030 4901
f 4902 4901 5030
f 5030 5031 4902
f 4903 4902 5031
f 5031 5032 4903
f 4904 4903 5032
f 5032 5033 4904
f 4905 4904 5033
f 5033 5034 4905
f 4906 4905 5034
f 5034 5035 4906
f 4907 4906 5035
f 5035 5036 4907
f 4908 4907 5036
f 5036 5037 4908
f 4909 4908 5037
f 5037 5038 4909
f 4910 4909 5038
f 5038 5039 4910
f 4911 4910 5039
f 5039 5040 4911
f 4912 4911 5040
f 5040 5041 4912
f 4913 4912 5041
f 5041 5042 4913
f 4914 4913 5042
f 5042 5043 4914
f 4915 4914 5043
f 5043 5044 4915
f 4916 4915 5044
f 5044 5045 4916
f 4917 4916 5045
f 5045 5046 4917
f 4918 4917 5046
f 5046 5047 4918
f 4919 4918 5047
f 5047 5048 4919
f 4920 4919 5048
f 5048 5049 4920
f 4921 4920 5049
f 5049 5050 4921
f 4922 4921 5050
f 5050 5051 4922
f 4923 4922 5051
f 5051 5052 4923
f 4924 4923 5052
f 5052 5053 4924
f 4925 4924 5053
f 5053 5054 4925
f 4926 4925 5054
f 5054 5055 4926
f 4927 4926 5055
f 5055 5056 4927
f 4928 4927 5056
f 5056 5057 4928
f 4929 4928 5057
f 5057 5058 4929
f 4930 4929 5058
f 5058 5059 4930
f 4931 4930 5059
f 5059 5060 4931
f 4932 4931 5060
f 5060 5061 4932
f 4933 4932 5061
f 5061 5062 4933
f 4934 4933 5062
f 5062 5063 4934
f 4935 4934 5063
f 5063 5064 4935
f 4936 4935 5064
f 5064 5065 4936
f 4937 4936 5065
f 5065 5066 4937
f 4938 4937 5066
f 5066 5067 4938
f 4939 4938 5067
f 5067 5068 4939
f 4940 4939 5068
f 5068 5069 4940
f 4941 4940 5069
f 5069 5070 4941
f 4942 4941 5070
f 5070 5071 4942
f 4943 4942 5071
f 5071 5072 4943
f 4944 4943 5072
f 5072 5073 4944
f 4945 4944 5073
f 5073 5074 4945
f 4946 4945 5074
f 5074 5075 4946
f 4947 4946 5075
f 5075 5076 4947
f 4948 4947 5076
f 5076 5077 4948
f 4949 4948 5077
f 5077 5078 4949
f 4950 4949 5078
f 5078 5079 4950
f 4951 4950 5079
f 5079 5080 4951
f 4952 4951 5080
f 5080 5081 4952
f 4953 4952 5081
f 5081 5082 4953
f 4954 4953 5082
f 5082 5083 4954
f 4955 4954 5083
f 5083 5084 4955
f 4957 4956 5085
f 5085 5086 4957
f 4958 4957 5086
f 5086 5087 4958
f 4959 4958 5087
f 5087 5088 4959
f 4960 4959 5088
f 5088 5089 4960
f 4961 4960 5089
f 5089 5090 4961
f 4962 4961 5090
f 5090 5091 4962
f 4963 4962 5091
f 5091 5092 4963
f 4964 4963 5092
f 5092 5093 4964
f 4965 4964 5093
f 5093 5094 4965
f 4966 4965 5094
f 5094 5095 4966
f 4967 4966 5095
f 5095 5096 4967
f 4968 4967 5096
f 5096 5097 4968
f 4969 4968 5097
f 5097 5098 4969
f 4970 4969 5098
f 5098 5099 4970
f 4971 4970 5099
f 5099 5100 4971
f 4972 4971 5100
f 5100 5101 4972
f 4973 4972 5101
f 5101 5102 4973
f 4974 4973 5102
f 5102 5103 4974
f 4975 4974 5103
f 5103 5104 4975
f 4976 4975 5104
f 5104 5105 4976
f 4977 4976 5105
f 5105 5106 4977
f 4978 4977 5106
f 5106 5107 4978
f 4979 4978 5107
f 5107 5108 4979
f 4980 4979 5108
f 5108 5109 4980
f 4981 4980 5109
f 5109 5110 4981
f 4982 4981 5110
f 5110 5111 4982
f 4983 4982 5111
f 5111 5112 4983
f 4984 4983 5112
f 5112 5113 4984
f 4985 4984 5113
f 5113 5114 4985
f 4986 4985 5114
f 5114 5115 4986
f 4987 4986 5115
f 5115 5116 4987
f 4988 4987 5116
f 5116 5117 4988
f 4989 4988 5117
f 5117 5118 4989
f 4990 4989 5118
f 5118 5119 4990
f 4991 4990 5119
f 5119 5120 4991
f 4992 4991 5120
f 5120 5121 4992
f 4993 4992 5121
f 5121 5122 4993
f 4994 4993 5122
f 5122 5123 4994
f 4995 4994 5123
f 5123 5124 4995
f 4996 4995 5124
f 5124 5125 4996
f 4997 4996 5125
f 5125 5126 4997
f 4998 4997 5126
f 5126 5127 4998
f 4999 4998 5127
f 5127 5128 4999
f 5000 4999 5128
f 5128 5129 5000
f 5001 5000 5129
f 5129 5130 5001
f 5002 5001 5130
f 5130 5131 5002
f 5003 5002 5131
f 5131 5132 5003
f 5004 5003 5132
f 5132 5133 5004
f 5005 5004 5133
f 5133 5134 5005
f 5006 5005 5134
f 5134 5135 5006
f 5007 5006 5135
f 5135 5136 5007
f 5008 5007 5136
f 5136 5137 5008
f 5009 5008 5137
f 5137 5138 5009
f 5010 5009 5138
f 5138 5139 5010
f 5011 5010 5139
f 5139 5140 5011
f 5012 5011 5140
f 5140 5141 5012
f 5013 5012 5141
f 5141 5142 5013
f 5014 5013 5142
f 5142 5143 5014
f 5015 5014 5143
f 5143 5144 5015
f 5016 5015 5144
f 5144 5145 5016
f 5017 5016 5145
f 5145 5146 5017
f 5018 5017 5146
f 5146 5147 5018
f 5019 5018 5147
f 5147 5148 5019
f 5020 5019 5148
f 5148 5149 5020
f 5021 5020 5149
f 5149 5150 5021
f 5022 5021 5150
f 5150 5151 5022
f 5023 5022 5151
f 5151 5152 5023
f 5024 5023 5152
f 5152 5153 5024
f 5025 5024 5153
f 5153 5154 5025
f 5026 5025 5154
f 5154 5155 5026
f 5027 5026 5155
f 5155 5156 5027
f 5028 5027 5156
f 5156 5157 5028
f 5029 5028 5157
f 5157 5158 5029
f 5030 5029 5158
f 5158 5159 5030
f 5031 5030 5159
f 5159 5160 5031
f 5032 5031 5160
f 5160 5161 5032
f 5033 5032 5161
f 5161 5162 5033
f 5034 5033 5162
f 5162 5163 5034
f 5035 5034 5163
f 5163 5164 5035
f 5036 5035 5164
f 5164 5165 5036
f 5037 5036 5165
f 5165 5166 5037
f 5038 5037 5166
f 5166 5167 5038
f 5039 5038 5167
f 5167 5168 5039
f 5040 5039 5168
f 5168 5169 5040
f 5041 5040 5169
f 5169 5170 5041
f 5042 5041 5170
f 5170 5171 5042
f 5043 5042 5171
f 5171 5172 5043
f 5044 5043 5172
f 5172 5173 5044
f 5045 5044 5173
f 5173 5174 5045
f 5046 5045 5174
f 5174 5175 5046
f 5047 5046 5175
f 5175 5176 5047
f 5048 5047 5176
f 5176 5177 5048
f 5049 5048 5177
f 5177 5178 5049
f 5050 5049 5178
f 5178 5179 5050
f 5051 5050 5179
f 5179 5180 5051
f 5052 5051 5180
f 5180 5181 5052
f 5053 5052 5181
f 5181 5182 5053
f 5054 5053 5182
f 5182 5183 5054
f 5055 5054 5183
f 5183 5184 5055
f 5056 5055 5184
f 5184 5185 5056
f 5057 5056 5185
f 5185 5186 5057
f 5058 5057 5186
f 5186 5187 5058
f 5059 5058 5187
f 5187 5188 5059
f 5060 5059 5188
f 5188 5189 5060
f 5061 5060 5189
f 5189 5190 5061
f 5062 5061 5190
f 5190 5191 5062
f 5063 5062 5191
f 5191 5192 5063
f 5064 5063 5192
f 5192 5193 5064
f 5065 5064 5193
f 5193 5194 5065
f 5066 5065 5194
f 5194 5195 5066
f 5067 5066 5195
f 5195 5196 5067
f 5068 5067 5196
f 5196 5197 5068
f 5069 5068 5197
f 5197 5198 5069
f 5070 5069 5198
f 5198 5199 5070
f 5071 5070 5199
f 5199 5200 5071
f 5072 5071 5200
f 5200 5201 5072
f 5073 5072 5201
f 5201 5202 5073
f 5074 5073 5202
f 5202 5203 5074
f 5075 5074 5203
f 5203 5204 5075
f 5076 5075 5204
f 5204 5205 5076
f 5077 5076 5205
f 5205 5206 5077
f 5078 5077 5206
f 5206 5207 5078
f 5079 5078 5207
f 5207 5208 5079
f 5080 5079 5208
f 5208 5209 5080
f 5081 5080 5209
f 5209 5210 5081
f 5082 5081 5210
f 5210 5211 5082
f 5083 5082 5211
f 5211 5212 5083
f 5084 5083 5212
f 5212 5213 5084
f 5086 5085 5214
f 5214 5215 5086
f 5087 5086 5215
f 5215 5216 5087
f 5088 5087 5216
f 5216 5217 5088
f 5089 5088 5217
f 5217 5218 5089
f 5090 5089 5218
f 5218 5219 5090
f 5091 5090 5219
f 5219 5220 5091
f 5092 5091 5220
f 5220 5221 5092
f 5093 5092 5221
f 5221 5222 5093
f 5094 5093 5222
f 5222 5223 5094
f 5095 5094 5223
f 5223 5224 5095
f 5096 5095 5224
f 5224 5225 5096
f 5097 5096 5225
f 5225 5226 5097
f 5098 5097 5226
f 5226 5227 5098
f 5099 5098 5227
f 5227 5228 5099
f 5100 5099 5228
f 5228 5229 5100
f 5101 5100 5229
f 5229 5230 5101
f 5102 5101 5230
f 5230 5231 5102
f 5103 5102 5231
f 5231 5232 5103
f 5104 5103 5232
f 5232 5233 5104
f 5105 5104 5233
f 5233 5234 5105
f 5106 5105 5234
f 5234 5235 5106
f 5107 5106 5235
f 5235 5236 5107
f 5108 5107 5236
f 5236 5237 5108
f 5109 5108 5237
f 5237 5238 5109
f 5110 5109 5238
f 5238 5239 5110
f 5111 5110 5239
f 5239 5240 5111
f 5112 5111 5240
f 5240 5241 5112
f 5113 5112 5241
f 5241 5242 5113
f 5114 5113 5242
f 5242 5243 5114
f 5115 5114 5243
f 5243 5244 5115
f 5116 5115 5244
f 5244 5245 5116
f 5117 5116 5245
f 5245 5246 5117
f 5118 5117 5246
f 5246 5247 5118
f 5119 5118 5247
f 5247 5248 5119
f 5120 5119 5248
f 5248 5249 5120
f 5121 5120 5249
f 5249 5250 5121
f 5122 5121 5250
f 5250 5251 5122
f 5123 5122 5251
f 5251 5252 5123
f 5124 5123 5252
f 5252 5253 5124
f 5125 5124 5253
f 5253 5254 5125
f 5126 5125 5254
f 5254 5255 5126
f 5127 5126 5255
f 5255 5256 5127
f 5128 5127 5256
f 5256 5257 5128
f 5129 5128 5257
f 5257 5258 5129
f 5130 5129 5258
f 5258 5259 5130
f 5131 5130 5259
f 5259 5260 5131
f 5132 5131 5260
f 5260 5261 5132
f 5133 5132 5261
f 5261 5262 5133
f 5134 5133 5262
f 5262 5263 5134
f 5135 5134 5263
f 5263 5264 5135
f 5136 5135 5264
f 5264 5265 5136
f 5137 5136 5265
f 5265 5266 5137
f 5138 5137 5266
f 5266 5267 5138
f 5139 5138 5267
f 5267 5268 5139
f 5140 5139 5268
f 5268 5269 5140
f 5141 5140 5269
f 5269 5270 5141
f 5142 5141 5270
f 5270 5271 5142
f 5143 5142 5271
f 5271 5272 5143
f 5144 5143 5272
f 5272 5273 5144
f 5145 5144 5273
f 5273 5274 5145
f 5146 5145 5274
f 5274 5275 5146
f 5147 5146 5275
f 5275 5276 5147
f 5148 5147 5276
f 5276 5277 5148
f 5149 5148 5277
f 5277 5278 5149
f 5150 5149 5278
f 5278 5279 5150
f 5151 5150 5279
f 5279 5280 5151
f 5152 5151 5280
f 5280 5281 5152
f 5153 5152 5281
f 5281 5282 5153
f 5154 5153 5282
f 5282 5283 5154
f 5155 5154 5283
f 5283 5284 5155
f 5156 5155 5284
f 5284 5285 5156
f 5157 5156 5285
f 5285 5286 5157
f 5158 5157 5286
f 5286 5287 5158
f 5159 5158 5287
f 5287 5288 5159
f 5160 5159 5288
f 5288 5289 5160
f 5161 5160 5289
f 5289 5290 5161
f 5162 5161 5290
f 5290 5291 5162
f 5163 5162 5291
f 5291 5292 5163
f 5164 5163 5292
f 5292 5293 5164
f 5165 5164 5293
f 5293 5294 5165
f 5166 5165 5294
f 5294 5295 5166
f 5167 5166 5295
f 5295 5296 5167
f 5168 5167 5296
f 5296 5297 5168
f 5169 5168 5297
f 5297 5298 5169
f 5170 5169 5298
f 5298 5299 5170
f 5171 5170 5299
f 5299 5300 5171
f 5172 5171 5300
f 5300 5301 5172
f 5173 5172 5301
f 5301 5302 5173
f 5174 5173 5302
f 5302 5303 5174
f 5175 5174 5303
f 5303 5304 5175
f 5176 5175 5304
f 5304 5305 5176
f 5177 5176 5305
f 5305 5306 5177
f 5178 5177 5306
f 5306 5307 5178
f 5179 5178 5307
f 5307 5308 5179
f 5180 5179 5308
f 5308 5309 5180
f 5181 5180 5309
f 5309 5310 5181
f 5182 5181 5310
f 5310 5311 5182
f 5183 5182 5311
f 5311 5312 5183
f 5184 5183 5312
f 5312 5313 5184
f 5185 5184 5313
f 5313 5314 5185
f 5186 5185 5314
f 5314 5315 5186
f 5187 5186 5315
f 5315 5316 5187
f 5188 5187 5316
f 5316 5317 5188
f 5189 5188 5317
f 5317 5318 5189
f 5190 5189 5318
f 5318 5319 5190
f 5191 5190 5319
f 5319 5320 5191
f 5192 5191 5320
f 5320 5321 5192
f 5193 5192 5321
f 5321 5322 5193
f 5194 5193 5322
f 5322 5323 5194
f 5195 5194 5323
f 5323 5324 5195
f 5196 5195 5324
f 5324 5325 5196
f 5197 5196 5325
f 5325 5326 5197
f 5198 5197 5326
f 5326 5327 5198
f 5199 5198 5327
f 5327 5328 5199
f 5200 5199 5328
f 5328 5329 5200
f 5201 5200 5329
f 5329 5330 5201
f 5202 5201 5330
f 5330 5331 5202
f 5203 5202 5331
f 5331 5332 5203
f 5204 5203 5332
f 5332 5333 5204
f 5205 5204 5333
f 5333 5334 5205
f 5206 5205 5334
f 5334 5335 5206
f 5207 5206 5335
f 5335 5336 5207
f 5208 5207 5336
f 5336 5337 5208
f 5209 5208 5337
f 5337 5338 5209
f 5210 5209 5338
f 5338 5339 5210
f 5211 5210 5339
f 5339 5340 5211
f 5212 5211 5340
f 5340 5341 5212
f 5213 5212 5341
f 5341 5342 5213
f 5215 5214 5343
f 5343 5344 5215
f 5216 5215 5344
f 5344 5345 5216
f 5217 5216 5345
f 5345 5346 5217
f 5218 5217 5346
f 5346 5347 5218
f 5219 5218 5347
f 5347 5348 5219
f 5220 5219 5348
f 5348 5349 5220
f 5221 5220 5349
f 5349 5350 5221
f 5222 5221 5350
f 5350 5351 5222
f 5223 5222 5351
f 5351 5352 5223
f 5224 5223 5352
f 5352 5353 5224
f 5225 5224 5353
f 5353 5354 5225
f 5226 5225 5354
f 5354 5355 5226
f 5227 5226 5355
f 5355 5356 5227
f 5228 5227 5356
f 5356 5357 5228
f 5229 5228 5357
f 5357 5358 5229
f 5230 5229 5358
f 5358 5359 5230
f 5231 5230 5359
f 5359 5360 5231
f 5232 5231 5360
f 5360 5361 5232
f 5233 5232 5361
f 5361 5362 5233
f 5234 5233 5362
f 5362 5363 5234
f 5235 5234 5363
f 5363 5364 5235
f 5236 5235 5364
f 5364 5365 5236
f 5237 5236 5365
f 5365 5366 5237
f 5238 5237 5366
f 5366 5367 5238
f 5239 5238 5367
f 5367 5368 5239
f 5240 5239 5368
f 5368 5369 5240
f 5241 5240 5369
f 5369 5370 5241
f 5242 5241 5370
f 5370 5371 5242
f 5243 5242 5371
f 5371 5372 5243
f 5244 5243 5372
f 5372 5373 5244
f 5245 5244 5373
f 5373 5374 5245
f 5246 5245 5374
f 5374 5375 5246
f 5247 5246 5375
f 5375 5376 5247
f 5248 5247 5376
f 5376 5377 5248
f 5249 5248 5377
f 5377 5378 5249
f 5250 5249 5378
f 5378 5379 5250
f 5251 5250 5379
f 5379 5380 5251
f 5252 5251 5380
f 5380 5381 5252
f 5253 5252 5381
f 5381 5382 5253
f 5254 5253 5382
f 5382 5383 5254
f 5255 5254 5383
f 5383 5384 5255
f 5256 5255 5384
f 5384 5385 5256
f 5257 5256 5385
f 5385 5386 5257
f 5258 5257 5386
f 5386 5387 5258
f 5259 5258 5387
f 5387 5388 5259
f 5260 5259 5388
f 5388 5389 5260
f 5261 5260 5389
f 5389 5390 5261
f 5262 5261 5390
f 5390 5391 5262
f 5263 5262 5391
f 5391 5392 5263
f 5264 5263 5392
f 5392 5393 5264
f 5265 5264 5393
f 5393 5394 5265
f 5266 5265 5394
f 5394 5395 5266
f 5267 5266 5395
f 5395 5396 5267
f 5268 5267 5396
f 5396 5397 5268
f 5269 5268 5397
f 5397 5398 5269
f 5270 5269 5398
f 5398 5399 5270
f 5271 5270 5399
f 5399 5400 5271
f 5272 5271 5400
f 5400 5401 5272
f 5273 5272 5401
f 5401 5402 5273
f 5274 5273 5402
f 5402 5403 5274
f 5275 5274 5403
f 5403 5404 5275
f 5276 5275 5404
f 5404 5405 5276
f 5277 5276 5405
f 5405 5406 5277
f 5278 5277 5406
f 5406 5407 5278
f 5279 5278 5407
f 5407 5408 5279
f 5280 5279 5408
f 5408 5409 5280
f 5281 5280 5409
f 5409 5410 5281
f 5282 5281 5410
f 5410 5411 5282
f 5283 5282 5411
f 5411 5412 5283
f 5284 5283 5412
f 5412 5413 5284
f 5285 5284 5413
f 5413 5414 5285
f 5286 5285 5414
f 5414 5415 5286
f 5287 5286 5415
f 5415 5416 5287
f 5288 5287 5416
f 5416 5417 5288
f 5289 5288 5417
f 5417 5418 5289
f 5290 5289 5418
f 5418 5419 5290
f 5291 5290 5419
f 5419 5420 5291
f 5292 5291 5420
f 5420 5421 5292
f 5293 5292 5421
f 5421 5422 5293
f 5294 5293 5422
f 5422 5423 5294
f 5295 5294 5423
f 5423 5424 5295
f 5296 5295 5424
f 5424 5425 5296
f 5297 5296 5425
f 5425 5426 5297
f 5298 5297 5426
f 5426 5427 5298
f 5299 5298 5427
f 5427 5428 5299
f 5300 5299 5428
f 5428 5429 5300
f 5301 5300 5429
f 5429 5430 5301
f 5302 5301 5430
f 5430 5431 5302
f 5303 5302 5431
f 5431 5432 5303
f 5304 5303 5432
f 5432 5433 5304
f 5305 5304 5433
f 5433 5434 5305
f 5306 5305 5434
f 5434 5435 5306
f 5307 5306 5435
f 5435 5436 5307
f 5308 5307 5436
f 5436 5437 5308
f 5309 5308 5437
f 5437 5438 5309
f 5310 5309 5438
f 5438 5439 5310
f 5311 5310 5439
f 5439 5440 5311
f 5312 5311 5440
f 5440 5441 5312
f 5313 5312 5441
f 5441 5442 5313
f 5314 5313 5442
f 5442 5443 5314
f 5315 5314 5443
f 5443 5444 5315
f 5316 5315 5444
f 5444 5445 5316
f 5317 5316 5445
f 5445 5446 5317
f 5318 5317 5446
f 5446 5447 5318
f 5319 5318 5447
f 5447 5448 5319
f 5320 5319 5448
f 5448 5449 5320
f 5321 5320 5449
f 5449 5450 5321
f 5322 5321 5450
f 5450 5451 5322
f 5323 5322 5451
f 5451 5452 5323
f 5324 5323 5452
f 5452 5453 5324
f 5325 5324 5453
f 5453 5454 5325
f 5326 5325 5454
f 5454 5455 5326
f 5327 5326 5455
f 5455 5456 5327
f 5328 5327 5456
f 5456 5457 5328
f 5329 5328 5457
f 5457 5458 5329
f 5330 5329 5458
f 5458 5459 5330
f 5331 5330 5459
f 5459 5460 5331
f 5332 5331 5460
f 5460 5461 5332
f 5333 5332 5461
f 5461 5462 5333
f 5334 5333 5462
f 5462 5463 5334
f 5335 5334 5463
f 5463 5464 5335
f 5336 5335 5464
f 5464 5465 5336
f 5337 5336 5465
f 5465 5466 5337
f 5338 5337 5466
f 5466 5467 5338
f 5339 5338 5467
f 5467 5468 5339
f 5340 5339 5468
f 5468 5469 5340
f 5341 5340 5469
f 5469 5470 5341
f 5342 5341 5470
f 5470 5471 5342
f 5344 5343 5472
f 5472 5473 5344
f 5345 5344 5473
f 5473 5474 5345
f 5346 5345 5474
f 5474 5475 5346
f 5347 5346 5475
f 5475 5476 5347
f 5348 5347 5476
f 5476 5477 5348
f 5349 5348 5477
f 5477 5478 5349
f 5350 5349 5478
f 5478 5479 5350
f 5351 5350 5479
f 5479 5480 5351
f 5352 5351 5480
f 5480 5481 5352
f 5353 5352 5481
f 5481 5482 5353
f 5354 5353 5482
f 5482 5483 5354
f 5355 5354 5483
f 5483 5484 5355
f 5356 5355 5484
f 5484 5485 5356
f 5357 5356 5485
f 5485 5486 5357
f 5358 5357 5486
f 5486 5487 5358
f 5359 5358 5487
f 5487 5488 5359
f 5360 5359 5488
f 5488 5489 5360
f 5361 5360 5489
f 5489 5490 5361
f 5362 5361 5490
f 5490 5491 5362
f 5363 5362 5491
f 5491 5492 5363
f 5364 5363 5492
f 5492 5493 5364
f 5365 5364 5493
f 5493 5494 5365
f 5366 5365 5494
f 5494 5495 5366
f 5367 5366 5495
f 5495 5496 5367
f 5368 5367 5496
f 5496 5497 5368
f 5369 5368 5497
f 5497 5498 5369
f 5370 5369 5498
f 5498 5499 5370
f 5371 5370 5499
f 5499 5500 5371
f 5372 5371 5500
f 5500 5501 5372
f 5373 5372 5501
f 5501 5502 5373
f 5374 5373 5502
f 5502 5503 5374
f 5375 5374 5503
f 5503 5504 5375
f 5376 5375 5504
f 5504 5505 5376
f 5377 5376 5505
f 5505 5506 5377
f 5378 5377 5506
f 5506 5507 5378
f 5379 5378 5507
f 5507 5508 5379
f 5380 5379 5508
f 5508 5509 5380
f 5381 5380 5509
f 5509 5510 5381
f 5382 5381 5510
f 5510 5511 5382
f 5383 5382 5511
f 5511 5512 5383
f 5384 5383 5512
f 5512 5513 5384
f 5385 5384 5513
f 5513 5514 5385
f 5386 5385 5514
f 5514 5515 5386
f 5387 5386 5515
f 5515 5516 5387
f 5388 5387 5516
f 5516 5517 5388
f 5389 5388 5517
f 5517 5518 5389
f 5390 5389 5518
f 5518 5519 5390
f 5391 5390 5519
f 5519 5520 5391
f 5392 5391 5520
f 5520 5521 5392
f 5393 5392 5521
f 5521 5522 5393
f 5394 5393 5522
f 5522 5523 5394
f 5395 5394 5523
f 5523 5524 5395
f 5396 5395 5524
f 5524 5525 5396
f 5397 5396 5525
f 5525 5526 5397
f 5398 5397 5526
f 5526 5527 5398
f 5399 5398 5527
f 5527 5528 5399
f 5400 5399 5528
f 5528 5529 5400
f 5401 5400 5529
f 5529 5530 5401
f 5402 5401 5530
f 5530 5531 5402
f 5403 5402 5531
f 5531 5532 5403
f 5404 5403 5532
f 5532 5533 5404
f 5405 5404 5533
f 5533 5534 5405
f 5406 5405 5534
f 5534 5535 5406
f 5407 5406 5535
f 5535 5536 5407
f 5408 5407 5536
f 5536 5537 5408
f 5409 5408 5537
f 5537 5538 5409
f 5410 5409 5538
f 5538 5539 5410
f 5411 5410 5539
f 5539 5540 5411
f 5412 5411 5540
f 5540 5541 5412
f 5413 5412 5541
f 5541 5542 5413
f 5414 5413 5542
f 5542 5543 5414
f 5415 5414 5543
f 5543 5544 5415
f 5416 5415 5544
f 5544 5545 5416
f 5417 5416 5545
f 5545 5546 5417
f 5418 5417 5546
f 5546 5547 5418
f 5419 5418 5547
f 5547 5548 5419
f 5420 5419 5548
f 5548 5549 5420
f 5421 5420 5549
f 5549 5550 5421
f 5422 5421 5550
f 5550 5551 5422
f 5423 5422 5551
f 5551 5552 5423
f 5424 5423 5552
f 5552 5553 5424
f 5425 5424 5553
f 5553 5554 5425
f 5426 5425 5554
f 5554 5555 5426
f 5427 5426 5555
f 5555 5556 5427
f 5428 5427 5556
f 5556 5557 5428
f 5429 5428 5557
f 5557 5558 5429
f 5430 5429 5558
f 5558 5559 5430
f 5431 5430 5559
f 5559 5560 5431
f 5432 5431 5560
f 5560 5561 5432
f 5433 5432 5561
f 5561 5562 5433
f 5434 5433 5562
f 5562 5563 5434
f 5435 5434 5563
f 5563 5564 5435
f 5436 5435 5564
f 5564 5565 5436
f 5437 5436 5565
f 5565 5566 5437
f 5438 5437 5566
f 5566 5567 5438
f 5439 5438 5567
f 5567 5568 5439
f 5440 5439 5568
f 5568 5569 5440
f 5441 5440 5569
f 5569 5570 5441
f 5442 5441 5570
f 5570 5571 5442
f 5443 5442 5571
f 5571 5572 5443
f 5444 5443 5572
f 5572 5573 5444
f 5445 5444 5573
f 5573 5574 5445
f 5446 5445 5574
f 5574 5575 5446
f 5447 5446 5575
f 5575 5576 5447
f 5448 5447 5576
f 5576 5577 5448
f 5449 5448 5577
f 5577 5578 5449
f 5450 5449 5578
f 5578 5579 5450
f 5451 5450 5579
f 5579 5580 5451
f 5452 5451 5580
f 5580 5581 5452
f 5453 5452 5581
f 5581 5582 5453
f 5454 5453 5582
f 5582 5583 5454
f 5455 5454 5583
f 5583 5584 5455
f 5456 5455 5584
f 5584 5585 5456
f 5457 5456 5585
f 5585 5586 5457
f 5458 5457 5586
f 5586 5587 5458
f 5459 5458 5587
f 5587 5588 5459
f 5460 5459 5588
f 5588 5589 5460
f 5461 5460 5589
f 5589 5590 5461
f 5462 5461 5590
f 5590 5591 5462
f 5463 5462 5591
f 5591 5592 5463
f 5464 5463 5592
f 5592 5593 5464
f 5465 5464 5593
f 5593 5594 5465
f 5466 5465 5594
f 5594 5595 5466
f 5467 5466 5595
f 5595 5596 5467
f 5468 5467 5596
f 5596 5597 5468
f 5469 5468 5597
f 5597 5598 5469
f 5470 5469 5598
f 5598 5599 5470
f 5471 5470 5599
f 5599 5600 5471
f 5473 5472 5601
f 5601 5602 5473
f 5474 5473 5602
f 5602 5603 5474
f 5475 5474 5603
f 5603 5604 5475
f 5476 5475 5604
f 5604 5605 5476
f 5477 5476 5605
f 5605 5606 5477
f 5478 5477 5606
f 5606 5607 5478
f 5479 5478 5607
f 5607 5608 5479
f 5480 5479 5608
f 5608 5609 5480
f 5481 5480 5609
f 5609 5610 5481
f 5482 5481 5610
f 5610 5611 5482
f 5483 5482 5611
f 5611 5612 5483
f 5484 5483 5612
f 5612 5613 5484
f 5485 5484 5613
f 5613 5614 5485
f 5486 5485 5614
f 5614 5615 5486
f 5487 5486 5615
f 5615 5616 5487
f 5488 5487 5616
f 5616 5617 5488
f 5489 5488 5617
f 5617 5618 5489
f 5490 5489 5618
f 5618 5619 5490
f 5491 5490 5619
f 5619 5620 5491
f 5492 5491 5620
f 5620 5621 5492
f 5493 5492 5621
f 5621 5622 5493
f 5494 5493 5622
f 5622 5623 5494
f 5495 5494 5623
f 5623 5624 5495
f 5496 5495 5624
f 5624 5625 5496
f 5497 5496 5625
f 5625 5626 5497
f 5498 5497 5626
f 5626 5627 5498
f 5499 5498 5627
f 5627 5628 5499
f 5500 5499 5628
f 5628 5629 5500
f 5501 5500 5629
f 5629 5630 5501
f 5502 5501 5630
f 5630 5631 5502
f 5503 5502 5631
f 5631 5632 5503
f 5504 5503 5632
f 5632 5633 5504
f 5505 5504 5633
f 5633 5634 5505
f 5506 5505 5634
f 5634 5635 5506
f 5507 5506 5635
f 5635 5636 5507
f 5508 5507 5636
f 5636 5637 5508
f 5509 5508 5637
f 5637 5638 5509
f 5510 5509 5638
f 5638 5639 5510
f 5511 5510 5639
f 5639 5640 5511
f 5512 5511 5640
f 5640 5641 5512
f 5513 5512 5641
f 5641 5642 5513
f 5514 5513 5642
f 5642 5643 5514
f 5515 5514 5643
f 5643 5644 5515
f 5516 5515 5644
f 5644 5645 5516
f 5517 5516 5645
f 5645 5646 5517
f 5518 5517 5646
f 5646 5647 5518
f 5519 5518 5647
f 5647 5648 5519
f 5520 5519 5648
f 5648 5649 5520
f 5521 5520 5649
f 5649 5650 5521
f 5522 5521 5650
f 5650 5651 5522
f 5523 5522 5651
f 5651 5652 5523
f 5524 5523 5652
f 5652 5653 5524
f 5525 5524 5653
f 5653 5654 5525
f 5526 5525 5654
f 5654 5655 5526
f 5527 5526 5655
f 5655 5656 5527
f 5528 5527 5656
f 5656 5657 5528
f 5529 5528 5657
f 5657 5658 5529
f 5530 5529 5658
f 5658 5659 5530
f 5531 5530 5659
f 5659 5660 5531
f 5532 5531 5660
f 5660 5661 5532
f 5533 5532 5661
f 5661 5662 5533
f 5534 5533 5662
f 5662 5663 5534
f 5535 5534 5663
f 5663 5664 5535
f 5536 5535 5664
f 5664 5665 5536
f 5537 5536 5665
f 5665 5666 5537
f 5538 5537 5666
f 5666 5667 5538
f 5539 5538 5667
f 5667 5668 5539
f 5540 5539 5668
f 5668 5669 5540
f 5541 5540 5669
f 5669 5670 5541
f 5542 5541 5670
f 5670 5671 5542
f 5543 5542 5671
f 5671 5672 5543
f 5544 5543 5672
f 5672 5673 5544
f 5545 5544 5673
f 5673 5674 5545
f 5546 5545 5674
f 5674 5675 5546
f 5547 5546 5675
f 5675 5676 5547
f 5548 5547 5676
f 5676 5677 5548
f 5549 5548 5677
f 5677 5678 5549
f 5550 5549 5678
f 5678 5679 5550
f 5551 5550 5679
f 5679 5680 5551
f 5552 5551 5680
f 5680 5681 5552
f 5553 5552 5681
f 5681 5682 5553
f 5554 5553 5682
f 5682 5683 5554
f 5555 5554 5683
f 5683 5684 5555
f 5556 5555 5684
f 5684 5685 5556
f 5557 5556 5685
f 5685 5686 5557
f 5558 5557 5686
f 5686 5687 5558
f 5559 5558 5687
f 5687 5688 5559
f 5560 5559 5688
f 5688 5689 5560
f 5561 5560 5689
f 5689 5690 5561
f 5562 5561 5690
f 5690 5691 5562
f 5563 5562 5691
f 5691 5692 5563
f 5564 5563 5692
f 5692 5693 5564
f 5565 5564 5693
f 5693 5694 5565
f 5566 5565 5694
f 5694 5695 5566
f 5567 5566 5695
f 5695 5696 5567
f 5568 5567 5696
f 5696 5697 5568
f 5569 5568 5697
f 5697 5698 5569
f 5570 5569 5698
f 5698 5699 5570
f 5571 5570 5699
f 5699 5700 5571
f 5572 5571 5700
f 5700 5701 5572
f 5573 5572 5701
f 5701 5702 5573
f 5574 5573 5702
f 5702 5703 5574
f 5575 5574 5703
f 5703 5704 5575
f 5576 5575 5704
f 5704 5705 5576
f 5577 5576 5705
f 5705 5706 5577
f 5578 5577 5706
f 5706 5707 5578
f 5579 5578 5707
f 5707 5708 5579
f 5580 5579 5708
f 5708 5709 5580
f 5581 5580 5709
f 5709 5710 5581
f 5582 5581 5710
f 5710 5711 5582
f 5583 5582 5711
f 5711 5712 5583
f 5584 5583 5712
f 5712 5713 5584
f 5585 5584 5713
f 5713 5714 5585
f 5586 5585 5714
f 5714 5715 5586
f 5587 5586 5715
f 5715 5716 5587
f 5588 5587 5716
f 5716 5717 5588
f 5589 5588 5717
f 5717 5718 5589
f 5590 5589 5718
f 5718 5719 5590
f 5591 5590 5719
f 5719 5720 5591
f 5592 5591 5720
f 5720 5721 5592
f 5593 5592 5721
f 5721 5722 5593
f 5594 5593 5722
f 5722 5723 5594
f 5595 5594 5723
f 5723 5724 5595
f 5596 5595 5724
f 5724 5725 5596
f 5597 5596 5725
f 5725 5726 5597
f 5598 5597 5726
f 5726 5727 5598
f 5599 5598 5727
f 5727 5728 5599
f 5600 5599 5728
f 5728 5729 5600
f 5602 5601 5730
f 5730 5731 5602
f 5603 5602 5731
f 5731 5732 5603
f 5604 5603 5732
f 5732 5733 5604
f 5605 5604 5733
f 5733 5734 5605
f 5606 5605 5734
f 5734 5735 5606
f 5607 5606 5735
f 5735 5736 5607
f 5608 5607 5736
f 5736 5737 5608
f 5609 5608 5737
f 5737 5738 5609
f 5610 5609 5738
f 5738 5739 5610
f 5611 5610 5739
f 5739 5740 5611
f 5612 5611 5740
f 5740 5741 5612
f 5613 5612 5741
f 5741 5742 5613
f 5614 5613 5742
f 5742 5743 5614
f 5615 5614 5743
f 5743 5744 5615
f 5616 5615 5744
f 5744 5745 5616
f 5617 5616 5745
f 5745 5746 5617
f 5618 5617 5746
f 5746 5747 5618
f 5619 5618 5747
f 5747 5748 5619
f 5620 5619 5748
f 5748 5749 5620
f 5621 5620 5749
f 5749 5750 5621
f 5622 5621 5750
f 5750 5751 5622
f 5623 5622 5751
f 5751 5752 5623
f 5624 5623 5752
f 5752 5753 5624
f 5625 5624 5753
f 5753 5754 5625
f 5626 5625 5754
f 5754 5755 5626
f 5627 5626 5755
f 5755 5756 5627
f 5628 5627 5756
f 5756 5757 5628
f 5629 5628 5757
f 5757 5758 5629
f 5630 5629 5758
f 5758 5759 5630
f 5631 5630 5759
f 5759 5760 5631
f 5632 5631 5760
f 5760 5761 5632
f 5633 5632 5761
f 5761 5762 5633
f 5634 5633 5762
f 5762 5763 5634
f 5635 5634 5763
f 5763 5764 5635
f 5636 5635 5764
f 5764 5765 5636
f 5637 5636 5765
f 5765 5766 5637
f 5638 5637 5766
f 5766 5767 5638
f 5639 5638 5767
f 5767 5768 5639
f 5640 5639 5768
f 5768 5769 5640
f 5641 5640 5769
f 5769 5770 5641
f 5642 5641 5770
f 5770 5771 5642
f 5643 5642 5771
f 5771 5772 5643
f 5644 5643 5772
f 5772 5773 5644
f 5645 5644 5773
f 5773 5774 5645
f 5646 5645 5774
f 5774 5775 5646
f 5647 5646 5775
f 5775 5776 5647
f 5648 5647 5776
f 5776 5777 5648
f 5649 5648 5777
f 5777 5778 5649
f 5650 5649 5778
f 5778 5779 5650
f 5651 5650 5779
f 5779 5780 5651
f 5652 5651 5780
f 5780 5781 5652
f 5653 5652 5781
f 5781 5782 5653
f 5654 5653 5782
f 5782 5783 5654
f 5655 5654 5783
f 5783 5784 5655
f 5656 5655 5784
f 5784 5785 5656
f 5657 5656 5785
f 5785 5786 5657
f 5658 5657 5786
f 5786 5787 5658
f 5659 5658 5787
f 5787 5788 5659
f 5660 5659 5788
f 5788 5789 5660
f 5661 5660 5789
f 5789 5790 5661
f 5662 5661 5790
f 5790 5791 5662
f 5663 5662 5791
f 5791 5792 5663
f 5664 5663 5792
f 5792 5793 5664
f 5665 5664 5793
f 5793 5794 5665
f 5666 5665 5794
f 5794 5795 5666
f 5667 5666 5795
f 5795 5796 5667
f 5668 5667 5796
f 5796 5797 5668
f 5669 5668 5797
f 5797 5798 5669
f 5670 5669 5798
f 5798 5799 5670
f 5671 5670 5799
f 5799 5800 5671
f 5672 5671 5800
f 5800 5801 5672
f 5673 5672 5801
f 5801 5802 5673
f 5674 5673 5802
f 5802 5803 5674
f 5675 5674 5803
f 5803 5804 5675
f 5676 5675 5804
f 5804 5805 5676
f 5677 5676 5805
f 5805 5806 5677
f 5678 5677 5806
f 5806 5807 5678
f 5679 5678 5807
f 5807 5808 5679
f 5680 5679 5808
f 5808 5809 5680
f 5681 5680 5809
f 5809 5810 5681
f 5682 5681 5810
f 5810 5811 5682
f 5683 5682 5811
f 5811 5812 5683
f 5684 5683 5812
f 5812 5813 5684
f 5685 5684 5813
f 5813 5814 5685
f 5686 5685 5814
f 5814 5815 5686
f 5687 5686 5815
f 5815 5816 5687
f 5688 5687 5816
f 5816 5817 5688
f 5689 5688 5817
f 5817 5818 5689
f 5690 5689 5818
f 5818 5819 5690
f 5691 5690 5819
f 5819 5820 5691
f 5692 5691 5820
f 5820 5821 5692
f 5693 5692 5821
f 5821 5822 5693
f 5694 5693 5822
f 5822 5823 5694
f 5695 5694 5823
f 5823 5824 5695
f 5696 5695 5824
f 5824 5825 5696
f 5697 5696 5825
f 5825 5826 5697
f 5698 5697 5826
f 5826 5827 5698
f 5699 5698 5827
f 5827 5828 5699
f 5700 5699 5828
f 5828 5829 5700
f 5701 5700 5829
f 5829 5830 5701
f 5702 5701 5830
f 5830 5831 5702
f 5703 5702 5831
f 5831 5832 5703
f 5704 5703 5832
f 5832 5833 5704
f 5705 5704 5833
f 5833 5834 5705
f 5706 5705 5834
f 5834 5835 5706
f 5707 5706 5835
f 5835 5836 5707
f 5708 5707 5836
f 5836 5837 5708
f 5709 5708 5837
f 5837 5838 5709
f 5710 5709 5838
f 5838 5839 5710
f 5711 5710 5839
f 5839 5840 5711
f 5712 5711 5840
f 5840 5841 5712
f 5713 5712 5841
f 5841 5842 5713
f 5714 5713 5842
f 5842 5843 5714
f 5715 5714 5843
f 5843 5844 5715
f 5716 5715 5844
f 5844 5845 5716
f 5717 5716 5845
f 5845 5846 5717
f 5718 5717 5846
f 5846 5847 5718
f 5719 5718 5847
f 5847 5848 5719
f 5720 5719 5848
f 5848 5849 5720
f 5721 5720 5849
f 5849 5850 5721
f 5722 5721 5850
f 5850 5851 5722
f 5723 5722 5851
f 5851 5852 5723
f 5724 5723 5852
f 5852 5853 5724
f 5725 5724 5853
f 5853 5854 5725
f 5726 5725 5854
f 5854 5855 5726
f 5727 5726 5855
f 5855 5856 5727
f 5728 5727 5856
f 5856 5857 5728
f 5729 5728 5857
f 5857 5858 5729
f 5731 5730 5859
f 5859 5860 5731
f 5732 5731 5860
f 5860 5861 5732
f 5733 5732 5861
f 5861 5862 5733
f 5734 5733 5862
f 5862 5863 5734
f 5735 5734 5863
f 5863 5864 5735
f 5736 5735 5864
f 5864 5865 5736
f 5737 5736 5865
f 5865 5866 5737
f 5738 5737 5866
f 5866 5867 5738
f 5739 5738 5867
f 5867 5868 5739
f 5740 5739 5868
f 5868 5869 5740
f 5741 5740 5869
f 5869 5870 5741
f 5742 5741 5870
f 5870 5871 5742
f 5743 5742 5871
f 5871 5872 5743
f 5744 5743 5872
f 5872 5873 5744
f 5745 5744 5873
f 5873 5874 5745
f 5746 5745 5874
f 5874 5875 5746
f 5747 5746 5875
f 5875 5876 5747
f 5748 5747 5876
f 5876 5877 5748
f 5749 5748 5877
f 5877 5878 5749
f 5750 5749 5878
f 5878 5879 5750
f 5751 5750 5879
f 5879 5880 5751
f 5752 5751 5880
f 5880 5881 5752
f 5753 5752 5881
f 5881 5882 5753
f 5754 5753 5882
f 5882 5883 5754
f 5755 5754 5883
f 5883 5884 5755
f 5756 5755 5884
f 5884 5885 5756
f 5757 5756 5885
f 5885 5886 5757
f 5758 5757 5886
f 5886 5887 5758
f 5759 5758 5887
f 5887 5888 5759
f 5760 5759 5888
f 5888 5889 5760
f 5761 5760 5889
f 5889 5890 5761
f 5762 5761 5890
f 5890 5891 5762
f 5763 5762 5891
f 5891 5892 5763
f 5764 5763 5892
f 5892 5893 5764
f 5765 5764 5893
f 5893 5894 5765
f 5766 5765 5894
f 5894 5895 5766
f 5767 5766 5895
f 5895 5896 5767
f 5768 5767 5896
f 5896 5897 5768
f 5769 5768 5897
f 5897 5898 5769
f 5770 5769 5898
f 5898 5899 5770
f 5771 5770 5899
f 5899 5900 5771
f 5772 5771 5900
f 5900 5901 5772
f 5773 5772 5901
f 5901 5902 5773
f 5774 5773 5902
f 5902 5903 5774
f 5775 5774 5903
f 5903 5904 5775
f 5776 5775 5904
f 5904 5905 5776
f 5777 5776 5905
f 5905 5906 5777
f 5778 5777 5906
f 5906 5907 5778
f 5779 5778 5907
f 5907 5908 5779
f 5780 5779 5908
f 5908 5909 5780
f 5781 5780 5909
f 5909 5910 5781
f 5782 5781 5910
f 5910 5911 5782
f 5783 5782 5911
f 5911 5912 5783
f 5784 5783 5912
f 5912 5913 5784
f 5785 5784 5913
f 5913 5914 5785
f 5786 5785 5914
f 5914 5915 5786
f 5787 5786 5915
f 5915 5916 5787
f 5788 5787 5916
f 5916 5917 5788
f 5789 5788 5917
f 5917 5918 5789
f 5790 5789 5918
f 5918 5919 5790
f 5791 5790 5919
f 5919 5920 5791
f 5792 5791 5920
f 5920 5921 5792
f 5793 5792 5921
f 5921 5922 5793
f 5794 5793 5922
f 5922 5923 5794
f 5795 5794 5923
f 5923 5924 5795
f 5796 5795 5924
f 5924 5925 5796
f 5797 5796 5925
f 5925 5926 5797
f 5798 5797 5926
f 5926 5927 5798
f 5799 5798 5927
f 5927 5928 5799
f 5800 5799 5928
f 5928 5929 5800
f 5801 5800 5929
f 5929 5930 5801
f 5802 5801 5930
f 5930 5931 5802
f 5803 5802 5931
f 5931 5932 5803
f 5804 5803 5932
f 5932 5933 5804
f 5805 5804 5933
f 5933 5934 5805
f 5806 5805 5934
f 5934 5935 5806
f 5807 5806 5935
f 5935 5936 5807
f 5808 5807 5936
f 5936 5937 5808
f 5809 5808 5937
f 5937 5938 5809
f 5810 5809 5938
f 5938 5939 5810
f 5811 5810 5939
f 5939 5940 5811
f 5812 5811 5940
f 5940 5941 5812
f 5813 5812 5941
f 5941 5942 5813
f 5814 5813 5942
f 5942 5943 5814
f 5815 5814 5943
f 5943 5944 5815
f 5816 5815 5944
f 5944 5945 5816
f 5817 5816 5945
f 5945 5946 5817
f 5818 5817 5946
f 5946 5947 5818
f 5819 5818 5947
f 5947 5948 5819
f 5820 5819 5948
f 5948 5949 5820
f 5821 5820 5949
f 5949 5950 5821
f 5822 5821 5950
f 5950 5951 5822
f 5823 5822 5951
f 5951 5952 5823
f 5824 5823 5952
f 5952 5953 5824
f 5825 5824 5953
f 5953 5954 5825
f 5826 5825 5954
f 5954 5955 5826
f 5827 5826 5955
f 5955 5956 5827
f 5828 5827 5956
f 5956 5957 5828
f 5829 5828 5957
f 5957 5958 5829
f 5830 5829 5958
f 5958 5959 5830
f 5831 5830 5959
f 5959 5960 5831
f 5832 5831 5960
f 5960 5961 5832
f 5833 5832 5961
f 5961 5962 5833
f 5834 5833 5962
f 5962 5963 5834
f 5835 5834 5963
f 5963 5964 5835
f 5836 5835 5964
f 5964 5965 5836
f 5837 5836 5965
f 5965 5966 5837
f 5838 5837 5966
f 5966 5967 5838
f 5839 5838 5967
f 5967 5968 5839
f 5840 5839 5968
f 5968 5969 5840
f 5841 5840 5969
f 5969 5970 5841
f 5842 5841 5970
f 5970 5971 5842
f 5843 5842 5971
f 5971 5972 5843
f 5844 5843 5972
f 5972 5973 5844
f 5845 5844 5973
f 5973 5974 5845
f 5846 5845 5974
f 5974 5975 5846
f 5847 5846 5975
f 5975 5976 5847
f 5848 5847 5976
f 5976 5977 5848
f 5849 5848 5977
f 5977 5978 5849
f 5850 5849 5978
f 5978 5979 5850
f 5851 5850 5979
f 5979 5980 5851
f 5852 5851 5980
f 5980 5981 5852
f 5853 5852 5981
f 5981 5982 5853
f 5854 5853 5982
f 5982 5983 5854
f 5855 5854 5983
f 5983 5984 5855
f 5856 5855 5984
f 5984 5985 5856
f 5857 5856 5985
f 5985 5986 5857
f 5858 5857 5986
f 5986 5987 5858
f 5860 5859 5988
f 5988 5989 5860
f 5861 5860 5989
f 5989 5990 5861
f 5862 5861 5990
f 5990 5991 5862
f 5863 5862 5991
f 5991 5992 5863
f 5864 5863 5992
f 5992 5993 5864
f 5865 5864 5993
f 5993 5994 5865
f 5866 5865 5994
f 5994 5995 5866
f 5867 5866 5995
f 5995 5996 5867
f 5868 5867 5996
f 5996 5997 5868
f 5869 5868 5997
f 5997 5998 5869
f 5870 5869 5998
f 5998 5999 5870
f 5871 5870 5999
f 5999 6000 5871
f 5872 5871 6000
f 6000 6001 5872
f 5873 5872 6001
f 6001 6002 5873
f 5874 5873 6002
f 6002 6003 5874
f 5875 5874 6003
f 6003 6004 5875
f 5876 5875 6004
f 6004 6005 5876
f 5877 5876 6005
f 6005 6006 5877
f 5878 5877 6006
f 6006 6007 5878
f 5879 5878 6007
f 6007 6008 5879
f 5880 5879 6008
f 6008 6009 5880
f 5881 5880 6009
f 6009 6010 5881
f 5882 5881 6010
f 6010 6011 5882
f 5883 5882 6011
f 6011 6012 5883
f 5884 5883 6012
f 6012 6013 5884
f 5885 5884 6013
f 6013 6014 5885
f 5886 5885 6014
f 6014 6015 5886
f 5887 5886 6015
f 6015 6016 5887
f 5888 5887 6016
f 6016 6017 5888
f 5889 5888 6017
f 6017 6018 5889
f 5890 5889 6018
f 6018 6019 5890
f 5891 5890 6019
f 6019 6020 5891
f 5892 5891 6020
f 6020 6021 5892
f 5893 5892 6021
f 6021 6022 5893
f 5894 5893 6022
f 6022 6023 5894
f 5895 5894 6023
f 6023 6024 5895
f 5896 5895 6024
f 6024 6025 5896
f 5897 5896 6025
f 6025 6026 5897
f 5898 5897 6026
f 6026 6027 5898
f 5899 5898 6027
f 6027 6028 5899
f 5900 5899 6028
f 6028 6029 5900
f 5901 5900 6029
f 6029 6030 5901
f 5902 5901 6030
f 6030 6031 5902
f 5903 5902 6031
f 6031 6032 5903
f 5904 5903 6032
f 6032 6033 5904
f 5905 5904 6033
f 6033 6034 5905
f 5906 5905 6034
f 6034 6035 5906
f 5907 5906 6035
f 6035 6036 5907
f 5908 5907 6036
f 6036 6037 5908
f 5909 5908 6037
f 6037 6038 5909
f 5910 5909 6038
f 6038 6039 5910
f 5911 5910 6039
f 6039 6040 5911
f 5912 5911 6040
f 6040 6041 5912
f 5913 5912 6041
f 6041 6042 5913
f 5914 5913 6042
f 6042 6043 5914
f 5915 5914 6043
f 6043 6044 5915
f 5916 5915 6044
f 6044 6045 5916
f 5917 5916 6045
f 6045 6046 5917
f 5918 5917 6046
f 6046 6047 5918
f 5919 5918 6047
f 6047 6048 5919
f 5920 5919 6048
f 6048 6049 5920
f 5921 5920 6049
f 6049 6050 5921
f 5922 5921 6050
f 6050 6051 5922
f 5923 5922 6051
f 6051 6052 5923
f 5924 5923 6052
f 6052 6053 5924
f 5925 5924 6053
f 6053 6054 5925
f 5926 5925 6054
f 6054 6055 5926
f 5927 5926 6055
f 6055 6056 5927
f 5928 5927 6056
f 6056 6057 5928
f 5929 5928 6057
f 6057 6058 5929
f 5930 5929 6058
f 6058 6059 5930
f 5931 5930 6059
f 6059 6060 5931
f 5932 5931 6060
f 6060 6061 5932
f 5933 5932 6061
f 6061 6062 5933
f 5934 5933 6062
f 6062 6063 5934
f 5935 5934 6063
f 6063 6064 5935
f 5936 5935 6064
f 6064 6065 5936
f 5937 5936 6065
f 6065 6066 5937
f 5938 5937 6066
f 6066 6067 5938
f 5939 5938 6067
f 6067 6068 5939
f 5940 5939 6068
f 6068 6069 5940
f 5941 5940 6069
f 6069 6070 5941
f 5942 5941 6070
f 6070 6071 5942
f 5943 5942 6071
f 6071 6072 5943
f 5944 5943 6072
f 6072 6073 5944
f 5945 5944 6073
f 6073 6074 5945
f 5946 5945 6074
f 6074 6075 5946
f 5947 5946 6075
f 6075 6076 5947
f 5948 5947 6076
f 6076 6077 5948
f 5949 5948 6077
f 6077 6078 5949
f 5950 5949 6078
f 6078 6079 5950
f 5951 5950 6079
f 6079 6080 5951
f 5952 5951 6080
f 6080 6081 5952
f 5953 5952 6081
f 6081 6082 5953
f 5954 5953 6082
f 6082 6083 5954
f 5955 5954 6083
f 6083 6084 5955
f 5956 5955 6084
f 6084 6085 5956
f 5957 5956 6085
f 6085 6086 5957
f 5958 5957 6086
f 6086 6087 5958
f 5959 5958 6087
f 6087 6088 5959
f 5960 5959 6088
f 6088 6089 5960
f 5961 5960 6089
f 6089 6090 5961
f 5962 5961 6090
f 6090 6091 5962
f 5963 5962 6091
f 6091 6092 5963
f 5964 5963 6092
f 6092 6093 5964
f 5965 5964 6093
f 6093 6094 5965
f 5966 5965 6094
f 6094 6095 5966
f 5967 5966 6095
f 6095 6096 5967
f 5968 5967 6096
f 6096 6097 5968
f 5969 5968 6097
f 6097 6098 5969
f 5970 5969 6098
f 6098 6099 5970
f 5971 5970 6099
f 6099 6100 5971
f 5972 5971 6100
f 6100 6101 5972
f 5973 5972 6101
f 6101 6102 5973
f 5974 5973 6102
f 6102 6103 5974
f 5975 5974 6103
f 6103 6104 5975
f 5976 5975 6104
f 6104 6105 5976
f 5977 5976 6105
f 6105 6106 5977
f 5978 5977 6106
f 6106 6107 5978
f 5979 5978 6107
f 6107 6108 5979
f 5980 5979 6108
f 6108 6109 5980
f 5981 5980 6109
f 6109 6110 5981
f 5982 5981 6110
f 6110 6111 5982
f 5983 5982 6111
f 6111 6112 5983
f 5984 5983 6112
f 6112 6113 5984
f 5985 5984 6113
f 6113 6114 5985
f 5986 5985 6114
f 6114 6115 5986
f 5987 5986 6115
f 6115 6116 5987
f 5989 5988 6117
f 6117 6118 5989
f 5990 5989 6118
f 6118 6119 5990
f 5991 5990 6119
f 6119 6120 5991
f 5992 5991 6120
f 6120 6121 5992
f 5993 5992 6121
f 6121 6122 5993
f 5994 5993 6122
f 6122 6123 5994
f 5995 5994 6123
f 6123 6124 5995
f 5996 5995 6124
f 6124 6125 5996
f 5997 5996 6125
f 6125 6126 5997
f 5998 5997 6126
f 6126 6127 5998
f 5999 5998 6127
f 6127 6128 5999
f 6000 5999 6128
f 6128 6129 6000
f 6001 6000 6129
f 6129 6130 6001
f 6002 6001 6130
f 6130 6131 6002
f 6003 6002 6131
f 6131 6132 6003
f 6004 6003 6132
f 6132 6133 6004
f 6005 6004 6133
f 6133 6134 6005
f 6006 6005 6134
f 6134 6135 6006
f 6007 6006 6135
f 6135 6136 6007
f 6008 6007 6136
f 6136 6137 6008
f 6009 6008 6137
f 6137 6138 6009
f 6010 6009 6138
f 6138 6139 6010
f 6011 6010 6139
f 6139 6140 6011
f 6012 6011 6140
f 6140 6141 6012
f 6013 6012 6141
f 6141 6142 6013
f 6014 6013 6142
f 6142 6143 6014
f 6015 6014 6143
f 6143 6144 6015
f 6016 6015 6144
f 6144 6145 6016
f 6017 6016 6145
f 6145 6146 6017
f 6018 6017 6146
f 6146 6147 6018
f 6019 6018 6147
f 6147 6148 6019
f 6020 6019 6148
f 6148 6149 6020
f 6021 6020 6149
f 6149 6150 6021
f 6022 6021 6150
f 6150 6151 6022
f 6023 6022 6151
f 6151 6152 6023
f 6024 6023 6152
f 6152 6153 6024
f 6025 6024 6153
f 6153 6154 6025
f 6026 6025 6154
f 6154 6155 6026
f 6027 6026 6155
f 6155 6156 6027
f 6028 6027 6156
f 6156 6157 6028
f 6029 6028 6157
f 6157 6158 6029
f 6030 6029 6158
f 6158 6159 6030
f 6031 6030 6159
f 6159 6160 6031
f 6032 6031 6160
f 6160 6161 6032
f 6033 6032 6161
f 6161 6162 6033
f 6034 6033 6162
f 6162 6163 6034
f 6035 6034 6163
f 6163 6164 6035
f 6036 6035 6164
f 6164 6165 6036
f 6037 6036 6165
f 6165 6166 6037
f 6038 6037 6166
f 6166 6167 6038
f 6039 6038 6167
f 6167 6168 6039
f 6040 6039 6168
f 6168 6169 6040
f 6041 6040 6169
f 6169 6170 6041
f 6042 6041 6170
f 6170 6171 6042
f 6043 6042 6171
f 6171 6172 6043
f 6044 6043 6172
f 6172 6173 6044
f 6045 6044 6173
f 6173 6174 6045
f 6046 6045 6174
f 6174 6175 6046
f 6047 6046 6175
f 6175 6176 6047
f 6048 6047 6176
f 6176 6177 6048
f 6049 6048 6177
f 6177 6178 6049
f 6050 6049 6178
f 6178 6179 6050
f 6051 6050 6179
f 6179 6180 6051
f 6052 6051 6180
f 6180 6181 6052
f 6053 6052 6181
f 6181 6182 6053
f 6054 6053 6182
f 6182 6183 6054
f 6055 6054 6183
f 6183 6184 6055
f 6056 6055 6184
f 6184 6185 6056
f 6057 6056 6185
f 6185 6186 6057
f 6058 6057 6186
f 6186 6187 6058
f 6059 6058 6187
f 6187 6188 6059
f 6060 6059 6188
f 6188 6189 6060
f 6061 6060 6189
f 6189 6190 6061
f 6062 6061 6190
f 6190 6191 6062
f 6063 6062 6191
f 6191 6192 6063
f 6064 6063 6192
f 6192 6193 6064
f 6065 6064 6193
f 6193 6194 6065
f 6066 6065 6194
f 6194 6195 6066
f 6067 6066 6195
f 6195 6196 6067
f 6068 6067 6196
f 6196 6197 6068
f 6069 6068 6197
f 6197 6198 6069
f 6070 6069 6198
f 6198 6199 6070
f 6071 6070 6199
f 6199 6200 6071
f 6072 6071 6200
f 6200 6201 6072
f 6073 6072 6201
f 6201 6202 6073
f 6074 6073 6202
f 6202 6203 6074
f 6075 6074 6203
f 6203 6204 6075
f 6076 6075 6204
f 6204 6205 6076
f 6077 6076 6205
f 6205 6206 6077
f 6078 6077 6206
f 6206 6207 6078
f 6079 6078 6207
f 6207 6208 6079
f 6080 6079 6208
f 6208 6209 6080
f 6081 6080 6209
f 6209 6210 6081
f 6082 6081 6210
f 6210 6211 6082
f 6083 6082 6211
f 6211 6212 6083
f 6084 6083 6212
f 6212 6213 6084
f 6085 6084 6213
f 6213 6214 6085
f 6086 6085 6214
f 6214 6215 6086
f 6087 6086 6215
f 6215 6216 6087
f 6088 6087 6216
f 6216 6217 6088
f 6089 6088 6217
f 6217 6218 6089
f 6090 6089 6218
f 6218 6219 6090
f 6091 6090 6219
f 6219 6220 6091
f 6092 6091 6220
f 6220 6221 6092
f 6093 6092 6221
f 6221 6222 6093
f 6094 6093 6222
f 6222 6223 6094
f 6095 6094 6223
f 6223 6224 6095
f 6096 6095 6224
f 6224 6225 6096
f 6097 6096 6225
f 6225 6226 6097
f 6098 6097 6226
f 6226 6227 6098
f 6099 6098 6227
f 6227 6228 6099
f 6100 6099 6228
f 6228 6229 6100
f 6101 6100 6229
f 6229 6230 6101
f 6102 6101 6230
f 6230 6231 6102
f 6103 6102 6231
f 6231 6232 6103
f 6104 6103 6232
f 6232 6233 6104
f 6105 6104 6233
f 6233 6234 6105
f 6106 6105 6234
f 6234 6235 6106
f 6107 6106 6235
f 6235 6236 6107
f 6108 6107 6236
f 6236 6237 6108
f 6109 6108 6237
f 6237 6238 6109
f 6110 6109 6238
f 6238 6239 6110
f 6111 6110 6239
f 6239 6240 6111
f 6112 6111 6240
f 6240 6241 6112
f 6113 6112 6241
f 6241 6242 6113
f 6114 6113 6242
f 6242 6243 6114
f 6115 6114 6243
f 6243 6244 6115
f 6116 6115 6244
f 6244 6245 6116
f 6118 6117 6246
f 6246 6247 6118
f 6119 6118 6247
f 6247 6248 6119
f 6120 6119 6248
f 6248 6249 6120
f 6121 6120 6249
f 6249 6250 6121
f 6122 6121 6250
f 6250 6251 6122
f 6123 6122 6251
f 6251 6252 6123
f 6124 6123 6252
f 6252 6253 6124
f 6125 6124 6253
f 6253 6254 6125
f 6126 6125 6254
f 6254 6255 6126
f 6127 6126 6255
f 6255 6256 6127
f 6128 6127 6256
f 6256 6257 6128
f 6129 6128 6257
f 6257 6258 6129
f 6130 6129 6258
f 6258 6259 6130
f 6131 6130 6259
f 6259 6260 6131
f 6132 6131 6260
f 6260 6261 6132
f 6133 6132 6261
f 6261 6262 6133
f 6134 6133 6262
f 6262 6263 6134
f 6135 6134 6263
f 6263 6264 6135
f 6136 6135 6264
f 6264 6265 6136
f 6137 6136 6265
f 6265 6266 6137
f 6138 6137 6266
f 6266 6267 6138
f 6139 6138 6267
f 6267 6268 6139
f 6140 6139 6268
f 6268 6269 6140
f 6141 6140 6269
f 6269 6270 6141
f 6142 6141 6270
f 6270 6271 6142
f 6143 6142 6271
f 6271 6272 6143
f 6144 6143 6272
f 6272 6273 6144
f 6145 6144 6273
f 6273 6274 6145
f 6146 6145 6274
f 6274 6275 6146
f 6147 6146 6275
f 6275 6276 6147
f 6148 6147 6276
f 6276 6277 6148
f 6149 6148 6277
f 6277 6278 6149
f 6150 6149 6278
f 6278 6279 6150
f 6151 6150 6279
f 6279 6280 6151
f 6152 6151 6280
f 6280 6281 6152
f 6153 6152 6281
f 6281 6282 6153
f 6154 6153 6282
f 6282 6283 6154
f 6155 6154 6283
f 6283 6284 6155
f 6156 6155 6284
f 6284 6285 6156
f 6157 6156 6285
f 6285 6286 6157
f 6158 6157 6286
f 6286 6287 6158
f 6159 6158 6287
f 6287 6288 6159
f 6160 6159 6288
f 6288 6289 6160
f 6161 6160 6289
f 6289 6290 6161
f 6162 6161 6290
f 6290 6291 6162
f 6163 6162 6291
f 6291 6292 6163
f 6164 6163 6292
f 6292 6293 6164
f 6165 6164 6293
f 6293 6294 6165
f 6166 6165 6294
f 6294 6295 6166
f 6167 6166 6295
f 6295 6296 6167
f 6168 6167 6296
f 6296 6297 6168
f 6169 6168 6297
f 6297 6298 6169
f 6170 6169 6298
f 6298 6299 6170
f 6171 6170 6299
f 6299 6300 6171
f 6172 6171 6300
f 6300 6301 6172
f 6173 6172 6301
f 6301 6302 6173
f 6174 6173 6302
f 6302 6303 6174
f 6175 6174 6303
f 6303 6304 6175
f 6176 6175 6304
f 6304 6305 6176
f 6177 6176 6305
f 6305 6306 6177
f 6178 6177 6306
f 6306 6307 6178
f 6179 6178 6307
f 6307 6308 6179
f 6180 6179 6308
f 6308 6309 6180
f 6181 6180 6309
f 6309 6310 6181
f 6182 6181 6310
f 6310 6311 6182
f 6183 6182 6311
f 6311 6312 6183
f 6184 6183 6312
f 6312 6313 6184
f 6185 6184 6313
f 6313 6314 6185
f 6186 6185 6314
f 6314 6315 6186
f 6187 6186 6315
f 6315 6316 6187
f 6188 6187 6316
f 6316 6317 6188
f 6189 6188 6317
f 6317 6318 6189
f 6190 6189 6318
f 6318 6319 6190
f 6191 6190 6319
f 6319 6320 6191
f 6192 6191 6320
f 6320 6321 6192
f 6193 6192 6321
f 6321 6322 6193
f 6194 6193 6322
f 6322 6323 6194
f 6195 6194 6323
f 6323 6324 6195
f 6196 6195 6324
f 6324 6325 6196
f 6197 6196 6325
f 6325 6326 6197
f 6198 6197 6326
f 6326 6327 6198
f 6199 6198 6327
f 6327 6328 6199
f 6200 6199 6328
f 6328 6329 6200
f 6201 6200 6329
f 6329 6330 6201
f 6202 6201 6330
f 6330 6331 6202
f 6203 6202 6331
f 6331 6332 6203
f 6204 6203 6332
f 6332 6333 6204
f 6205 6204 6333
f 6333 6334 6205
f 6206 6205 6334
f 6334 6335 6206
f 6207 6206 6335
f 6335 6336 6207
f 6208 6207 6336
f 6336 6337 6208
f 6209 6208 6337
f 6337 6338 6209
f 6210 6209 6338
f 6338 6339 6210
f 6211 6210 6339
f 6339 6340 6211
f 6212 6211 6340
f 6340 6341 6212
f 6213 6212 6341
f 6341 6342 6213
f 6214 6213 6342
f 6342 6343 6214
f 6215 6214 6343
f 6343 6344 6215
f 6216 6215 6344
f 6344 6345 6216
f 6217 6216 6345
f 6345 6346 6217
f 6218 6217 6346
f 6346 6347 6218
f 6219 6218 6347
f 6347 6348 6219
f 6220 6219 6348
f 6348 6349 6220
f 6221 6220 6349
f 6349 6350 6221
f 6222 6221 6350
f 6350 6351 6222
f 6223 6222 6351
f 6351 6352 6223
f 6224 6223 6352
f 6352 6353 6224
f 6225 6224 6353
f 6353 6354 6225
f 6226 6225 6354
f 6354 6355 6226
f 6227 6226 6355
f 6355 6356 6227
f 6228 6227 6356
f 6356 6357 6228
f 6229 6228 6357
f 6357 6358 6229
f 6230 6229 6358
f 6358 6359 6230
f 6231 6230 6359
f 6359 6360 6231
f 6232 6231 6360
f 6360 6361 6232
f 6233 6232 6361
f 6361 6362 6233
f 6234 6233 6362
f 6362 6363 6234
f 6235 6234 6363
f 6363 6364 6235
f 6236 6235 6364
f 6364 6365 6236
f 6237 6236 6365
f 6365 6366 6237
f 6238 6237 6366
f 6366 6367 6238
f 6239 6238 6367
f 6367 6368 6239
f 6240 6239 6368
f 6368 6369 6240
f 6241 6240 6369
f 6369 6370 6241
f 6242 6241 6370
f 6370 6371 6242
f 6243 6242 6371
f 6371 6372 6243
f 6244 6243 6372
f 6372 6373 6244
f 6245 6244 6373
f 6373 6374 6245
f 6247 6246 6375
f 6375 6376 6247
f 6248 6247 6376
f 6376 6377 6248
f 6249 6248 6377
f 6377 6378 6249
f 6250 6249 6378
f 6378 6379 6250
f 6251 6250 6379
f 6379 6380 6251
f 6252 6251 6380
f 6380 6381 6252
f 6253 6252 6381
f 6381 6382 6253
f 6254 6253 6382
f 6382 6383 6254
f 6255 6254 6383
f 6383 6384 6255
f 6256 6255 6384
f 6384 6385 6256
f 6257 6256 6385
f 6385 6386 6257
f 6258 6257 6386
f 6386 6387 6258
f 6259 6258 6387
f 6387 6388 6259
f 6260 6259 6388
f 6388 6389 6260
f 6261 6260 6389
f 6389 6390 6261
f 6262 6261 6390
f 6390 6391 6262
f 6263 6262 6391
f 6391 6392 6263
f 6264 6263 6392
f 6392 6393 6264
f 6265 6264 6393
f 6393 6394 6265
f 6266 6265 6394
f 6394 6395 6266
f 6267 6266 6395
f 6395 6396 6267
f 6268 6267 6396
f 6396 6397 6268
f 6269 6268 6397
f 6397 6398 6269
f 6270 6269 6398
f 6398 6399 6270
f 6271 6270 6399
f 6399 6400 6271
f 6272 6271 6400
f 6400 6401 6272
f 6273 6272 6401
f 6401 6402 6273
f 6274 6273 6402
f 6402 6403 6274
f 6275 6274 6403
f 6403 6404 6275
f 6276 6275 6404
f 6404 6405 6276
f 6277 6276 6405
f 6405 6406 6277
f 6278 6277 6406
f 6406 6407 6278
f 6279 6278 6407
f 6407 6408 6279
f 6280 6279 6408
f 6408 6409 6280
f 6281 6280 6409
f 6409 6410 6281
f 6282 6281 6410
f 6410 6411 6282
f 6283 6282 6411
f 6411 6412 6283
f 6284 6283 6412
f 6412 6413 6284
f 6285 6284 6413
f 6413 6414 6285
f 6286 6285 6414
f 6414 6415 6286
f 6287 6286 6415
f 6415 6416 6287
f 6288 6287 6416
f 6416 6417 6288
f 6289 6288 6417
f 6417 6418 6289
f 6290 6289 6418
f 6418 6419 6290
f 6291 6290 6419
f 6419 6420 6291
f 6292 6291 6420
f 6420 6421 6292
f 6293 6292 6421
f 6421 6422 6293
f 6294 6293 6422
f 6422 6423 6294
f 6295 6294 6423
f 6423 6424 6295
f 6296 6295 6424
f 6424 6425 6296
f 6297 6296 6425
f 6425 6426 6297
f 6298 6297 6426
f 6426 6427 6298
f 6299 6298 6427
f 6427 6428 6299
f 6300 6299 6428
f 6428 6429 6300
f 6301 6300 6429
f 6429 6430 6301
f 6302 6301 6430
f 6430 6431 6302
f 6303 6302 6431
f 6431 6432 6303
f 6304 6303 6432
f 6432 6433 6304
f 6305 6304 6433
f 6433 6434 6305
f 6306 6305 6434
f 6434 6435 6306
f 6307 6306 6435
f 6435 6436 6307
f 6308 6307 6436
f 6436 6437 6308
f 6309 6308 6437
f 6437 6438 6309
f 6310 6309 6438
f 6438 6439 6310
f 6311 6310 6439
f 6439 6440 6311
f 6312 6311 6440
f 6440 6441 6312
f 6313 6312 6441
f 6441 6442 6313
f 6314 6313 6442
f 6442 6443 6314
f 6315 6314 6443
f 6443 6444 6315
f 6316 6315 6444
f 6444 6445 6316
f 6317 6316 6445
f 6445 6446 6317
f 6318 6317 6446
f 6446 6447 6318
f 6319 6318 6447
f 6447 6448 6319
f 6320 6319 6448
f 6448 6449 6320
f 6321 6320 6449
f 6449 6450 6321
f 6322 6321 6450
f 6450 6451 6322
f 6323 6322 6451
f 6451 6452 6323
f 6324 6323 6452
f 6452 6453 6324
f 6325 6324 6453
f 6453 6454 6325
f 6326 6325 6454
f 6454 6455 6326
f 6327 6326 6455
f 6455 6456 6327
f 6328 6327 6456
f 6456 6457 6328
f 6329 6328 6457
f 6457 6458 6329
f 6330 6329 6458
f 6458 6459 6330
f 6331 6330 6459
f 6459 6460 6331
f 6332 6331 6460
f 6460 6461 6332
f 6333 6332 6461
f 6461 6462 6333
f 6334 6333 6462
f 6462 6463 6334
f 6335 6334 6463
f 6463 6464 6335
f 6336 6335 6464
f 6464 6465 6336
f 6337 6336 6465
f 6465 6466 6337
f 6338 6337 6466
f 6466 6467 6338
f 6339 6338 6467
f 6467 6468 6339
f 6340 6339 6468
f 6468 6469 6340
f 6341 6340 6469
f 6469 6470 6341
f 6342 6341 6470
f 6470 6471 6342
f 6343 6342 6471
f 6471 6472 6343
f 6344 6343 6472
f 6472 6473 6344
f 6345 6344 6473
f 6473 6474 6345
f 6346 6345 6474
f 6474 6475 6346
f 6347 6346 6475
f 6475 6476 6347
f 6348 6347 6476
f 6476 6477 6348
f 6349 6348 6477
f 6477 6478 6349
f 6350 6349 6478
f 6478 6479 6350
f 6351 6350 6479
f 6479 6480 6351
f 6352 6351 6480
f 6480 6481 6352
f 6353 6352 6481
f 6481 6482 6353
f 6354 6353 6482
f 6482 6483 6354
f 6355 6354 6483
f 6483 6484 6355
f 6356 6355 6484
f 6484 6485 6356
f 6357 6356 6485
f 6485 6486 6357
f 6358 6357 6486
f 6486 6487 6358
f 6359 6358 6487
f 6487 6488 6359
f 6360 6359 6488
f 6488 6489 6360
f 6361 6360 6489
f 6489 6490 6361
f 6362 6361 6490
f 6490 6491 6362
f 6363 6362 6491
f 6491 6492 6363
f 6364 6363 6492
f 6492 6493 6364
f 6365 6364 6493
f 6493 6494 6365
f 6366 6365 6494
f 6494 6495 6366
f 6367 6366 6495
f 6495 6496 6367
f 6368 6367 6496
f 6496 6497 6368
f 6369 6368 6497
f 6497 6498 6369
f 6370 6369 6498
f 6498 6499 6370
f 6371 6370 6499
f 6499 6500 6371
f 6372 6371 6500
f 6500 6501 6372
f 6373 6372 6501
f 6501 6502 6373
f 6374 6373 6502
f 6502 6503 6374
f 6376 6375 6504
f 6504 6505 6376
f 6377 6376 6505
f 6505 6506 6377
f 6378 6377 6506
f 6506 6507 6378
f 6379 6378 6507
f 6507 6508 6379
f 6380 6379 6508
f 6508 6509 6380
f 6381 6380 6509
f 6509 6510 6381
f 6382 6381 6510
f 6510 6511 6382
f 6383 6382 6511
f 6511 6512 6383
f 6384 6383 6512
f 6512 6513 6384
f 6385 6384 6513
f 6513 6514 6385
f 6386 6385 6514
f 6514 6515 6386
f 6387 6386 6515
f 6515 6516 6387
f 6388 6387 6516
f 6516 6517 6388
f 6389 6388 6517
f 6517 6518 6389
f 6390 6389 6518
f 6518 6519 6390
f 6391 6390 6519
f 6519 6520 6391
f 6392 6391 6520
f 6520 6521 6392
f 6393 6392 6521
f 6521 6522 6393
f 6394 6393 6522
f 6522 6523 6394
f 6395 6394 6523
f 6523 6524 6395
f 6396 6395 6524
f 6524 6525 6396
f 6397 6396 6525
f 6525 6526 6397
f 6398 6397 6526
f 6526 6527 6398
f 6399 6398 6527
f 6527 6528 6399
f 6400 6399 6528
f 6528 6529 6400
f 6401 6400 6529
f 6529 6530 6401
f 6402 6401 6530
f 6530 6531 6402
f 6403 6402 6531
f 6531 6532 6403
f 6404 6403 6532
f 6532 6533 6404
f 6405 6404 6533
f 6533 6534 6405
f 6406 6405 6534
f 6534 6535 6406
f 6407 6406 6535
f 6535 6536 6407
f 6408 6407 6536
f 6536 6537 6408
f 6409 6408 6537
f 6537 6538 6409
f 6410 6409 6538
f 6538 6539 6410
f 6411 6410 6539
f 6539 6540 6411
f 6412 6411 6540
f 6540 6541 6412
f 6413 6412 6541
f 6541 6542 6413
f 6414 6413 6542
f 6542 6543 6414
f 6415 6414 6543
f 6543 6544 6415
f 6416 6415 6544
f 6544 6545 6416
f 6417 6416 6545
f 6545 6546 6417
f 6418 6417 6546
f 6546 6547 6418
f 6419 6418 6547
f 6547 6548 6419
f 6420 6419 6548
f 6548 6549 6420
f 6421 6420 6549
f 6549 6550 6421
f 6422 6421 6550
f 6550 6551 6422
f 6423 6422 6551
f 6551 6552 6423
f 6424 6423 6552
f 6552 6553 6424
f 6425 6424 6553
f 6553 6554 6425
f 6426 6425 6554
f 6554 6555 6426
f 6427 6426 6555
f 6555 6556 6427
f 6428 6427 6556
f 6556 6557 6428
f 6429 6428 6557
f 6557 6558 6429
f 6430 6429 6558
f 6558 6559 6430
f 6431 6430 6559
f 6559 6560 6431
f 6432 6431 6560
f 6560 6561 6432
f 6433 6432 6561
f 6561 6562 6433
f 6434 6433 6562
f 6562 6563 6434
f 6435 6434 6563
f 6563 6564 6435
f 6436 6435 6564
f 6564 6565 6436
f 6437 6436 6565
f 6565 6566 6437
f 6438 6437 6566
f 6566 6567 6438
f 6439 6438 6567
f 6567 6568 6439
f 6440 6439 6568
f 6568 6569 6440
f 6441 6440 6569
f 6569 6570 6441
f 6442 6441 6570
f 6570 6571 6442
f 6443 6442 6571
f 6571 6572 6443
f 6444 6443 6572
f 6572 6573 6444
f 6445 6444 6573
f 6573 6574 6445
f 6446 6445 6574
f 6574 6575 6446
f 6447 6446 6575
f 6575 6576 6447
f 6448 6447 6576
f 6576 6577 6448
f 6449 6448 6577
f 6577 6578 6449
f 6450 6449 6578
f 6578 6579 6450
f 6451 6450 6579
f 6579 6580 6451
f 6452 6451 6580
f 6580 6581 6452
f 6453 6452 6581
f 6581 6582 6453
f 6454 6453 6582
f 6582 6583 6454
f 6455 6454 6583
f 6583 6584 6455
f 6456 6455 6584
f 6584 6585 6456
f 6457 6456 6585
f 6585 6586 6457
f 6458 6457 6586
f 6586 6587 6458
f 6459 6458 6587
f 6587 6588 6459
f 6460 6459 6588
f 6588 6589 6460
f 6461 6460 6589
f 6589 6590 6461
f 6462 6461 6590
f 6590 6591 6462
f 6463 6462 6591
f 6591 6592 6463
f 6464 6463 6592
f 6592 6593 6464
f 6465 6464 6593
f 6593 6594 6465
f 6466 6465 6594
f 6594 6595 6466
f 6467 6466 6595
f 6595 6596 6467
f 6468 6467 6596
f 6596 6597 6468
f 6469 6468 6597
f 6597 6598 6469
f 6470 6469 6598
f 6598 6599 6470
f 6471 6470 6599
f 6599 6600 6471
f 6472 6471 6600
f 6600 6601 6472
f 6473 6472 6601
f 6601 6602 6473
f 6474 6473 6602
f 6602 6603 6474
f 6475 6474 6603
f 6603 6604 6475
f 6476 6475 6604
f 6604 6605 6476
f 6477 6476 6605
f 6605 6606 6477
f 6478 6477 6606
f 6606 6607 6478
f 6479 6478 6607
f 6607 6608 6479
f 6480 6479 6608
f 6608 6609 6480
f 6481 6480 6609
f 6609 6610 6481
f 6482 6481 6610
f 6610 6611 6482
f 6483 6482 6611
f 6611 6612 6483
f 6484 6483 6612
f 6612 6613 6484
f 6485 6484 6613
f 6613 6614 6485
f 6486 6485 6614
f 6614 6615 6486
f 6487 6486 6615
f 6615 6616 6487
f 6488 6487 6616
f 6616 6617 6488
f 6489 6488 6617
f 6617 6618 6489
f 6490 6489 6618
f 6618 6619 6490
f 6491 6490 6619
f 6619 6620 6491
f 6492 6491 6620
f 6620 6621 6492
f 6493 6492 6621
f 6621 6622 6493
f 6494 6493 6622
f 6622 6623 6494
f 6495 6494 6623
f 6623 6624 6495
f 6496 6495 6624
f 6624 6625 6496
f 6497 6496 6625
f 6625 6626 6497
f 6498 6497 6626
f 6626 6627 6498
f 6499 6498 6627
f 6627 6628 6499
f 6500 6499 6628
f 6628 6629 6500
f 6501 6500 6629
f 6629 6630 6501
f 6502 6501 6630
f 6630 6631 6502
f 6503 6502 6631
f 6631 6632 6503
f 6505 6504 6633
f 6633 6634 6505
f 6506 6505 6634
f 6634 6635 6506
f 6507 6506 6635
f 6635 6636 6507
f 6508 6507 6636
f 6636 6637 6508
f 6509 6508 6637
f 6637 6638 6509
f 6510 6509 6638
f 6638 6639 6510
f 6511 6510 6639
f 6639 6640 6511
f 6512 6511 6640
f 6640 6641 6512
f 6513 6512 6641
f 6641 6642 6513
f 6514 6513 6642
f 6642 6643 6514
f 6515 6514 6643
f 6643 6644 6515
f 6516 6515 6644
f 6644 6645 6516
f 6517 6516 6645
f 6645 6646 6517
f 6518 6517 6646
f 6646 6647 6518
f 6519 6518 6647
f 6647 6648 6519
f 6520 6519 6648
f 6648 6649 6520
f 6521 6520 6649
f 6649 6650 6521
f 6522 6521 6650
f 6650 6651 6522
f 6523 6522 6651
f 6651 6652 6523
f 6524 6523 6652
f 6652 6653 6524
f 6525 6524 6653
f 6653 6654 6525
f 6526 6525 6654
f 6654 6655 6526
f 6527 6526 6655
f 6655 6656 6527
f 6528 6527 6656
f 6656 6657 6528
f 6529 6528 6657
f 6657 6658 6529
f 6530 6529 6658
f 6658 6659 6530
f 6531 6530 6659
f 6659 6660 6531
f 6532 6531 6660
f 6660 6661 6532
f 6533 6532 6661
f 6661 6662 6533
f 6534 6533 6662
f 6662 6663 6534
f 6535 6534 6663
f 6663 6664 6535
f 6536 6535 6664
f 6664 6665 6536
f 6537 6536 6665
f 6665 6666 6537
f 6538 6537 6666
f 6666 6667 6538
f 6539 6538 6667
f 6667 6668 6539
f 6540 6539 6668
f 6668 6669 6540
f 6541 6540 6669
f 6669 6670 6541
f 6542 6541 6670
f 6670 6671 6542
f 6543 6542 6671
f 6671 6672 6543
f 6544 6543 6672
f 6672 6673 6544
f 6545 6544 6673
f 6673 6674 6545
f 6546 6545 6674
f 6674 6675 6546
f 6547 6546 6675
f 6675 6676 6547
f 6548 6547 6676
f 6676 6677 6548
f 6549 6548 6677
f 6677 6678 6549
f 6550 6549 6678
f 6678 6679 6550
f 6551 6550 6679
f 6679 6680 6551
f 6552 6551 6680
f 6680 6681 6552
f 6553 6552 6681
f 6681 6682 6553
f 6554 6553 6682
f 6682 6683 6554
f 6555 6554 6683
f 6683 6684 6555
f 6556 6555 6684
f 6684 6685 6556
f 6557 6556 6685
f 6685 6686 6557
f 6558 6557 6686
f 6686 6687 6558
f 6559 6558 6687
f 6687 6688 6559
f 6560 6559 6688
f 6688 6689 6560
f 6561 6560 6689
f 6689 6690 6561
f 6562 6561 6690
f 6690 6691 6562
f 6563 6562 6691
f 6691 6692 6563
f 6564 6563 6692
f 6692 6693 6564
f 6565 6564 6693
f 6693 6694 6565
f 6566 6565 6694
f 6694 6695 6566
f 6567 6566 6695
f 6695 6696 6567
f 6568 6567 6696
f 6696 6697 6568
f 6569 6568 6697
f 6697 6698 6569
f 6570 6569 6698
f 6698 6699 6570
f 6571 6570 6699
f 6699 6700 6571
f 6572 6571 6700
f 6700 6701 6572
f 6573 6572 6701
f 6701 6702 6573
f 6574 6573 6702
f 6702 6703 6574
f 6575 6574 6703
f 6703 6704 6575
f 6576 6575 6704
f 6704 6705 6576
f 6577 6576 6705
f 6705 6706 6577
f 6578 6577 6706
f 6706 6707 6578
f 6579 6578 6707
f 6707 6708 6579
f 6580 6579 6708
f 6708 6709 6580
f 6581 6580 6709
f 6709 6710 6581
f 6582 6581 6710
f 6710 6711 6582
f 6583 6582 6711
f 6711 6712 6583
f 6584 6583 6712
f 6712 6713 6584
f 6585 6584 6713
f 6713 6714 6585
f 6586 6585 6714
f 6714 6715 6586
f 6587 6586 6715
f 6715 6716 6587
f 6588 6587 6716
f 6716 6717 6588
f 6589 6588 6717
f 6717 6718 6589
f 6590 6589 6718
f 6718 6719 6590
f 6591 6590 6719
f 6719 6720 6591
f 6592 6591 6720
f 6720 6721 6592
f 6593 6592 6721
f 6721 6722 6593
f 6594 6593 6722
f 6722 6723 6594
f 6595 6594 6723
f 6723 6724 6595
f 6596 6595 6724
f 6724 6725 6596
f 6597 6596 6725
f 6725 6726 6597
f 6598 6597 6726
f 6726 6727 6598
f 6599 6598 6727
f 6727 6728 6599
f 6600 6599 6728
f 6728 6729 6600
f 6601 6600 6729
f 6729 6730 6601
f 6602 6601 6730
f 6730 6731 6602
f 6603 6602 6731
f 6731 6732 6603
f 6604 6603 6732
f 6732 6733 6604
f 6605 6604 6733
f 6733 6734 6605
f 6606 6605 6734
f 6734 6735 6606
f 6607 6606 6735
f 6735 6736 6607
f 6608 6607 6736
f 6736 6737 6608
f 6609 6608 6737
f 6737 6738 6609
f 6610 6609 6738
f 6738 6739 6610
f 6611 6610 6739
f 6739 6740 6611
f 6612 6611 6740
f 6740 6741 6612
f 6613 6612 6741
f 6741 6742 6613
f 6614 6613 6742
f 6742 6743 6614
f 6615 6614 6743
f 6743 6744 6615
f 6616 6615 6744
f 6744 6745 6616
f 6617 6616 6745
f 6745 6746 6617
f 6618 6617 6746
f 6746 6747 6618
f 6619 6618 6747
f 6747 6748 6619
f 6620 6619 6748
f 6748 6749 6620
f 6621 6620 6749
f 6749 6750 6621
f 6622 6621 6750
f 6750 6751 6622
f 6623 6622 6751
f 6751 6752 6623
f 6624 6623 6752
f 6752 6753 6624
f 6625 6624 6753
f 6753 6754 6625
f 6626 6625 6754
f 6754 6755 6626
f 6627 6626 6755
f 6755 6756 6627
f 6628 6627 6756
f 6756 6757 6628
f 6629 6628 6757
f 6757 6758 6629
f 6630 6629 6758
f 6758 6759 6630
f 6631 6630 6759
f 6759 6760 6631
f 6632 6631 6760
f 6760 6761 6632
f 6634 6633 6762
f 6762 6763 6634
f 6635 6634 6763
f 6763 6764 6635
f 6636 6635 6764
f 6764 6765 6636
f 6637 6636 6765
f 6765 6766 6637
f 6638 6637 6766
f 6766 6767 6638
f 6639 6638 6767
f 6767 6768 6639
f 6640 6639 6768
f 6768 6769 6640
f 6641 6640 6769
f 6769 6770 6641
f 6642 6641 6770
f 6770 6771 6642
f 6643 6642 6771
f 6771 6772 6643
f 6644 6643 6772
f 6772 6773 6644
f 6645 6644 6773
f 6773 6774 6645
f 6646 6645 6774
f 6774 6775 6646
f 6647 6646 6775
f 6775 6776 6647
f 6648 6647 6776
f 6776 6777 6648
f 6649 6648 6777
f 6777 6778 6649
f 6650 6649 6778
f 6778 6779 6650
f 6651 6650 6779
f 6779 6780 6651
f 6652 6651 6780
f 6780 6781 6652
f 6653 6652 6781
f 6781 6782 6653
f 6654 6653 6782
f 6782 6783 6654
f 6655 6654 6783
f 6783 6784 6655
f 6656 6655 6784
f 6784 6785 6656
f 6657 6656 6785
f 6785 6786 6657
f 6658 6657 6786
f 6786 6787 6658
f 6659 6658 6787
f 6787 6788 6659
f 6660 6659 6788
f 6788 6789 6660
f 6661 6660 6789
f 6789 6790 6661
f 6662 6661 6790
f 6790 6791 6662
f 6663 6662 6791
f 6791 6792 6663
f 6664 6663 6792
f 6792 6793 6664
f 6665 6664 6793
f 6793 6794 6665
f 6666 6665 6794
f 6794 6795 6666
f 6667 6666 6795
f 6795 6796 6667
f 6668 6667 6796
f 6796 6797 6668
f 6669 6668 6797
f 6797 6798 6669
f 6670 6669 6798
f 6798 6799 6670
f 6671 6670 6799
f 6799 6800 6671
f 6672 6671 6800
f 6800 6801 6672
f 6673 6672 6801
f 6801 6802 6673
f 6674 6673 6802
f 6802 6803 6674
f 6675 6674 6803
f 6803 6804 6675
f 6676 6675 6804
f 6804 6805 6676
f 6677 6676 6805
f 6805 6806 6677
f 6678 6677 6806
f 6806 6807 6678
f 6679 6678 6807
f 6807 6808 6679
f 6680 6679 6808
f 6808 6809 6680
f 6681 6680 6809
f 6809 6810 6681
f 6682 6681 6810
f 6810 6811 6682
f 6683 6682 6811
f 6811 6812 6683
f 6684 6683 6812
f 6812 6813 6684
f 6685 6684 6813
f 6813 6814 6685
f 6686 6685 6814
f 6814 6815 6686
f 6687 6686 6815
f 6815 6816 6687
f 6688 6687 6816
f 6816 6817 6688
f 6689 6688 6817
f 6817 6818 6689
f 6690 6689 6818
f 6818 6819 6690
f 6691 6690 6819
f 6819 6820 6691
f 6692 6691 6820
f 6820 6821 6692
f 6693 6692 6821
f 6821 6822 6693
f 6694 6693 6822
f 6822 6823 6694
f 6695 6694 6823
f 6823 6824 6695
f 6696 6695 6824
f 6824 6825 6696
f 6697 6696 6825
f 6825 6826 6697
f 6698 6697 6826
f 6826 6827 6698
f 6699 6698 6827
f 6827 6828 6699
f 6700 6699 6828
f 6828 6829 6700
f 6701 6700 6829
f 6829 6830 6701
f 6702 6701 6830
f 6830 6831 6702
f 6703 6702 6831
f 6831 6832 6703
f 6704 6703 6832
f 6832 6833 6704
f 6705 6704 6833
f 6833 6834 6705
f 6706 6705 6834
f 6834 6835 6706
f 6707 6706 6835
f 6835 6836 6707
f 6708 6707 6836
f 6836 6837 6708
f 6709 6708 6837
f 6837 6838 6709
f 6710 6709 6838
f 6838 6839 6710
f 6711 6710 6839
f 6839 6840 6711
f 6712 6711 6840
f 6840 6841 6712
f 6713 6712 6841
f 6841 6842 6713
f 6714 6713 6842
f 6842 6843 6714
f 6715 6714 6843
f 6843 6844 6715
f 6716 6715 6844
f 6844 6845 6716
f 6717 6716 6845
f 6845 6846 6717
f 6718 6717 6846
f 6846 6847 6718
f 6719 6718 6847
f 6847 6848 6719
f 6720 6719 6848
f 6848 6849 6720
f 6721 6720 6849
f 6849 6850 6721
f 6722 6721 6850
f 6850 6851 6722
f 6723 6722 6851
f 6851 6852 6723
f 6724 6723 6852
f 6852 6853 6724
f 6725 6724 6853
f 6853 6854 6725
f 6726 6725 6854
f 6854 6855 6726
f 6727 6726 6855
f 6855 6856 6727
f 6728 6727 6856
f 6856 6857 6728
f 6729 6728 6857
f 6857 6858 6729
f 6730 6729 6858
f 6858 6859 6730
f 6731 6730 6859
f 6859 6860 6731
f 6732 6731 6860
f 6860 6861 6732
f 6733 6732 6861
f 6861 6862 6733
f 6734 6733 6862
f 6862 6863 6734
f 6735 6734 6863
f 6863 6864 6735
f 6736 6735 6864
f 6864 6865 6736
f 6737 6736 6865
f 6865 6866 6737
f 6738 6737 6866
f 6866 6867 6738
f 6739 6738 6867
f 6867 6868 6739
f 6740 6739 6868
f 6868 6869 6740
f 6741 6740 6869
f 6869 6870 6741
f 6742 6741 6870
f 6870 6871 6742
f 6743 6742 6871
f 6871 6872 6743
f 6744 6743 6872
f 6872 6873 6744
f 6745 6744 6873
f 6873 6874 6745
f 6746 6745 6874
f 6874 6875 6746
f 6747 6746 6875
f 6875 6876 6747
f 6748 6747 6876
f 6876 6877 6748
f 6749 6748 6877
f 6877 6878 6749
f 6750 6749 6878
f 6878 6879 6750
f 6751 6750 6879
f 6879 6880 6751
f 6752 6751 6880
f 6880 6881 6752
f 6753 6752 6881
f 6881 6882 6753
f 6754 6753 6882
f 6882 6883 6754
f 6755 6754 6883
f 6883 6884 6755
f 6756 6755 6884
f 6884 6885 6756
f 6757 6756 6885
f 6885 6886 6757
f 6758 6757 6886
f 6886 6887 6758
f 6759 6758 6887
f 6887 6888 6759
f 6760 6759 6888
f 6888 6889 6760
f 6761 6760 6889
f 6889 6890 6761
f 6763 6762 6891
f 6891 6892 6763
f 6764 6763 6892
f 6892 6893 6764
f 6765 6764 6893
f 6893 6894 6765
f 6766 6765 6894
f 6894 6895 6766
f 6767 6766 6895
f 6895 6896 6767
f 6768 6767 6896
f 6896 6897 6768
f 6769 6768 6897
f 6897 6898 6769
f 6770 6769 6898
f 6898 6899 6770
f 6771 6770 6899
f 6899 6900 6771
f 6772 6771 6900
f 6900 6901 6772
f 6773 6772 6901
f 6901 6902 6773
f 6774 6773 6902
f 6902 6903 6774
f 6775 6774 6903
f 6903 6904 6775
f 6776 6775 6904
f 6904 6905 6776
f 6777 6776 6905
f 6905 6906 6777
f 6778 6777 6906
f 6906 6907 6778
f 6779 6778 6907
f 6907 6908 6779
f 6780 6779 6908
f 6908 6909 6780
f 6781 6780 6909
f 6909 6910 6781
f 6782 6781 6910
f 6910 6911 6782
f 6783 6782 6911
f 6911 6912 6783
f 6784 6783 6912
f 6912 6913 6784
f 6785 6784 6913
f 6913 6914 6785
f 6786 6785 6914
f 6914 6915 6786
f 6787 6786 6915
f 6915 6916 6787
f 6788 6787 6916
f 6916 6917 6788
f 6789 6788 6917
f 6917 6918 6789
f 6790 6789 6918
f 6918 6919 6790
f 6791 6790 6919
f 6919 6920 6791
f 6792 6791 6920
f 6920 6921 6792
f 6793 6792 6921
f 6921 6922 6793
f 6794 6793 6922
f 6922 6923 6794
f 6795 6794 6923
f 6923 6924 6795
f 6796 6795 6924
f 6924 6925 6796
f 6797 6796 6925
f 6925 6926 6797
f 6798 6797 6926
f 6926 6927 6798
f 6799 6798 6927
f 6927 6928 6799
f 6800 6799 6928
f 6928 6929 6800
f 6801 6800 6929
f 6929 6930 6801
f 6802 6801 6930
f 6930 6931 6802
f 6803 6802 6931
f 6931 6932 6803
f 6804 6803 6932
f 6932 6933 6804
f 6805 6804 6933
f 6933 6934 6805
f 6806 6805 6934
f 6934 6935 6806
f 6807 6806 6935
f 6935 6936 6807
f 6808 6807 6936
f 6936 6937 6808
f 6809 6808 6937
f 6937 6938 6809
f 6810 6809 6938
f 6938 6939 6810
f 6811 6810 6939
f 6939 6940 6811
f 6812 6811 6940
f 6940 6941 6812
f 6813 6812 6941
f 6941 6942 6813
f 6814 6813 6942
f 6942 6943 6814
f 6815 6814 6943
f 6943 6944 6815
f 6816 6815 6944
f 6944 6945 6816
f 6817 6816 6945
f 6945 6946 6817
f 6818 6817 6946
f 6946 6947 6818
f 6819 6818 6947
f 6947 6948 6819
f 6820 6819 6948
f 6948 6949 6820
f 6821 6820 6949
f 6949 6950 6821
f 6822 6821 6950
f 6950 6951 6822
f 6823 6822 6951
f 6951 6952 6823
f 6824 6823 6952
f 6952 6953 6824
f 6825 6824 6953
f 6953 6954 6825
f 6826 6825 6954
f 6954 6955 6826
f 6827 6826 6955
f 6955 6956 6827
f 6828 6827 6956
f 6956 6957 6828
f 6829 6828 6957
f 6957 6958 6829
f 6830 6829 6958
f 6958 6959 6830
f 6831 6830 6959
f 6959 6960 6831
f 6832 6831 6960
f 6960 6961 6832
f 6833 6832 6961
f 6961 6962 6833
f 6834 6833 6962
f 6962 6963 6834
f 6835 6834 6963
f 6963 6964 6835
f 6836 6835 6964
f 6964 6965 6836
f 6837 6836 6965
f 6965 6966 6837
f 6838 6837 6966
f 6966 6967 6838
f 6839 6838 6967
f 6967 6968 6839
f 6840 6839 6968
f 6968 6969 6840
f 6841 6840 6969
f 6969 6970 6841
f 6842 6841 6970
f 6970 6971 6842
f 6843 6842 6971
f 6971 6972 6843
f 6844 6843 6972
f 6972 6973 6844
f 6845 6844 6973
f 6973 6974 6845
f 6846 6845 6974
f 6974 6975 6846
f 6847 6846 6975
f 6975 6976 6847
f 6848 6847 6976
f 6976 6977 6848
f 6849 6848 6977
f 6977 6978 6849
f 6850 6849 6978
f 6978 6979 6850
f 6851 6850 6979
f 6979 6980 6851
f 6852 6851 6980
f 6980 6981 6852
f 6853 6852 6981
f 6981 6982 6853
f 6854 6853 6982
f 6982 6983 6854
f 6855 6854 6983
f 6983 6984 6855
f 6856 6855 6984
f 6984 6985 6856
f 6857 6856 6985
f 6985 6986 6857
f 6858 6857 6986
f 6986 6987 6858
f 6859 6858 6987
f 6987 6988 6859
f 6860 6859 6988
f 6988 6989 6860
f 6861 6860 6989
f 6989 6990 6861
f 6862 6861 6990
f 6990 6991 6862
f 6863 6862 6991
f 6991 6992 6863
f 6864 6863 6992
f 6992 6993 6864
f 6865 6864 6993
f 6993 6994 6865
f 6866 6865 6994
f 6994 6995 6866
f 6867 6866 6995
f 6995 6996 6867
f 6868 6867 6996
f 6996 6997 6868
f 6869 6868 6997
f 6997 6998 6869
f 6870 6869 6998
f 6998 6999 6870
f 6871 6870 6999
f 6999 7000 6871
f 6872 6871 7000
f 7000 7001 6872
f 6873 6872 7001
f 7001 7002 6873
f 6874 6873 7002
f 7002 7003 6874
f 6875 6874 7003
f 7003 7004 6875
f 6876 6875 7004
f 7004 7005 6876
f 6877 6876 7005
f 7005 7006 6877
f 6878 6877 7006
f 7006 7007 6878
f 6879 6878 7007
f 7007 7008 6879
f 6880 6879 7008
f 7008 7009 6880
f 6881 6880 7009
f 7009 7010 6881
f 6882 6881 7010
f 7010 7011 6882
f 6883 6882 7011
f 7011 7012 6883
f 6884 6883 7012
f 7012 7013 6884
f 6885 6884 7013
f 7013 7014 6885
f 6886 6885 7014
f 7014 7015 6886
f 6887 6886 7015
f 7015 7016 6887
f 6888 6887 7016
f 7016 7017 6888
f 6889 6888 7017
f 7017 7018 6889
f 6890 6889 7018
f 7018 7019 6890
f 6892 6891 7020
f 7020 7021 6892
f 6893 6892 7021
f 7021 7022 6893
f 6894 6893 7022
f 7022 7023 6894
f 6895 6894 7023
f 7023 7024 6895
f 6896 6895 7024
f 7024 7025 6896
f 6897 6896 7025
f 7025 7026 6897
f 6898 6897 7026
f 7026 7027 6898
f 6899 6898 7027
f 7027 7028 6899
f 6900 6899 7028
f 7028 7029 6900
f 6901 6900 7029
f 7029 7030 6901
f 6902 6901 7030
f 7030 7031 6902
f 6903 6902 7031
f 7031 7032 6903
f 6904 6903 7032
f 7032 7033 6904
f 6905 6904 7033
f 7033 7034 6905
f 6906 6905 7034
f 7034 7035 6906
f 6907 6906 7035
f 7035 7036 6907
f 6908 6907 7036
f 7036 7037 6908
f 6909 6908 7037
f 7037 7038 6909
f 6910 6909 7038
f 7038 7039 6910
f 6911 6910 7039
f 7039 7040 6911
f 6912 6911 7040
f 7040 7041 6912
f 6913 6912 7041
f 7041 7042 6913
f 6914 6913 7042
f 7042 7043 6914
f 6915 6914 7043
f 7043 7044 6915
f 6916 6915 7044
f 7044 7045 6916
f 6917 6916 7045
f 7045 7046 6917
f 6918 6917 7046
f 7046 7047 6918
f 6919 6918 7047
f 7047 7048 6919
f 6920 6919 7048
f 7048 7049 6920
f 6921 6920 7049
f 7049 7050 6921
f 6922 6921 7050
f 7050 7051 6922
f 6923 6922 7051
f 7051 7052 6923
f 6924 6923 7052
f 7052 7053 6924
f 6925 6924 7053
f 7053 7054 6925
f 6926 6925 7054
f 7054 7055 6926
f 6927 6926 7055
f 7055 7056 6927
f 6928 6927 7056
f 7056 7057 6928
f 6929 6928 7057
f 7057 7058 6929
f 6930 6929 7058
f 7058 7059 6930
f 6931 6930 7059
f 7059 7060 6931
f 6932 6931 7060
f 7060 7061 6932
f 6933 6932 7061
f 7061 7062 6933
f 6934 6933 7062
f 7062 7063 6934
f 6935 6934 7063
f 7063 7064 6935
f 6936 6935 7064
f 7064 7065 6936
f 6937 6936 7065
f 7065 7066 6937
f 6938 6937 7066
f 7066 7067 6938
f 6939 6938 7067
f 7067 7068 6939
f 6940 6939 7068
f 7068 7069 6940
f 6941 6940 7069
f 7069 7070 6941
f 6942 6941 7070
f 7070 7071 6942
f 6943 6942 7071
f 7071 7072 6943
f 6944 6943 7072
f 7072 7073 6944
f 6945 6944 7073
f 7073 7074 6945
f 6946 6945 7074
f 7074 7075 6946
f 6947 6946 7075
f 7075 7076 6947
f 6948 6947 7076
f 7076 7077 6948
f 6949 6948 7077
f 7077 7078 6949
f 6950 6949 7078
f 7078 7079 6950
f 6951 6950 7079
f 7079 7080 6951
f 6952 6951 7080
f 7080 7081 6952
f 6953 6952 7081
f 7081 7082 6953
f 6954 6953 7082
f 7082 7083 6954
f 6955 6954 7083
f 7083 7084 6955
f 6956 6955 7084
f 7084 7085 6956
f 6957 6956 7085
f 7085 7086 6957
f 6958 6957 7086
f 7086 7087 6958
f 6959 6958 7087
f 7087 7088 6959
f 6960 6959 7088
f 7088 7089 6960
f 6961 6960 7089
f 7089 7090 6961
f 6962 6961 7090
f 7090 7091 6962
f 6963 6962 7091
f 7091 7092 6963
f 6964 6963 7092
f 7092 7093 6964
f 6965 6964 7093
f 7093 7094 6965
f 6966 6965 7094
f 7094 7095 6966
f 6967 6966 7095
f 7095 7096 6967
f 6968 6967 7096
f 7096 7097 6968
f 6969 6968 7097
f 7097 7098 6969
f 6970 6969 7098
f 7098 7099 6970
f 6971 6970 7099
f 7099 7100 6971
f 6972 6971 7100
f 7100 7101 6972
f 6973 6972 7101
f 7101 7102 6973
f 6974 6973 7102
f 7102 7103 6974
f 6975 6974 7103
f 7103 7104 6975
f 6976 6975 7104
f 7104 7105 6976
f 6977 6976 7105
f 7105 7106 6977
f 6978 6977 7106
f 7106 7107 6978
f 6979 6978 7107
f 7107 7108 6979
f 6980 6979 7108
f 7108 7109 6980
f 6981 6980 7109
f 7109 7110 6981
f 6982 6981 7110
f 7110 7111 6982
f 6983 6982 7111
f 7111 7112 6983
f 6984 6983 7112
f 7112 7113 6984
f 6985 6984 7113
f 7113 7114 6985
f 6986 6985 7114
f 7114 7115 6986
f 6987 6986 7115
f 7115 7116 6987
f 6988 6987 7116
f 7116 7117 6988
f 6989 6988 7117
f 7117 7118 6989
f 6990 6989 7118
f 7118 7119 6990
f 6991 6990 7119
f 7119 7120 6991
f 6992 6991 7120
f 7120 7121 6992
f 6993 6992 7121
f 7121 7122 6993
f 6994 6993 7122
f 7122 7123 6994
f 6995 6994 7123
f 7123 7124 6995
f 6996 6995 7124
f 7124 7125 6996
f 6997 6996 7125
f 7125 7126 6997
f 6998 6997 7126
f 7126 7127 6998
f 6999 6998 7127
f 7127 7128 6999
f 7000 6999 7128
f 7128 7129 7000
f 7001 7000 7129
f 7129 7130 7001
f 7002 7001 7130
f 7130 7131 7002
f 7003 7002 7131
f 7131 7132 7003
f 7004 7003 7132
f 7132 7133 7004
f 7005 7004 7133
f 7133 7134 7005
f 7006 7005 7134
f 7134 7135 7006
f 7007 7006 7135
f 7135 7136 7007
f 7008 7007 7136
f 7136 7137 7008
f 7009 7008 7137
f 7137 7138 7009
f 7010 7009 7138
f 7138 7139 7010
f 7011 7010 7139
f 7139 7140 7011
f 7012 7011 7140
f 7140 7141 7012
f 7013 7012 7141
f 7141 7142 7013
f 7014 7013 7142
f 7142 7143 7014
f 7015 7014 7143
f 7143 7144 7015
f 7016 7015 7144
f 7144 7145 7016
f 7017 7016 7145
f 7145 7146 7017
f 7018 7017 7146
f 7146 7147 7018
f 7019 7018 7147
f 7147 7148 7019
f 7021 7020 7149
f 7149 7150 7021
f 7022 7021 7150
f 7150 7151 7022
f 7023 7022 7151
f 7151 7152 7023
f 7024 7023 7152
f 7152 7153 7024
f 7025 7024 7153
f 7153 7154 7025
f 7026 7025 7154
f 7154 7155 7026
f 7027 7026 7155
f 7155 7156 7027
f 7028 7027 7156
f 7156 7157 7028
f 7029 7028 7157
f 7157 7158 7029
f 7030 7029 7158
f 7158 7159 7030
f 7031 7030 7159
f 7159 7160 7031
f 7032 7031 7160
f 7160 7161 7032
f 7033 7032 7161
f 7161 7162 7033
f 7034 7033 7162
f 7162 7163 7034
f 7035 7034 7163
f 7163 7164 7035
f 7036 7035 7164
f 7164 7165 7036
f 7037 7036 7165
f 7165 7166 7037
f 7038 7037 7166
f 7166 7167 7038
f 7039 7038 7167
f 7167 7168 7039
f 7040 7039 7168
f 7168 7169 7040
f 7041 7040 7169
f 7169 7170 7041
f 7042 7041 7170
f 7170 7171 7042
f 7043 7042 7171
f 7171 7172 7043
f 7044 7043 7172
f 7172 7173 7044
f 7045 7044 7173
f 7173 7174 7045
f 7046 7045 7174
f 7174 7175 7046
f 7047 7046 7175
f 7175 7176 7047
f 7048 7047 7176
f 7176 7177 7048
f 7049 7048 7177
f 7177 7178 7049
f 7050 7049 7178
f 7178 7179 7050
f 7051 7050 7179
f 7179 7180 7051
f 7052 7051 7180
f 7180 7181 7052
f 7053 7052 7181
f 7181 7182 7053
f 7054 7053 7182
f 7182 7183 7054
f 7055 7054 7183
f 7183 7184 7055
f 7056 7055 7184
f 7184 7185 7056
f 7057 7056 7185
f 7185 7186 7057
f 7058 7057 7186
f 7186 7187 7058
f 7059 7058 7187
f 7187 7188 7059
f 7060 7059 7188
f 7188 7189 7060
f 7061 7060 7189
f 7189 7190 7061
f 7062 7061 7190
f 7190 7191 7062
f 7063 7062 7191
f 7191 7192 7063
f 7064 7063 7192
f 7192 7193 7064
f 7065 7064 7193
f 7193 7194 7065
f 7066 7065 7194
f 7194 7195 7066
f 7067 7066 7195
f 7195 7196 7067
f 7068 7067 7196
f 7196 7197 7068
f 7069 7068 7197
f 7197 7198 7069
f 7070 7069 7198
f 7198 7199 7070
f 7071 7070 7199
f 7199 7200 7071
f 7072 7071 7200
f 7200 7201 7072
f 7073 7072 7201
f 7201 7202 7073
f 7074 7073 7202
f 7202 7203 7074
f 7075 7074 7203
f 7203 7204 7075
f 7076 7075 7204
f 7204 7205 7076
f 7077 7076 7205
f 7205 7206 7077
f 7078 7077 7206
f 7206 7207 7078
f 7079 7078 7207
f 7207 7208 7079
f 7080 7079 7208
f 7208 7209 7080
f 7081 7080 7209
f 7209 7210 7081
f 7082 7081 7210
f 7210 7211 7082
f 7083 7082 7211
f 7211 7212 7083
f 7084 7083 7212
f 7212 7213 7084
f 7085 7084 7213
f 7213 7214 7085
f 7086 7085 7214
f 7214 7215 7086
f 7087 7086 7215
f 7215 7216 7087
f 7088 7087 7216
f 7216 7217 7088
f 7089 7088 7217
f 7217 7218 7089
f 7090 7089 7218
f 7218 7219 7090
f 7091 7090 7219
f 7219 7220 7091
f 7092 7091 7220
f 7220 7221 7092
f 7093 7092 7221
f 7221 7222 7093
f 7094 7093 7222
f 7222 7223 7094
f 7095 7094 7223
f 7223 7224 7095
f 7096 7095 7224
f 7224 7225 7096
f 7097 7096 7225
f 7225 7226 7097
f 7098 7097 7226
f 7226 7227 7098
f 7099 7098 7227
f 7227 7228 7099
f 7100 7099 7228
f 7228 7229 7100
f 7101 7100 7229
f 7229 7230 7101
f 7102 7101 7230
f 7230 7231 7102
f 7103 7102 7231
f 7231 7232 7103
f 7104 7103 7232
f 7232 7233 7104
f 7105 7104 7233
f 7233 7234 7105
f 7106 7105 7234
f 7234 7235 7106
f 7107 7106 7235
f 7235 7236 7107
f 7108 7107 7236
f 7236 7237 7108
f 7109 7108 7237
f 7237 7238 7109
f 7110 7109 7238
f 7238 7239 7110
f 7111 7110 7239
f 7239 7240 7111
f 7112 7111 7240
f 7240 7241 7112
f 7113 7112 7241
f 7241 7242 7113
f 7114 7113 7242
f 7242 7243 7114
f 7115 7114 7243
f 7243 7244 7115
f 7116 7115 7244
f 7244 7245 7116
f 7117 7116 7245
f 7245 7246 7117
f 7118 7117 7246
f 7246 7247 7118
f 7119 7118 7247
f 7247 7248 7119
f 7120 7119 7248
f 7248 7249 7120
f 7121 7120 7249
f 7249 7250 7121
f 7122 7121 7250
f 7250 7251 7122
f 7123 7122 7251
f 7251 7252 7123
f 7124 7123 7252
f 7252 7253 7124
f 7125 7124 7253
f 7253 7254 7125
f 7126 7125 7254
f 7254 7255 7126
f 7127 7126 7255
f 7255 7256 7127
f 7128 7127 7256
f 7256 7257 7128
f 7129 7128 7257
f 7257 7258 7129
f 7130 7129 7258
f 7258 7259 7130
f 7131 7130 7259
f 7259 7260 7131
f 7132 7131 7260
f 7260 7261 7132
f 7133 7132 7261
f 7261 7262 7133
f 7134 7133 7262
f 7262 7263 7134
f 7135 7134 7263
f 7263 7264 7135
f 7136 7135 7264
f 7264 7265 7136
f 7137 7136 7265
f 7265 7266 7137
f 7138 7137 7266
f 7266 7267 7138
f 7139 7138 7267
f 7267 7268 7139
f 7140 7139 7268
f 7268 7269 7140
f 7141 7140 7269
f 7269 7270 7141
f 7142 7141 7270
f 7270 7271 7142
f 7143 7142 7271
f 7271 7272 7143
f 7144 7143 7272
f 7272 7273 7144
f 7145 7144 7273
f 7273 7274 7145
f 7146 7145 7274
f 7274 7275 7146
f 7147 7146 7275
f 7275 7276 7147
f 7148 7147 7276
f 7276 7277 7148
f 7150 7149 7278
f 7278 7279 7150
f 7151 7150 7279
f 7279 7280 7151
f 7152 7151 7280
f 7280 7281 7152
f 7153 7152 7281
f 7281 7282 7153
f 7154 7153 7282
f 7282 7283 7154
f 7155 7154 7283
f 7283 7284 7155
f 7156 7155 7284
f 7284 7285 7156
f 7157 7156 7285
f 7285 7286 7157
f 7158 7157 7286
f 7286 7287 7158
f 7159 7158 7287
f 7287 7288 7159
f 7160 7159 7288
f 7288 7289 7160
f 7161 7160 7289
f 7289 7290 7161
f 7162 7161 7290
f 7290 7291 7162
f 7163 7162 7291
f 7291 7292 7163
f 7164 7163 7292
f 7292 7293 7164
f 7165 7164 7293
f 7293 7294 7165
f 7166 7165 7294
f 7294 7295 7166
f 7167 7166 7295
f 7295 7296 7167
f 7168 7167 7296
f 7296 7297 7168
f 7169 7168 7297
f 7297 7298 7169
f 7170 7169 7298
f 7298 7299 7170
f 7171 7170 7299
f 7299 7300 7171
f 7172 7171 7300
f 7300 7301 7172
f 7173 7172 7301
f 7301 7302 7173
f 7174 7173 7302
f 7302 7303 7174
f 7175 7174 7303
f 7303 7304 7175
f 7176 7175 7304
f 7304 7305 7176
f 7177 7176 7305
f 7305 7306 7177
f 7178 7177 7306
f 7306 7307 7178
f 7179 7178 7307
f 7307 7308 7179
f 7180 7179 7308
f 7308 7309 7180
f 7181 7180 7309
f 7309 7310 7181
f 7182 7181 7310
f 7310 7311 7182
f 7183 7182 7311
f 7311 7312 7183
f 7184 7183 7312
f 7312 7313 7184
f 7185 7184 7313
f 7313 7314 7185
f 7186 7185 7314
f 7314 7315 7186
f 7187 7186 7315
f 7315 7316 7187
f 7188 7187 7316
f 7316 7317 7188
f 7189 7188 7317
f 7317 7318 7189
f 7190 7189 7318
f 7318 7319 7190
f 7191 7190 7319
f 7319 7320 7191
f 7192 7191 7320
f 7320 7321 7192
f 7193 7192 7321
f 7321 7322 7193
f 7194 7193 7322
f 7322 7323 7194
f 7195 7194 7323
f 7323 7324 7195
f 7196 7195 7324
f 7324 7325 7196
f 7197 7196 7325
f 7325 7326 7197
f 7198 7197 7326
f 7326 7327 7198
f 7199 7198 7327
f 7327 7328 7199
f 7200 7199 7328
f 7328 7329 7200
f 7201 7200 7329
f 7329 7330 7201
f 7202 7201 7330
f 7330 7331 7202
f 7203 7202 7331
f 7331 7332 7203
f 7204 7203 7332
f 7332 7333 7204
f 7205 7204 7333
f 7333 7334 7205
f 7206 7205 7334
f 7334 7335 7206
f 7207 7206 7335
f 7335 7336 7207
f 7208 7207 7336
f 7336 7337 7208
f 7209 7208 7337
f 7337 7338 7209
f 7210 7209 7338
f 7338 7339 7210
f 7211 7210 7339
f 7339 7340 7211
f 7212 7211 7340
f 7340 7341 7212
f 7213 7212 7341
f 7341 7342 7213
f 7214 7213 7342
f 7342 7343 7214
f 7215 7214 7343
f 7343 7344 7215
f 7216 7215 7344
f 7344 7345 7216
f 7217 7216 7345
f 7345 7346 7217
f 7218 7217 7346
f 7346 7347 7218
f 7219 7218 7347
f 7347 7348 7219
f 7220 7219 7348
f 7348 7349 7220
f 7221 7220 7349
f 7349 7350 7221
f 7222 7221 7350
f 7350 7351 7222
f 7223 7222 7351
f 7351 7352 7223
f 7224 7223 7352
f 7352 7353 7224
f 7225 7224 7353
f 7353 7354 7225
f 7226 7225 7354
f 7354 7355 7226
f 7227 7226 7355
f 7355 7356 7227
f 7228 7227 7356
f 7356 7357 7228
f 7229 7228 7357
f 7357 7358 7229
f 7230 7229 7358
f 7358 7359 7230
f 7231 7230 7359
f 7359 7360 7231
f 7232 7231 7360
f 7360 7361 7232
f 7233 7232 7361
f 7361 7362 7233
f 7234 7233 7362
f 7362 7363 7234
f 7235 7234 7363
f 7363 7364 7235
f 7236 7235 7364
f 7364 7365 7236
f 7237 7236 7365
f 7365 7366 7237
f 7238 7237 7366
f 7366 7367 7238
f 7239 7238 7367
f 7367 7368 7239
f 7240 7239 7368
f 7368 7369 7240
f 7241 7240 7369
f 7369 7370 7241
f 7242 7241 7370
f 7370 7371 7242
f 7243 7242 7371
f 7371 7372 7243
f 7244 7243 7372
f 7372 7373 7244
f 7245 7244 7373
f 7373 7374 7245
f 7246 7245 7374
f 7374 7375 7246
f 7247 7246 7375
f 7375 7376 7247
f 7248 7247 7376
f 7376 7377 7248
f 7249 7248 7377
f 7377 7378 7249
f 7250 7249 7378
f 7378 7379 7250
f 7251 7250 7379
f 7379 7380 7251
f 7252 7251 7380
f 7380 7381 7252
f 7253 7252 7381
f 7381 7382 7253
f 7254 7253 7382
f 7382 7383 7254
f 7255 7254 7383
f 7383 7384 7255
f 7256 7255 7384
f 7384 7385 7256
f 7257 7256 7385
f 7385 7386 7257
f 7258 7257 7386
f 7386 7387 7258
f 7259 7258 7387
f 7387 7388 7259
f 7260 7259 7388
f 7388 7389 7260
f 7261 7260 7389
f 7389 7390 7261
f 7262 7261 7390
f 7390 7391 7262
f 7263 7262 7391
f 7391 7392 7263
f 7264 7263 7392
f 7392 7393 7264
f 7265 7264 7393
f 7393 7394 7265
f 7266 7265 7394
f 7394 7395 7266
f 7267 7266 7395
f 7395 7396 7267
f 7268 7267 7396
f 7396 7397 7268
f 7269 7268 7397
f 7397 7398 7269
f 7270 7269 7398
f 7398 7399 7270
f 7271 7270 7399
f 7399 7400 7271
f 7272 7271 7400
f 7400 7401 7272
f 7273 7272 7401
f 7401 7402 7273
f 7274 7273 7402
f 7402 7403 7274
f 7275 7274 7403
f 7403 7404 7275
f 7276 7275 7404
f 7404 7405 7276
f 7277 7276 7405
f 7405 7406 7277
f 7279 7278 7407
f 7407 7408 7279
f 7280 7279 7408
f 7408 7409 7280
f 7281 7280 7409
f 7409 7410 7281
f 7282 7281 7410
f 7410 7411 7282
f 7283 7282 7411
f 7411 7412 7283
f 7284 7283 7412
f 7412 7413 7284
f 7285 7284 7413
f 7413 7414 7285
f 7286 7285 7414
f 7414 7415 7286
f 7287 7286 7415
f 7415 7416 7287
f 7288 7287 7416
f 7416 7417 7288
f 7289 7288 7417
f 7417 7418 7289
f 7290 7289 7418
f 7418 7419 7290
f 7291 7290 7419
f 7419 7420 7291
f 7292 7291 7420
f 7420 7421 7292
f 7293 7292 7421
f 7421 7422 7293
f 7294 7293 7422
f 7422 7423 7294
f 7295 7294 7423
f 7423 7424 7295
f 7296 7295 7424
f 7424 7425 7296
f 7297 7296 7425
f 7425 7426 7297
f 7298 7297 7426
f 7426 7427 7298
f 7299 7298 7427
f 7427 7428 7299
f 7300 7299 7428
f 7428 7429 7300
f 7301 7300 7429
f 7429 7430 7301
f 7302 7301 7430
f 7430 7431 7302
f 7303 7302 7431
f 7431 7432 7303
f 7304 7303 7432
f 7432 7433 7304
f 7305 7304 7433
f 7433 7434 7305
f 7306 7305 7434
f 7434 7435 7306
f 7307 7306 7435
f 7435 7436 7307
f 7308 7307 7436
f 7436 7437 7308
f 7309 7308 7437
f 7437 7438 7309
f 7310 7309 7438
f 7438 7439 7310
f 7311 7310 7439
f 7439 7440 7311
f 7312 7311 7440
f 7440 7441 7312
f 7313 7312 7441
f 7441 7442 7313
f 7314 7313 7442
f 7442 7443 7314
f 7315 7314 7443
f 7443 7444 7315
f 7316 7315 7444
f 7444 7445 7316
f 7317 7316 7445
f 7445 7446 7317
f 7318 7317 7446
f 7446 7447 7318
f 7319 7318 7447
f 7447 7448 7319
f 7320 7319 7448
f 7448 7449 7320
f 7321 7320 7449
f 7449 7450 7321
f 7322 7321 7450
f 7450 7451 7322
f 7323 7322 7451
f 7451 7452 7323
f 7324 7323 7452
f 7452 7453 7324
f 7325 7324 7453
f 7453 7454 7325
f 7326 7325 7454
f 7454 7455 7326
f 7327 7326 7455
f 7455 7456 7327
f 7328 7327 7456
f 7456 7457 7328
f 7329 7328 7457
f 7457 7458 7329
f 7330 7329 7458
f 7458 7459 7330
f 7331 7330 7459
f 7459 7460 7331
f 7332 7331 7460
f 7460 7461 7332
f 7333 7332 7461
f 7461 7462 7333
f 7334 7333 7462
f 7462 7463 7334
f 7335 7334 7463
f 7463 7464 7335
f 7336 7335 7464
f 7464 7465 7336
f 7337 7336 7465
f 7465 7466 7337
f 7338 7337 7466
f 7466 7467 7338
f 7339 7338 7467
f 7467 7468 7339
f 7340 7339 7468
f 7468 7469 7340
f 7341 7340 7469
f 7469 7470 7341
f 7342 7341 7470
f 7470 7471 7342
f 7343 7342 7471
f 7471 7472 7343
f 7344 7343 7472
f 7472 7473 7344
f 7345 7344 7473
f 7473 7474 7345
f 7346 7345 7474
f 7474 7475 7346
f 7347 7346 7475
f 7475 7476 7347
f 7348 7347 7476
f 7476 7477 7348
f 7349 7348 7477
f 7477 7478 7349
f 7350 7349 7478
f 7478 7479 7350
f 7351 7350 7479
f 7479 7480 7351
f 7352 7351 7480
f 7480 7481 7352
f 7353 7352 7481
f 7481 7482 7353
f 7354 7353 7482
f 7482 7483 7354
f 7355 7354 7483
f 7483 7484 7355
f 7356 7355 7484
f 7484 7485 7356
f 7357 7356 7485
f 7485 7486 7357
f 7358 7357 7486
f 7486 7487 7358
f 7359 7358 7487
f 7487 7488 7359
f 7360 7359 7488
f 7488 7489 7360
f 7361 7360 7489
f 7489 7490 7361
f 7362 7361 7490
f 7490 7491 7362
f 7363 7362 7491
f 7491 7492 7363
f 7364 7363 7492
f 7492 7493 7364
f 7365 7364 7493
f 7493 7494 7365
f 7366 7365 7494
f 7494 7495 7366
f 7367 7366 7495
f 7495 7496 7367
f 7368 7367 7496
f 7496 7497 7368
f 7369 7368 7497
f 7497 7498 7369
f 7370 7369 7498
f 7498 7499 7370
f 7371 7370 7499
f 7499 7500 7371
f 7372 7371 7500
f 7500 7501 7372
f 7373 7372 7501
f 7501 7502 7373
f 7374 7373 7502
f 7502 7503 7374
f 7375 7374 7503
f 7503 7504 7375
f 7376 7375 7504
f 7504 7505 7376
f 7377 7376 7505
f 7505 7506 7377
f 7378 7377 7506
f 7506 7507 7378
f 7379 7378 7507
f 7507 7508 7379
f 7380 7379 7508
f 7508 7509 7380
f 7381 7380 7509
f 7509 7510 7381
f 7382 7381 7510
f 7510 7511 7382
f 7383 7382 7511
f 7511 7512 7383
f 7384 7383 7512
f 7512 7513 7384
f 7385 7384 7513
f 7513 7514 7385
f 7386 7385 7514
f 7514 7515 7386
f 7387 7386 7515
f 7515 7516 7387
f 7388 7387 7516
f 7516 7517 7388
f 7389 7388 7517
f 7517 7518 7389
f 7390 7389 7518
f 7518 7519 7390
f 7391 7390 7519
f 7519 7520 7391
f 7392 7391 7520
f 7520 7521 7392
f 7393 7392 7521
f 7521 7522 7393
f 7394 7393 7522
f 7522 7523 7394
f 7395 7394 7523
f 7523 7524 7395
f 7396 7395 7524
f 7524 7525 7396
f 7397 7396 7525
f 7525 7526 7397
f 7398 7397 7526
f 7526 7527 7398
f 7399 7398 7527
f 7527 7528 7399
f 7400 7399 7528
f 7528 7529 7400
f 7401 7400 7529
f 7529 7530 7401
f 7402 7401 7530
f 7530 7531 7402
f 7403 7402 7531
f 7531 7532 7403
f 7404 7403 7532
f 7532 7533 7404
f 7405 7404 7533
f 7533 7534 7405
f 7406 7405 7534
f 7534 7535 7406
f 7408 7407 7536
f 7536 7537 7408
f 7409 7408 7537
f 7537 7538 7409
f 7410 7409 7538
f 7538 7539 7410
f 7411 7410 7539
f 7539 7540 7411
f 7412 7411 7540
f 7540 7541 7412
f 7413 7412 7541
f 7541 7542 7413
f 7414 7413 7542
f 7542 7543 7414
f 7415 7414 7543
f 7543 7544 7415
f 7416 7415 7544
f 7544 7545 7416
f 7417 7416 7545
f 7545 7546 7417
f 7418 7417 7546
f 7546 7547 7418
f 7419 7418 7547
f 7547 7548 7419
f 7420 7419 7548
f 7548 7549 7420
f 7421 7420 7549
f 7549 7550 7421
f 7422 7421 7550
f 7550 7551 7422
f 7423 7422 7551
f 7551 7552 7423
f 7424 7423 7552
f 7552 7553 7424
f 7425 7424 7553
f 7553 7554 7425
f 7426 7425 7554
f 7554 7555 7426
f 7427 7426 7555
f 7555 7556 7427
f 7428 7427 7556
f 7556 7557 7428
f 7429 7428 7557
f 7557 7558 7429
f 7430 7429 7558
f 7558 7559 7430
f 7431 7430 7559
f 7559 7560 7431
f 7432 7431 7560
f 7560 7561 7432
f 7433 7432 7561
f 7561 7562 7433
f 7434 7433 7562
f 7562 7563 7434
f 7435 7434 7563
f 7563 7564 7435
f 7436 7435 7564
f 7564 7565 7436
f 7437 7436 7565
f 7565 7566 7437
f 7438 7437 7566
f 7566 7567 7438
f 7439 7438 7567
f 7567 7568 7439
f 7440 7439 7568
f 7568 7569 7440
f 7441 7440 7569
f 7569 7570 7441
f 7442 7441 7570
f 7570 7571 7442
f 7443 7442 7571
f 7571 7572 7443
f 7444 7443 7572
f 7572 7573 7444
f 7445 7444 7573
f 7573 7574 7445
f 7446 7445 7574
f 7574 7575 7446
f 7447 7446 7575
f 7575 7576 7447
f 7448 7447 7576
f 7576 7577 7448
f 7449 7448 7577
f 7577 7578 7449
f 7450 7449 7578
f 7578 7579 7450
f 7451 7450 7579
f 7579 7580 7451
f 7452 7451 7580
f 7580 7581 7452
f 7453 7452 7581
f 7581 7582 7453
f 7454 7453 7582
f 7582 7583 7454
f 7455 7454 7583
f 7583 7584 7455
f 7456 7455 7584
f 7584 7585 7456
f 7457 7456 7585
f 7585 7586 7457
f 7458 7457 7586
f 7586 7587 7458
f 7459 7458 7587
f 7587 7588 7459
f 7460 7459 7588
f 7588 7589 7460
f 7461 7460 7589
f 7589 7590 7461
f 7462 7461 7590
f 7590 7591 7462
f 7463 7462 7591
f 7591 7592 7463
f 7464 7463 7592
f 7592 7593 7464
f 7465 7464 7593
f 7593 7594 7465
f 7466 7465 7594
f 7594 7595 7466
f 7467 7466 7595
f 7595 7596 7467
f 7468 7467 7596
f 7596 7597 7468
f 7469 7468 7597
f 7597 7598 7469
f 7470 7469 7598
f 7598 7599 7470
f 7471 7470 7599
f 7599 7600 7471
f 7472 7471 7600
f 7600 7601 7472
f 7473 7472 7601
f 7601 7602 7473
f 7474 7473 7602
f 7602 7603 7474
f 7475 7474 7603
f 7603 7604 7475
f 7476 7475 7604
f 7604 7605 7476
f 7477 7476 7605
f 7605 7606 7477
f 7478 7477 7606
f 7606 7607 7478
f 7479 7478 7607
f 7607 7608 7479
f 7480 7479 7608
f 7608 7609 7480
f 7481 7480 7609
f 7609 7610 7481
f 7482 7481 7610
f 7610 7611 7482
f 7483 7482 7611
f 7611 7612 7483
f 7484 7483 7612
f 7612 7613 7484
f 7485 7484 7613
f 7613 7614 7485
f 7486 7485 7614
f 7614 7615 7486
f 7487 7486 7615
f 7615 7616 7487
f 7488 7487 7616
f 7616 7617 7488
f 7489 7488 7617
f 7617 7618 7489
f 7490 7489 7618
f 7618 7619 7490
f 7491 7490 7619
f 7619 7620 7491
f 7492 7491 7620
f 7620 7621 7492
f 7493 7492 7621
f 7621 7622 7493
f 7494 7493 7622
f 7622 7623 7494
f 7495 7494 7623
f 7623 7624 7495
f 7496 7495 7624
f 7624 7625 7496
f 7497 7496 7625
f 7625 7626 7497
f 7498 7497 7626
f 7626 7627 7498
f 7499 7498 7627
f 7627 7628 7499
f 7500 7499 7628
f 7628 7629 7500
f 7501 7500 7629
f 7629 7630 7501
f 7502 7501 7630
f 7630 7631 7502
f 7503 7502 7631
f 7631 7632 7503
f 7504 7503 7632
f 7632 7633 7504
f 7505 7504 7633
f 7633 7634 7505
f 7506 7505 7634
f 7634 7635 7506
f 7507 7506 7635
f 7635 7636 7507
f 7508 7507 7636
f 7636 7637 7508
f 7509 7508 7637
f 7637 7638 7509
f 7510 7509 7638
f 7638 7639 7510
f 7511 7510 7639
f 7639 7640 7511
f 7512 7511 7640
f 7640 7641 7512
f 7513 7512 7641
f 7641 7642 7513
f 7514 7513 7642
f 7642 7643 7514
f 7515 7514 7643
f 7643 7644 7515
f 7516 7515 7644
f 7644 7645 7516
f 7517 7516 7645
f 7645 7646 7517
f 7518 7517 7646
f 7646 7647 7518
f 7519 7518 7647
f 7647 7648 7519
f 7520 7519 7648
f 7648 7649 7520
f 7521 7520 7649
f 7649 7650 7521
f 7522 7521 7650
f 7650 7651 7522
f 7523 7522 7651
f 7651 7652 7523
f 7524 7523 7652
f 7652 7653 7524
f 7525 7524 7653
f 7653 7654 7525
f 7526 7525 7654
f 7654 7655 7526
f 7527 7526 7655
f 7655 7656 7527
f 7528 7527 7656
f 7656 7657 7528
f 7529 7528 7657
f 7657 7658 7529
f 7530 7529 7658
f 7658 7659 7530
f 7531 7530 7659
f 7659 7660 7531
f 7532 7531 7660
f 7660 7661 7532
f 7533 7532 7661
f 7661 7662 7533
f 7534 7533 7662
f 7662 7663 7534
f 7535 7534 7663
f 7663 7664 7535
f 7537 7536 7665
f 7665 7666 7537
f 7538 7537 7666
f 7666 7667 7538
f 7539 7538 7667
f 7667 7668 7539
f 7540 7539 7668
f 7668 7669 7540
f 7541 7540 7669
f 7669 7670 7541
f 7542 7541 7670
f 7670 7671 7542
f 7543 7542 7671
f 7671 7672 7543
f 7544 7543 7672
f 7672 7673 7544
f 7545 7544 7673
f 7673 7674 7545
f 7546 7545 7674
f 7674 7675 7546
f 7547 7546 7675
f 7675 7676 7547
f 7548 7547 7676
f 7676 7677 7548
f 7549 7548 7677
f 7677 7678 7549
f 7550 7549 7678
f 7678 7679 7550
f 7551 7550 7679
f 7679 7680 7551
f 7552 7551 7680
f 7680 7681 7552
f 7553 7552 7681
f 7681 7682 7553
f 7554 7553 7682
f 7682 7683 7554
f 7555 7554 7683
f 7683 7684 7555
f 7556 7555 7684
f 7684 7685 7556
f 7557 7556 7685
f 7685 7686 7557
f 7558 7557 7686
f 7686 7687 7558
f 7559 7558 7687
f 7687 7688 7559
f 7560 7559 7688
f 7688 7689 7560
f 7561 7560 7689
f 7689 7690 7561
f 7562 7561 7690
f 7690 7691 7562
f 7563 7562 7691
f 7691 7692 7563
f 7564 7563 7692
f 7692 7693 7564
f 7565 7564 7693
f 7693 7694 7565
f 7566 7565 7694
f 7694 7695 7566
f 7567 7566 7695
f 7695 7696 7567
f 7568 7567 7696
f 7696 7697 7568
f 7569 7568 7697
f 7697 7698 7569
f 7570 7569 7698
f 7698 7699 7570
f 7571 7570 7699
f 7699 7700 7571
f 7572 7571 7700
f 7700 7701 7572
f 7573 7572 7701
f 7701 7702 7573
f 7574 7573 7702
f 7702 7703 7574
f 7575 7574 7703
f 7703 7704 7575
f 7576 7575 7704
f 7704 7705 7576
f 7577 7576 7705
f 7705 7706 7577
f 7578 7577 7706
f 7706 7707 7578
f 7579 7578 7707
f 7707 7708 7579
f 7580 7579 7708
f 7708 7709 7580
f 7581 7580 7709
f 7709 7710 7581
f 7582 7581 7710
f 7710 7711 7582
f 7583 7582 7711
f 7711 7712 7583
f 7584 7583 7712
f 7712 7713 7584
f 7585 7584 7713
f 7713 7714 7585
f 7586 7585 7714
f 7714 7715 7586
f 7587 7586 7715
f 7715 7716 7587
f 7588 7587 7716
f 7716 7717 7588
f 7589 7588 7717
f 7717 7718 7589
f 7590 7589 7718
f 7718 7719 7590
f 7591 7590 7719
f 7719 7720 7591
f 7592 7591 7720
f 7720 7721 7592
f 7593 7592 7721
f 7721 7722 7593
f 7594 7593 7722
f 7722 7723 7594
f 7595 7594 7723
f 7723 7724 7595
f 7596 7595 7724
f 7724 7725 7596
f 7597 7596 7725
f 7725 7726 7597
f 7598 7597 7726
f 7726 7727 7598
f 7599 7598 7727
f 7727 7728 7599
f 7600 7599 7728
f 7728 7729 7600
f 7601 7600 7729
f 7729 7730 7601
f 7602 7601 7730
f 7730 7731 7602
f 7603 7602 7731
f 7731 7732 7603
f 7604 7603 7732
f 7732 7733 7604
f 7605 7604 7733
f 7733 7734 7605
f 7606 7605 7734
f 7734 7735 7606
f 7607 7606 7735
f 7735 7736 7607
f 7608 7607 7736
f 7736 7737 7608
f 7609 7608 7737
f 7737 7738 7609
f 7610 7609 7738
f 7738 7739 7610
f 7611 7610 7739
f 7739 7740 7611
f 7612 7611 7740
f 7740 7741 7612
f 7613 7612 7741
f 7741 7742 7613
f 7614 7613 7742
f 7742 7743 7614
f 7615 7614 7743
f 7743 7744 7615
f 7616 7615 7744
f 7744 7745 7616
f 7617 7616 7745
f 7745 7746 7617
f 7618 7617 7746
f 7746 7747 7618
f 7619 7618 7747
f 7747 7748 7619
f 7620 7619 7748
f 7748 7749 7620
f 7621 7620 7749
f 7749 7750 7621
f 7622 7621 7750
f 7750 7751 7622
f 7623 7622 7751
f 7751 7752 7623
f 7624 7623 7752
f 7752 7753 7624
f 7625 7624 7753
f 7753 7754 7625
f 7626 7625 7754
f 7754 7755 7626
f 7627 7626 7755
f 7755 7756 7627
f 7628 7627 7756
f 7756 7757 7628
f 7629 7628 7757
f 7757 7758 7629
f 7630 7629 7758
f 7758 7759 7630
f 7631 7630 7759
f 7759 7760 7631
f 7632 7631 7760
f 7760 7761 7632
f 7633 7632 7761
f 7761 7762 7633
f 7634 7633 7762
f 7762 7763 7634
f 7635 7634 7763
f 7763 7764 7635
f 7636 7635 7764
f 7764 7765 7636
f 7637 7636 7765
f 7765 7766 7637
f 7638 7637 7766
f 7766 7767 7638
f 7639 7638 7767
f 7767 7768 7639
f 7640 7639 7768
f 7768 7769 7640
f 7641 7640 7769
f 7769 7770 7641
f 7642 7641 7770
f 7770 7771 7642
f 7643 7642 7771
f 7771 7772 7643
f 7644 7643 7772
f 7772 7773 7644
f 7645 7644 7773
f 7773 7774 7645
f 7646 7645 7774
f 7774 7775 7646
f 7647 7646 7775
f 7775 7776 7647
f 7648 7647 7776
f 7776 7777 7648
f 7649 7648 7777
f 7777 7778 7649
f 7650 7649 7778
f 7778 7779 7650
f 7651 7650 7779
f 7779 7780 7651
f 7652 7651 7780
f 7780 7781 7652
f 7653 7652 7781
f 7781 7782 7653
f 7654 7653 7782
f 7782 7783 7654
f 7655 7654 7783
f 7783 7784 7655
f 7656 7655 7784
f 7784 7785 7656
f 7657 7656 7785
f 7785 7786 7657
f 7658 7657 7786
f 7786 7787 7658
f 7659 7658 7787
f 7787 7788 7659
f 7660 7659 7788
f 7788 7789 7660
f 7661 7660 7789
f 7789 7790 7661
f 7662 7661 7790
f 7790 7791 7662
f 7663 7662 7791
f 7791 7792 7663
f 7664 7663 7792
f 7792 7793 7664
f 7666 7665 7794
f 7794 7795 7666
f 7667 7666 7795
f 7795 7796 7667
f 7668 7667 7796
f 7796 7797 7668
f 7669 7668 7797
f 7797 7798 7669
f 7670 7669 7798
f 7798 7799 7670
f 7671 7670 7799
f 7799 7800 7671
f 7672 7671 7800
f 7800 7801 7672
f 7673 7672 7801
f 7801 7802 7673
f 7674 7673 7802
f 7802 7803 7674
f 7675 7674 7803
f 7803 7804 7675
f 7676 7675 7804
f 7804 7805 7676
f 7677 7676 7805
f 7805 7806 7677
f 7678 7677 7806
f 7806 7807 7678
f 7679 7678 7807
f 7807 7808 7679
f 7680 7679 7808
f 7808 7809 7680
f 7681 7680 7809
f 7809 7810 7681
f 7682 7681 7810
f 7810 7811 7682
f 7683 7682 7811
f 7811 7812 7683
f 7684 7683 7812
f 7812 7813 7684
f 7685 7684 7813
f 7813 7814 7685
f 7686 7685 7814
f 7814 7815 7686
f 7687 7686 7815
f 7815 7816 7687
f 7688 7687 7816
f 7816 7817 7688
f 7689 7688 7817
f 7817 7818 7689
f 7690 7689 7818
f 7818 7819 7690
f 7691 7690 7819
f 7819 7820 7691
f 7692 7691 7820
f 7820 7821 7692
f 7693 7692 7821
f 7821 7822 7693
f 7694 7693 7822
f 7822 7823 7694
f 7695 7694 7823
f 7823 7824 7695
f 7696 7695 7824
f 7824 7825 7696
f 7697 7696 7825
f 7825 7826 7697
f 7698 7697 7826
f 7826 7827 7698
f 7699 7698 7827
f 7827 7828 7699
f 7700 7699 7828
f 7828 7829 7700
f 7701 7700 7829
f 7829 7830 7701
f 7702 7701 7830
f 7830 7831 7702
f 7703 7702 7831
f 7831 7832 7703
f 7704 7703 7832
f 7832 7833 7704
f 7705 7704 7833
f 7833 7834 7705
f 7706 7705 7834
f 7834 7835 7706
f 7707 7706 7835
f 7835 7836 7707
f 7708 7707 7836
f 7836 7837 7708
f 7709 7708 7837
f 7837 7838 7709
f 7710 7709 7838
f 7838 7839 7710
f 7711 7710 7839
f 7839 7840 7711
f 7712 7711 7840
f 7840 7841 7712
f 7713 7712 7841
f 7841 7842 7713
f 7714 7713 7842
f 7842 7843 7714
f 7715 7714 7843
f 7843 7844 7715
f 7716 7715 7844
f 7844 7845 7716
f 7717 7716 7845
f 7845 7846 7717
f 7718 7717 7846
f 7846 7847 7718
f 7719 7718 7847
f 7847 7848 7719
f 7720 7719 7848
f 7848 7849 7720
f 7721 7720 7849
f 7849 7850 7721
f 7722 7721 7850
f 7850 7851 7722
f 7723 7722 7851
f 7851 7852 7723
f 7724 7723 7852
f 7852 7853 7724
f 7725 7724 7853
f 7853 7854 7725
f 7726 7725 7854
f 7854 7855 7726
f 7727 7726 7855
f 7855 7856 7727
f 7728 7727 7856
f 7856 7857 7728
f 7729 7728 7857
f 7857 7858 7729
f 7730 7729 7858
f 7858 7859 7730
f 7731 7730 7859
f 7859 7860 7731
f 7732 7731 7860
f 7860 7861 7732
f 7733 7732 7861
f 7861 7862 7733
f 7734 7733 7862
f 7862 7863 7734
f 7735 7734 7863
f 7863 7864 7735
f 7736 7735 7864
f 7864 7865 7736
f 7737 7736 7865
f 7865 7866 7737
f 7738 7737 7866
f 7866 7867 7738
f 7739 7738 7867
f 7867 7868 7739
f 7740 7739 7868
f 7868 7869 7740
f 7741 7740 7869
f 7869 7870 7741
f 7742 7741 7870
f 7870 7871 7742
f 7743 7742 7871
f 7871 7872 7743
f 7744 7743 7872
f 7872 7873 7744
f 7745 7744 7873
f 7873 7874 7745
f 7746 7745 7874
f 7874 7875 7746
f 7747 7746 7875
f 7875 7876 7747
f 7748 7747 7876
f 7876 7877 7748
f 7749 7748 7877
f 7877 7878 7749
f 7750 7749 7878
f 7878 7879 7750
f 7751 7750 7879
f 7879 7880 7751
f 7752 7751 7880
f 7880 7881 7752
f 7753 7752 7881
f 7881 7882 7753
f 7754 7753 7882
f 7882 7883 7754
f 7755 7754 7883
f 7883 7884 7755
f 7756 7755 7884
f 7884 7885 7756
f 7757 7756 7885
f 7885 7886 7757
f 7758 7757 7886
f 7886 7887 7758
f 7759 7758 7887
f 7887 7888 7759
f 7760 7759 7888
f 7888 7889 7760
f 7761 7760 7889
f 7889 7890 7761
f 7762 7761 7890
f 7890 7891 7762
f 7763 7762 7891
f 7891 7892 7763
f 7764 7763 7892
f 7892 7893 7764
f 7765 7764 7893
f 7893 7894 7765
f 7766 7765 7894
f 7894 7895 7766
f 7767 7766 7895
f 7895 7896 7767
f 7768 7767 7896
f 7896 7897 7768
f 7769 7768 7897
f 7897 7898 7769
f 7770 7769 7898
f 7898 7899 7770
f 7771 7770 7899
f 7899 7900 7771
f 7772 7771 7900
f 7900 7901 7772
f 7773 7772 7901
f 7901 7902 7773
f 7774 7773 7902
f 7902 7903 7774
f 7775 7774 7903
f 7903 7904 7775
f 7776 7775 7904
f 7904 7905 7776
f 7777 7776 7905
f 7905 7906 7777
f 7778 7777 7906
f 7906 7907 7778
f 7779 7778 7907
f 7907 7908 7779
f 7780 7779 7908
f 7908 7909 7780
f 7781 7780 7909
f 7909 7910 7781
f 7782 7781 7910
f 7910 7911 7782
f 7783 7782 7911
f 7911 7912 7783
f 7784 7783 7912
f 7912 7913 7784
f 7785 7784 7913
f 7913 7914 7785
f 7786 7785 7914
f 7914 7915 7786
f 7787 7786 7915
f 7915 7916 7787
f 7788 7787 7916
f 7916 7917 7788
f 7789 7788 7917
f 7917 7918 7789
f 7790 7789 7918
f 7918 7919 7790
f 7791 7790 7919
f 7919 7920 7791
f 7792 7791 7920
f 7920 7921 7792
f 7793 7792 7921
f 7921 7922 7793
f 7795 7794 7923
f 7923 7924 7795
f 7796 7795 7924
f 7924 7925 7796
f 7797 7796 7925
f 7925 7926 7797
f 7798 7797 7926
f 7926 7927 7798
f 7799 7798 7927
f 7927 7928 7799
f 7800 7799 7928
f 7928 7929 7800
f 7801 7800 7929
f 7929 7930 7801
f 7802 7801 7930
f 7930 7931 7802
f 7803 7802 7931
f 7931 7932 7803
f 7804 7803 7932
f 7932 7933 7804
f 7805 7804 7933
f 7933 7934 7805
f 7806 7805 7934
f 7934 7935 7806
f 7807 7806 7935
f 7935 7936 7807
f 7808 7807 7936
f 7936 7937 7808
f 7809 7808 7937
f 7937 7938 7809
f 7810 7809 7938
f 7938 7939 7810
f 7811 7810 7939
f 7939 7940 7811
f 7812 7811 7940
f 7940 7941 7812
f 7813 7812 7941
f 7941 7942 7813
f 7814 7813 7942
f 7942 7943 7814
f 7815 7814 7943
f 7943 7944 7815
f 7816 7815 7944
f 7944 7945 7816
f 7817 7816 7945
f 7945 7946 7817
f 7818 7817 7946
f 7946 7947 7818
f 7819 7818 7947
f 7947 7948 7819
f 7820 7819 7948
f 7948 7949 7820
f 7821 7820 7949
f 7949 7950 7821
f 7822 7821 7950
f 7950 7951 7822
f 7823 7822 7951
f 7951 7952 7823
f 7824 7823 7952
f 7952 7953 7824
f 7825 7824 7953
f 7953 7954 7825
f 7826 7825 7954
f 7954 7955 7826
f 7827 7826 7955
f 7955 7956 7827
f 7828 7827 7956
f 7956 7957 7828
f 7829 7828 7957
f 7957 7958 7829
f 7830 7829 7958
f 7958 7959 7830
f 7831 7830 7959
f 7959 7960 7831
f 7832 7831 7960
f 7960 7961 7832
f 7833 7832 7961
f 7961 7962 7833
f 7834 7833 7962
f 7962 7963 7834
f 7835 7834 7963
f 7963 7964 7835
f 7836 7835 7964
f 7964 7965 7836
f 7837 7836 7965
f 7965 7966 7837
f 7838 7837 7966
f 7966 7967 7838
f 7839 7838 7967
f 7967 7968 7839
f 7840 7839 7968
f 7968 7969 7840
f 7841 7840 7969
f 7969 7970 7841
f 7842 7841 7970
f 7970 7971 7842
f 7843 7842 7971
f 7971 7972 7843
f 7844 7843 7972
f 7972 7973 7844
f 7845 7844 7973
f 7973 7974 7845
f 7846 7845 7974
f 7974 7975 7846
f 7847 7846 7975
f 7975 7976 7847
f 7848 7847 7976
f 7976 7977 7848
f 7849 7848 7977
f 7977 7978 7849
f 7850 7849 7978
f 7978 7979 7850
f 7851 7850 7979
f 7979 7980 7851
f 7852 7851 7980
f 7980 7981 7852
f 7853 7852 7981
f 7981 7982 7853
f 7854 7853 7982
f 7982 7983 7854
f 7855 7854 7983
f 7983 7984 7855
f 7856 7855 7984
f 7984 7985 7856
f 7857 7856 7985
f 7985 7986 7857
f 7858 7857 7986
f 7986 7987 7858
f 7859 7858 7987
f 7987 7988 7859
f 7860 7859 7988
f 7988 7989 7860
f 7861 7860 7989
f 7989 7990 7861
f 7862 7861 7990
f 7990 7991 7862
f 7863 7862 7991
f 7991 7992 7863
f 7864 7863 7992
f 7992 7993 7864
f 7865 7864 7993
f 7993 7994 7865
f 7866 7865 7994
f 7994 7995 7866
f 7867 7866 7995
f 7995 7996 7867
f 7868 7867 7996
f 7996 7997 7868
f 7869 7868 7997
f 7997 7998 7869
f 7870 7869 7998
f 7998 7999 7870
f 7871 7870 7999
f 7999 8000 7871
f 7872 7871 8000
f 8000 8001 7872
f 7873 7872 8001
f 8001 8002 7873
f 7874 7873 8002
f 8002 8003 7874
f 7875 7874 8003
f 8003 8004 7875
f 7876 7875 8004
f 8004 8005 7876
f 7877 7876 8005
f 8005 8006 7877
f 7878 7877 8006
f 8006 8007 7878
f 7879 7878 8007
f 8007 8008 7879
f 7880 7879 8008
f 8008 8009 7880
f 7881 7880 8009
f 8009 8010 7881
f 7882 7881 8010
f 8010 8011 7882
f 7883 7882 8011
f 8011 8012 7883
f 7884 7883 8012
f 8012 8013 7884
f 7885 7884 8013
f 8013 8014 7885
f 7886 7885 8014
f 8014 8015 7886
f 7887 7886 8015
f 8015 8016 7887
f 7888 7887 8016
f 8016 8017 7888
f 7889 7888 8017
f 8017 8018 7889
f 7890 7889 8018
f 8018 8019 7890
f 7891 7890 8019
f 8019 8020 7891
f 7892 7891 8020
f 8020 8021 7892
f 7893 7892 8021
f 8021 8022 7893
f 7894 7893 8022
f 8022 8023 7894
f 7895 7894 8023
f 8023 8024 7895
f 7896 7895 8024
f 8024 8025 7896
f 7897 7896 8025
f 8025 8026 7897
f 7898 7897 8026
f 8026 8027 7898
f 7899 7898 8027
f 8027 8028 7899
f 7900 7899 8028
f 8028 8029 7900
f 7901 7900 8029
f 8029 8030 7901
f 7902 7901 8030
f 8030 8031 7902
f 7903 7902 8031
f 8031 8032 7903
f 7904 7903 8032
f 8032 8033 7904
f 7905 7904 8033
f 8033 8034 7905
f 7906 7905 8034
f 8034 8035 7906
f 7907 7906 8035
f 8035 8036 7907
f 7908 7907 8036
f 8036 8037 7908
f 7909 7908 8037
f 8037 8038 7909
f 7910 7909 8038
f 8038 8039 7910
f 7911 7910 8039
f 8039 8040 7911
f 7912 7911 8040
f 8040 8041 7912
f 7913 7912 8041
f 8041 8042 7913
f 7914 7913 8042
f 8042 8043 7914
f 7915 7914 8043
f 8043 8044 7915
f 7916 7915 8044
f 8044 8045 7916
f 7917 7916 8045
f 8045 8046 7917
f 7918 7917 8046
f 8046 8047 7918
f 7919 7918 8047
f 8047 8048 7919
f 7920 7919 8048
f 8048 8049 7920
f 7921 7920 8049
f 8049 8050 7921
f 7922 7921 8050
f 8050 8051 7922
f 7924 7923 8052
f 8052 8053 7924
f 7925 7924 8053
f 8053 8054 7925
f 7926 7925 8054
f 8054 8055 7926
f 7927 7926 8055
f 8055 8056 7927
f 7928 7927 8056
f 8056 8057 7928
f 7929 7928 8057
f 8057 8058 7929
f 7930 7929 8058
f 8058 8059 7930
f 7931 7930 8059
f 8059 8060 7931
f 7932 7931 8060
f 8060 8061 7932
f 7933 7932 8061
f 8061 8062 7933
f 7934 7933 8062
f 8062 8063 7934
f 7935 7934 8063
f 8063 8064 7935
f 7936 7935 8064
f 8064 8065 7936
f 7937 7936 8065
f 8065 8066 7937
f 7938 7937 8066
f 8066 8067 7938
f 7939 7938 8067
f 8067 8068 7939
f 7940 7939 8068
f 8068 8069 7940
f 7941 7940 8069
f 8069 8070 7941
f 7942 7941 8070
f 8070 8071 7942
f 7943 7942 8071
f 8071 8072 7943
f 7944 7943 8072
f 8072 8073 7944
f 7945 7944 8073
f 8073 8074 7945
f 7946 7945 8074
f 8074 8075 7946
f 7947 7946 8075
f 8075 8076 7947
f 7948 7947 8076
f 8076 8077 7948
f 7949 7948 8077
f 8077 8078 7949
f 7950 7949 8078
f 8078 8079 7950
f 7951 7950 8079
f 8079 8080 7951
f 7952 7951 8080
f 8080 8081 7952
f 7953 7952 8081
f 8081 8082 7953
f 7954 7953 8082
f 8082 8083 7954
f 7955 7954 8083
f 8083 8084 7955
f 7956 7955 8084
f 8084 8085 7956
f 7957 7956 8085
f 8085 8086 7957
f 7958 7957 8086
f 8086 8087 7958
f 7959 7958 8087
f 8087 8088 7959
f 7960 7959 8088
f 8088 8089 7960
f 7961 7960 8089
f 8089 8090 7961
f 7962 7961 8090
f 8090 8091 7962
f 7963 7962 8091
f 8091 8092 7963
f 7964 7963 8092
f 8092 8093 7964
f 7965 7964 8093
f 8093 8094 7965
f 7966 7965 8094
f 8094 8095 7966
f 7967 7966 8095
f 8095 8096 7967
f 7968 7967 8096
f 8096 8097 7968
f 7969 7968 8097
f 8097 8098 7969
f 7970 7969 8098
f 8098 8099 7970
f 7971 7970 8099
f 8099 8100 7971
f 7972 7971 8100
f 8100 8101 7972
f 7973 7972 8101
f 8101 8102 7973
f 7974 7973 8102
f 8102 8103 7974
f 7975 7974 8103
f 8103 8104 7975
f 7976 7975 8104
f 8104 8105 7976
f 7977 7976 8105
f 8105 8106 7977
f 7978 7977 8106
f 8106 8107 7978
f 7979 7978 8107
f 8107 8108 7979
f 7980 7979 8108
f 8108 8109 7980
f 7981 7980 8109
f 8109 8110 7981
f 7982 7981 8110
f 8110 8111 7982
f 7983 7982 8111
f 8111 8112 7983
f 7984 7983 8112
f 8112 8113 7984
f 7985 7984 8113
f 8113 8114 7985
f 7986 7985 8114
f 8114 8115 7986
f 7987 7986 8115
f 8115 8116 7987
f 7988 7987 8116
f 8116 8117 7988
f 7989 7988 8117
f 8117 8118 7989
f 7990 7989 8118
f 8118 8119 7990
f 7991 7990 8119
f 8119 8120 7991
f 7992 7991 8120
f 8120 8121 7992
f 7993 7992 8121
f 8121 8122 7993
f 7994 7993 8122
f 8122 8123 7994
f 7995 7994 8123
f 8123 8124 7995
f 7996 7995 8124
f 8124 8125 7996
f 7997 7996 8125
f 8125 8126 7997
f 7998 7997 8126
f 8126 8127 7998
f 7999 7998 8127
f 8127 8128 7999
f 8000 7999 8128
f 8128 8129 8000
f 8001 8000 8129
f 8129 8130 8001
f 8002 8001 8130
f 8130 8131 8002
f 8003 8002 8131
f 8131 8132 8003
f 8004 8003 8132
f 8132 8133 8004
f 8005 8004 8133
f 8133 8134 8005
f 8006 8005 8134
f 8134 8135 8006
f 8007 8006 8135
f 8135 8136 8007
f 8008 8007 8136
f 8136 8137 8008
f 8009 8008 8137
f 8137 8138 8009
f 8010 8009 8138
f 8138 8139 8010
f 8011 8010 8139
f 8139 8140 8011
f 8012 8011 8140
f 8140 8141 8012
f 8013 8012 8141
f 8141 8142 8013
f 8014 8013 8142
f 8142 8143 8014
f 8015 8014 8143
f 8143 8144 8015
f 8016 8015 8144
f 8144 8145 8016
f 8017 8016 8145
f 8145 8146 8017
f 8018 8017 8146
f 8146 8147 8018
f 8019 8018 8147
f 8147 8148 8019
f 8020 8019 8148
f 8148 8149 8020
f 8021 8020 8149
f 8149 8150 8021
f 8022 8021 8150
f 8150 8151 8022
f 8023 8022 8151
f 8151 8152 8023
f 8024 8023 8152
f 8152 8153 8024
f 8025 8024 8153
f 8153 8154 8025
f 8026 8025 8154
f 8154 8155 8026
f 8027 8026 8155
f 8155 8156 8027
f 8028 8027 8156
f 8156 8157 8028
f 8029 8028 8157
f 8157 8158 8029
f 8030 8029 8158
f 8158 8159 8030
f 8031 8030 8159
f 8159 8160 8031
f 8032 8031 8160
f 8160 8161 8032
f 8033 8032 8161
f 8161 8162 8033
f 8034 8033 8162
f 8162 8163 8034
f 8035 8034 8163
f 8163 8164 8035
f 8036 8035 8164
f 8164 8165 8036
f 8037 8036 8165
f 8165 8166 8037
f 8038 8037 8166
f 8166 8167 8038
f 8039 8038 8167
f 8167 8168 8039
f 8040 8039 8168
f 8168 8169 8040
f 8041 8040 8169
f 8169 8170 8041
f 8042 8041 8170
f 8170 8171 8042
f 8043 8042 8171
f 8171 8172 8043
f 8044 8043 8172
f 8172 8173 8044
f 8045 8044 8173
f 8173 8174 8045
f 8046 8045 8174
f 8174 8175 8046
f 8047 8046 8175
f 8175 8176 8047
f 8048 8047 8176
f 8176 8177 8048
f 8049 8048 8177
f 8177 8178 8049
f 8050 8049 8178
f 8178 8179 8050
f 8051 8050 8179
f 8179 8180 8051
f 8053 8052 8181
f 8181 8182 8053
f 8054 8053 8182
f 8182 8183 8054
f 8055 8054 8183
f 8183 8184 8055
f 8056 8055 8184
f 8184 8185 8056
f 8057 8056 8185
f 8185 8186 8057
f 8058 8057 8186
f 8186 8187 8058
f 8059 8058 8187
f 8187 8188 8059
f 8060 8059 8188
f 8188 8189 8060
f 8061 8060 8189
f 8189 8190 8061
f 8062 8061 8190
f 8190 8191 8062
f 8063 8062 8191
f 8191 8192 8063
f 8064 8063 8192
f 8192 8193 8064
f 8065 8064 8193
f 8193 8194 8065
f 8066 8065 8194
f 8194 8195 8066
f 8067 8066 8195
f 8195 8196 8067
f 8068 8067 8196
f 8196 8197 8068
f 8069 8068 8197
f 8197 8198 8069
f 8070 8069 8198
f 8198 8199 8070
f 8071 8070 8199
f 8199 8200 8071
f 8072 8071 8200
f 8200 8201 8072
f 8073 8072 8201
f 8201 8202 8073
f 8074 8073 8202
f 8202 8203 8074
f 8075 8074 8203
f 8203 8204 8075
f 8076 8075 8204
f 8204 8205 8076
f 8077 8076 8205
f 8205 8206 8077
f 8078 8077 8206
f 8206 8207 8078
f 8079 8078 8207
f 8207 8208 8079
f 8080 8079 8208
f 8208 8209 8080
f 8081 8080 8209
f 8209 8210 8081
f 8082 8081 8210
f 8210 8211 8082
f 8083 8082 8211
f 8211 8212 8083
f 8084 8083 8212
f 8212 8213 8084
f 8085 8084 8213
f 8213 8214 8085
f 8086 8085 8214
f 8214 8215 8086
f 8087 8086 8215
f 8215 8216 8087
f 8088 8087 8216
f 8216 8217 8088
f 8089 8088 8217
f 8217 8218 8089
f 8090 8089 8218
f 8218 8219 8090
f 8091 8090 8219
f 8219 8220 8091
f 8092 8091 8220
f 8220 8221 8092
f 8093 8092 8221
f 8221 8222 8093
f 8094 8093 8222
f 8222 8223 8094
f 8095 8094 8223
f 8223 8224 8095
f 8096 8095 8224
f 8224 8225 8096
f 8097 8096 8225
f 8225 8226 8097
f 8098 8097 8226
f 8226 8227 8098
f 8099 8098 8227
f 8227 8228 8099
f 8100 8099 8228
f 8228 8229 8100
f 8101 8100 8229
f 8229 8230 8101
f 8102 8101 8230
f 8230 8231 8102
f 8103 8102 8231
f 8231 8232 8103
f 8104 8103 8232
f 8232 8233 8104
f 8105 8104 8233
f 8233 8234 8105
f 8106 8105 8234
f 8234 8235 8106
f 8107 8106 8235
f 8235 8236 8107
f 8108 8107 8236
f 8236 8237 8108
f 8109 8108 8237
f 8237 8238 8109
f 8110 8109 8238
f 8238 8239 8110
f 8111 8110 8239
f 8239 8240 8111
f 8112 8111 8240
f 8240 8241 8112
f 8113 8112 8241
f 8241 8242 8113
f 8114 8113 8242
f 8242 8243 8114
f 8115 8114 8243
f 8243 8244 8115
f 8116 8115 8244
f 8244 8245 8116
f 8117 8116 8245
f 8245 8246 8117
f 8118 8117 8246
f 8246 8247 8118
f 8119 8118 8247
f 8247 8248 8119
f 8120 8119 8248
f 8248 8249 8120
f 8121 8120 8249
f 8249 8250 8121
f 8122 8121 8250
f 8250 8251 8122
f 8123 8122 8251
f 8251 8252 8123
f 8124 8123 8252
f 8252 8253 8124
f 8125 8124 8253
f 8253 8254 8125
f 8126 8125 8254
f 8254 8255 8126
f 8127 8126 8255
f 8255 8256 8127
f 8128 8127 8256
f 8256 8257 8128
f 8129 8128 8257
f 8257 8258 8129
f 8130 8129 8258
f 8258 8259 8130
f 8131 8130 8259
f 8259 8260 8131
f 8132 8131 8260
f 8260 8261 8132
f 8133 8132 8261
f 8261 8262 8133
f 8134 8133 8262
f 8262 8263 8134
f 8135 8134 8263
f 8263 8264 8135
f 8136 8135 8264
f 8264 8265 8136
f 8137 8136 8265
f 8265 8266 8137
f 8138 8137 8266
f 8266 8267 8138
f 8139 8138 8267
f 8267 8268 8139
f 8140 8139 8268
f 8268 8269 8140
f 8141 8140 8269
f 8269 8270 8141
f 8142 8141 8270
f 8270 8271 8142
f 8143 8142 8271
f 8271 8272 8143
f 8144 8143 8272
f 8272 8273 8144
f 8145 8144 8273
f 8273 8274 8145
f 8146 8145 8274
f 8274 8275 8146
f 8147 8146 8275
f 8275 8276 8147
f 8148 8147 8276
f 8276 8277 8148
f 8149 8148 8277
f 8277 8278 8149
f 8150 8149 8278
f 8278 8279 8150
f 8151 8150 8279
f 8279 8280 8151
f 8152 8151 8280
f 8280 8281 8152
f 8153 8152 8281
f 8281 8282 8153
f 8154 8153 8282
f 8282 8283 8154
f 8155 8154 8283
f 8283 8284 8155
f 8156 8155 8284
f 8284 8285 8156
f 8157 8156 8285
f 8285 8286 8157
f 8158 8157 8286
f 8286 8287 8158
f 8159 8158 8287
f 8287 8288 8159
f 8160 8159 8288
f 8288 8289 8160
f 8161 8160 8289
f 8289 8290 8161
f 8162 8161 8290
f 8290 8291 8162
f 8163 8162 8291
f 8291 8292 8163
f 8164 8163 8292
f 8292 8293 8164
f 8165 8164 8293
f 8293 8294 8165
f 8166 8165 8294
f 8294 8295 8166
f 8167 8166 8295
f 8295 8296 8167
f 8168 8167 8296
f 8296 8297 8168
f 8169 8168 8297
f 8297 8298 8169
f 8170 8169 8298
f 8298 8299 8170
f 8171 8170 8299
f 8299 8300 8171
f 8172 8171 8300
f 8300 8301 8172
f 8173 8172 8301
f 8301 8302 8173
f 8174 8173 8302
f 8302 8303 8174
f 8175 8174 8303
f 8303 8304 8175
f 8176 8175 8304
f 8304 8305 8176
f 8177 8176 8305
f 8305 8306 8177
f 8178 8177 8306
f 8306 8307 8178
f 8179 8178 8307
f 8307 8308 8179
f 8180 8179 8308
f 8308 8309 8180
f 8182 8181 8310
f 8310 8311 8182
f 8183 8182 8311
f 8311 8312 8183
f 8184 8183 8312
f 8312 8313 8184
f 8185 8184 8313
f 8313 8314 8185
f 8186 8185 8314
f 8314 8315 8186
f 8187 8186 8315
f 8315 8316 8187
f 8188 8187 8316
f 8316 8317 8188
f 8189 8188 8317
f 8317 8318 8189
f 8190 8189 8318
f 8318 8319 8190
f 8191 8190 8319
f 8319 8320 8191
f 8192 8191 8320
f 8320 8321 8192
f 8193 8192 8321
f 8321 8322 8193
f 8194 8193 8322
f 8322 8323 8194
f 8195 8194 8323
f 8323 8324 8195
f 8196 8195 8324
f 8324 8325 8196
f 8197 8196 8325
f 8325 8326 8197
f 8198 8197 8326
f 8326 8327 8198
f 8199 8198 8327
f 8327 8328 8199
f 8200 8199 8328
f 8328 8329 8200
f 8201 8200 8329
f 8329 8330 8201
f 8202 8201 8330
f 8330 8331 8202
f 8203 8202 8331
f 8331 8332 8203
f 8204 8203 8332
f 8332 8333 8204
f 8205 8204 8333
f 8333 8334 8205
f 8206 8205 8334
f 8334 8335 8206
f 8207 8206 8335
f 8335 8336 8207
f 8208 8207 8336
f 8336 8337 8208
f 8209 8208 8337
f 8337 8338 8209
f 8210 8209 8338
f 8338 8339 8210
f 8211 8210 8339
f 8339 8340 8211
f 8212 8211 8340
f 8340 8341 8212
f 8213 8212 8341
f 8341 8342 8213
f 8214 8213 8342
f 8342 8343 8214
f 8215 8214 8343
f 8343 8344 8215
f 8216 8215 8344
f 8344 8345 8216
f 8217 8216 8345
f 8345 8346 8217
f 8218 8217 8346
f 8346 8347 8218
f 8219 8218 8347
f 8347 8348 8219
f 8220 8219 8348
f 8348 8349 8220
f 8221 8220 8349
f 8349 8350 8221
f 8222 8221 8350
f 8350 8351 8222
f 8223 8222 8351
f 8351 8352 8223
f 8224 8223 8352
f 8352 8353 8224
f 8225 8224 8353
f 8353 8354 8225
f 8226 8225 8354
f 8354 8355 8226
f 8227 8226 8355
f 8355 8356 8227
f 8228 8227 8356
f 8356 8357 8228
f 8229 8228 8357
f 8357 8358 8229
f 8230 8229 8358
f 8358 8359 8230
f 8231 8230 8359
f 8359 8360 8231
f 8232 8231 8360
f 8360 8361 8232
f 8233 8232 8361
f 8361 8362 8233
f 8234 8233 8362
f 8362 8363 8234
f 8235 8234 8363
f 8363 8364 8235
f 8236 8235 8364
f 8364 8365 8236
f 8237 8236 8365
f 8365 8366 8237
f 8238 8237 8366
f 8366 8367 8238
f 8239 8238 8367
f 8367 8368 8239
f 8240 8239 8368
f 8368 8369 8240
f 8241 8240 8369
f 8369 8370 8241
f 8242 8241 8370
f 8370 8371 8242
f 8243 8242 8371
f 8371 8372 8243
f 8244 8243 8372
f 8372 8373 8244
f 8245 8244 8373
f 8373 8374 8245
f 8246 8245 8374
f 8374 8375 8246
f 8247 8246 8375
f 8375 8376 8247
f 8248 8247 8376
f 8376 8377 8248
f 8249 8248 8377
f 8377 8378 8249
f 8250 8249 8378
f 8378 8379 8250
f 8251 8250 8379
f 8379 8380 8251
f 8252 8251 8380
f 8380 8381 8252
f 8253 8252 8381
f 8381 8382 8253
f 8254 8253 8382
f 8382 8383 8254
f 8255 8254 8383
f 8383 8384 8255
f 8256 8255 8384
f 8384 8385 8256
f 8257 8256 8385
f 8385 8386 8257
f 8258 8257 8386
f 8386 8387 8258
f 8259 8258 8387
f 8387 8388 8259
f 8260 8259 8388
f 8388 8389 8260
f 8261 8260 8389
f 8389 8390 8261
f 8262 8261 8390
f 8390 8391 8262
f 8263 8262 8391
f 8391 8392 8263
f 8264 8263 8392
f 8392 8393 8264
f 8265 8264 8393
f 8393 8394 8265
f 8266 8265 8394
f 8394 8395 8266
f 8267 8266 8395
f 8395 8396 8267
f 8268 8267 8396
f 8396 8397 8268
f 8269 8268 8397
f 8397 8398 8269
f 8270 8269 8398
f 8398 8399 8270
f 8271 8270 8399
f 8399 8400 8271
f 8272 8271 8400
f 8400 8401 8272
f 8273 8272 8401
f 8401 8402 8273
f 8274 8273 8402
f 8402 8403 8274
f 8275 8274 8403
f 8403 8404 8275
f 8276 8275 8404
f 8404 8405 8276
f 8277 8276 8405
f 8405 8406 8277
f 8278 8277 8406
f 8406 8407 8278
f 8279 8278 8407
f 8407 8408 8279
f 8280 8279 8408
f 8408 8409 8280
f 8281 8280 8409
f 8409 8410 8281
f 8282 8281 8410
f 8410 8411 8282
f 8283 8282 8411
f 8411 8412 8283
f 8284 8283 8412
f 8412 8413 8284
f 8285 8284 8413
f 8413 8414 8285
f 8286 8285 8414
f 8414 8415 8286
f 8287 8286 8415
f 8415 8416 8287
f 8288 8287 8416
f 8416 8417 8288
f 8289 8288 8417
f 8417 8418 8289
f 8290 8289 8418
f 8418 8419 8290
f 8291 8290 8419
f 8419 8420 8291
f 8292 8291 8420
f 8420 8421 8292
f 8293 8292 8421
f 8421 8422 8293
f 8294 8293 8422
f 8422 8423 8294
f 8295 8294 8423
f 8423 8424 8295
f 8296 8295 8424
f 8424 8425 8296
f 8297 8296 8425
f 8425 8426 8297
f 8298 8297 8426
f 8426 8427 8298
f 8299 8298 8427
f 8427 8428 8299
f 8300 8299 8428
f 8428 8429 8300
f 8301 8300 8429
f 8429 8430 8301
f 8302 8301 8430
f 8430 8431 8302
f 8303 8302 8431
f 8431 8432 8303
f 8304 8303 8432
f 8432 8433 8304
f 8305 8304 8433
f 8433 8434 8305
f 8306 8305 8434
f 8434 8435 8306
f 8307 8306 8435
f 8435 8436 8307
f 8308 8307 8436
f 8436 8437 8308
f 8309 8308 8437
f 8437 8438 8309
f 8310 8439 8440
f 8311 8441 8442
f 8312 8443 8444
f 8313 8445 8446
f 8314 8447 8448
f 8315 8449 8450
f 8316 8451 8452
f 8317 8453 8454
f 8318 8455 8456
f 8319 8457 8458
f 8320 8459 8460
f 8321 8461 8462
f 8322 8463 8464
f 8323 8465 8466
f 8324 8467 8468
f 8325 8469 8470
f 8326 8471 8472
f 8327 8473 8474
f 8328 8475 8476
f 8329 8477 8478
f 8330 8479 8480
f 8331 8481 8482
f 8332 8483 8484
f 8333 8485 8486
f 8334 8487 8488
f 8335 8489 8490
f 8336 8491 8492
f 8337 8493 8494
f 8338 8495 8496
f 8339 8497 8498
f 8340 8499 8500
f 8341 8501 8502
f 8342 8503 8504
f 8343 8505 8506
f 8344 8507 8508
f 8345 8509 8510
f 8346 8511 8512
f 8347 8513 8514
f 8348 8515 8516
f 8349 8517 8518
f 8350 8519 8520
f 8351 8521 8522
f 8352 8523 8524
f 8353 8525 8526
f 8354 8527 8528
f 8355 8529 8530
f 8356 8531 8532
f 8357 8533 8534
f 8358 8535 8536
f 8359 8537 8538
f 8360 8539 8540
f 8361 8541 8542
f 8362 8543 8544
f 8363 8545 8546
f 8364 8547 8548
f 8365 8549 8550
f 8366 8551 8552
f 8367 8553 8554
f 8368 8555 8556
f 8369 8557 8558
f 8370 8559 8560
f 8371 8561 8562
f 8372 8563 8564
f 8373 8565 8566
f 8374 8567 8568
f 8375 8569 8570
f 8376 8571 8572
f 8377 8573 8574
f 8378 8575 8576
f 8379 8577 8578
f 8380 8579 8580
f 8381 8581 8582
f 8382 8583 8584
f 8383 8585 8586
f 8384 8587 8588
f 8385 8589 8590
f 8386 8591 8592
f 8387 8593 8594
f 8388 8595 8596
f 8389 8597 8598
f 8390 8599 8600
f 8391 8601 8602
f 8392 8603 8604
f 8393 8605 8606
f 8394 8607 8608
f 8395 8609 8610
f 8396 8611 8612
f 8397 8613 8614
f 8398 8615 8616
f 8399 8617 8618
f 8400 8619 8620
f 8401 8621 8622
f 8402 8623 8624
f 8403 8625 8626
f 8404 8627 8628
f 8405 8629 8630
f 8406 8631 8632
f 8407 8633 8634
f 8408 8635 8636
f 8409 8637 8638
f 8410 8639 8640
f 8411 8641 8642
f 8412 8643 8644
f 8413 8645 8646
f 8414 8647 8648
f 8415 8649 8650
f 8416 8651 8652
f 8417 8653 8654
f 8418 8655 8656
f 8419 8657 8658
f 8420 8659 8660
f 8421 8661 8662
f 8422 8663 8664
f 8423 8665 8666
f 8424 8667 8668
f 8425 8669 8670
f 8426 8671 8672
f 8427 8673 8674
f 8428 8675 8676
f 8429 8677 8678
f 8430 8679 8680
f 8431 8681 8682
f 8432 8683 8684
f 8433 8685 8686
f 8434 8687 8688
f 8435 8689 8690
f 8436 8691 8692
f 8437 8693 8694
f 8696 8698 8697
f 8697 8700 8699
f 8701 8697 8699
f 8702 8695 8701
f 8701 8695 8697
f 8695 8696 8697
f 8696 8695 8702
f 8705 8702 8701
f 8699 8700 8704
f 8696 8703 8704
f 8704 8698 8696
f 8699 8704 8705
f 8705 8701 8699
f 8704 8703 8705
f 8703 8696 8702
f 8705 8703 8702
f 8711 8710 8709
f 8722 8708 8717
f 8706 8722 8717
f 8721 8720 8722
f 8725 8724 8723
f 8713 8717 8708
f 8711 8723 8710
f 8714 8715 8709
f 8730 8731 8718
f 8723 8724 8710
f 8726 8714 8709
f 8717 8712 8716
f 8717 8728 8706
f 8730 8710 8731
f 8724 8719 8731
f 8708 8722 8720
f 8716 8728 8717
f 8728 8729 8706
f 8710 8724 8731
f 8726 8709 8730
f 8727 8729 8728
f 8710 8730 8709
f 8722 8707 8721
f 8722 8706 8707
f 8717 8713 8712
f 8711 8709 8715
f 8734 8735 8733
f 8738 8737 8732
f 8732 8737 8736
f 8732 8736 8738
f 8742 8741 8743
f 8749 8745 8748
f 8750 8744 8751
f 8749 8747 8745
f 8750 8746 8744
f 8744 8746 8751
f 8745 8747 8748
f 8756 8759 8752
f 8754 8753 8757
f 8759 8760 8752
f 8754 8757 8755
f 8758 8753 8754
f 8760 8761 8752
f 8754 8755 8758
f 8765 8762 8764
f 8763 8768 8769
f 8767 8771 8770
f 8772 8762 8765
f 8767 8774 8771
f 8769 8768 8762
f 8770 8766 8767
f 8763 8776 8768
f 8762 8768 8764
f 8768 8776 8764
f 8775 8771 8774
f 8766 8774 8767
f 8785 8781 8779
f 8784 8780 8788
f 8785 8779 8787
f 8786 8785 8787
f 8788 8780 8789
f 8784 8791 8780
f 8783 8787 8779
f 8790 8783 8779
f 8780 8791 8798
f 8785 8786 8777
f 8781 8777 8793
f 8785 8777 8781
f 8779 8781 8782
f 8792 8777 8786
f 8795 8794 8798
f 8798 8778 8795
f 8796 8789 8780
f 8778 8798 8791
f 8797 8799 8798
f 8796 8780 8799
f 8799 8780 8798
f 8798 8794 8797
f 8804 8803 8806
f 8801 8805 8802
f 8806 8807 8804
f 8805 8801 8810
f 8811 8825 8806
f 8801 8809 8816
f 8812 8810 8829
f 8805 8810 8814
f 8807 8815 8804
f 8804 8815 8808
f 8829 8810 8801
f 8810 8813 8820
f 8814 8810 8820
f 8822 8812 8829
f 8817 8807 8825
f 8829 8826 8822
f 8824 8821 8817
f 8817 8825 8818
f 8807 8821 8815
f 8821 8824 8827
f 8817 8821 8807
f 8815 8821 8800
f 8831 8829 8828
f 8829 8831 8826
f 8830 8821 8827
f 8800 8821 8830
f 8828 8829 8816
f 8800 8830 8833
f 8801 8816 8829
f 8825 8807 8806
f 8813 8810 8812
f 8834 8836 8835
f 8848 8834 8835
f 8840 8837 8838
f 8841 8846 8845
f 8847 8851 8850
f 8841 8840 8838
f 8841 8858 8853
f 8843 8836 8842
f 8846 8841 8838
f 8838 8855 8846
f 8836 8851 8847
f 8853 8857 8841
f 8849 8842 8836
f 8843 8844 8851
f 8843 8851 8836
f 8849 8836 8834
f 8841 8852 8840
f 8857 8852 8841
f 8857 8856 8852
f 8841 8845 8858
f 8837 8839 8838
f 8860 8862 8861
f 8859 8864 8865
f 8863 8864 8859
f 8865 8863 8859
f 8869 8870 8866
f 8879 8876 8872
f 8874 8871 8877
f 8873 8872 8876
f 8875 8871 8878
f 8871 8874 8878
f 8875 8877 8871
f 8872 8873 8879
f 8880 8888 8884
f 8885 8881 8882
f 8880 8887 8888
f 8883 8885 8882
f 8882 8881 8886
f 8880 8889 8887
f 8886 8883 8882
f 8891 8890 8892
f 8897 8896 8895
f 8898 8899 8894
f 8893 8894 8902
f 8890 8896 8897
f 8893 8898 8894
f 8896 8901 8895
f 8891 8896 8890
f 8896 8891 8901
f 8894 8900 8902
f 8894 8899 8900
f 8903 8908 8906
f 8911 8921 8910
f 8907 8903 8906
f 8906 8913 8905
f 8913 8906 8916
f 8914 8921 8911
f 8921 8920 8910
f 8915 8903 8907
f 8921 8914 8923
f 8917 8916 8906
f 8917 8918 8928
f 8918 8917 8908
f 8908 8917 8906
f 8909 8908 8903
f 8916 8917 8922
f 8925 8919 8924
f 8919 8925 8926
f 8926 8904 8919
f 8923 8914 8927
f 8923 8924 8919
f 8904 8921 8919
f 8920 8921 8904
f 8923 8919 8921
f 8923 8927 8929
f 8906 8905 8907
f 8934 8932 8935
f 8936 8941 8933
f 8932 8934 8959
f 8936 8933 8937
f 8938 8932 8939
f 8959 8939 8932
f 8959 8940 8939
f 8931 8934 8946
f 8936 8943 8941
f 8947 8946 8934
f 8937 8949 8936
f 8934 8957 8959
f 8944 8931 8945
f 8945 8931 8946
f 8943 8936 8953
f 8944 8954 8931
f 8943 8950 8951
f 8931 8954 8958
f 8943 8955 8950
f 8951 8956 8943
f 8948 8943 8956
f 8949 8953 8936
f 8960 8955 8953
f 8955 8943 8953
f 8930 8953 8949
f 8957 8961 8959
f 8961 8957 8965
f 8962 8964 8953
f 8957 8931 8965
f 8960 8953 8964
f 8965 8931 8958
f 8962 8953 8930
f 8963 8962 8930
f 8941 8943 8948
f 8935 8947 8934
f 8931 8957 8934
f 8975 8978 8974
f 8975 8974 8976
f 8972 8974 8978
f 8971 8973 8979
f 8979 8970 8971
f 8972 8980 8974
f 8981 8976 8974
f 8968 8974 8980
f 8981 8974 8968
f 8977 8982 8979
f 8967 8977 8979
f 8979 8969 8970
f 8979 8982 8969
f 8979 8973 8967
f 8991 8984 8994
f 8984 8991 8996
f 8992 8990 8993
f 8995 8994 8984
f 8993 8999 8992
f 8992 8983 8997
f 8998 8991 8994
f 8991 8989 8996
f 8989 8986 8996
f 8983 8992 8999
f 8998 8986 8989
f 8990 8992 8997
f 9006 9003 9005
f 9006 9012 9003
f 9003 9013 9009
f 9009 9004 9003
f 9001 9010 9002
f 9010 9014 9002
f 9003 9004 9000
f 9000 9005 9003
f 9007 9015 9011
f 9013 9003 9012
f 9008 9002 9014
f 9015 9001 9002
f 9011 9015 9002
f 9011 9002 9008
f 9022 9023 9018
f 9026 9023 9022
f 9026 9022 9016
f 9016 9022 9030
f 9030 9024 9016
f 9029 9020 9021
f 9027 9021 9020
f 9031 9017 9020
f 9027 9020 9017
f 9018 9030 9022
f 9031 9025 9028
f 9020 9029 9025
f 9025 9031 9020
f 9030 9018 9019
f 9019 9024 9030
f 9041 9035 9034
f 9037 9039 9036
f 9036 9042 9037
f 9038 9034 9035
f 9040 9032 9034
f 9041 9034 9032
f 9042 9036 9033
f 9040 9034 9038
f 9042 9033 9037
f 9053 9043 9045
f 9045 9048 9052
f 9047 9051 9049
f 9048 9045 9043
f 9051 9050 9049
f 9047 9049 9050
f 9045 9052 9046
f 9046 9053 9045
f 9058 9055 9059
f 9059 9063 9058
f 9055 9064 9066
f 9058 9064 9055
f 9057 9065 9054
f 9057 9054 9061
f 9063 9059 9062
f 9056 9061 9054
f 9057 9061 9060
f 9065 9056 9054
f 9069 9084 9086
f 9069 9067 9083
f 9075 9074 9080
f 9072 9082 9087
f 9072 9087 9076
f 9088 9086 9077
f 9086 9070 9077
f 9079 9080 9078
f 9073 9087 9082
f 9074 9068 9082
f 9082 9080 9074
f 9069 9071 9081
f 9080 9085 9075
f 9083 9084 9069
f 9085 9080 9079
f 9071 9086 9088
f 9071 9069 9086
f 9080 9089 9078
f 9072 9089 9080
f 9080 9082 9072
f 9095 9098 9100
f 9098 9099 9100
f 9094 9096 9102
f 9099 9098 9092
f 9102 9096 9101
f 9095 9092 9098
f 9102 9091 9093
f 9101 9091 9102
f 9093 9094 9102
f 9113 9105 9115
f 9106 9105 9113
f 9107 9104 9112
f 9112 9108 9107
f 9113 9111 9114
f 9115 9111 9113
f 9116 9112 9104
f 9112 9116 9108
f 9114 9110 9106
f 9106 9113 9114
f 9118 9121 9124
f 9120 9124 9125
f 9124 9120 9118
f 9127 9123 9122
f 9125 9124 9130
f 9122 9119 9126
f 9122 9129 9128
f 9119 9122 9128
f 9121 9130 9124
f 9122 9126 9127
f 9139 9144 9138
f 9133 9140 9142
f 9140 9134 9142
f 9140 9133 9132
f 9143 9131 9138
f 9138 9131 9139
f 9143 9135 9141
f 9138 9144 9135
f 9143 9138 9135
f 9140 9132 9145
f 9134 9140 9145
f 9149 9150 9153
f 9151 9148 9154
f 9148 9151 9147
f 9155 9148 9147
f 9153 9150 9152
f 9150 9149 9146
f 9147 9151 9155
f 9150 9146 9152
f 9159 9161 9164
f 9160 9163 9158
f 9161 9159 9165
f 9162 9160 9158
f 9164 9165 9159
f 9162 9158 9163
f 9166 9174 9168
f 9173 9169 9171
f 9166 9170 9172
f 9169 9167 9171
f 9172 9174 9166
f 9171 9167 9175
f 9166 9168 9170
f 9183 9188 9186
f 9186 9180 9183
f 9180 9182 9183
f 9176 9181 9179
f 9189 9176 9178
f 9186 9177 9185
f 9184 9189 9178
f 9190 9191 9176
f 9176 9191 9181
f 9182 9187 9183
f 9176 9179 9178
f 9186 9188 9177
f 9190 9192 9191
f 9201 9196 9197
f 9201 9197 9199
f 9204 9198 9202
f 9204 9203 9200
f 9199 9193 9201
f 9204 9195 9198
f 9204 9202 9203
f 9204 9200 9195
f 9197 9194 9199
f 9208 9205 9209
f 9209 9210 9208
f 9211 9206 9207
f 9212 9207 9206
f 9213 9209 9205
f 9213 9210 9209
f 9206 9211 9214
f 9212 9206 9214
f 9215 9221 9218
f 9219 9221 9215
f 9218 9224 9217
f 9216 9222 9225
f 9221 9224 9218
f 9218 9217 9215
f 9223 9216 9220
f 9220 9216 9225
f 9222 9216 9226
f 9223 9226 9216
f 9232 9236 9231
f 9233 9229 9228
f 9233 9234 9229
f 9235 9227 9231
f 9231 9227 9232
f 9231 9236 9230
f 9235 9231 9230
f 9233 9228 9237
f 9234 9233 9237
f 9240 9239 9241
f 9242 9244 9243
f 9243 9244 9245
f 9246 9239 9240
f 9241 9239 9248
f 9244 9242 9238
f 9239 9246 9248
f 9238 9245 9244
f 9256 9253 9250
f 9252 9257 9255
f 9257 9252 9251
f 9255 9251 9252
f 9264 9266 9260
f 9258 9260 9266
f 9258 9265 9260
f 9261 9259 9262
f 9259 9263 9262
f 9263 9259 9267
f 9265 9258 9266
f 9273 9275 9269
f 9272 9278 9271
f 9271 9274 9272
f 9271 9268 9276
f 9274 9270 9272
f 9275 9280 9269
f 9279 9280 9275
f 9281 9282 9280
f 9280 9282 9269
f 9270 9277 9272
f 9271 9278 9268
f 9281 9283 9282
f 9287 9289 9297
f 9293 9285 9290
f 9289 9287 9288
f 9285 9298 9290
f 9295 9292 9289
f 9298 9286 9300
f 9286 9298 9294
f 9289 9288 9284
f 9284 9295 9289
f 9290 9300 9296
f 9291 9289 9292
f 9297 9289 9291
f 9298 9285 9299
f 9294 9298 9299
f 9300 9290 9298
f 9302 9307 9303
f 9308 9309 9306
f 9302 9303 9301
f 9306 9309 9312
f 9309 9308 9304
f 9309 9304 9310
f 9311 9303 9307
f 9305 9309 9310
f 9309 9305 9312
f 9320 9331 9332
f 9313 9317 9318
f 9315 9320 9314
f 9335 9314 9326
f 9328 9317 9327
f 9329 9328 9334
f 9327 9317 9316
f 9317 9328 9318
f 9319 9333 9330
f 9331 9320 9319
f 9331 9319 9330
f 9324 9322 9323
f 9335 9326 9321
f 9326 9332 9321
f 9320 9332 9326
f 9326 9314 9320
f 9327 9324 9328
f 9328 9324 9334
f 9325 9332 9331
f 9325 9331 9336
f 9327 9322 9324
f 9352 9341 9347
f 9343 9344 9342
f 9352 9347 9351
f 9355 9345 9340
f 9348 9347 9337
f 9342 9353 9349
f 9343 9355 9350
f 9344 9343 9350
f 9351 9347 9348
f 9339 9347 9341
f 9342 9349 9343
f 9349 9353 9345
f 9355 9349 9345
f 9339 9346 9354
f 9337 9347 9339
f 9349 9355 9343
f 9337 9339 9354
f 9360 9359 9361
f 9363 9358 9362
f 9372 9366 9365
f 9362 9368 9363
f 9364 9370 9356
f 9371 9360 9361
f 9358 9372 9362
f 9371 9369 9357
f 9371 9370 9369
f 9361 9373 9356
f 9370 9361 9356
f 9362 9365 9368
f 9370 9371 9361
f 9372 9365 9362
f 9370 9364 9369
f 9389 9385 9375
f 9380 9390 9381
f 9383 9389 9375
f 9374 9375 9387
f 9382 9384 9381
f 9380 9388 9378
f 9379 9377 9385
f 9386 9389 9383
f 9383 9375 9374
f 9380 9381 9384
f 9388 9380 9384
f 9377 9387 9385
f 9387 9375 9385
f 9385 9389 9379
f 9406 9391 9395
f 9404 9394 9395
f 9393 9408 9399
f 9400 9406 9394
f 9406 9395 9394
f 9398 9395 9401
f 9395 9398 9404
f 9408 9393 9402
f 9405 9399 9408
f 9395 9391 9401
f 9397 9408 9402
f 9407 9404 9398
f 9408 9392 9405
f 9408 9396 9392
f 9402 9403 9397
f 9396 9408 9397
f 9432 9411 9441
f 9412 9418 9414
f 9420 9421 9413
f 9418 9433 9413
f 9442 9409 9418
f 9418 9434 9433
f 9415 9413 9433
f 9426 9427 9435
f 9426 9441 9411
f 9411 9417 9423
f 9418 9412 9438
f 9418 9438 9442
f 9442 9438 9437
f 9436 9422 9411
f 9422 9417 9411
f 9441 9439 9440
f 9418 9409 9434
f 9411 9432 9436
f 9443 9430 9423
f 9417 9443 9423
f 9421 9414 9418
f 9432 9431 9436
f 9432 9441 9410
f 9440 9410 9441
f 9441 9419 9439
f 9425 9413 9415
f 9426 9419 9441
f 9435 9419 9426
f 9416 9424 9430
f 9430 9424 9423
f 9413 9421 9418
f 9451 9448 9444
f 9451 9444 9452
f 9460 9450 9447
f 9449 9448 9451
f 9451 9454 9449
f 9460 9455 9450
f 9460 9447 9446
f 9454 9451 9456
f 9456 9451 9457
f 9457 9451 9458
f 9460 9459 9453
f 9460 9453 9445
f 9444 9448 9461
f 9446 9459 9460
f 9445 9455 9460
f 9458 9451 9452
f 9475 9464 9470
f 9471 9472 9473
f 9464 9475 9474
f 9464 9469 9465
f 9473 9479 9471
f 9473 9472 9476
f 9476 9463 9473
f 9475 9470 9477
f 9478 9477 9470
f 9470 9464 9466
f 9473 9480 9479
f 9480 9473 9463
f 9464 9465 9466
f 9486 9491 9484
f 9485 9486 9487
f 9486 9493 9487
f 9491 9486 9485
f 9486 9484 9490
f 9494 9489 9483
f 9483 9492 9481
f 9493 9486 9490
f 9494 9483 9481
f 9489 9482 9483
f 9483 9482 9492
f 9492 9488 9481
f 9505 9503 9497
f 9502 9495 9496
f 9497 9503 9500
f 9499 9497 9500
f 9506 9497 9499
f 9499 9498 9506
f 9495 9502 9501
f 9496 9495 9504
f 9497 9506 9505
f 9507 9504 9495
f 9508 9495 9501
f 9509 9505 9506
f 9506 9498 9509
f 9507 9495 9508
f 9513 9512 9511
f 9515 9514 9510
f 9513 9518 9512
f 9517 9516 9510
f 9515 9510 9516
f 9511 9512 9518
f 9517 9510 9514
f 9522 9520 9525
f 9530 9529 9520
f 9520 9522 9530
f 9528 9524 9521
f 9524 9526 9521
f 9523 9528 9521
f 9526 9523 9521
f 9529 9525 9520
f 9532 9535 9531
f 9532 9541 9540
f 9535 9532 9540
f 9531 9541 9532
f 9534 9537 9533
f 9539 9534 9533
f 9534 9539 9536
f 9538 9539 9533
f 9537 9534 9536
f 9562 9560 9557
f 9560 9558 9557
f 9552 9549 9542
f 9542 9553 9552
f 9543 9545 9558
f 9550 9551 9544
f 9548 9549 9552
f 9562 9555 9564
f 9563 9551 9561
f 9563 9542 9551
f 9546 9544 9549
f 9542 9544 9551
f 9544 9542 9549
f 9557 9558 9545
f 9559 9558 9560
f 9557 9545 9547
f 9555 9557 9554
f 9557 9555 9562
f 9556 9565 9542
f 9563 9556 9542
f 9565 9553 9542
f 9570 9572 9569
f 9572 9573 9569
f 9574 9568 9571
f 9567 9566 9571
f 9571 9568 9567
f 9571 9566 9574
f 9587 9577 9583
f 9584 9585 9589
f 9577 9587 9586
f 9588 9587 9583
f 9577 9582 9578
f 9589 9591 9584
f 9576 9575 9589
f 9590 9588 9583
f 9583 9577 9579
f 9591 9589 9575
f 9575 9592 9591
f 9577 9578 9579
f 9576 9589 9585
f 9597 9598 9599
f 9596 9602 9595
f 9596 9595 9593
f 9595 9598 9597
f 9598 9595 9602
f 9594 9605 9601
f 9601 9603 9594
f 9595 9597 9593
f 9594 9604 9600
f 9605 9594 9600
f 9604 9594 9603
f 9612 9606 9608
f 9610 9608 9606
f 9607 9613 9611
f 9611 9609 9607
f 9610 9606 9616
f 9612 9616 9606
f 9622 9618 9625
f 9623 9620 9619
f 9619 9620 9617
f 9622 9621 9618
f 9623 9619 9626
f 9621 9624 9618
f 9625 9618 9624
f 9619 9617 9626
f 9629 9633 9628
f 9630 9635 9632
f 9630 9636 9635
f 9633 9629 9634
f 9634 9629 9628
f 9631 9634 9628
f 9639 9645 9637
f 9637 9640 9639
f 9645 9644 9637
f 9642 9643 9638
f 9646 9638 9643
f 9642 9638 9641
f 9646 9641 9638
f 9648 9658 9655
f 9647 9661 9648
f 9648 9657 9647
f 9649 9663 9656
f 9652 9648 9655
f 9650 9657 9648
f 9648 9652 9650
f 9651 9664 9649
f 9663 9649 9664
f 9651 9662 9664
f 9660 9664 9662
f 9660 9662 9659
f 9648 9661 9665
f 9665 9658 9648
f 9672 9671 9674
f 9671 9670 9676
f 9673 9669 9668
f 9667 9670 9671
f 9672 9667 9671
f 9675 9673 9668
f 9676 9674 9671
f 9687 9677 9686
f 9688 9678 9684
f 9684 9678 9685
f 9678 9683 9685
f 9688 9684 9689
f 9683 9679 9685
f 9690 9686 9677
f 9689 9685 9679
f 9694 9696 9691
f 9693 9697 9694
f 9691 9693 9694
f 9700 9698 9695
f 9696 9694 9697
f 9699 9692 9695
f 9700 9695 9692
f 9708 9704 9705
f 9705 9709 9702
f 9706 9703 9701
f 9708 9705 9702
f 9710 9706 9701
f 9701 9707 9710
f 9708 9702 9709
f 9701 9703 9707
f 9717 9723 9716
f 9716 9718 9717
f 9715 9724 9719
f 9715 9719 9722
f 9723 9713 9716
f 9718 9721 9717
f 9714 9713 9723
f 9722 9720 9715
f 9715 9720 9724
f 9717 9714 9723
f 9731 9729 9727
f 9729 9733 9727
f 9729 9731 9733
f 9728 9726 9732
f 9735 9738 9736
f 9737 9735 9736
f 9739 9741 9734
f 9740 9739 9734
f 9740 9734 9741
f 9745 9747 9746
f 9748 9751 9753
f 9745 9746 9744
f 9743 9751 9742
f 9742 9751 9750
f 9743 9753 9751
f 9752 9749 9745
f 9749 9747 9745
f 9754 9764 9767
f 9766 9757 9756
f 9760 9755 9761
f 9762 9756 9757
f 9770 9757 9759
f 9758 9764 9763
f 9757 9765 9759
f 9760 9769 9755
f 9761 9767 9760
f 9768 9762 9757
f 9768 9757 9770
f 9765 9757 9766
f 9764 9760 9767
f 9758 9760 9764
f 9760 9758 9769
f 9772 9774 9771
f 9778 9781 9777
f 9779 9772 9771
f 9776 9775 9772
f 9772 9779 9776
f 9773 9780 9781
f 9775 9774 9772
f 9780 9777 9781
f 9782 9781 9778
f 9782 9773 9781
f 9785 9794 9784
f 9787 9797 9786
f 9790 9788 9798
f 9798 9793 9790
f 9798 9787 9783
f 9791 9785 9784
f 9783 9787 9792
f 9785 9791 9796
f 9794 9785 9795
f 9797 9787 9798
f 9785 9796 9799
f 9789 9795 9799
f 9798 9783 9793
f 9785 9799 9795
f 9798 9788 9797
f 9792 9787 9786
f 9805 9801 9813
f 9803 9809 9807
f 9810 9805 9813
f 9806 9814 9803
f 9808 9812 9807
f 9809 9808 9807
f 9802 9805 9810
f 9801 9805 9811
f 9807 9806 9803
f 9812 9800 9806
f 9811 9805 9802
f 9807 9812 9806
f 9804 9814 9806
f 9804 9806 9800
f 9820 9818 9833
f 9824 9829 9815
f 9822 9826 9821
f 9818 9832 9833
f 9821 9816 9827
f 9831 9815 9833
f 9830 9823 9825
f 9826 9825 9821
f 9833 9832 9831
f 9817 9835 9831
f 9815 9834 9833
f 9834 9820 9833
f 9832 9817 9831
f 9815 9835 9824
f 9815 9831 9835
f 9816 9823 9828
f 9827 9819 9821
f 9825 9816 9821
f 9823 9816 9825
f 9844 9841 9843
f 9846 9838 9849
f 9836 9847 9846
f 9846 9849 9848
f 9844 9851 9845
f 9836 9846 9848
f 9851 9844 9843
f 9851 9843 9850
f 9850 9843 9840
f 9846 9847 9839
f 9838 9839 9842
f 9839 9838 9846
f 9851 9850 9837
f 9854 9870 9869
f 9859 9857 9858
f 9853 9866 9859
f 9863 9864 9873
f 9857 9866 9865
f 9866 9853 9870
f 9867 9871 9852
f 9867 9860 9864
f 9868 9864 9860
f 9861 9853 9872
f 9859 9858 9853
f 9858 9872 9853
f 9864 9863 9867
f 9863 9871 9867
f 9865 9854 9869
f 9868 9873 9864
f 9866 9854 9865
f 9867 9852 9860
f 9857 9859 9866
f 9887 9875 9894
f 9884 9876 9877
f 9881 9876 9880
f 9879 9876 9892
f 9879 9895 9886
f 9881 9892 9876
f 9903 9874 9894
f 9901 9897 9886
f 9895 9896 9886
f 9895 9879 9889
f 9887 9890 9885
f 9875 9887 9883
f 9887 9885 9883
f 9899 9877 9897
f 9875 9883 9878
f 9896 9901 9886
f 9894 9888 9887
f 9897 9877 9876
f 9876 9886 9897
f 9880 9876 9884
f 9882 9902 9883
f 9883 9885 9882
f 9903 9894 9898
f 9894 9875 9898
f 9894 9874 9888
f 9900 9890 9888
f 9889 9879 9893
f 9904 9885 9890
f 9890 9887 9888
f 9882 9885 9891
f 9886 9876 9879
f 9908 9907 9915
f 9907 9908 9918
f 9910 9912 9926
f 9910 9919 9911
f 9921 9918 9908
f 9916 9926 9912
f 9908 9915 9921
f 9919 9910 9926
f 9929 9925 9928
f 10663 10656 10645
f 9935 10643 10644
f 10358 9941 9944
f 10671 9943 9942
f 9976 10042 9945
f 9953 9954 10055
f 10264 9957 9989
f 10086 9958 10321
f 9961 9981 10039
f 9966 10677 10647
f 9940 9938 9969
f 9961 10039 9973
f 10139 10038 9980
f 9982 10138 9983
f 9986 9984 9985
f 9989 9957 9936
f 9990 9991 9992
f 9993 10192 10035
f 10146 10193 9996
f 9996 10193 9997
f 9998 9996 9997
f 10009 10008 10203
f 10195 10353 10011
f 10015 10198 10016
f 10026 10171 10020
f 10297 10021 10173
f 10174 10164 10024
f 9970 10023 10022
f 10025 10174 10024
f 10019 10027 10018
f 10028 10018 10027
f 10403 10017 10029
f 10301 10353 10012
f 10008 10009 10303
f 10002 10031 10001
f 10033 10001 10031
f 9999 9996 9998
f 10310 9995 10146
f 9992 10036 9990
f 9984 9986 9983
f 10313 9982 9983
f 9933 9972 9971
f 9975 9933 9971
f 9945 10043 10044
f 10086 10321 10046
f 10084 10330 10240
f 10055 9954 10331
f 10387 10083 10060
f 10061 10256 10387
f 10338 10112 10067
f 10345 10023 10071
f 10344 10069 9946
f 9946 10069 10115
f 10023 10117 10071
f 10073 10117 10023
f 10069 10070 10076
f 10392 10063 10079
f 10062 10391 10234
f 10062 10234 10081
f 10387 10256 10083
f 10286 9955 10740
f 10047 10323 10048
f 10087 10241 10044
f 9945 10088 9976
f 9933 10089 9960
f 10090 10137 9984
f 10091 10093 10092
f 10252 10059 10151
f 10059 10253 10151
f 10151 10253 10133
f 10110 10109 10256
f 10114 10127 9947
f 10127 10128 9947
f 10124 9970 10123
f 10118 10020 10119
f 10162 10119 10020
f 10116 10119 10162
f 10125 10076 10075
f 10125 10161 10076
f 10115 10069 10076
f 10219 10111 10112
f 10109 10110 10131
f 10135 10136 10094
f 10138 9933 9960
f 10138 9977 9933
f 10146 10104 10186
f 10151 10183 10252
f 10153 10111 10219
f 10219 10112 10154
f 10161 10166 10076
f 10022 10123 9970
f 10174 10122 10164
f 10122 10174 10120
f 10165 10162 10020
f 10166 10168 10076
f 10170 10165 10171
f 10176 10017 10177
f 10177 10158 10176
f 10178 10200 10152
f 10195 10216 10180
f 10181 10195 10180
f 10151 10181 10213
f 10252 10183 10134
f 10207 10145 10103
f 10187 10188 10208
f 10210 10188 10187
f 10210 10144 10188
f 10190 10097 10141
f 10190 10211 10097
f 10097 9957 10264
f 10223 10146 9995
f 10222 10001 10000
f 10214 10304 10006
f 10194 10009 10203
f 10010 10195 10011
f 10154 10014 10013
f 10029 10017 10176
f 10197 10177 10017
f 10200 10178 10201
f 10181 10200 10353
f 10152 10200 10181
f 10181 10353 10195
f 10214 10204 10203
f 10182 10151 10213
f 10148 10106 10205
f 10206 10146 10186
f 10143 9992 10142
f 9957 10097 10211
f 9991 10142 9992
f 10143 9993 9992
f 10189 9993 10143
f 10103 10223 10207
f 10146 10223 10103
f 10154 10013 10219
f 10199 10198 10015
f 10154 10199 10015
f 10219 10013 10196
f 10203 10304 10214
f 10182 10220 10151
f 10220 10183 10151
f 10221 10001 10205
f 10146 10206 10193
f 10210 10187 9994
f 10189 10192 9993
f 9994 10224 10210
f 10205 10001 10222
f 10182 10003 10220
f 10175 10029 10176
f 10021 10118 10173
f 10020 10118 10021
f 10020 10171 10165
f 10225 10115 10076
f 10226 10115 10225
f 10155 9947 10128
f 10155 10113 9947
f 10112 10129 10154
f 10181 10151 10133
f 10147 10105 10271
f 10103 10104 10146
f 10102 10103 10145
f 10230 10094 10136
f 9984 10137 10231
f 9984 9983 9960
f 9960 9983 10138
f 9985 9984 10231
f 10142 10099 10143
f 10148 10147 10271
f 10106 10148 10271
f 10181 10133 10130
f 10121 10072 10120
f 10070 10075 10076
f 10077 9946 10115
f 10078 10067 10278
f 10079 10232 10392
f 10232 10233 10392
f 10392 10276 10234
f 10234 10391 10392
f 10082 10255 10256
f 10256 10061 10082
f 10235 10255 10082
f 10252 10383 10059
f 10239 10103 10289
f 10240 10331 9954
f 10052 9955 10085
f 10048 10323 10051
f 9945 10044 10088
f 10095 10093 10091
f 10248 10103 10102
f 10271 10105 10250
f 10251 10107 10106
f 10274 10253 10059
f 10112 10111 10278
f 10233 10276 10392
f 10256 10275 10083
f 10252 10057 10383
f 10271 10238 9953
f 10270 10104 10103
f 10239 10270 10103
f 10740 10264 10286
f 10260 10262 10051
f 10086 10046 9960
f 10261 10285 10046
f 10085 9955 10286
f 10740 10330 10264
f 10265 10258 10266
f 10268 10084 10240
f 10272 10251 10271
f 10233 10277 10276
f 10278 10067 10112
f 10111 10110 10278
f 10274 10059 10237
f 10273 10257 10252
f 10257 10057 10252
f 10251 10106 10271
f 10240 9954 10269
f 10240 10247 10268
f 10281 10245 10266
f 10266 10245 10265
f 9960 10046 10285
f 10292 9984 9960
f 10292 10090 9984
f 10096 10286 10264
f 10264 10330 10097
f 10269 10100 10247
f 10289 10103 10248
f 10245 10281 10290
f 10246 10265 10245
f 10097 10084 10287
f 10330 10084 10097
f 10284 10283 10291
f 10292 9960 10285
f 10086 9960 10293
f 10089 10293 9960
f 10247 10240 10269
f 10072 10122 10120
f 10024 10295 10296
f 10485 10021 10297
f 10349 10026 10020
f 10352 10017 10403
f 10154 10015 10014
f 10300 10013 10014
f 10302 10010 10011
f 10146 10495 10310
f 10355 10034 10311
f 10355 9994 10034
f 9983 10312 10313
f 10315 9971 10317
f 9971 9972 10317
f 10318 10040 9932
f 9975 9971 10319
f 10044 10043 10087
f 9958 10320 10321
f 10324 10052 10746
f 9955 10052 10324
f 10328 10327 10326
f 10332 10373 10738
f 10333 10738 10334
f 10383 10057 10337
f 9969 10393 9940
f 10341 9940 10394
f 10394 10342 10341
f 10341 9946 9940
f 10344 10341 10343
f 10069 10344 10399
f 10485 10297 10347
f 10349 10020 10021
f 10450 10403 10029
f 10008 10303 10407
f 10309 9996 9999
f 9993 10035 10356
f 9971 10315 10358
f 9944 9971 10358
f 10040 9963 9932
f 10318 9932 10359
f 9955 10324 9956
f 10429 10740 9955
f 10362 10740 10429
f 10240 10366 10367
f 10478 10374 10738
f 10377 10376 10436
f 10436 10437 10377
f 10377 10736 10376
f 10380 10382 10383
f 10387 10386 10522
f 10522 10388 10387
f 10394 9940 10393
f 10341 10342 10343
f 10396 10485 10397
f 10346 10023 10345
f 10021 10348 10400
f 10400 10349 10021
f 10404 10015 10016
f 10406 10353 10301
f 10409 10354 10308
f 10457 10310 10495
f 9993 10604 9992
f 9983 10462 10312
f 9981 10463 10422
f 10417 10546 10315
f 9983 10421 10462
f 9983 9986 10421
f 10414 10419 10037
f 10420 9968 10357
f 10357 10602 9986
f 10358 10315 10546
f 10423 9944 9941
f 10468 10359 9932
f 9975 10319 10360
f 10550 9945 10042
f 9956 10428 9955
f 10474 10513 10363
f 10330 10329 10430
f 10330 10430 10240
f 10240 10430 10366
f 10738 10373 10434
f 10738 10434 10478
f 10378 10377 10439
f 10439 10440 10378
f 10378 10440 10379
f 10384 10383 10382
f 10389 10388 10522
f 10483 10390 10442
f 10390 10483 10733
f 10523 10392 10391
f 10443 10392 10523
f 10485 10487 10397
f 10398 10344 10343
f 10485 10347 10447
f 10351 10527 10027
f 10352 10403 10451
f 10492 10560 10405
f 10453 10353 10406
f 10453 10011 10353
f 10407 10529 10008
f 10203 10437 10304
f 10408 10304 10530
f 10309 10456 9996
f 10495 10146 9996
f 10356 10472 9993
f 10036 9992 10499
f 10413 10459 10460
f 10413 10460 9936
f 10357 9968 10602
f 10421 9986 10602
f 10546 10417 10464
f 10424 10467 9932
f 10630 10468 9932
f 10469 9975 10360
f 9975 10469 10470
f 10506 10045 9945
f 10471 10508 10323
f 10323 10472 10425
f 10428 9956 10427
f 10329 10364 10430
f 10517 10366 10430
f 10437 10436 10481
f 10438 10377 10437
f 10522 10386 10482
f 10444 10524 10527
f 10527 10445 10444
f 10445 10393 10444
f 10394 10393 10445
f 10485 10396 10484
f 10398 10486 10344
f 10346 10022 10023
f 10447 10487 10485
f 10527 10351 10489
f 10015 10491 10014
f 10529 10438 10008
f 10203 10008 10437
f 10355 10565 10496
f 10496 10458 10355
f 10412 10565 10355
f 10472 10356 10497
f 10568 9992 10604
f 9992 10568 10499
f 10459 10413 10599
f 10414 10501 10461
f 10419 10414 10461
f 10602 10502 10421
f 10462 10421 10503
f 10576 10358 10546
f 10472 10323 10508
f 10428 10511 9955
f 10437 10481 10519
f 10520 10522 10482
f 10483 10442 10555
f 10733 10403 10391
f 10022 10487 10447
f 10022 10346 10487
f 10021 10525 10348
f 10027 10527 10490
f 10528 10403 10450
f 10451 10403 10483
f 10404 10491 10015
f 10452 10014 10491
f 10560 10441 10405
f 10530 10304 10437
f 10531 10430 10409
f 10409 10532 10354
f 10456 10533 9996
f 9996 10534 10495
f 10535 10565 10412
f 10536 10496 10565
f 10472 10497 10537
f 10539 10599 10413
f 10501 10500 10461
f 10540 10421 10502
f 10540 10541 10421
f 10543 10542 10504
f 10505 10465 10466
f 10549 9932 10467
f 9932 10549 10630
f 10506 9945 10580
f 10425 10472 10509
f 10512 9955 10511
f 10429 9955 10512
f 10439 10377 10438
f 10403 10733 10483
f 10588 10523 10391
f 10484 10525 10021
f 10021 10485 10484
f 10527 10589 10490
f 10557 10491 10404
f 10559 10452 10491
f 10587 10561 10405
f 10008 10438 10437
f 10607 10530 10437
f 10305 10584 10518
f 10454 10584 10305
f 10305 10608 10563
f 10518 10608 10305
f 10305 10563 10494
f 10430 10531 10593
f 9996 10533 10534
f 10472 10537 10566
f 10500 10569 10601
f 10601 10461 10500
f 10461 10572 10571
f 10574 10463 10544
f 10463 10574 10545
f 10576 10640 10358
f 10550 10614 9945
f 9958 10611 10507
f 10509 10472 10581
f 10509 10581 10553
f 10364 10514 10409
f 10364 10409 10430
f 10584 10434 10518
f 10585 10434 10584
f 10437 10519 10586
f 10527 10524 10589
f 10451 10483 10555
f 10562 10584 10454
f 10532 10409 10514
f 10532 10582 10594
f 10472 10598 10581
f 9959 10572 10461
f 10611 10603 10600
f 10600 10459 10611
f 10605 10604 10508
f 10508 10604 10472
f 10606 10553 10581
f 10583 10517 10430
f 10437 10586 10607
f 10391 10528 10588
f 10391 10403 10528
f 10405 10441 10587
f 10582 10532 10514
f 10604 9993 10472
f 10419 10461 10571
f 10461 10601 10580
f 10599 10611 10459
f 10551 10603 10611
f 10644 10421 10541
f 10547 10618 10548
f 10505 10466 10619
f 10622 10468 10630
f 10469 10360 10631
f 9958 10551 10611
f 10614 10461 10580
f 10541 9935 10644
f 10633 10546 10624
f 10546 10575 10624
f 10577 10617 10626
f 10620 10505 10619
f 10621 10630 10549
f 10638 10461 10614
f 9959 10461 10638
f 10544 10639 10574
f 10546 10633 10576
f 10619 10466 10628
f 10634 10647 10635
f 10619 10637 10620
f 10614 10550 10638
f 10633 10645 10576
f 10635 10647 10642
f 10636 10619 10629
f 10637 10619 10636
f 10643 10646 10644
f 10469 10631 10632
f 10650 10652 10636
f 10636 10652 10637
f 10630 10653 10622
f 10655 10630 10658
f 10653 10630 10655
f 10658 9934 10655
f 10644 10646 10645
f 10576 10645 10656
f 10640 10666 10627
f 10634 10641 10647
f 10642 10647 10648
f 10642 10648 10649
f 10645 10646 10659
f 10658 10630 9962
f 10630 10621 9962
f 9962 10661 10662
f 10658 9962 10662
f 10662 9934 10658
f 10665 10663 10659
f 10659 10663 10645
f 10664 10647 10677
f 10657 10647 10664
f 10648 10647 10657
f 10663 10670 10656
f 10640 10576 10667
f 9966 10647 10641
f 10666 10640 10667
f 10667 10576 10668
f 10678 9943 10671
f 10675 10667 10679
f 10679 10699 10675
f 10675 10666 10667
f 10681 10680 10676
f 10676 10682 10681
f 10657 10664 10688
f 10684 10665 10689
f 10668 10576 10656
f 10691 10687 10690
f 10690 10692 10691
f 10688 10664 10695
f 10648 10657 9964
f 10695 10703 10688
f 10689 10696 10684
f 10684 10698 10656
f 10656 10698 10668
f 9965 10684 10696
f 10687 10700 10690
f 10692 10702 10691
f 9964 10688 10707
f 9964 10657 10688
f 10684 9965 10698
f 10700 10709 10690
f 10698 10706 10705
f 9965 10706 10698
f 10708 10667 10668
f 10667 10710 10699
f 10692 10690 10709
f 10716 10668 10705
f 10705 10668 10712
f 10712 10698 10705
f 10708 10710 10667
f 10711 10702 10692
f 10700 10715 10709
f 10709 10718 10692
f 10692 10720 10711
f 10716 10717 10668
f 10715 10719 10709
f 10709 10723 10718
f 10720 10692 10718
f 10708 10668 10717
f 10731 10710 10708
f 10723 10709 10719
f 10718 10725 10720
f 10708 10726 10730
f 10718 10723 10724
f 10728 10722 10710
f 10724 10723 10729
f 9967 10708 10730
f 10708 9967 10731
f 10728 10710 10731
f 10708 10717 10726
f 10580 9945 10614
f 10612 10507 10611
f 10424 9932 9963
f 10340 10339 10443
f 10443 10339 10392
f 10733 10391 10062
f 10058 10384 10385
f 10380 10383 10734
f 10377 10737 10736
f 10371 10739 10240
f 10240 10367 10371
f 10377 10378 10741
f 10743 10734 10383
f 10383 10384 10059
f 10059 10384 10058
f 10063 10392 10339
f 10387 10388 10061
f 10383 10742 10743
f 10383 10337 10742
f 10377 10741 10737
f 10240 10739 10331
f 10341 10344 9946
f 10056 10738 10333
f 10332 10738 10056
f 10325 10326 10327
f 10323 10047 10050
f 10757 10756 10758
f 10758 10759 10760
f 10764 10766 10765
f 10769 10809 10768
f 10773 10873 10774
f 10796 10823 10775
f 10796 10775 10840
f 10782 10794 10781
f 10815 10783 10846
f 10848 10815 10846
f 10785 10787 10786
f 10788 10855 10786
f 10792 10850 10791
f 10785 10786 10815
f 10815 10848 10785
f 10809 10769 10770
f 10808 10764 10765
f 10760 10803 10758
f 10754 10830 10753
f 10753 10862 10752
f 10862 10753 10830
f 10768 10809 10765
f 10809 10770 10810
f 10798 10811 10772
f 10816 10978 10817
f 10821 10750 10852
f 10859 10808 10765
f 10807 10825 10806
f 10806 10825 10826
f 10826 10894 10805
f 10757 10758 10803
f 10755 10754 10753
f 10904 10799 10835
f 10768 10765 10767
f 10769 10768 10839
f 10776 10840 10775
f 10776 10841 10840
f 10778 10842 10843
f 10750 10781 10780
f 10782 10781 10750
f 10782 10750 10845
f 10852 10750 10791
f 10819 10876 10853
f 10788 10816 10855
f 10786 10882 10979
f 10884 10796 10814
f 10811 10798 10824
f 10894 10826 10825
f 10827 10805 10894
f 10828 10860 10760
f 10831 10863 10756
f 10863 10865 10756
f 10756 10866 10758
f 10763 10904 10835
f 10836 10869 10837
f 10766 10870 10765
f 10870 10872 10765
f 10774 10873 10874
f 10796 10840 10777
f 10877 10845 10750
f 10850 10852 10791
f 10855 10816 10854
f 10881 10882 10786
f 10796 10886 10823
f 10935 10812 10888
f 10824 10798 10812
f 10824 10889 10811
f 10890 10892 10810
f 10893 10765 10809
f 10893 10859 10765
f 10860 10898 10760
f 10753 10899 10755
f 10904 10763 10903
f 10925 10935 10836
f 10836 10935 10869
f 10767 10765 10872
f 10780 10751 10791
f 10750 10907 10877
f 10878 10908 10848
f 10785 10848 10908
f 10908 10910 10785
f 10880 10788 10787
f 10851 10852 10850
f 10880 10787 10785
f 10821 10907 10750
f 10791 10876 10819
f 10855 10854 10911
f 10881 10786 10855
f 10945 10950 10883
f 10884 10886 10796
f 10935 10888 10915
f 10809 10810 10892
f 10895 10752 10896
f 10752 10920 10896
f 10898 10860 10921
f 10921 10940 10898
f 10861 10829 10958
f 10865 10923 10866
f 10866 10756 10865
f 10767 10872 10926
f 10944 10839 10768
f 10873 10913 10874
f 10791 10751 10876
f 10750 10780 10791
f 10881 10855 10930
f 10945 10883 10913
f 10915 10951 10935
f 10809 10892 10917
f 10803 10760 10898
f 10862 10961 10752
f 10969 10767 10927
f 10768 10767 10969
f 10873 10906 10945
f 10855 10911 10840
f 10855 10968 10930
f 10966 10950 10945
f 10812 10935 10925
f 10812 10965 10824
f 10918 10954 10825
f 10919 10939 10752
f 10752 10895 10919
f 10752 10957 10920
f 10959 10961 10862
f 10939 10753 10752
f 10954 10924 10963
f 10924 10973 10963
f 10935 10951 10952
f 10945 10913 10873
f 10840 10968 10855
f 10969 10944 10768
f 10942 10869 10935
f 10964 10936 10903
f 10753 10939 10962
f 10753 10962 10899
f 10974 10973 10924
f 10965 10812 10925
f 10903 10809 10917
f 10936 10809 10903
f 10963 10825 10954
f 10957 10752 10961
f 10790 10789 10788
f 10788 10786 10787
f 10819 10792 10791
f 10978 10816 10789
f 10788 10789 10816
f 10815 10786 10979
f 10991 10993 10992
f 10995 10992 10994
f 10996 10997 10995
f 11014 11025 10999
f 11005 10987 10988
f 11003 10982 10983
f 11004 10986 10984
f 10989 11008 10990
f 10994 10992 10993
f 10996 10995 11011
f 10999 11042 11015
f 11030 11002 11017
f 11006 11002 10988
f 10985 11018 11019
f 11006 10988 10987
f 11008 10989 11036
f 10994 10993 11010
f 11011 10995 10994
f 10997 10996 11001
f 11002 11045 11031
f 10988 11002 11031
f 11005 11033 11089
f 11089 10987 11005
f 11034 11006 10987
f 11035 11050 11007
f 10989 11007 11036
f 11008 11038 11037
f 10994 11051 11011
f 11041 11038 11025
f 10999 11036 11042
f 11029 11001 11016
f 11002 11030 11045
f 11032 11046 11048
f 10982 11073 10983
f 11050 11036 11007
f 11025 11038 10999
f 11043 11015 11042
f 11028 11044 11029
f 11016 11028 11029
f 11001 11029 10997
f 10988 11031 11063
f 11058 10981 10982
f 11050 11035 11059
f 11038 11008 11036
f 11049 11065 11083
f 11086 11059 11067
f 11050 11059 11086
f 11042 11069 11043
f 11054 11072 11055
f 11066 10987 11089
f 11036 10999 11038
f 11085 11044 11077
f 11044 11085 11029
f 11072 11083 11065
f 11036 11050 11042
f 11042 11086 11069
f 11060 11029 11085
f 11088 11089 11084
f 11065 11091 11072
f 10981 11080 10982
f 11080 11073 10982
f 11074 11073 11080
f 11086 11042 11050
f 11072 11071 11083